year,section,form,programCode,programTag,programName,universityCode,quota,minScore,maxScore,avgScore,grantCount
2026,DOUBLE_DEGREE,FULL,B011,KZ-KR-034,Подготовка учителей информатики,34,GENERAL,75,104,87.1,13
2026,DOUBLE_DEGREE,FULL,B057,KZ-KR-034,Информационные технологии,34,GENERAL,64,119,77.6,90
2026,DOUBLE_DEGREE,FULL,B058,KZ-KR-034,Информационная безопасность,34,GENERAL,64,100,70.0,25
2026,FOREIGN_BRANCH,FULL,B018,KZ-FR-007,Подготовка учителей иностранного языка,7,GENERAL,122,130,124.8,50
2026,FOREIGN_BRANCH,FULL,B018,TR-545,Подготовка учителей иностранного языка,545,GENERAL,100,128,111.6,77
2026,FOREIGN_BRANCH,FULL,B044,KZ-FR-007,Менеджмент и управление,7,GENERAL,107,124,111.1,50
2026,FOREIGN_BRANCH,FULL,B044,RU-542,Менеджмент и управление,542,GENERAL,100,121,109.2,60
2026,FOREIGN_BRANCH,FULL,B046,KZ-FR-007,"Финансы, экономика, банковское и страховое дело",7,GENERAL,112,125,116.0,50
2026,FOREIGN_BRANCH,FULL,B047,KZ-FR-007,Маркетинг и реклама,7,GENERAL,105,116,108.0,20
2026,FOREIGN_BRANCH,FULL,B049,KZ-FR-007,Право,7,GENERAL,121,126,123.4,60
2026,FOREIGN_BRANCH,FULL,B057,KZ-HKG-029,Информационные технологии,29,GENERAL,110,133,120.3,16
2026,FOREIGN_BRANCH,FULL,B057,KZ-UK-005,Информационные технологии,5,GENERAL,68,117,82.6,108
2026,FOREIGN_BRANCH,FULL,B057,KZ-US-045,Информационные технологии,45,GENERAL,65,111,76.4,45
2026,FOREIGN_BRANCH,FULL,B061,KZ-HKG-029,Материаловедение и технологии,29,GENERAL,113,137,123.5,4
2026,FOREIGN_BRANCH,FULL,B062,KZ-UK-005,Электротехника и электроэнергетика,5,GENERAL,74,96,81.7,30
2026,FOREIGN_BRANCH,FULL,B063,DE-537,Электротехника и автоматизация,537,GENERAL,70,135,87.4,98
2026,FOREIGN_BRANCH,FULL,B064,DE-537,Механика и металлообработка,537,GENERAL,70,120,89.7,26
2026,FOREIGN_BRANCH,FULL,B071,KZ-UK-005,Горное дело и добыча полезных ископаемых,5,GENERAL,73,131,82.6,28
2026,FOREIGN_BRANCH,FULL,B074,KZ-HKG-029,"Градостроительство, строительные работы и гражданское строительство",29,GENERAL,112,139,127.1,13
2026,FOREIGN_BRANCH,FULL,B082,KZ-UZ-024,Водные ресурсы и водопользования,24,GENERAL,50,67,55.0,100
2026,FOREIGN_BRANCH,FULL,B093,KZ-FR-007,Ресторанное дело и гостиничный бизнес,7,GENERAL,118,123,118.9,25
2026,FOREIGN_BRANCH,FULL,B140,KZ-FR-007,Международные отношения и дипломатия,7,GENERAL,124,134,127.0,45
2026,FOREIGN_BRANCH,FULL,B176,KZ-UZ-024,Гидротехническое строительство и управление водными ресурсами,24,GENERAL,65,76,67.8,10
2026,GENERAL,FULL,B001,,Педагогика и психология,7,GENERAL,96,118,101.0,20
2026,GENERAL,FULL,B001,,Педагогика и психология,7,RURAL,87,95,91.1,9
2026,GENERAL,FULL,B001,,Педагогика и психология,13,GENERAL,100,130,105.5,67
2026,GENERAL,FULL,B001,,Педагогика и психология,15,GENERAL,108,108,108.0,1
2026,GENERAL,FULL,B001,,Педагогика и психология,15,RURAL,92,92,92.0,1
2026,GENERAL,FULL,B001,,Педагогика и психология,25,GENERAL,96,116,101.6,40
2026,GENERAL,FULL,B001,,Педагогика и психология,25,RURAL,87,95,89.8,37
2026,GENERAL,FULL,B001,,Педагогика и психология,34,GENERAL,96,96,96.0,1
2026,GENERAL,FULL,B001,,Педагогика и психология,35,RURAL,89,89,89.0,1
2026,GENERAL,FULL,B001,,Педагогика и психология,47,RURAL,93,93,93.0,1
2026,GENERAL,FULL,B001,,Педагогика и психология,158,RURAL,92,92,92.0,1
2026,GENERAL,FULL,B001,,Педагогика и психология,185,GENERAL,96,102,99.0,15
2026,GENERAL,FULL,B001,,Педагогика и психология,185,RURAL,87,95,90.0,28
2026,GENERAL,FULL,B001,,Педагогика и психология,223,GENERAL,101,101,101.0,1
2026,GENERAL,FULL,B001,,Педагогика и психология,302,GENERAL,96,116,101.6,22
2026,GENERAL,FULL,B001,,Педагогика и психология,302,RURAL,90,95,91.2,8
2026,GENERAL,FULL,B002,,Дошкольное обучение и воспитание,7,GENERAL,86,96,89.2,28
2026,GENERAL,FULL,B002,,Дошкольное обучение и воспитание,7,RURAL,80,85,82.1,16
2026,GENERAL,FULL,B002,,Дошкольное обучение и воспитание,13,GENERAL,90,95,92.8,13
2026,GENERAL,FULL,B002,,Дошкольное обучение и воспитание,15,GENERAL,86,92,88.5,6
2026,GENERAL,FULL,B002,,Дошкольное обучение и воспитание,15,RURAL,81,83,82.0,2
2026,GENERAL,FULL,B002,,Дошкольное обучение и воспитание,25,GENERAL,86,96,88.8,43
2026,GENERAL,FULL,B002,,Дошкольное обучение и воспитание,25,RURAL,81,85,82.2,25
2026,GENERAL,FULL,B002,,Дошкольное обучение и воспитание,36,RURAL,80,80,80.0,1
2026,GENERAL,FULL,B002,,Дошкольное обучение и воспитание,37,RURAL,80,80,80.0,1
2026,GENERAL,FULL,B002,,Дошкольное обучение и воспитание,47,GENERAL,92,92,92.0,1
2026,GENERAL,FULL,B002,,Дошкольное обучение и воспитание,47,RURAL,83,85,84.0,2
2026,GENERAL,FULL,B002,,Дошкольное обучение и воспитание,143,RURAL,80,80,80.0,1
2026,GENERAL,FULL,B002,,Дошкольное обучение и воспитание,185,GENERAL,86,91,87.8,24
2026,GENERAL,FULL,B002,,Дошкольное обучение и воспитание,185,RURAL,81,83,82.0,7
2026,GENERAL,FULL,B002,,Дошкольное обучение и воспитание,196,GENERAL,86,87,86.6,7
2026,GENERAL,FULL,B002,,Дошкольное обучение и воспитание,196,RURAL,81,84,82.2,5
2026,GENERAL,FULL,B002,,Дошкольное обучение и воспитание,416,GENERAL,86,86,86.0,1
2026,GENERAL,FULL,B003,,Педагогика и методика начального обучения,5,GENERAL,98,98,98.0,1
2026,GENERAL,FULL,B003,,Педагогика и методика начального обучения,5,RURAL,90,91,90.5,2
2026,GENERAL,FULL,B003,,Педагогика и методика начального обучения,7,GENERAL,96,116,103.1,27
2026,GENERAL,FULL,B003,,Педагогика и методика начального обучения,7,RURAL,89,94,91.2,21
2026,GENERAL,FULL,B003,,Педагогика и методика начального обучения,15,GENERAL,96,102,99.5,4
2026,GENERAL,FULL,B003,,Педагогика и методика начального обучения,15,RURAL,93,93,93.0,1
2026,GENERAL,FULL,B003,,Педагогика и методика начального обучения,25,GENERAL,95,131,104.0,132
2026,GENERAL,FULL,B003,,Педагогика и методика начального обучения,25,RURAL,89,95,92.1,66
2026,GENERAL,FULL,B003,,Педагогика и методика начального обучения,34,RURAL,89,89,89.0,1
2026,GENERAL,FULL,B003,,Педагогика и методика начального обучения,37,GENERAL,96,104,99.4,11
2026,GENERAL,FULL,B003,,Педагогика и методика начального обучения,37,RURAL,91,95,92.5,8
2026,GENERAL,FULL,B003,,Педагогика и методика начального обучения,47,GENERAL,106,106,106.0,1
2026,GENERAL,FULL,B003,,Педагогика и методика начального обучения,158,RURAL,91,91,91.0,1
2026,GENERAL,FULL,B003,,Педагогика и методика начального обучения,185,GENERAL,95,107,100.0,20
2026,GENERAL,FULL,B003,,Педагогика и методика начального обучения,185,RURAL,89,95,92.1,15
2026,GENERAL,FULL,B003,,Педагогика и методика начального обучения,196,GENERAL,96,102,99.2,5
2026,GENERAL,FULL,B003,,Педагогика и методика начального обучения,196,RURAL,91,91,91.0,1
2026,GENERAL,FULL,B003,,Педагогика и методика начального обучения,223,GENERAL,100,101,100.5,2
2026,GENERAL,FULL,B003,,Педагогика и методика начального обучения,302,GENERAL,96,132,108.1,18
2026,GENERAL,FULL,B003,,Педагогика и методика начального обучения,302,RURAL,90,95,92.0,3
2026,GENERAL,FULL,B004,,Подготовка учителей начальной военной подготовки,7,GENERAL,123,127,124.1,7
2026,GENERAL,FULL,B004,,Подготовка учителей начальной военной подготовки,7,RURAL,122,122,122.0,2
2026,GENERAL,FULL,B004,,Подготовка учителей начальной военной подготовки,10,GENERAL,125,125,125.0,1
2026,GENERAL,FULL,B004,,Подготовка учителей начальной военной подготовки,16,GENERAL,124,127,125.0,3
2026,GENERAL,FULL,B004,,Подготовка учителей начальной военной подготовки,16,RURAL,122,122,122.0,2
2026,GENERAL,FULL,B004,,Подготовка учителей начальной военной подготовки,31,GENERAL,123,123,123.0,1
2026,GENERAL,FULL,B004,,Подготовка учителей начальной военной подготовки,31,RURAL,122,123,122.5,2
2026,GENERAL,FULL,B004,,Подготовка учителей начальной военной подготовки,34,GENERAL,124,124,124.0,1
2026,GENERAL,FULL,B004,,Подготовка учителей начальной военной подготовки,34,RURAL,122,123,122.5,2
2026,GENERAL,FULL,B004,,Подготовка учителей начальной военной подготовки,36,GENERAL,128,128,128.0,1
2026,GENERAL,FULL,B004,,Подготовка учителей начальной военной подготовки,37,GENERAL,123,126,124.3,7
2026,GENERAL,FULL,B004,,Подготовка учителей начальной военной подготовки,37,RURAL,123,123,123.0,1
2026,GENERAL,FULL,B004,,Подготовка учителей начальной военной подготовки,43,GENERAL,124,124,124.0,2
2026,GENERAL,FULL,B004,,Подготовка учителей начальной военной подготовки,43,RURAL,122,123,122.3,3
2026,GENERAL,FULL,B004,,Подготовка учителей начальной военной подготовки,196,GENERAL,123,123,123.0,1
2026,GENERAL,FULL,B004,,Подготовка учителей начальной военной подготовки,196,RURAL,122,122,122.0,3
2026,GENERAL,FULL,B004,,Подготовка учителей начальной военной подготовки,305,GENERAL,123,123,123.0,1
2026,GENERAL,FULL,B004,,Подготовка учителей начальной военной подготовки,501,GENERAL,123,127,124.0,4
2026,GENERAL,FULL,B004,,Подготовка учителей начальной военной подготовки,501,RURAL,122,123,122.5,2
2026,GENERAL,FULL,B005,,Подготовка учителей физической культуры,3,RURAL,125,125,125.0,1
2026,GENERAL,FULL,B005,,Подготовка учителей физической культуры,7,GENERAL,126,129,127.5,10
2026,GENERAL,FULL,B005,,Подготовка учителей физической культуры,7,RURAL,124,125,124.6,8
2026,GENERAL,FULL,B005,,Подготовка учителей физической культуры,10,GENERAL,126,129,127.5,2
2026,GENERAL,FULL,B005,,Подготовка учителей физической культуры,10,RURAL,125,125,125.0,2
2026,GENERAL,FULL,B005,,Подготовка учителей физической культуры,11,GENERAL,126,128,127.2,6
2026,GENERAL,FULL,B005,,Подготовка учителей физической культуры,11,RURAL,125,125,125.0,2
2026,GENERAL,FULL,B005,,Подготовка учителей физической культуры,13,GENERAL,126,130,127.8,12
2026,GENERAL,FULL,B005,,Подготовка учителей физической культуры,13,RURAL,124,125,124.4,8
2026,GENERAL,FULL,B005,,Подготовка учителей физической культуры,15,GENERAL,126,127,126.3,3
2026,GENERAL,FULL,B005,,Подготовка учителей физической культуры,15,RURAL,124,124,124.0,2
2026,GENERAL,FULL,B005,,Подготовка учителей физической культуры,16,GENERAL,126,129,127.2,10
2026,GENERAL,FULL,B005,,Подготовка учителей физической культуры,16,RURAL,124,125,124.4,5
2026,GENERAL,FULL,B005,,Подготовка учителей физической культуры,20,GENERAL,126,130,126.9,32
2026,GENERAL,FULL,B005,,Подготовка учителей физической культуры,20,RURAL,124,125,124.7,26
2026,GENERAL,FULL,B005,,Подготовка учителей физической культуры,25,GENERAL,126,129,127.2,5
2026,GENERAL,FULL,B005,,Подготовка учителей физической культуры,25,RURAL,124,125,124.6,5
2026,GENERAL,FULL,B005,,Подготовка учителей физической культуры,31,GENERAL,126,128,126.8,4
2026,GENERAL,FULL,B005,,Подготовка учителей физической культуры,31,RURAL,124,125,124.5,2
2026,GENERAL,FULL,B005,,Подготовка учителей физической культуры,34,GENERAL,126,129,127.0,17
2026,GENERAL,FULL,B005,,Подготовка учителей физической культуры,34,RURAL,125,125,125.0,3
2026,GENERAL,FULL,B005,,Подготовка учителей физической культуры,35,RURAL,124,125,124.5,2
2026,GENERAL,FULL,B005,,Подготовка учителей физической культуры,36,GENERAL,126,126,126.0,2
2026,GENERAL,FULL,B005,,Подготовка учителей физической культуры,36,RURAL,124,124,124.0,1
2026,GENERAL,FULL,B005,,Подготовка учителей физической культуры,37,GENERAL,126,128,126.6,11
2026,GENERAL,FULL,B005,,Подготовка учителей физической культуры,37,RURAL,124,125,124.5,2
2026,GENERAL,FULL,B005,,Подготовка учителей физической культуры,40,GENERAL,126,129,127.5,2
2026,GENERAL,FULL,B005,,Подготовка учителей физической культуры,40,RURAL,125,125,125.0,2
2026,GENERAL,FULL,B005,,Подготовка учителей физической культуры,42,GENERAL,128,128,128.0,1
2026,GENERAL,FULL,B005,,Подготовка учителей физической культуры,42,RURAL,125,125,125.0,1
2026,GENERAL,FULL,B005,,Подготовка учителей физической культуры,43,GENERAL,127,128,127.5,2
2026,GENERAL,FULL,B005,,Подготовка учителей физической культуры,43,RURAL,124,124,124.0,1
2026,GENERAL,FULL,B005,,Подготовка учителей физической культуры,143,GENERAL,126,126,126.0,1
2026,GENERAL,FULL,B005,,Подготовка учителей физической культуры,143,RURAL,124,125,124.5,2
2026,GENERAL,FULL,B005,,Подготовка учителей физической культуры,153,GENERAL,126,126,126.0,1
2026,GENERAL,FULL,B005,,Подготовка учителей физической культуры,158,GENERAL,127,127,127.0,1
2026,GENERAL,FULL,B005,,Подготовка учителей физической культуры,158,RURAL,125,125,125.0,1
2026,GENERAL,FULL,B005,,Подготовка учителей физической культуры,196,GENERAL,126,129,126.9,12
2026,GENERAL,FULL,B005,,Подготовка учителей физической культуры,196,RURAL,124,126,124.6,11
2026,GENERAL,FULL,B005,,Подготовка учителей физической культуры,223,GENERAL,126,127,126.3,3
2026,GENERAL,FULL,B005,,Подготовка учителей физической культуры,223,RURAL,125,125,125.0,1
2026,GENERAL,FULL,B005,,Подготовка учителей физической культуры,501,RURAL,124,124,124.0,1
2026,GENERAL,FULL,B005,,Подготовка учителей физической культуры,517,GENERAL,126,129,127.7,7
2026,GENERAL,FULL,B005,,Подготовка учителей физической культуры,517,RURAL,124,124,124.0,2
2026,GENERAL,FULL,B005,,Подготовка учителей физической культуры,528,GENERAL,126,126,126.0,1
2026,GENERAL,FULL,B006,,Подготовка учителей музыки,7,GENERAL,121,130,124.0,21
2026,GENERAL,FULL,B006,,Подготовка учителей музыки,7,RURAL,121,121,121.0,2
2026,GENERAL,FULL,B006,,Подготовка учителей музыки,15,GENERAL,124,124,124.0,1
2026,GENERAL,FULL,B006,,Подготовка учителей музыки,16,GENERAL,122,122,122.0,1
2026,GENERAL,FULL,B006,,Подготовка учителей музыки,16,RURAL,120,121,120.5,2
2026,GENERAL,FULL,B006,,Подготовка учителей музыки,25,GENERAL,122,128,123.4,14
2026,GENERAL,FULL,B006,,Подготовка учителей музыки,25,RURAL,119,121,120.5,6
2026,GENERAL,FULL,B006,,Подготовка учителей музыки,34,GENERAL,122,123,122.3,6
2026,GENERAL,FULL,B006,,Подготовка учителей музыки,34,RURAL,120,121,120.5,4
2026,GENERAL,FULL,B006,,Подготовка учителей музыки,37,GENERAL,122,123,122.5,2
2026,GENERAL,FULL,B006,,Подготовка учителей музыки,37,RURAL,120,121,120.7,3
2026,GENERAL,FULL,B006,,Подготовка учителей музыки,43,RURAL,120,121,120.3,3
2026,GENERAL,FULL,B006,,Подготовка учителей музыки,45,GENERAL,122,127,123.5,13
2026,GENERAL,FULL,B006,,Подготовка учителей музыки,45,RURAL,120,121,120.2,8
2026,GENERAL,FULL,B006,,Подготовка учителей музыки,143,GENERAL,122,122,122.0,2
2026,GENERAL,FULL,B006,,Подготовка учителей музыки,143,RURAL,120,121,120.5,2
2026,GENERAL,FULL,B006,,Подготовка учителей музыки,185,GENERAL,122,127,123.6,5
2026,GENERAL,FULL,B006,,Подготовка учителей музыки,185,RURAL,120,120,120.0,1
2026,GENERAL,FULL,B006,,Подготовка учителей музыки,196,GENERAL,122,123,122.8,4
2026,GENERAL,FULL,B006,,Подготовка учителей музыки,196,RURAL,120,120,120.0,3
2026,GENERAL,FULL,B006,,Подготовка учителей музыки,517,GENERAL,122,122,122.0,2
2026,GENERAL,FULL,B006,,Подготовка учителей музыки,517,RURAL,119,121,119.7,3
2026,GENERAL,FULL,B007,,Подготовка учителей художественного труда и черчения,5,GENERAL,122,123,122.5,2
2026,GENERAL,FULL,B007,,Подготовка учителей художественного труда и черчения,5,RURAL,121,121,121.0,1
2026,GENERAL,FULL,B007,,Подготовка учителей художественного труда и черчения,7,GENERAL,123,130,124.6,10
2026,GENERAL,FULL,B007,,Подготовка учителей художественного труда и черчения,7,RURAL,121,121,121.0,3
2026,GENERAL,FULL,B007,,Подготовка учителей художественного труда и черчения,16,GENERAL,123,123,123.0,2
2026,GENERAL,FULL,B007,,Подготовка учителей художественного труда и черчения,16,RURAL,122,122,122.0,1
2026,GENERAL,FULL,B007,,Подготовка учителей художественного труда и черчения,25,GENERAL,122,127,123.6,8
2026,GENERAL,FULL,B007,,Подготовка учителей художественного труда и черчения,25,RURAL,121,122,121.2,5
2026,GENERAL,FULL,B007,,Подготовка учителей художественного труда и черчения,34,GENERAL,123,123,123.0,1
2026,GENERAL,FULL,B007,,Подготовка учителей художественного труда и черчения,36,GENERAL,123,123,123.0,1
2026,GENERAL,FULL,B007,,Подготовка учителей художественного труда и черчения,37,GENERAL,122,127,123.5,6
2026,GENERAL,FULL,B007,,Подготовка учителей художественного труда и черчения,37,RURAL,121,122,121.5,2
2026,GENERAL,FULL,B007,,Подготовка учителей художественного труда и черчения,45,GENERAL,122,129,124.2,10
2026,GENERAL,FULL,B007,,Подготовка учителей художественного труда и черчения,45,RURAL,120,122,121.0,7
2026,GENERAL,FULL,B007,,Подготовка учителей художественного труда и черчения,143,GENERAL,122,125,123.7,6
2026,GENERAL,FULL,B007,,Подготовка учителей художественного труда и черчения,143,RURAL,121,122,121.4,5
2026,GENERAL,FULL,B007,,Подготовка учителей художественного труда и черчения,158,GENERAL,123,123,123.0,1
2026,GENERAL,FULL,B007,,Подготовка учителей художественного труда и черчения,185,GENERAL,123,123,123.0,1
2026,GENERAL,FULL,B007,,Подготовка учителей художественного труда и черчения,196,GENERAL,123,125,123.6,8
2026,GENERAL,FULL,B007,,Подготовка учителей художественного труда и черчения,196,RURAL,121,122,121.1,8
2026,GENERAL,FULL,B007,,Подготовка учителей художественного труда и черчения,223,GENERAL,123,123,123.0,1
2026,GENERAL,FULL,B008,,Подготовка учителей основы права и экономики,7,GENERAL,101,116,103.2,31
2026,GENERAL,FULL,B008,,Подготовка учителей основы права и экономики,7,RURAL,97,100,98.7,22
2026,GENERAL,FULL,B008,,Подготовка учителей основы права и экономики,25,GENERAL,101,107,103.3,12
2026,GENERAL,FULL,B008,,Подготовка учителей основы права и экономики,25,RURAL,99,100,99.3,3
2026,GENERAL,FULL,B008,,Подготовка учителей основы права и экономики,31,GENERAL,103,105,104.0,2
2026,GENERAL,FULL,B008,,Подготовка учителей основы права и экономики,31,RURAL,99,99,99.0,1
2026,GENERAL,FULL,B008,,Подготовка учителей основы права и экономики,196,GENERAL,102,103,102.5,2
2026,GENERAL,FULL,B009,,Подготовка учителей математики,3,RURAL,83,85,84.0,3
2026,GENERAL,FULL,B009,,Подготовка учителей математики,7,GENERAL,99,131,109.7,202
2026,GENERAL,FULL,B009,,Подготовка учителей математики,7,RURAL,90,99,94.9,65
2026,GENERAL,FULL,B009,,Подготовка учителей математики,13,GENERAL,125,138,128.3,52
2026,GENERAL,FULL,B009,,Подготовка учителей математики,15,GENERAL,101,109,104.0,6
2026,GENERAL,FULL,B009,,Подготовка учителей математики,15,RURAL,85,92,88.3,3
2026,GENERAL,FULL,B009,,Подготовка учителей математики,25,GENERAL,99,137,110.1,134
2026,GENERAL,FULL,B009,,Подготовка учителей математики,25,RURAL,82,99,91.1,108
2026,GENERAL,FULL,B009,,Подготовка учителей математики,31,GENERAL,100,103,101.5,2
2026,GENERAL,FULL,B009,,Подготовка учителей математики,31,RURAL,82,83,82.8,4
2026,GENERAL,FULL,B009,,Подготовка учителей математики,34,GENERAL,101,101,101.0,1
2026,GENERAL,FULL,B009,,Подготовка учителей математики,34,RURAL,84,90,87.7,7
2026,GENERAL,FULL,B009,,Подготовка учителей математики,37,GENERAL,102,106,104.0,2
2026,GENERAL,FULL,B009,,Подготовка учителей математики,37,RURAL,83,83,83.0,1
2026,GENERAL,FULL,B009,,Подготовка учителей математики,173,RURAL,83,93,87.0,5
2026,GENERAL,FULL,B009,,Подготовка учителей математики,185,GENERAL,100,119,106.9,98
2026,GENERAL,FULL,B009,,Подготовка учителей математики,185,RURAL,83,99,90.9,81
2026,GENERAL,FULL,B009,,Подготовка учителей математики,196,GENERAL,100,100,100.0,2
2026,GENERAL,FULL,B009,,Подготовка учителей математики,196,RURAL,83,89,85.9,7
2026,GENERAL,FULL,B009,,Подготовка учителей математики,223,GENERAL,100,100,100.0,1
2026,GENERAL,FULL,B009,,Подготовка учителей математики,302,GENERAL,127,137,131.8,34
2026,GENERAL,FULL,B009,,Подготовка учителей математики,305,RURAL,85,85,85.0,1
2026,GENERAL,FULL,B009,,Подготовка учителей математики,517,GENERAL,101,102,101.3,3
2026,GENERAL,FULL,B009,,Подготовка учителей математики,517,RURAL,84,84,84.0,2
2026,GENERAL,FULL,B010,,Подготовка учителей физики,5,GENERAL,85,95,90.0,4
2026,GENERAL,FULL,B010,,Подготовка учителей физики,5,RURAL,80,80,80.0,1
2026,GENERAL,FULL,B010,,Подготовка учителей физики,7,GENERAL,91,116,98.9,29
2026,GENERAL,FULL,B010,,Подготовка учителей физики,13,GENERAL,110,138,116.6,58
2026,GENERAL,FULL,B010,,Подготовка учителей физики,15,GENERAL,87,93,91.0,4
2026,GENERAL,FULL,B010,,Подготовка учителей физики,15,RURAL,76,81,78.5,2
2026,GENERAL,FULL,B010,,Подготовка учителей физики,16,RURAL,75,75,75.0,2
2026,GENERAL,FULL,B010,,Подготовка учителей физики,25,GENERAL,85,130,94.4,49
2026,GENERAL,FULL,B010,,Подготовка учителей физики,25,RURAL,80,84,82.3,20
2026,GENERAL,FULL,B010,,Подготовка учителей физики,31,GENERAL,87,93,89.3,6
2026,GENERAL,FULL,B010,,Подготовка учителей физики,31,RURAL,78,80,78.7,3
2026,GENERAL,FULL,B010,,Подготовка учителей физики,34,GENERAL,86,86,86.0,2
2026,GENERAL,FULL,B010,,Подготовка учителей физики,37,GENERAL,87,98,92.6,5
2026,GENERAL,FULL,B010,,Подготовка учителей физики,42,GENERAL,85,92,87.0,7
2026,GENERAL,FULL,B010,,Подготовка учителей физики,185,GENERAL,85,100,90.8,43
2026,GENERAL,FULL,B010,,Подготовка учителей физики,185,RURAL,81,85,82.5,13
2026,GENERAL,FULL,B010,,Подготовка учителей физики,196,GENERAL,85,85,85.0,3
2026,GENERAL,FULL,B010,,Подготовка учителей физики,196,RURAL,75,77,76.3,3
2026,GENERAL,FULL,B010,,Подготовка учителей физики,223,GENERAL,85,86,85.5,2
2026,GENERAL,FULL,B010,,Подготовка учителей физики,302,GENERAL,118,135,123.8,31
2026,GENERAL,FULL,B010,,Подготовка учителей физики,517,RURAL,75,75,75.0,1
2026,GENERAL,FULL,B011,,Подготовка учителей информатики,7,GENERAL,81,122,91.2,88
2026,GENERAL,FULL,B011,,Подготовка учителей информатики,7,RURAL,75,80,77.1,18
2026,GENERAL,FULL,B011,,Подготовка учителей информатики,13,GENERAL,115,135,121.3,10
2026,GENERAL,FULL,B011,,Подготовка учителей информатики,15,GENERAL,89,122,102.2,5
2026,GENERAL,FULL,B011,,Подготовка учителей информатики,25,GENERAL,81,122,91.5,78
2026,GENERAL,FULL,B011,,Подготовка учителей информатики,25,RURAL,75,80,77.7,13
2026,GENERAL,FULL,B011,,Подготовка учителей информатики,35,GENERAL,81,90,85.5,4
2026,GENERAL,FULL,B011,,Подготовка учителей информатики,36,GENERAL,83,86,84.3,3
2026,GENERAL,FULL,B011,,Подготовка учителей информатики,37,GENERAL,81,93,87.0,12
2026,GENERAL,FULL,B011,,Подготовка учителей информатики,37,RURAL,75,80,77.7,3
2026,GENERAL,FULL,B011,,Подготовка учителей информатики,173,GENERAL,81,96,86.5,10
2026,GENERAL,FULL,B011,,Подготовка учителей информатики,173,RURAL,77,79,78.2,5
2026,GENERAL,FULL,B011,,Подготовка учителей информатики,185,GENERAL,81,103,88.9,160
2026,GENERAL,FULL,B011,,Подготовка учителей информатики,185,RURAL,80,80,80.0,1
2026,GENERAL,FULL,B011,,Подготовка учителей информатики,196,GENERAL,82,90,85.4,5
2026,GENERAL,FULL,B011,,Подготовка учителей информатики,223,GENERAL,83,96,87.5,4
2026,GENERAL,FULL,B011,,Подготовка учителей информатики,302,GENERAL,110,135,116.6,20
2026,GENERAL,FULL,B012,,Подготовка учителей химии,7,GENERAL,105,138,111.2,49
2026,GENERAL,FULL,B012,,Подготовка учителей химии,7,RURAL,97,104,100.4,29
2026,GENERAL,FULL,B012,,Подготовка учителей химии,25,GENERAL,104,128,110.7,50
2026,GENERAL,FULL,B012,,Подготовка учителей химии,25,RURAL,97,104,100.4,30
2026,GENERAL,FULL,B012,,Подготовка учителей химии,37,GENERAL,104,111,106.9,9
2026,GENERAL,FULL,B012,,Подготовка учителей химии,37,RURAL,100,104,102.1,8
2026,GENERAL,FULL,B012,,Подготовка учителей химии,40,GENERAL,107,107,107.0,1
2026,GENERAL,FULL,B012,,Подготовка учителей химии,40,RURAL,98,98,98.0,1
2026,GENERAL,FULL,B012,,Подготовка учителей химии,185,GENERAL,104,111,106.7,28
2026,GENERAL,FULL,B012,,Подготовка учителей химии,185,RURAL,97,103,99.7,19
2026,GENERAL,FULL,B012,,Подготовка учителей химии,302,GENERAL,115,138,124.2,25
2026,GENERAL,FULL,B013,,Подготовка учителей биологии,5,GENERAL,104,108,105.7,6
2026,GENERAL,FULL,B013,,Подготовка учителей биологии,7,GENERAL,103,117,106.9,36
2026,GENERAL,FULL,B013,,Подготовка учителей биологии,7,RURAL,98,102,100.0,20
2026,GENERAL,FULL,B013,,Подготовка учителей биологии,25,GENERAL,103,124,108.4,65
2026,GENERAL,FULL,B013,,Подготовка учителей биологии,25,RURAL,98,103,100.1,37
2026,GENERAL,FULL,B013,,Подготовка учителей биологии,37,GENERAL,104,105,104.7,3
2026,GENERAL,FULL,B013,,Подготовка учителей биологии,37,RURAL,100,100,100.0,2
2026,GENERAL,FULL,B013,,Подготовка учителей биологии,185,GENERAL,104,115,106.9,21
2026,GENERAL,FULL,B013,,Подготовка учителей биологии,185,RURAL,98,102,100.6,15
2026,GENERAL,FULL,B013,,Подготовка учителей биологии,302,GENERAL,115,133,122.0,7
2026,GENERAL,FULL,B014,,Подготовка учителей географии,7,GENERAL,107,125,111.9,35
2026,GENERAL,FULL,B014,,Подготовка учителей географии,7,RURAL,103,107,104.9,26
2026,GENERAL,FULL,B014,,Подготовка учителей географии,13,GENERAL,115,135,121.4,50
2026,GENERAL,FULL,B014,,Подготовка учителей географии,15,GENERAL,108,108,108.0,1
2026,GENERAL,FULL,B014,,Подготовка учителей географии,25,GENERAL,107,120,111.3,39
2026,GENERAL,FULL,B014,,Подготовка учителей географии,25,RURAL,103,106,104.3,26
2026,GENERAL,FULL,B014,,Подготовка учителей географии,185,GENERAL,107,110,108.9,7
2026,GENERAL,FULL,B014,,Подготовка учителей географии,185,RURAL,103,106,104.7,19
2026,GENERAL,FULL,B015,,Подготовка учителей по гуманитарным предметам,7,GENERAL,116,135,122.2,47
2026,GENERAL,FULL,B015,,Подготовка учителей по гуманитарным предметам,7,RURAL,108,116,111.8,34
2026,GENERAL,FULL,B015,,Подготовка учителей по гуманитарным предметам,15,RURAL,110,114,112.0,2
2026,GENERAL,FULL,B015,,Подготовка учителей по гуманитарным предметам,25,GENERAL,116,124,120.1,12
2026,GENERAL,FULL,B015,,Подготовка учителей по гуманитарным предметам,25,RURAL,109,116,112.9,18
2026,GENERAL,FULL,B015,,Подготовка учителей по гуманитарным предметам,185,GENERAL,116,119,116.8,6
2026,GENERAL,FULL,B015,,Подготовка учителей по гуманитарным предметам,185,RURAL,108,116,111.2,12
2026,GENERAL,FULL,B015,,Подготовка учителей по гуманитарным предметам,302,GENERAL,120,138,126.5,57
2026,GENERAL,FULL,B016,,Подготовка учителей казахского языка и литературы,7,GENERAL,127,138,130.7,24
2026,GENERAL,FULL,B016,,Подготовка учителей казахского языка и литературы,7,RURAL,123,127,124.6,20
2026,GENERAL,FULL,B016,,Подготовка учителей казахского языка и литературы,13,GENERAL,127,139,131.0,107
2026,GENERAL,FULL,B016,,Подготовка учителей казахского языка и литературы,13,RURAL,123,127,124.6,42
2026,GENERAL,FULL,B016,,Подготовка учителей казахского языка и литературы,15,GENERAL,131,133,132.0,2
2026,GENERAL,FULL,B016,,Подготовка учителей казахского языка и литературы,15,RURAL,123,123,123.0,1
2026,GENERAL,FULL,B016,,Подготовка учителей казахского языка и литературы,25,GENERAL,127,137,130.0,47
2026,GENERAL,FULL,B016,,Подготовка учителей казахского языка и литературы,25,RURAL,123,127,124.6,53
2026,GENERAL,FULL,B016,,Подготовка учителей казахского языка и литературы,302,GENERAL,130,140,133.9,34
2026,GENERAL,FULL,B017,,Подготовка учителей русского языка и литературы,7,GENERAL,102,133,111.1,32
2026,GENERAL,FULL,B017,,Подготовка учителей русского языка и литературы,7,RURAL,91,101,96.5,13
2026,GENERAL,FULL,B017,,Подготовка учителей русского языка и литературы,11,RURAL,91,91,91.0,2
2026,GENERAL,FULL,B017,,Подготовка учителей русского языка и литературы,13,GENERAL,115,136,121.2,29
2026,GENERAL,FULL,B017,,Подготовка учителей русского языка и литературы,15,GENERAL,107,110,109.0,3
2026,GENERAL,FULL,B017,,Подготовка учителей русского языка и литературы,15,RURAL,94,94,94.0,1
2026,GENERAL,FULL,B017,,Подготовка учителей русского языка и литературы,25,GENERAL,101,129,110.0,79
2026,GENERAL,FULL,B017,,Подготовка учителей русского языка и литературы,25,RURAL,90,101,95.7,61
2026,GENERAL,FULL,B017,,Подготовка учителей русского языка и литературы,31,GENERAL,101,106,104.2,4
2026,GENERAL,FULL,B017,,Подготовка учителей русского языка и литературы,34,GENERAL,102,109,105.5,2
2026,GENERAL,FULL,B017,,Подготовка учителей русского языка и литературы,36,GENERAL,103,105,104.0,2
2026,GENERAL,FULL,B017,,Подготовка учителей русского языка и литературы,37,GENERAL,104,104,104.0,1
2026,GENERAL,FULL,B017,,Подготовка учителей русского языка и литературы,37,RURAL,91,91,91.0,3
2026,GENERAL,FULL,B017,,Подготовка учителей русского языка и литературы,143,GENERAL,103,105,104.0,2
2026,GENERAL,FULL,B017,,Подготовка учителей русского языка и литературы,153,GENERAL,103,103,103.0,1
2026,GENERAL,FULL,B017,,Подготовка учителей русского языка и литературы,185,GENERAL,101,112,106.5,31
2026,GENERAL,FULL,B017,,Подготовка учителей русского языка и литературы,185,RURAL,91,101,96.0,29
2026,GENERAL,FULL,B017,,Подготовка учителей русского языка и литературы,302,GENERAL,102,131,115.1,22
2026,GENERAL,FULL,B017,,Подготовка учителей русского языка и литературы,302,RURAL,95,99,97.0,3
2026,GENERAL,FULL,B018,,Подготовка учителей иностранного языка,7,GENERAL,131,132,131.5,10
2026,GENERAL,FULL,B018,,Подготовка учителей иностранного языка,7,RURAL,125,130,126.3,6
2026,GENERAL,FULL,B018,,Подготовка учителей иностранного языка,13,GENERAL,131,140,132.2,75
2026,GENERAL,FULL,B018,,Подготовка учителей иностранного языка,13,RURAL,127,131,128.5,45
2026,GENERAL,FULL,B018,,Подготовка учителей иностранного языка,23,GENERAL,131,133,131.6,14
2026,GENERAL,FULL,B018,,Подготовка учителей иностранного языка,23,RURAL,125,130,127.8,18
2026,GENERAL,FULL,B018,,Подготовка учителей иностранного языка,25,GENERAL,131,136,132.7,9
2026,GENERAL,FULL,B018,,Подготовка учителей иностранного языка,25,RURAL,125,130,126.8,26
2026,GENERAL,FULL,B018,,Подготовка учителей иностранного языка,47,RURAL,125,125,125.0,1
2026,GENERAL,FULL,B018,,Подготовка учителей иностранного языка,185,RURAL,125,126,125.5,2
2026,GENERAL,FULL,B018,,Подготовка учителей иностранного языка,302,GENERAL,133,140,135.1,73
2026,GENERAL,FULL,B019,,Подготовка социальных педагогов,7,GENERAL,81,95,85.8,52
2026,GENERAL,FULL,B019,,Подготовка социальных педагогов,7,RURAL,77,81,78.6,39
2026,GENERAL,FULL,B019,,Подготовка социальных педагогов,13,GENERAL,90,99,94.1,28
2026,GENERAL,FULL,B019,,Подготовка социальных педагогов,25,GENERAL,81,98,84.6,97
2026,GENERAL,FULL,B019,,Подготовка социальных педагогов,25,RURAL,77,81,78.5,53
2026,GENERAL,FULL,B019,,Подготовка социальных педагогов,31,GENERAL,82,83,82.7,3
2026,GENERAL,FULL,B019,,Подготовка социальных педагогов,31,RURAL,78,79,78.5,2
2026,GENERAL,FULL,B019,,Подготовка социальных педагогов,35,GENERAL,82,82,82.0,1
2026,GENERAL,FULL,B019,,Подготовка социальных педагогов,43,GENERAL,81,81,81.0,1
2026,GENERAL,FULL,B019,,Подготовка социальных педагогов,158,GENERAL,86,86,86.0,1
2026,GENERAL,FULL,B019,,Подготовка социальных педагогов,196,GENERAL,81,85,82.6,7
2026,GENERAL,FULL,B019,,Подготовка социальных педагогов,196,RURAL,77,80,79.1,8
2026,GENERAL,FULL,B020,,Специальная педагогика,5,GENERAL,92,98,94.9,8
2026,GENERAL,FULL,B020,,Специальная педагогика,5,RURAL,84,86,84.7,6
2026,GENERAL,FULL,B020,,Специальная педагогика,7,GENERAL,92,124,99.1,140
2026,GENERAL,FULL,B020,,Специальная педагогика,7,RURAL,83,92,86.2,85
2026,GENERAL,FULL,B020,,Специальная педагогика,10,GENERAL,93,104,98.5,2
2026,GENERAL,FULL,B020,,Специальная педагогика,10,RURAL,84,89,86.5,2
2026,GENERAL,FULL,B020,,Специальная педагогика,11,GENERAL,94,96,94.7,3
2026,GENERAL,FULL,B020,,Специальная педагогика,11,RURAL,83,88,85.0,3
2026,GENERAL,FULL,B020,,Специальная педагогика,15,GENERAL,92,111,98.6,11
2026,GENERAL,FULL,B020,,Специальная педагогика,15,RURAL,84,87,85.5,2
2026,GENERAL,FULL,B020,,Специальная педагогика,25,GENERAL,92,133,100.2,312
2026,GENERAL,FULL,B020,,Специальная педагогика,25,RURAL,83,92,87.0,166
2026,GENERAL,FULL,B020,,Специальная педагогика,31,RURAL,84,85,84.5,2
2026,GENERAL,FULL,B020,,Специальная педагогика,43,GENERAL,94,94,94.0,2
2026,GENERAL,FULL,B020,,Специальная педагогика,196,GENERAL,92,101,94.9,26
2026,GENERAL,FULL,B020,,Специальная педагогика,196,RURAL,83,88,85.5,8
2026,GENERAL,FULL,B020,,Специальная педагогика,305,GENERAL,95,104,99.5,2
2026,GENERAL,FULL,B020,,Специальная педагогика,517,GENERAL,94,95,94.5,2
2026,GENERAL,FULL,B021,,Исполнительское искусство,10,GENERAL,123,128,125.5,2
2026,GENERAL,FULL,B021,,Исполнительское искусство,16,GENERAL,121,125,123.6,5
2026,GENERAL,FULL,B021,,Исполнительское искусство,34,GENERAL,122,128,124.1,9
2026,GENERAL,FULL,B021,,Исполнительское искусство,37,GENERAL,123,127,124.7,3
2026,GENERAL,FULL,B021,,Исполнительское искусство,38,GENERAL,121,124,122.0,5
2026,GENERAL,FULL,B023,,"Режиссура, арт-менеджмент",83,GENERAL,116,123,118.5,11
2026,GENERAL,FULL,B023,,"Режиссура, арт-менеджмент",93,GENERAL,116,128,121.9,33
2026,GENERAL,FULL,B023,,"Режиссура, арт-менеджмент",184,GENERAL,117,126,120.7,22
2026,GENERAL,FULL,B027,,Театральное искусство,16,GENERAL,124,129,126.3,3
2026,GENERAL,FULL,B027,,Театральное искусство,37,GENERAL,123,129,125.2,6
2026,GENERAL,FULL,B027,,Театральное искусство,45,GENERAL,123,127,124.4,9
2026,GENERAL,FULL,B027,,Театральное искусство,93,GENERAL,124,128,125.3,10
2026,GENERAL,FULL,B028,,Хореография,7,GENERAL,123,127,124.8,6
2026,GENERAL,FULL,B028,,Хореография,16,GENERAL,129,129,129.0,1
2026,GENERAL,FULL,B028,,Хореография,25,GENERAL,123,129,125.3,27
2026,GENERAL,FULL,B028,,Хореография,34,GENERAL,123,125,123.8,6
2026,GENERAL,FULL,B028,,Хореография,43,GENERAL,123,128,125.0,4
2026,GENERAL,FULL,B028,,Хореография,45,GENERAL,123,129,125.0,12
2026,GENERAL,FULL,B029,,Аудиовизуальные средства и медиа производство,13,GENERAL,124,130,125.4,50
2026,GENERAL,FULL,B029,,Аудиовизуальные средства и медиа производство,27,GENERAL,124,130,125.6,40
2026,GENERAL,FULL,B029,,Аудиовизуальные средства и медиа производство,93,GENERAL,125,125,125.0,1
2026,GENERAL,FULL,B030,,Изобразительное искусство,7,GENERAL,116,130,119.9,21
2026,GENERAL,FULL,B030,,Изобразительное искусство,31,GENERAL,118,124,120.0,5
2026,GENERAL,FULL,B030,,Изобразительное искусство,45,GENERAL,116,124,119.0,22
2026,GENERAL,FULL,B031,,"Мода, дизайн",5,GENERAL,125,127,126.0,2
2026,GENERAL,FULL,B031,,"Мода, дизайн",7,GENERAL,125,129,127.3,6
2026,GENERAL,FULL,B031,,"Мода, дизайн",13,GENERAL,125,130,127.0,53
2026,GENERAL,FULL,B031,,"Мода, дизайн",15,GENERAL,126,127,126.5,2
2026,GENERAL,FULL,B031,,"Мода, дизайн",16,GENERAL,125,127,126.0,4
2026,GENERAL,FULL,B031,,"Мода, дизайн",22,GENERAL,125,130,127.1,57
2026,GENERAL,FULL,B031,,"Мода, дизайн",27,GENERAL,126,129,127.0,5
2026,GENERAL,FULL,B031,,"Мода, дизайн",29,GENERAL,125,128,126.3,3
2026,GENERAL,FULL,B031,,"Мода, дизайн",31,GENERAL,125,129,126.8,6
2026,GENERAL,FULL,B031,,"Мода, дизайн",34,GENERAL,126,130,127.2,4
2026,GENERAL,FULL,B031,,"Мода, дизайн",35,GENERAL,125,127,126.0,2
2026,GENERAL,FULL,B031,,"Мода, дизайн",37,GENERAL,125,128,126.3,6
2026,GENERAL,FULL,B031,,"Мода, дизайн",38,GENERAL,129,130,129.5,2
2026,GENERAL,FULL,B031,,"Мода, дизайн",40,GENERAL,125,126,125.5,2
2026,GENERAL,FULL,B031,,"Мода, дизайн",42,GENERAL,128,128,128.0,1
2026,GENERAL,FULL,B031,,"Мода, дизайн",43,GENERAL,126,126,126.0,1
2026,GENERAL,FULL,B031,,"Мода, дизайн",45,GENERAL,126,127,126.8,4
2026,GENERAL,FULL,B031,,"Мода, дизайн",53,GENERAL,125,129,126.4,7
2026,GENERAL,FULL,B031,,"Мода, дизайн",79,GENERAL,126,126,126.0,1
2026,GENERAL,FULL,B031,,"Мода, дизайн",143,GENERAL,127,127,127.0,1
2026,GENERAL,FULL,B031,,"Мода, дизайн",182,GENERAL,125,130,127.4,12
2026,GENERAL,FULL,B031,,"Мода, дизайн",184,GENERAL,126,126,126.0,2
2026,GENERAL,FULL,B031,,"Мода, дизайн",185,GENERAL,125,129,127.1,15
2026,GENERAL,FULL,B032,,Философия и этика,7,GENERAL,97,107,99.9,18
2026,GENERAL,FULL,B032,,Философия и этика,13,GENERAL,97,116,101.8,52
2026,GENERAL,FULL,B032,,Философия и этика,27,GENERAL,97,106,99.9,27
2026,GENERAL,FULL,B032,,Философия и этика,31,GENERAL,97,101,98.3,7
2026,GENERAL,FULL,B032,,Философия и этика,37,GENERAL,96,100,97.6,5
2026,GENERAL,FULL,B032,,Философия и этика,45,GENERAL,101,101,101.0,1
2026,GENERAL,FULL,B033,,Религия и теология,7,GENERAL,127,127,127.0,1
2026,GENERAL,FULL,B033,,Религия и теология,7,RURAL,124,125,124.8,4
2026,GENERAL,FULL,B033,,Религия и теология,13,RURAL,125,126,125.7,3
2026,GENERAL,FULL,B033,,Религия и теология,27,RURAL,124,125,124.5,4
2026,GENERAL,FULL,B033,,Религия и теология,35,RURAL,125,125,125.0,1
2026,GENERAL,FULL,B033,,Религия и теология,37,GENERAL,127,128,127.5,2
2026,GENERAL,FULL,B033,,Религия и теология,37,RURAL,124,124,124.0,1
2026,GENERAL,FULL,B033,,Религия и теология,503,GENERAL,127,130,128.5,91
2026,GENERAL,FULL,B033,,Религия и теология,503,RURAL,124,127,125.4,37
2026,GENERAL,FULL,B034,,История,5,GENERAL,112,112,112.0,1
2026,GENERAL,FULL,B034,,История,13,GENERAL,107,130,115.2,88
2026,GENERAL,FULL,B034,,История,25,GENERAL,108,112,110.0,3
2026,GENERAL,FULL,B034,,История,27,GENERAL,107,126,116.2,32
2026,GENERAL,FULL,B034,,История,31,GENERAL,112,120,116.0,2
2026,GENERAL,FULL,B034,,История,36,GENERAL,108,108,108.0,1
2026,GENERAL,FULL,B034,,История,37,GENERAL,117,117,117.0,1
2026,GENERAL,FULL,B034,,История,43,GENERAL,109,109,109.0,1
2026,GENERAL,FULL,B035,,Тюркология,13,GENERAL,125,132,126.0,30
2026,GENERAL,FULL,B035,,Тюркология,27,GENERAL,125,129,125.9,7
2026,GENERAL,FULL,B035,,Тюркология,37,GENERAL,127,128,127.3,3
2026,GENERAL,FULL,B036,,Переводческое дело,5,GENERAL,135,135,135.0,1
2026,GENERAL,FULL,B036,,Переводческое дело,13,GENERAL,132,139,135.5,2
2026,GENERAL,FULL,B036,,Переводческое дело,23,GENERAL,133,133,133.0,1
2026,GENERAL,FULL,B036,,Переводческое дело,27,GENERAL,133,133,133.0,2
2026,GENERAL,FULL,B036,,Переводческое дело,174,GENERAL,132,140,133.9,109
2026,GENERAL,FULL,B036,,Переводческое дело,302,GENERAL,132,133,132.5,2
2026,GENERAL,FULL,B037,,Филология,7,GENERAL,125,131,127.3,3
2026,GENERAL,FULL,B037,,Филология,13,GENERAL,124,137,128.4,48
2026,GENERAL,FULL,B037,,Филология,16,GENERAL,131,131,131.0,1
2026,GENERAL,FULL,B037,,Филология,25,GENERAL,125,132,126.4,11
2026,GENERAL,FULL,B037,,Филология,27,GENERAL,124,138,129.1,61
2026,GENERAL,FULL,B037,,Филология,34,GENERAL,129,131,130.0,2
2026,GENERAL,FULL,B037,,Филология,45,GENERAL,126,126,126.0,1
2026,GENERAL,FULL,B037,,Филология,196,GENERAL,133,133,133.0,1
2026,GENERAL,FULL,B037,,Филология,302,GENERAL,124,139,130.2,37
2026,GENERAL,FULL,B038,,Социология,7,GENERAL,108,111,109.8,4
2026,GENERAL,FULL,B038,,Социология,13,GENERAL,108,120,112.0,75
2026,GENERAL,FULL,B038,,Социология,21,GENERAL,108,120,111.7,57
2026,GENERAL,FULL,B038,,Социология,25,GENERAL,108,118,111.4,11
2026,GENERAL,FULL,B038,,Социология,27,GENERAL,108,121,113.1,16
2026,GENERAL,FULL,B038,,Социология,31,GENERAL,115,115,115.0,1
2026,GENERAL,FULL,B039,,Культурология,7,GENERAL,122,124,122.7,6
2026,GENERAL,FULL,B039,,Культурология,13,GENERAL,122,132,124.2,57
2026,GENERAL,FULL,B039,,Культурология,27,GENERAL,122,128,124.3,19
2026,GENERAL,FULL,B039,,Культурология,38,GENERAL,123,125,124.0,2
2026,GENERAL,FULL,B040,,Политология,7,GENERAL,127,130,128.0,4
2026,GENERAL,FULL,B040,,Политология,13,GENERAL,126,136,128.9,86
2026,GENERAL,FULL,B040,,Политология,21,GENERAL,126,133,128.8,39
2026,GENERAL,FULL,B040,,Политология,27,GENERAL,127,132,128.8,20
2026,GENERAL,FULL,B040,,Политология,93,GENERAL,128,130,129.0,2
2026,GENERAL,FULL,B041,,Психология,5,GENERAL,109,109,109.0,1
2026,GENERAL,FULL,B041,,Психология,7,GENERAL,104,110,107.3,3
2026,GENERAL,FULL,B041,,Психология,11,GENERAL,112,112,112.0,1
2026,GENERAL,FULL,B041,,Психология,13,GENERAL,105,129,112.1,90
2026,GENERAL,FULL,B041,,Психология,21,GENERAL,104,125,111.2,38
2026,GENERAL,FULL,B041,,Психология,25,GENERAL,104,126,112.0,14
2026,GENERAL,FULL,B041,,Психология,27,GENERAL,104,127,112.1,25
2026,GENERAL,FULL,B041,,Психология,31,GENERAL,116,116,116.0,1
2026,GENERAL,FULL,B041,,Психология,36,GENERAL,104,104,104.0,1
2026,GENERAL,FULL,B041,,Психология,42,GENERAL,121,121,121.0,1
2026,GENERAL,FULL,B041,,Психология,79,GENERAL,110,110,110.0,1
2026,GENERAL,FULL,B041,,Психология,83,GENERAL,118,118,118.0,1
2026,GENERAL,FULL,B041,,Психология,141,GENERAL,108,108,108.0,1
2026,GENERAL,FULL,B041,,Психология,174,GENERAL,120,136,126.5,34
2026,GENERAL,FULL,B041,,Психология,185,GENERAL,104,105,104.3,3
2026,GENERAL,FULL,B041,,Психология,302,GENERAL,105,132,113.1,23
2026,GENERAL,FULL,B042,,Журналистика и репортерское дело,11,GENERAL,129,129,129.0,1
2026,GENERAL,FULL,B042,,Журналистика и репортерское дело,11,RURAL,125,125,125.0,1
2026,GENERAL,FULL,B042,,Журналистика и репортерское дело,13,GENERAL,127,130,128.1,64
2026,GENERAL,FULL,B042,,Журналистика и репортерское дело,13,RURAL,125,127,126.0,31
2026,GENERAL,FULL,B042,,Журналистика и репортерское дело,15,GENERAL,128,129,128.3,3
2026,GENERAL,FULL,B042,,Журналистика и репортерское дело,23,GENERAL,128,129,128.3,3
2026,GENERAL,FULL,B042,,Журналистика и репортерское дело,23,RURAL,126,126,126.0,3
2026,GENERAL,FULL,B042,,Журналистика и репортерское дело,27,GENERAL,127,130,128.5,44
2026,GENERAL,FULL,B042,,Журналистика и репортерское дело,27,RURAL,125,127,126.0,34
2026,GENERAL,FULL,B042,,Журналистика и репортерское дело,31,GENERAL,128,128,128.0,4
2026,GENERAL,FULL,B042,,Журналистика и репортерское дело,31,RURAL,125,127,126.2,5
2026,GENERAL,FULL,B042,,Журналистика и репортерское дело,34,RURAL,125,126,125.5,2
2026,GENERAL,FULL,B042,,Журналистика и репортерское дело,36,GENERAL,130,130,130.0,1
2026,GENERAL,FULL,B042,,Журналистика и репортерское дело,37,GENERAL,128,129,128.4,5
2026,GENERAL,FULL,B042,,Журналистика и репортерское дело,37,RURAL,126,126,126.0,1
2026,GENERAL,FULL,B042,,Журналистика и репортерское дело,38,GENERAL,128,129,128.5,2
2026,GENERAL,FULL,B042,,Журналистика и репортерское дело,40,GENERAL,128,128,128.0,2
2026,GENERAL,FULL,B042,,Журналистика и репортерское дело,40,RURAL,126,126,126.0,1
2026,GENERAL,FULL,B042,,Журналистика и репортерское дело,42,GENERAL,128,128,128.0,1
2026,GENERAL,FULL,B042,,Журналистика и репортерское дело,43,GENERAL,130,130,130.0,1
2026,GENERAL,FULL,B042,,Журналистика и репортерское дело,43,RURAL,127,127,127.0,1
2026,GENERAL,FULL,B042,,Журналистика и репортерское дело,45,GENERAL,128,128,128.0,1
2026,GENERAL,FULL,B042,,Журналистика и репортерское дело,45,RURAL,125,127,126.2,5
2026,GENERAL,FULL,B042,,Журналистика и репортерское дело,69,GENERAL,128,129,128.7,3
2026,GENERAL,FULL,B042,,Журналистика и репортерское дело,83,GENERAL,130,130,130.0,1
2026,GENERAL,FULL,B042,,Журналистика и репортерское дело,83,RURAL,126,126,126.0,1
2026,GENERAL,FULL,B042,,Журналистика и репортерское дело,93,RURAL,125,125,125.0,1
2026,GENERAL,FULL,B042,,Журналистика и репортерское дело,174,GENERAL,127,130,128.2,5
2026,GENERAL,FULL,B042,,Журналистика и репортерское дело,174,RURAL,125,125,125.0,1
2026,GENERAL,FULL,B042,,Журналистика и репортерское дело,190,RURAL,125,127,126.0,2
2026,GENERAL,FULL,B042,,Журналистика и репортерское дело,302,GENERAL,127,130,128.7,20
2026,GENERAL,FULL,B042,,Журналистика и репортерское дело,302,RURAL,125,127,125.3,7
2026,GENERAL,FULL,B042,,Журналистика и репортерское дело,522,GENERAL,128,129,128.8,4
2026,GENERAL,FULL,B043,,"Библиотечное дело, обработка информации и архивное дело",16,GENERAL,117,121,119.0,2
2026,GENERAL,FULL,B043,,"Библиотечное дело, обработка информации и архивное дело",16,RURAL,115,117,116.0,2
2026,GENERAL,FULL,B043,,"Библиотечное дело, обработка информации и архивное дело",25,GENERAL,117,124,119.4,36
2026,GENERAL,FULL,B043,,"Библиотечное дело, обработка информации и архивное дело",25,RURAL,114,117,115.3,23
2026,GENERAL,FULL,B043,,"Библиотечное дело, обработка информации и архивное дело",27,GENERAL,118,124,120.2,34
2026,GENERAL,FULL,B043,,"Библиотечное дело, обработка информации и архивное дело",27,RURAL,114,117,116.0,16
2026,GENERAL,FULL,B043,,"Библиотечное дело, обработка информации и архивное дело",45,GENERAL,117,121,118.2,4
2026,GENERAL,FULL,B043,,"Библиотечное дело, обработка информации и архивное дело",45,RURAL,115,116,115.5,2
2026,GENERAL,FULL,B044,,Менеджмент и управление,13,GENERAL,125,133,127.8,28
2026,GENERAL,FULL,B044,,Менеджмент и управление,13,RURAL,116,124,119.6,28
2026,GENERAL,FULL,B044,,Менеджмент и управление,19,RURAL,118,118,118.0,1
2026,GENERAL,FULL,B044,,Менеджмент и управление,21,GENERAL,126,137,128.7,21
2026,GENERAL,FULL,B044,,Менеджмент и управление,21,RURAL,116,124,119.6,33
2026,GENERAL,FULL,B044,,Менеджмент и управление,27,GENERAL,125,128,126.5,2
2026,GENERAL,FULL,B044,,Менеджмент и управление,27,RURAL,117,124,119.4,5
2026,GENERAL,FULL,B044,,Менеджмент и управление,29,RURAL,124,124,124.0,1
2026,GENERAL,FULL,B044,,Менеджмент и управление,31,RURAL,120,120,120.0,1
2026,GENERAL,FULL,B044,,Менеджмент и управление,37,GENERAL,125,129,127.0,2
2026,GENERAL,FULL,B044,,Менеджмент и управление,82,GENERAL,126,126,126.0,2
2026,GENERAL,FULL,B044,,Менеджмент и управление,82,RURAL,124,124,124.0,1
2026,GENERAL,FULL,B044,,Менеджмент и управление,83,GENERAL,127,127,127.0,1
2026,GENERAL,FULL,B044,,Менеджмент и управление,83,RURAL,118,118,118.0,1
2026,GENERAL,FULL,B044,,Менеджмент и управление,174,GENERAL,125,140,128.8,69
2026,GENERAL,FULL,B044,,Менеджмент и управление,190,GENERAL,127,127,127.0,1
2026,GENERAL,FULL,B044,,Менеджмент и управление,302,GENERAL,125,131,126.9,14
2026,GENERAL,FULL,B044,,Менеджмент и управление,302,RURAL,117,125,120.0,9
2026,GENERAL,FULL,B044,,Менеджмент и управление,421,GENERAL,125,138,128.9,27
2026,GENERAL,FULL,B044,,Менеджмент и управление,421,RURAL,117,125,119.6,11
2026,GENERAL,FULL,B045,,Аудит и налогообложение,13,GENERAL,126,137,128.6,9
2026,GENERAL,FULL,B045,,Аудит и налогообложение,13,RURAL,118,125,121.5,10
2026,GENERAL,FULL,B045,,Аудит и налогообложение,21,GENERAL,126,130,127.4,7
2026,GENERAL,FULL,B045,,Аудит и налогообложение,21,RURAL,119,123,121.1,7
2026,GENERAL,FULL,B045,,Аудит и налогообложение,27,RURAL,119,124,121.5,2
2026,GENERAL,FULL,B045,,Аудит и налогообложение,31,GENERAL,126,128,127.0,2
2026,GENERAL,FULL,B045,,Аудит и налогообложение,45,GENERAL,126,126,126.0,1
2026,GENERAL,FULL,B045,,Аудит и налогообложение,69,RURAL,121,121,121.0,1
2026,GENERAL,FULL,B045,,Аудит и налогообложение,83,GENERAL,129,129,129.0,1
2026,GENERAL,FULL,B045,,Аудит и налогообложение,83,RURAL,120,120,120.0,1
2026,GENERAL,FULL,B045,,Аудит и налогообложение,174,GENERAL,126,139,128.3,46
2026,GENERAL,FULL,B045,,Аудит и налогообложение,174,RURAL,120,124,121.8,16
2026,GENERAL,FULL,B045,,Аудит и налогообложение,302,GENERAL,126,128,127.0,3
2026,GENERAL,FULL,B045,,Аудит и налогообложение,302,RURAL,119,125,121.0,7
2026,GENERAL,FULL,B045,,Аудит и налогообложение,421,GENERAL,126,136,128.6,15
2026,GENERAL,FULL,B045,,Аудит и налогообложение,421,RURAL,120,124,122.0,2
2026,GENERAL,FULL,B046,,"Финансы, экономика, банковское и страховое дело",13,GENERAL,128,136,130.2,33
2026,GENERAL,FULL,B046,,"Финансы, экономика, банковское и страховое дело",21,GENERAL,128,135,130.4,30
2026,GENERAL,FULL,B046,,"Финансы, экономика, банковское и страховое дело",31,GENERAL,130,131,130.5,2
2026,GENERAL,FULL,B046,,"Финансы, экономика, банковское и страховое дело",37,GENERAL,129,131,130.0,2
2026,GENERAL,FULL,B046,,"Финансы, экономика, банковское и страховое дело",38,GENERAL,135,135,135.0,1
2026,GENERAL,FULL,B046,,"Финансы, экономика, банковское и страховое дело",174,GENERAL,130,139,133.1,118
2026,GENERAL,FULL,B046,,"Финансы, экономика, банковское и страховое дело",302,GENERAL,128,137,130.8,16
2026,GENERAL,FULL,B046,,"Финансы, экономика, банковское и страховое дело",421,GENERAL,128,138,132.5,34
2026,GENERAL,FULL,B047,,Маркетинг и реклама,12,GENERAL,119,119,119.0,1
2026,GENERAL,FULL,B047,,Маркетинг и реклама,16,GENERAL,119,119,119.0,1
2026,GENERAL,FULL,B047,,Маркетинг и реклама,21,GENERAL,118,126,121.4,44
2026,GENERAL,FULL,B047,,Маркетинг и реклама,27,GENERAL,119,127,123.0,4
2026,GENERAL,FULL,B047,,Маркетинг и реклама,31,GENERAL,120,121,120.5,2
2026,GENERAL,FULL,B047,,Маркетинг и реклама,32,GENERAL,124,124,124.0,1
2026,GENERAL,FULL,B047,,Маркетинг и реклама,45,GENERAL,119,122,120.5,2
2026,GENERAL,FULL,B047,,Маркетинг и реклама,82,GENERAL,124,124,124.0,1
2026,GENERAL,FULL,B047,,Маркетинг и реклама,83,GENERAL,119,123,121.0,4
2026,GENERAL,FULL,B047,,Маркетинг и реклама,174,GENERAL,120,133,123.1,69
2026,GENERAL,FULL,B047,,Маркетинг и реклама,184,GENERAL,124,124,124.0,1
2026,GENERAL,FULL,B047,,Маркетинг и реклама,185,GENERAL,119,125,120.8,12
2026,GENERAL,FULL,B047,,Маркетинг и реклама,302,GENERAL,118,129,121.8,17
2026,GENERAL,FULL,B047,,Маркетинг и реклама,421,GENERAL,119,127,121.4,21
2026,GENERAL,FULL,B048,,Трудовые навыки,21,GENERAL,117,123,119.5,30
2026,GENERAL,FULL,B049,,Право,27,GENERAL,126,136,128.4,17
2026,GENERAL,FULL,B049,,Право,31,GENERAL,129,129,129.0,2
2026,GENERAL,FULL,B049,,Право,174,GENERAL,126,139,130.3,114
2026,GENERAL,FULL,B049,,Право,302,GENERAL,126,126,126.0,2
2026,GENERAL,FULL,B050,,Биологические и смежные науки,2,GENERAL,91,111,96.1,53
2026,GENERAL,FULL,B050,,Биологические и смежные науки,5,GENERAL,91,105,95.0,22
2026,GENERAL,FULL,B050,,Биологические и смежные науки,7,GENERAL,91,108,95.1,50
2026,GENERAL,FULL,B050,,Биологические и смежные науки,10,GENERAL,103,103,103.0,1
2026,GENERAL,FULL,B050,,Биологические и смежные науки,11,GENERAL,95,95,95.0,1
2026,GENERAL,FULL,B050,,Биологические и смежные науки,13,GENERAL,100,139,107.8,168
2026,GENERAL,FULL,B050,,Биологические и смежные науки,24,GENERAL,94,98,96.0,2
2026,GENERAL,FULL,B050,,Биологические и смежные науки,25,GENERAL,91,104,94.9,87
2026,GENERAL,FULL,B050,,Биологические и смежные науки,27,GENERAL,91,139,99.3,398
2026,GENERAL,FULL,B050,,Биологические и смежные науки,29,GENERAL,91,105,96.2,20
2026,GENERAL,FULL,B050,,Биологические и смежные науки,30,GENERAL,91,108,97.5,64
2026,GENERAL,FULL,B050,,Биологические и смежные науки,31,GENERAL,92,95,93.5,6
2026,GENERAL,FULL,B050,,Биологические и смежные науки,35,GENERAL,96,115,103.8,4
2026,GENERAL,FULL,B050,,Биологические и смежные науки,36,GENERAL,92,120,102.5,6
2026,GENERAL,FULL,B050,,Биологические и смежные науки,37,GENERAL,92,103,97.6,25
2026,GENERAL,FULL,B050,,Биологические и смежные науки,38,GENERAL,92,113,103.9,7
2026,GENERAL,FULL,B050,,Биологические и смежные науки,42,GENERAL,91,114,97.4,7
2026,GENERAL,FULL,B050,,Биологические и смежные науки,43,GENERAL,92,94,93.0,2
2026,GENERAL,FULL,B050,,Биологические и смежные науки,45,GENERAL,92,119,97.1,15
2026,GENERAL,FULL,B050,,Биологические и смежные науки,49,GENERAL,93,102,97.0,3
2026,GENERAL,FULL,B050,,Биологические и смежные науки,53,GENERAL,91,102,95.4,5
2026,GENERAL,FULL,B050,,Биологические и смежные науки,182,GENERAL,95,120,102.3,9
2026,GENERAL,FULL,B050,,Биологические и смежные науки,185,GENERAL,91,130,95.8,173
2026,GENERAL,FULL,B050,,Биологические и смежные науки,196,GENERAL,93,97,94.7,3
2026,GENERAL,FULL,B051,,Окружающая среда,2,GENERAL,80,99,85.1,95
2026,GENERAL,FULL,B051,,Окружающая среда,2,RURAL,73,80,74.7,51
2026,GENERAL,FULL,B051,,Окружающая среда,3,GENERAL,81,93,85.3,7
2026,GENERAL,FULL,B051,,Окружающая среда,3,RURAL,73,78,75.1,8
2026,GENERAL,FULL,B051,,Окружающая среда,5,GENERAL,81,93,86.3,15
2026,GENERAL,FULL,B051,,Окружающая среда,5,RURAL,73,80,75.1,14
2026,GENERAL,FULL,B051,,Окружающая среда,7,GENERAL,80,91,83.8,20
2026,GENERAL,FULL,B051,,Окружающая среда,7,RURAL,75,80,77.0,20
2026,GENERAL,FULL,B051,,Окружающая среда,10,GENERAL,81,88,83.0,4
2026,GENERAL,FULL,B051,,Окружающая среда,10,RURAL,73,79,75.2,6
2026,GENERAL,FULL,B051,,Окружающая среда,11,GENERAL,81,107,89.3,6
2026,GENERAL,FULL,B051,,Окружающая среда,11,RURAL,73,79,75.7,11
2026,GENERAL,FULL,B051,,Окружающая среда,13,GENERAL,95,127,104.1,46
2026,GENERAL,FULL,B051,,Окружающая среда,15,GENERAL,83,90,86.6,8
2026,GENERAL,FULL,B051,,Окружающая среда,15,RURAL,73,80,74.8,5
2026,GENERAL,FULL,B051,,Окружающая среда,16,GENERAL,80,97,84.8,4
2026,GENERAL,FULL,B051,,Окружающая среда,16,RURAL,73,73,73.0,1
2026,GENERAL,FULL,B051,,Окружающая среда,21,GENERAL,81,125,90.4,76
2026,GENERAL,FULL,B051,,Окружающая среда,21,RURAL,75,80,77.0,8
2026,GENERAL,FULL,B051,,Окружающая среда,24,GENERAL,80,93,85.5,12
2026,GENERAL,FULL,B051,,Окружающая среда,24,RURAL,73,78,74.0,31
2026,GENERAL,FULL,B051,,Окружающая среда,27,GENERAL,80,112,89.5,76
2026,GENERAL,FULL,B051,,Окружающая среда,27,RURAL,80,80,80.0,1
2026,GENERAL,FULL,B051,,Окружающая среда,29,GENERAL,80,102,89.6,19
2026,GENERAL,FULL,B051,,Окружающая среда,31,GENERAL,81,103,86.3,17
2026,GENERAL,FULL,B051,,Окружающая среда,31,RURAL,73,80,76.7,10
2026,GENERAL,FULL,B051,,Окружающая среда,34,GENERAL,81,91,84.9,8
2026,GENERAL,FULL,B051,,Окружающая среда,34,RURAL,73,78,74.3,7
2026,GENERAL,FULL,B051,,Окружающая среда,35,GENERAL,81,95,88.0,9
2026,GENERAL,FULL,B051,,Окружающая среда,35,RURAL,73,80,75.6,5
2026,GENERAL,FULL,B051,,Окружающая среда,36,GENERAL,83,117,92.5,11
2026,GENERAL,FULL,B051,,Окружающая среда,36,RURAL,73,80,76.6,17
2026,GENERAL,FULL,B051,,Окружающая среда,37,GENERAL,85,85,85.0,1
2026,GENERAL,FULL,B051,,Окружающая среда,37,RURAL,73,77,74.0,6
2026,GENERAL,FULL,B051,,Окружающая среда,38,GENERAL,81,99,88.7,12
2026,GENERAL,FULL,B051,,Окружающая среда,38,RURAL,74,77,75.1,7
2026,GENERAL,FULL,B051,,Окружающая среда,40,GENERAL,82,99,85.6,10
2026,GENERAL,FULL,B051,,Окружающая среда,40,RURAL,73,80,76.1,8
2026,GENERAL,FULL,B051,,Окружающая среда,42,GENERAL,88,88,88.0,2
2026,GENERAL,FULL,B051,,Окружающая среда,42,RURAL,74,78,75.8,5
2026,GENERAL,FULL,B051,,Окружающая среда,45,GENERAL,80,95,85.0,17
2026,GENERAL,FULL,B051,,Окружающая среда,45,RURAL,73,80,76.4,11
2026,GENERAL,FULL,B051,,Окружающая среда,53,RURAL,73,77,74.2,31
2026,GENERAL,FULL,B051,,Окружающая среда,122,GENERAL,82,92,85.8,4
2026,GENERAL,FULL,B051,,Окружающая среда,122,RURAL,73,73,73.0,1
2026,GENERAL,FULL,B051,,Окружающая среда,145,RURAL,79,79,79.0,1
2026,GENERAL,FULL,B051,,Окружающая среда,146,GENERAL,82,82,82.0,1
2026,GENERAL,FULL,B051,,Окружающая среда,158,GENERAL,83,83,83.0,1
2026,GENERAL,FULL,B051,,Окружающая среда,182,GENERAL,80,100,86.0,25
2026,GENERAL,FULL,B051,,Окружающая среда,182,RURAL,73,79,74.7,11
2026,GENERAL,FULL,B051,,Окружающая среда,185,GENERAL,91,104,95.0,14
2026,GENERAL,FULL,B051,,Окружающая среда,501,GENERAL,82,92,87.0,2
2026,GENERAL,FULL,B051,,Окружающая среда,501,RURAL,73,79,76.0,2
2026,GENERAL,FULL,B051,,Окружающая среда,529,GENERAL,83,83,83.0,1
2026,GENERAL,FULL,B051,,Окружающая среда,529,RURAL,75,80,76.8,4
2026,GENERAL,FULL,B052,,Наука о земле,5,GENERAL,83,125,92.5,44
2026,GENERAL,FULL,B052,,Наука о земле,7,GENERAL,83,112,89.3,267
2026,GENERAL,FULL,B052,,Наука о земле,10,GENERAL,84,111,96.8,6
2026,GENERAL,FULL,B052,,Наука о земле,11,GENERAL,83,114,91.9,17
2026,GENERAL,FULL,B052,,Наука о земле,13,GENERAL,105,123,110.3,153
2026,GENERAL,FULL,B052,,Наука о земле,16,GENERAL,83,114,95.1,10
2026,GENERAL,FULL,B052,,Наука о земле,27,GENERAL,90,118,98.1,489
2026,GENERAL,FULL,B052,,Наука о земле,29,GENERAL,83,114,90.6,463
2026,GENERAL,FULL,B052,,Наука о земле,31,GENERAL,83,116,91.4,79
2026,GENERAL,FULL,B052,,Наука о земле,38,GENERAL,83,114,92.3,35
2026,GENERAL,FULL,B052,,Наука о земле,40,GENERAL,83,96,87.4,7
2026,GENERAL,FULL,B052,,Наука о земле,43,GENERAL,84,111,93.2,14
2026,GENERAL,FULL,B052,,Наука о земле,45,GENERAL,83,119,91.2,54
2026,GENERAL,FULL,B052,,Наука о земле,185,GENERAL,95,120,100.9,299
2026,GENERAL,FULL,B052,,Наука о земле,501,GENERAL,85,98,90.8,4
2026,GENERAL,FULL,B053,,Химия,5,GENERAL,75,112,81.8,121
2026,GENERAL,FULL,B053,,Химия,7,GENERAL,90,103,95.1,23
2026,GENERAL,FULL,B053,,Химия,10,GENERAL,75,89,78.9,8
2026,GENERAL,FULL,B053,,Химия,11,GENERAL,75,96,81.8,23
2026,GENERAL,FULL,B053,,Химия,12,GENERAL,75,116,84.0,11
2026,GENERAL,FULL,B053,,Химия,13,GENERAL,100,138,109.4,85
2026,GENERAL,FULL,B053,,Химия,16,GENERAL,76,88,79.9,16
2026,GENERAL,FULL,B053,,Химия,25,GENERAL,75,119,82.3,535
2026,GENERAL,FULL,B053,,Химия,27,GENERAL,90,135,97.4,127
2026,GENERAL,FULL,B053,,Химия,31,GENERAL,75,104,82.1,148
2026,GENERAL,FULL,B053,,Химия,36,GENERAL,75,98,81.2,20
2026,GENERAL,FULL,B053,,Химия,38,GENERAL,76,91,82.6,18
2026,GENERAL,FULL,B053,,Химия,42,GENERAL,75,95,82.2,29
2026,GENERAL,FULL,B053,,Химия,43,GENERAL,75,97,82.2,28
2026,GENERAL,FULL,B053,,Химия,45,GENERAL,75,100,81.9,105
2026,GENERAL,FULL,B053,,Химия,223,GENERAL,78,87,81.7,3
2026,GENERAL,FULL,B054,,Физика,5,GENERAL,65,84,70.5,72
2026,GENERAL,FULL,B054,,Физика,7,GENERAL,75,89,78.1,104
2026,GENERAL,FULL,B054,,Физика,10,GENERAL,56,72,61.4,50
2026,GENERAL,FULL,B054,,Физика,11,GENERAL,56,128,62.5,43
2026,GENERAL,FULL,B054,,Физика,12,GENERAL,56,129,66.8,22
2026,GENERAL,FULL,B054,,Физика,13,GENERAL,95,138,104.7,99
2026,GENERAL,FULL,B054,,Физика,25,GENERAL,75,95,79.5,64
2026,GENERAL,FULL,B054,,Физика,27,GENERAL,80,137,94.8,115
2026,GENERAL,FULL,B054,,Физика,31,GENERAL,65,106,71.6,93
2026,GENERAL,FULL,B054,,Физика,35,GENERAL,56,80,63.1,81
2026,GENERAL,FULL,B054,,Физика,36,GENERAL,56,77,62.4,40
2026,GENERAL,FULL,B054,,Физика,37,GENERAL,60,106,66.5,143
2026,GENERAL,FULL,B054,,Физика,38,GENERAL,57,111,66.4,42
2026,GENERAL,FULL,B054,,Физика,42,GENERAL,56,87,65.8,44
2026,GENERAL,FULL,B054,,Физика,43,GENERAL,56,79,62.6,108
2026,GENERAL,FULL,B054,,Физика,45,GENERAL,65,83,69.6,60
2026,GENERAL,FULL,B054,,Физика,223,GENERAL,56,71,61.5,20
2026,GENERAL,FULL,B055,,Математика и статистика,5,GENERAL,74,100,80.9,33
2026,GENERAL,FULL,B055,,Математика и статистика,7,GENERAL,85,116,92.0,200
2026,GENERAL,FULL,B055,,Математика и статистика,10,GENERAL,75,75,75.0,1
2026,GENERAL,FULL,B055,,Математика и статистика,11,GENERAL,74,93,83.7,7
2026,GENERAL,FULL,B055,,Математика и статистика,13,GENERAL,110,139,117.4,90
2026,GENERAL,FULL,B055,,Математика и статистика,21,GENERAL,100,131,109.0,96
2026,GENERAL,FULL,B055,,Математика и статистика,27,GENERAL,100,136,108.9,116
2026,GENERAL,FULL,B055,,Математика и статистика,31,GENERAL,75,105,82.9,56
2026,GENERAL,FULL,B055,,Математика и статистика,36,GENERAL,75,115,90.8,13
2026,GENERAL,FULL,B055,,Математика и статистика,37,GENERAL,74,105,84.3,43
2026,GENERAL,FULL,B055,,Математика и статистика,38,GENERAL,74,125,88.7,19
2026,GENERAL,FULL,B055,,Математика и статистика,43,GENERAL,74,86,77.8,20
2026,GENERAL,FULL,B055,,Математика и статистика,45,GENERAL,74,114,80.9,60
2026,GENERAL,FULL,B055,,Математика и статистика,154,GENERAL,74,84,78.6,39
2026,GENERAL,FULL,B055,,Математика и статистика,173,GENERAL,74,105,82.4,105
2026,GENERAL,FULL,B055,,Математика и статистика,223,GENERAL,77,79,78.0,3
2026,GENERAL,FULL,B055,,Математика и статистика,302,GENERAL,120,137,125.7,50
2026,GENERAL,FULL,B056,,Механика,13,GENERAL,90,127,97.0,70
2026,GENERAL,FULL,B056,,Механика,27,GENERAL,80,126,89.2,53
2026,GENERAL,FULL,B056,,Механика,31,GENERAL,65,85,70.7,20
2026,GENERAL,FULL,B056,,Механика,38,GENERAL,50,67,54.4,134
2026,GENERAL,FULL,B057,,Информационные технологии,2,GENERAL,101,108,105.2,5
2026,GENERAL,FULL,B057,,Информационные технологии,2,RURAL,64,96,73.7,169
2026,GENERAL,FULL,B057,,Информационные технологии,3,RURAL,64,90,73.2,23
2026,GENERAL,FULL,B057,,Информационные технологии,5,GENERAL,108,115,110.3,3
2026,GENERAL,FULL,B057,,Информационные технологии,5,RURAL,64,84,72.6,17
2026,GENERAL,FULL,B057,,Информационные технологии,7,GENERAL,103,103,103.0,1
2026,GENERAL,FULL,B057,,Информационные технологии,7,RURAL,75,100,81.6,26
2026,GENERAL,FULL,B057,,Информационные технологии,9,RURAL,67,67,67.0,1
2026,GENERAL,FULL,B057,,Информационные технологии,10,GENERAL,100,114,105.7,3
2026,GENERAL,FULL,B057,,Информационные технологии,10,RURAL,67,87,76.2,6
2026,GENERAL,FULL,B057,,Информационные технологии,11,RURAL,64,70,66.7,3
2026,GENERAL,FULL,B057,,Информационные технологии,12,GENERAL,104,125,112.6,5
2026,GENERAL,FULL,B057,,Информационные технологии,12,RURAL,65,96,78.7,15
2026,GENERAL,FULL,B057,,Информационные технологии,13,GENERAL,110,136,116.5,80
2026,GENERAL,FULL,B057,,Информационные технологии,15,GENERAL,101,121,111.0,2
2026,GENERAL,FULL,B057,,Информационные технологии,15,RURAL,68,78,73.3,7
2026,GENERAL,FULL,B057,,Информационные технологии,16,RURAL,65,90,78.5,11
2026,GENERAL,FULL,B057,,Информационные технологии,19,RURAL,63,96,70.0,175
2026,GENERAL,FULL,B057,,Информационные технологии,21,GENERAL,105,134,109.1,103
2026,GENERAL,FULL,B057,,Информационные технологии,22,GENERAL,100,100,100.0,1
2026,GENERAL,FULL,B057,,Информационные технологии,22,RURAL,75,99,89.0,3
2026,GENERAL,FULL,B057,,Информационные технологии,24,RURAL,65,75,69.4,11
2026,GENERAL,FULL,B057,,Информационные технологии,25,RURAL,65,97,74.3,54
2026,GENERAL,FULL,B057,,Информационные технологии,27,GENERAL,100,118,105.4,82
2026,GENERAL,FULL,B057,,Информационные технологии,29,GENERAL,100,123,105.2,69
2026,GENERAL,FULL,B057,,Информационные технологии,29,RURAL,80,100,87.5,164
2026,GENERAL,FULL,B057,,Информационные технологии,31,GENERAL,102,120,110.5,6
2026,GENERAL,FULL,B057,,Информационные технологии,31,RURAL,65,99,75.5,19
2026,GENERAL,FULL,B057,,Информационные технологии,32,GENERAL,100,116,105.6,11
2026,GENERAL,FULL,B057,,Информационные технологии,32,RURAL,64,93,75.6,12
2026,GENERAL,FULL,B057,,Информационные технологии,33,RURAL,66,95,80.5,2
2026,GENERAL,FULL,B057,,Информационные технологии,34,RURAL,64,78,69.3,6
2026,GENERAL,FULL,B057,,Информационные технологии,35,GENERAL,103,111,107.0,2
2026,GENERAL,FULL,B057,,Информационные технологии,35,RURAL,63,87,69.9,14
2026,GENERAL,FULL,B057,,Информационные технологии,36,GENERAL,101,113,107.5,6
2026,GENERAL,FULL,B057,,Информационные технологии,36,RURAL,64,99,79.8,22
2026,GENERAL,FULL,B057,,Информационные технологии,37,GENERAL,100,120,109.5,4
2026,GENERAL,FULL,B057,,Информационные технологии,37,RURAL,65,91,73.0,14
2026,GENERAL,FULL,B057,,Информационные технологии,38,GENERAL,101,120,110.9,7
2026,GENERAL,FULL,B057,,Информационные технологии,38,RURAL,67,98,81.8,16
2026,GENERAL,FULL,B057,,Информационные технологии,39,RURAL,85,85,85.0,1
2026,GENERAL,FULL,B057,,Информационные технологии,40,GENERAL,109,109,109.0,1
2026,GENERAL,FULL,B057,,Информационные технологии,40,RURAL,69,89,80.5,6
2026,GENERAL,FULL,B057,,Информационные технологии,42,GENERAL,107,120,114.0,3
2026,GENERAL,FULL,B057,,Информационные технологии,42,RURAL,65,79,71.1,7
2026,GENERAL,FULL,B057,,Информационные технологии,43,GENERAL,112,127,119.5,2
2026,GENERAL,FULL,B057,,Информационные технологии,43,RURAL,64,85,69.6,10
2026,GENERAL,FULL,B057,,Информационные технологии,45,GENERAL,103,114,109.2,6
2026,GENERAL,FULL,B057,,Информационные технологии,45,RURAL,65,89,72.4,26
2026,GENERAL,FULL,B057,,Информационные технологии,49,RURAL,63,96,70.8,70
2026,GENERAL,FULL,B057,,Информационные технологии,53,GENERAL,103,103,103.0,1
2026,GENERAL,FULL,B057,,Информационные технологии,53,RURAL,63,84,69.9,106
2026,GENERAL,FULL,B057,,Информационные технологии,57,GENERAL,102,120,110.0,6
2026,GENERAL,FULL,B057,,Информационные технологии,57,RURAL,75,97,80.4,28
2026,GENERAL,FULL,B057,,Информационные технологии,69,RURAL,64,99,72.3,15
2026,GENERAL,FULL,B057,,Информационные технологии,79,RURAL,67,73,71.5,4
2026,GENERAL,FULL,B057,,Информационные технологии,82,GENERAL,106,130,116.0,9
2026,GENERAL,FULL,B057,,Информационные технологии,82,RURAL,70,76,73.2,4
2026,GENERAL,FULL,B057,,Информационные технологии,83,GENERAL,100,126,107.5,13
2026,GENERAL,FULL,B057,,Информационные технологии,83,RURAL,78,96,84.9,8
2026,GENERAL,FULL,B057,,Информационные технологии,93,RURAL,65,78,71.2,23
2026,GENERAL,FULL,B057,,Информационные технологии,111,GENERAL,100,139,111.4,219
2026,GENERAL,FULL,B057,,Информационные технологии,111,RURAL,90,99,94.0,23
2026,GENERAL,FULL,B057,,Информационные технологии,140,RURAL,83,93,88.0,2
2026,GENERAL,FULL,B057,,Информационные технологии,141,RURAL,65,78,71.5,2
2026,GENERAL,FULL,B057,,Информационные технологии,143,GENERAL,103,103,103.0,1
2026,GENERAL,FULL,B057,,Информационные технологии,143,RURAL,63,74,67.0,8
2026,GENERAL,FULL,B057,,Информационные технологии,146,RURAL,79,79,79.0,1
2026,GENERAL,FULL,B057,,Информационные технологии,153,GENERAL,106,106,106.0,1
2026,GENERAL,FULL,B057,,Информационные технологии,153,RURAL,68,68,68.0,1
2026,GENERAL,FULL,B057,,Информационные технологии,154,RURAL,64,68,66.3,3
2026,GENERAL,FULL,B057,,Информационные технологии,158,RURAL,68,74,71.7,3
2026,GENERAL,FULL,B057,,Информационные технологии,160,GENERAL,119,119,119.0,1
2026,GENERAL,FULL,B057,,Информационные технологии,160,RURAL,65,98,73.8,12
2026,GENERAL,FULL,B057,,Информационные технологии,162,RURAL,64,64,64.0,2
2026,GENERAL,FULL,B057,,Информационные технологии,173,RURAL,64,78,70.6,13
2026,GENERAL,FULL,B057,,Информационные технологии,182,GENERAL,102,110,104.3,6
2026,GENERAL,FULL,B057,,Информационные технологии,182,RURAL,64,97,74.3,50
2026,GENERAL,FULL,B057,,Информационные технологии,184,GENERAL,100,100,100.0,1
2026,GENERAL,FULL,B057,,Информационные технологии,184,RURAL,64,88,72.4,51
2026,GENERAL,FULL,B057,,Информационные технологии,185,GENERAL,100,118,104.4,57
2026,GENERAL,FULL,B057,,Информационные технологии,185,RURAL,85,100,91.4,77
2026,GENERAL,FULL,B057,,Информационные технологии,190,GENERAL,100,135,105.3,233
2026,GENERAL,FULL,B057,,Информационные технологии,190,RURAL,75,99,87.5,226
2026,GENERAL,FULL,B057,,Информационные технологии,198,GENERAL,110,110,110.0,1
2026,GENERAL,FULL,B057,,Информационные технологии,198,RURAL,80,80,80.0,1
2026,GENERAL,FULL,B057,,Информационные технологии,223,RURAL,64,92,78.0,2
2026,GENERAL,FULL,B057,,Информационные технологии,302,GENERAL,120,138,126.6,214
2026,GENERAL,FULL,B057,,Информационные технологии,421,GENERAL,110,139,118.8,756
2026,GENERAL,FULL,B057,,Информационные технологии,501,GENERAL,105,118,111.5,2
2026,GENERAL,FULL,B057,,Информационные технологии,501,RURAL,65,76,70.3,3
2026,GENERAL,FULL,B057,,Информационные технологии,522,GENERAL,100,138,111.9,1006
2026,GENERAL,FULL,B057,,Информационные технологии,522,RURAL,100,100,100.0,1
2026,GENERAL,FULL,B058,,Информационная безопасность,9,GENERAL,80,96,86.7,16
2026,GENERAL,FULL,B058,,Информационная безопасность,13,GENERAL,110,122,116.3,14
2026,GENERAL,FULL,B058,,Информационная безопасность,19,GENERAL,79,104,86.6,121
2026,GENERAL,FULL,B058,,Информационная безопасность,21,GENERAL,100,115,103.5,79
2026,GENERAL,FULL,B058,,Информационная безопасность,27,GENERAL,100,121,105.7,19
2026,GENERAL,FULL,B058,,Информационная безопасность,29,GENERAL,100,112,104.7,17
2026,GENERAL,FULL,B058,,Информационная безопасность,32,GENERAL,79,102,86.8,109
2026,GENERAL,FULL,B058,,Информационная безопасность,34,GENERAL,80,94,87.1,7
2026,GENERAL,FULL,B058,,Информационная безопасность,57,GENERAL,79,117,86.5,270
2026,GENERAL,FULL,B058,,Информационная безопасность,190,GENERAL,79,128,89.2,724
2026,GENERAL,FULL,B058,,Информационная безопасность,522,GENERAL,93,134,99.7,559
2026,GENERAL,FULL,B059,,Коммуникации и коммуникационные технологии,2,GENERAL,76,105,81.4,136
2026,GENERAL,FULL,B059,,Коммуникации и коммуникационные технологии,2,RURAL,65,76,69.6,84
2026,GENERAL,FULL,B059,,Коммуникации и коммуникационные технологии,12,GENERAL,79,130,97.0,3
2026,GENERAL,FULL,B059,,Коммуникации и коммуникационные технологии,12,RURAL,65,69,67.2,4
2026,GENERAL,FULL,B059,,Коммуникации и коммуникационные технологии,13,GENERAL,95,126,102.9,42
2026,GENERAL,FULL,B059,,Коммуникации и коммуникационные технологии,19,GENERAL,77,89,80.4,12
2026,GENERAL,FULL,B059,,Коммуникации и коммуникационные технологии,19,RURAL,65,76,68.9,54
2026,GENERAL,FULL,B059,,Коммуникации и коммуникационные технологии,22,GENERAL,77,85,79.3,47
2026,GENERAL,FULL,B059,,Коммуникации и коммуникационные технологии,22,RURAL,65,76,69.8,66
2026,GENERAL,FULL,B059,,Коммуникации и коммуникационные технологии,27,GENERAL,80,125,87.0,62
2026,GENERAL,FULL,B059,,Коммуникации и коммуникационные технологии,29,GENERAL,80,99,84.7,44
2026,GENERAL,FULL,B059,,Коммуникации и коммуникационные технологии,31,GENERAL,79,89,82.0,7
2026,GENERAL,FULL,B059,,Коммуникации и коммуникационные технологии,31,RURAL,65,74,69.0,4
2026,GENERAL,FULL,B059,,Коммуникации и коммуникационные технологии,32,GENERAL,77,101,81.2,17
2026,GENERAL,FULL,B059,,Коммуникации и коммуникационные технологии,32,RURAL,65,72,68.0,8
2026,GENERAL,FULL,B059,,Коммуникации и коммуникационные технологии,38,GENERAL,92,104,98.0,2
2026,GENERAL,FULL,B059,,Коммуникации и коммуникационные технологии,38,RURAL,69,69,69.0,1
2026,GENERAL,FULL,B059,,Коммуникации и коммуникационные технологии,40,GENERAL,77,81,79.0,5
2026,GENERAL,FULL,B059,,Коммуникации и коммуникационные технологии,40,RURAL,66,76,72.5,4
2026,GENERAL,FULL,B059,,Коммуникации и коммуникационные технологии,43,GENERAL,82,86,84.0,2
2026,GENERAL,FULL,B059,,Коммуникации и коммуникационные технологии,43,RURAL,71,71,71.0,3
2026,GENERAL,FULL,B059,,Коммуникации и коммуникационные технологии,45,GENERAL,77,108,83.6,7
2026,GENERAL,FULL,B059,,Коммуникации и коммуникационные технологии,45,RURAL,65,73,67.6,7
2026,GENERAL,FULL,B059,,Коммуникации и коммуникационные технологии,49,GENERAL,77,81,78.6,5
2026,GENERAL,FULL,B059,,Коммуникации и коммуникационные технологии,49,RURAL,66,76,69.4,7
2026,GENERAL,FULL,B059,,Коммуникации и коммуникационные технологии,57,GENERAL,76,103,82.1,65
2026,GENERAL,FULL,B059,,Коммуникации и коммуникационные технологии,57,RURAL,65,76,69.0,57
2026,GENERAL,FULL,B059,,Коммуникации и коммуникационные технологии,93,GENERAL,78,83,79.5,4
2026,GENERAL,FULL,B059,,Коммуникации и коммуникационные технологии,93,RURAL,65,73,68.8,12
2026,GENERAL,FULL,B059,,Коммуникации и коммуникационные технологии,162,GENERAL,79,79,79.0,1
2026,GENERAL,FULL,B059,,Коммуникации и коммуникационные технологии,162,RURAL,65,65,65.0,1
2026,GENERAL,FULL,B059,,Коммуникации и коммуникационные технологии,190,GENERAL,77,109,82.3,20
2026,GENERAL,FULL,B059,,Коммуникации и коммуникационные технологии,190,RURAL,65,76,69.7,23
2026,GENERAL,FULL,B059,,Коммуникации и коммуникационные технологии,199,GENERAL,77,77,77.0,1
2026,GENERAL,FULL,B059,,Коммуникации и коммуникационные технологии,522,GENERAL,85,134,97.4,139
2026,GENERAL,FULL,B060,,Химическая инженерия и процессы,27,GENERAL,83,126,89.9,164
2026,GENERAL,FULL,B060,,Химическая инженерия и процессы,29,GENERAL,83,117,90.9,59
2026,GENERAL,FULL,B060,,Химическая инженерия и процессы,40,GENERAL,88,134,102.0,5
2026,GENERAL,FULL,B060,,Химическая инженерия и процессы,49,GENERAL,83,90,86.7,9
2026,GENERAL,FULL,B060,,Химическая инженерия и процессы,53,GENERAL,83,89,85.1,12
2026,GENERAL,FULL,B060,,Химическая инженерия и процессы,146,GENERAL,85,95,90.0,2
2026,GENERAL,FULL,B060,,Химическая инженерия и процессы,182,GENERAL,83,119,89.3,58
2026,GENERAL,FULL,B060,,Химическая инженерия и процессы,421,GENERAL,85,139,106.5,207
2026,GENERAL,FULL,B060,,Химическая инженерия и процессы,501,GENERAL,88,102,94.0,4
2026,GENERAL,FULL,B061,,Материаловедение и технологии,27,GENERAL,74,123,78.3,58
2026,GENERAL,FULL,B061,,Материаловедение и технологии,29,GENERAL,80,124,94.9,15
2026,GENERAL,FULL,B061,,Материаловедение и технологии,421,GENERAL,75,137,90.2,124
2026,GENERAL,FULL,B062,,Электротехника и электроэнергетика,2,GENERAL,88,94,90.5,24
2026,GENERAL,FULL,B062,,Электротехника и электроэнергетика,2,RURAL,71,88,77.5,73
2026,GENERAL,FULL,B062,,Электротехника и электроэнергетика,5,RURAL,72,74,73.2,5
2026,GENERAL,FULL,B062,,Электротехника и электроэнергетика,13,GENERAL,95,139,102.2,183
2026,GENERAL,FULL,B062,,Электротехника и электроэнергетика,19,GENERAL,97,97,97.0,1
2026,GENERAL,FULL,B062,,Электротехника и электроэнергетика,19,RURAL,71,85,76.1,17
2026,GENERAL,FULL,B062,,Электротехника и электроэнергетика,24,RURAL,73,81,75.0,6
2026,GENERAL,FULL,B062,,Электротехника и электроэнергетика,27,GENERAL,90,129,99.2,34
2026,GENERAL,FULL,B062,,Электротехника и электроэнергетика,29,GENERAL,88,134,95.9,156
2026,GENERAL,FULL,B062,,Электротехника и электроэнергетика,29,RURAL,80,88,83.3,34
2026,GENERAL,FULL,B062,,Электротехника и электроэнергетика,32,RURAL,72,74,73.0,2
2026,GENERAL,FULL,B062,,Электротехника и электроэнергетика,37,GENERAL,88,88,88.0,1
2026,GENERAL,FULL,B062,,Электротехника и электроэнергетика,37,RURAL,87,87,87.0,1
2026,GENERAL,FULL,B062,,Электротехника и электроэнергетика,40,GENERAL,92,103,97.5,2
2026,GENERAL,FULL,B062,,Электротехника и электроэнергетика,40,RURAL,75,83,78.0,5
2026,GENERAL,FULL,B062,,Электротехника и электроэнергетика,49,RURAL,73,78,75.5,2
2026,GENERAL,FULL,B062,,Электротехника и электроэнергетика,53,RURAL,72,79,74.5,8
2026,GENERAL,FULL,B062,,Электротехника и электроэнергетика,57,GENERAL,88,134,97.1,50
2026,GENERAL,FULL,B062,,Электротехника и электроэнергетика,57,RURAL,71,87,76.8,107
2026,GENERAL,FULL,B062,,Электротехника и электроэнергетика,82,GENERAL,89,137,109.4,7
2026,GENERAL,FULL,B062,,Электротехника и электроэнергетика,82,RURAL,71,73,72.0,3
2026,GENERAL,FULL,B062,,Электротехника и электроэнергетика,147,GENERAL,92,92,92.0,1
2026,GENERAL,FULL,B062,,Электротехника и электроэнергетика,160,GENERAL,92,92,92.0,1
2026,GENERAL,FULL,B062,,Электротехника и электроэнергетика,160,RURAL,72,76,74.0,2
2026,GENERAL,FULL,B062,,Электротехника и электроэнергетика,182,GENERAL,94,94,94.0,1
2026,GENERAL,FULL,B062,,Электротехника и электроэнергетика,182,RURAL,75,83,78.5,8
2026,GENERAL,FULL,B062,,Электротехника и электроэнергетика,198,RURAL,76,83,79.5,2
2026,GENERAL,FULL,B062,,Электротехника и электроэнергетика,501,GENERAL,98,98,98.0,1
2026,GENERAL,FULL,B062,,Электротехника и электроэнергетика,501,RURAL,73,86,79.2,5
2026,GENERAL,FULL,B062,,Электротехника и электроэнергетика,522,GENERAL,88,134,98.7,75
2026,GENERAL,FULL,B062,,Электротехника и электроэнергетика,522,RURAL,76,87,80.8,10
2026,GENERAL,FULL,B062,,Электротехника и электроэнергетика,529,GENERAL,95,95,95.0,1
2026,GENERAL,FULL,B063,,Электротехника и автоматизация,13,GENERAL,103,130,110.9,161
2026,GENERAL,FULL,B063,,Электротехника и автоматизация,27,GENERAL,103,123,111.4,14
2026,GENERAL,FULL,B063,,Электротехника и автоматизация,29,GENERAL,103,135,109.3,49
2026,GENERAL,FULL,B063,,Электротехника и автоматизация,57,GENERAL,103,127,108.5,8
2026,GENERAL,FULL,B063,,Электротехника и автоматизация,421,GENERAL,110,139,120.0,422
2026,GENERAL,FULL,B063,,Электротехника и автоматизация,522,GENERAL,103,137,116.2,106
2026,GENERAL,FULL,B064,,Механика и металлообработка,2,GENERAL,65,89,71.7,243
2026,GENERAL,FULL,B064,,Механика и металлообработка,14,GENERAL,67,67,67.0,1
2026,GENERAL,FULL,B064,,Механика и металлообработка,19,GENERAL,65,88,71.2,60
2026,GENERAL,FULL,B064,,Механика и металлообработка,24,GENERAL,67,76,70.2,12
2026,GENERAL,FULL,B064,,Механика и металлообработка,29,GENERAL,80,123,88.1,98
2026,GENERAL,FULL,B064,,Механика и металлообработка,32,GENERAL,66,73,68.5,35
2026,GENERAL,FULL,B064,,Механика и металлообработка,36,GENERAL,66,73,68.7,18
2026,GENERAL,FULL,B064,,Механика и металлообработка,37,GENERAL,67,79,71.7,3
2026,GENERAL,FULL,B064,,Механика и металлообработка,40,GENERAL,66,104,73.1,17
2026,GENERAL,FULL,B064,,Механика и металлообработка,45,GENERAL,65,67,66.0,8
2026,GENERAL,FULL,B064,,Механика и металлообработка,49,GENERAL,65,76,69.9,29
2026,GENERAL,FULL,B064,,Механика и металлообработка,53,GENERAL,66,83,70.3,63
2026,GENERAL,FULL,B064,,Механика и металлообработка,57,GENERAL,65,103,72.5,193
2026,GENERAL,FULL,B064,,Механика и металлообработка,140,GENERAL,76,79,77.5,2
2026,GENERAL,FULL,B064,,Механика и металлообработка,160,GENERAL,65,82,73.1,10
2026,GENERAL,FULL,B064,,Механика и металлообработка,162,GENERAL,66,66,66.0,1
2026,GENERAL,FULL,B064,,Механика и металлообработка,182,GENERAL,65,100,72.5,82
2026,GENERAL,FULL,B064,,Механика и металлообработка,198,GENERAL,66,67,66.5,2
2026,GENERAL,FULL,B064,,Механика и металлообработка,501,GENERAL,66,108,71.9,32
2026,GENERAL,FULL,B064,,Механика и металлообработка,529,GENERAL,68,83,75.5,2
2026,GENERAL,FULL,B065,,Транспортная техника и технологии,2,GENERAL,68,89,73.9,148
2026,GENERAL,FULL,B065,,Транспортная техника и технологии,2,RURAL,60,67,62.5,55
2026,GENERAL,FULL,B065,,Транспортная техника и технологии,5,GENERAL,68,71,69.0,10
2026,GENERAL,FULL,B065,,Транспортная техника и технологии,5,RURAL,60,65,61.9,12
2026,GENERAL,FULL,B065,,Транспортная техника и технологии,12,GENERAL,69,72,70.2,4
2026,GENERAL,FULL,B065,,Транспортная техника и технологии,12,RURAL,60,64,61.4,5
2026,GENERAL,FULL,B065,,Транспортная техника и технологии,13,GENERAL,91,130,98.6,27
2026,GENERAL,FULL,B065,,Транспортная техника и технологии,19,GENERAL,67,98,72.6,111
2026,GENERAL,FULL,B065,,Транспортная техника и технологии,19,RURAL,60,67,62.4,104
2026,GENERAL,FULL,B065,,Транспортная техника и технологии,24,GENERAL,69,81,73.9,8
2026,GENERAL,FULL,B065,,Транспортная техника и технологии,29,GENERAL,80,122,87.5,37
2026,GENERAL,FULL,B065,,Транспортная техника и технологии,32,GENERAL,68,69,68.2,5
2026,GENERAL,FULL,B065,,Транспортная техника и технологии,32,RURAL,60,63,61.7,9
2026,GENERAL,FULL,B065,,Транспортная техника и технологии,36,RURAL,60,62,61.2,5
2026,GENERAL,FULL,B065,,Транспортная техника и технологии,38,RURAL,60,60,60.0,1
2026,GENERAL,FULL,B065,,Транспортная техника и технологии,40,GENERAL,68,103,79.4,8
2026,GENERAL,FULL,B065,,Транспортная техника и технологии,40,RURAL,61,64,62.8,4
2026,GENERAL,FULL,B065,,Транспортная техника и технологии,78,GENERAL,67,68,67.5,2
2026,GENERAL,FULL,B065,,Транспортная техника и технологии,78,RURAL,60,63,61.0,3
2026,GENERAL,FULL,B065,,Транспортная техника и технологии,140,RURAL,60,67,62.0,4
2026,GENERAL,FULL,B065,,Транспортная техника и технологии,147,GENERAL,69,69,69.0,1
2026,GENERAL,FULL,B065,,Транспортная техника и технологии,147,RURAL,61,61,61.0,1
2026,GENERAL,FULL,B065,,Транспортная техника и технологии,160,GENERAL,68,72,69.2,4
2026,GENERAL,FULL,B065,,Транспортная техника и технологии,160,RURAL,60,64,62.7,7
2026,GENERAL,FULL,B065,,Транспортная техника и технологии,162,GENERAL,68,72,70.2,5
2026,GENERAL,FULL,B065,,Транспортная техника и технологии,162,RURAL,60,62,61.3,3
2026,GENERAL,FULL,B065,,Транспортная техника и технологии,198,GENERAL,92,92,92.0,1
2026,GENERAL,FULL,B065,,Транспортная техника и технологии,198,RURAL,61,62,61.5,2
2026,GENERAL,FULL,B065,,Транспортная техника и технологии,199,GENERAL,71,71,71.0,1
2026,GENERAL,FULL,B065,,Транспортная техника и технологии,501,GENERAL,68,83,73.6,8
2026,GENERAL,FULL,B065,,Транспортная техника и технологии,501,RURAL,60,65,62.3,7
2026,GENERAL,FULL,B065,,Транспортная техника и технологии,529,GENERAL,77,77,77.0,1
2026,GENERAL,FULL,B066,,Морской транспорт и технологии,3,GENERAL,55,60,57.5,19
2026,GENERAL,FULL,B066,,Морской транспорт и технологии,421,GENERAL,70,124,80.7,96
2026,GENERAL,FULL,B067,,Воздушный транспорт и технологии,13,GENERAL,95,136,103.4,69
2026,GENERAL,FULL,B067,,Воздушный транспорт и технологии,27,GENERAL,83,135,90.4,27
2026,GENERAL,FULL,B067,,Воздушный транспорт и технологии,29,GENERAL,83,108,92.8,22
2026,GENERAL,FULL,B067,,Воздушный транспорт и технологии,57,GENERAL,85,98,89.8,6
2026,GENERAL,FULL,B067,,Воздушный транспорт и технологии,157,GENERAL,82,137,92.2,206
2026,GENERAL,FULL,B068,,Производство продуктов питания,2,GENERAL,74,100,79.5,143
2026,GENERAL,FULL,B068,,Производство продуктов питания,2,RURAL,69,74,71.1,64
2026,GENERAL,FULL,B068,,Производство продуктов питания,5,GENERAL,74,79,76.4,10
2026,GENERAL,FULL,B068,,Производство продуктов питания,5,RURAL,69,73,71.3,13
2026,GENERAL,FULL,B068,,Производство продуктов питания,24,GENERAL,74,91,79.2,40
2026,GENERAL,FULL,B068,,Производство продуктов питания,24,RURAL,69,74,71.3,34
2026,GENERAL,FULL,B068,,Производство продуктов питания,27,GENERAL,80,100,84.8,62
2026,GENERAL,FULL,B068,,Производство продуктов питания,34,GENERAL,74,75,74.3,6
2026,GENERAL,FULL,B068,,Производство продуктов питания,34,RURAL,69,71,69.7,3
2026,GENERAL,FULL,B068,,Производство продуктов питания,40,GENERAL,76,93,83.1,10
2026,GENERAL,FULL,B068,,Производство продуктов питания,40,RURAL,70,73,72.0,6
2026,GENERAL,FULL,B068,,Производство продуктов питания,45,GENERAL,74,78,76.0,11
2026,GENERAL,FULL,B068,,Производство продуктов питания,45,RURAL,70,72,71.5,6
2026,GENERAL,FULL,B068,,Производство продуктов питания,49,GENERAL,74,87,77.6,17
2026,GENERAL,FULL,B068,,Производство продуктов питания,49,RURAL,69,73,70.6,21
2026,GENERAL,FULL,B068,,Производство продуктов питания,53,GENERAL,74,95,78.1,114
2026,GENERAL,FULL,B068,,Производство продуктов питания,53,RURAL,69,74,71.2,76
2026,GENERAL,FULL,B068,,Производство продуктов питания,122,GENERAL,75,85,81.3,3
2026,GENERAL,FULL,B068,,Производство продуктов питания,122,RURAL,71,73,72.0,4
2026,GENERAL,FULL,B068,,Производство продуктов питания,146,GENERAL,78,78,78.0,1
2026,GENERAL,FULL,B068,,Производство продуктов питания,182,GENERAL,74,93,79.1,35
2026,GENERAL,FULL,B068,,Производство продуктов питания,182,RURAL,69,73,70.8,13
2026,GENERAL,FULL,B068,,Производство продуктов питания,501,GENERAL,74,87,79.0,5
2026,GENERAL,FULL,B068,,Производство продуктов питания,501,RURAL,69,73,70.7,6
2026,GENERAL,FULL,B069,,"Производство материалов (стекло, бумага, пластик, дерево)",22,GENERAL,52,82,59.0,134
2026,GENERAL,FULL,B069,,"Производство материалов (стекло, бумага, пластик, дерево)",22,RURAL,50,52,50.8,30
2026,GENERAL,FULL,B069,,"Производство материалов (стекло, бумага, пластик, дерево)",29,GENERAL,80,93,86.5,2
2026,GENERAL,FULL,B070,,"Текстиль: одежда, обувь и кожаные изделия",5,GENERAL,60,68,63.0,13
2026,GENERAL,FULL,B070,,"Текстиль: одежда, обувь и кожаные изделия",43,GENERAL,50,54,51.5,18
2026,GENERAL,FULL,B070,,"Текстиль: одежда, обувь и кожаные изделия",53,GENERAL,50,94,57.0,150
2026,GENERAL,FULL,B070,,"Текстиль: одежда, обувь и кожаные изделия",182,GENERAL,50,86,56.6,152
2026,GENERAL,FULL,B071,,Горное дело и добыча полезных ископаемых,29,GENERAL,80,127,89.4,125
2026,GENERAL,FULL,B071,,Горное дело и добыча полезных ископаемых,32,GENERAL,77,77,77.0,6
2026,GENERAL,FULL,B071,,Горное дело и добыча полезных ископаемых,79,GENERAL,77,85,79.2,19
2026,GENERAL,FULL,B071,,Горное дело и добыча полезных ископаемых,182,GENERAL,77,103,81.8,51
2026,GENERAL,FULL,B071,,Горное дело и добыча полезных ископаемых,416,GENERAL,106,106,106.0,1
2026,GENERAL,FULL,B071,,Горное дело и добыча полезных ископаемых,421,GENERAL,77,140,93.4,748
2026,GENERAL,FULL,B071,,Горное дело и добыча полезных ископаемых,501,GENERAL,77,102,83.5,11
2026,GENERAL,FULL,B071,,Горное дело и добыча полезных ископаемых,529,GENERAL,84,84,84.0,1
2026,GENERAL,FULL,B072,,Технология фармацевтического производства,26,GENERAL,94,115,98.7,72
2026,GENERAL,FULL,B072,,Технология фармацевтического производства,27,GENERAL,94,118,101.8,14
2026,GENERAL,FULL,B072,,Технология фармацевтического производства,29,GENERAL,96,103,99.5,4
2026,GENERAL,FULL,B072,,Технология фармацевтического производства,30,GENERAL,94,112,99.8,15
2026,GENERAL,FULL,B072,,Технология фармацевтического производства,44,GENERAL,95,104,98.9,8
2026,GENERAL,FULL,B072,,Технология фармацевтического производства,53,GENERAL,97,98,97.5,2
2026,GENERAL,FULL,B073,,Архитектура,2,GENERAL,122,129,123.8,67
2026,GENERAL,FULL,B073,,Архитектура,13,GENERAL,125,130,126.3,131
2026,GENERAL,FULL,B073,,Архитектура,19,GENERAL,122,128,123.7,22
2026,GENERAL,FULL,B073,,Архитектура,22,GENERAL,122,130,124.8,321
2026,GENERAL,FULL,B073,,Архитектура,29,GENERAL,122,129,124.2,31
2026,GENERAL,FULL,B073,,Архитектура,32,GENERAL,122,123,122.2,12
2026,GENERAL,FULL,B073,,Архитектура,45,GENERAL,122,123,122.4,87
2026,GENERAL,FULL,B073,,Архитектура,79,GENERAL,122,129,124.8,6
2026,GENERAL,FULL,B073,,Архитектура,198,GENERAL,122,130,123.6,17
2026,GENERAL,FULL,B073,,Архитектура,501,GENERAL,122,126,123.8,8
2026,GENERAL,FULL,B073,,Архитектура,529,GENERAL,122,122,122.0,3
2026,GENERAL,FULL,B074,,"Градостроительство, строительные работы и гражданское строительство",2,GENERAL,87,122,92.0,69
2026,GENERAL,FULL,B074,,"Градостроительство, строительные работы и гражданское строительство",9,GENERAL,88,88,88.0,1
2026,GENERAL,FULL,B074,,"Градостроительство, строительные работы и гражданское строительство",13,GENERAL,105,138,113.4,205
2026,GENERAL,FULL,B074,,"Градостроительство, строительные работы и гражданское строительство",19,GENERAL,86,87,86.5,2
2026,GENERAL,FULL,B074,,"Градостроительство, строительные работы и гражданское строительство",22,GENERAL,86,135,96.7,238
2026,GENERAL,FULL,B074,,"Градостроительство, строительные работы и гражданское строительство",27,GENERAL,87,123,96.2,46
2026,GENERAL,FULL,B074,,"Градостроительство, строительные работы и гражданское строительство",29,GENERAL,86,132,95.8,172
2026,GENERAL,FULL,B074,,"Градостроительство, строительные работы и гражданское строительство",40,GENERAL,86,89,87.3,3
2026,GENERAL,FULL,B074,,"Градостроительство, строительные работы и гражданское строительство",45,GENERAL,87,101,93.5,14
2026,GENERAL,FULL,B074,,"Градостроительство, строительные работы и гражданское строительство",501,GENERAL,88,93,90.3,3
2026,GENERAL,FULL,B075,,Кадастр и землеустройство,2,GENERAL,113,117,115.2,19
2026,GENERAL,FULL,B075,,Кадастр и землеустройство,2,RURAL,107,111,109.0,8
2026,GENERAL,FULL,B075,,Кадастр и землеустройство,19,GENERAL,118,118,118.0,1
2026,GENERAL,FULL,B075,,Кадастр и землеустройство,19,RURAL,110,110,110.0,1
2026,GENERAL,FULL,B075,,Кадастр и землеустройство,22,GENERAL,114,118,116.0,4
2026,GENERAL,FULL,B075,,Кадастр и землеустройство,22,RURAL,110,112,111.0,2
2026,GENERAL,FULL,B075,,Кадастр и землеустройство,24,RURAL,109,110,109.3,3
2026,GENERAL,FULL,B075,,Кадастр и землеустройство,27,GENERAL,113,124,116.0,49
2026,GENERAL,FULL,B075,,Кадастр и землеустройство,27,RURAL,107,112,109.2,28
2026,GENERAL,FULL,B075,,Кадастр и землеустройство,29,GENERAL,113,120,115.8,20
2026,GENERAL,FULL,B075,,Кадастр и землеустройство,29,RURAL,108,111,109.0,8
2026,GENERAL,FULL,B075,,Кадастр и землеустройство,45,GENERAL,114,116,114.8,4
2026,GENERAL,FULL,B075,,Кадастр и землеустройство,45,RURAL,108,109,108.5,2
2026,GENERAL,FULL,B075,,Кадастр и землеустройство,501,RURAL,111,111,111.0,1
2026,GENERAL,FULL,B076,,"Стандартизация, сертификация и метрология (по отраслям)",2,GENERAL,81,87,83.8,15
2026,GENERAL,FULL,B076,,"Стандартизация, сертификация и метрология (по отраслям)",13,GENERAL,90,106,95.8,45
2026,GENERAL,FULL,B076,,"Стандартизация, сертификация и метрология (по отраслям)",24,GENERAL,85,85,85.0,1
2026,GENERAL,FULL,B076,,"Стандартизация, сертификация и метрология (по отраслям)",27,GENERAL,82,94,86.2,10
2026,GENERAL,FULL,B076,,"Стандартизация, сертификация и метрология (по отраслям)",29,GENERAL,81,103,85.4,32
2026,GENERAL,FULL,B076,,"Стандартизация, сертификация и метрология (по отраслям)",38,GENERAL,89,89,89.0,1
2026,GENERAL,FULL,B076,,"Стандартизация, сертификация и метрология (по отраслям)",45,GENERAL,82,85,83.5,2
2026,GENERAL,FULL,B076,,"Стандартизация, сертификация и метрология (по отраслям)",49,GENERAL,84,94,89.0,2
2026,GENERAL,FULL,B076,,"Стандартизация, сертификация и метрология (по отраслям)",53,GENERAL,81,81,81.0,1
2026,GENERAL,FULL,B076,,"Стандартизация, сертификация и метрология (по отраслям)",140,GENERAL,86,86,86.0,1
2026,GENERAL,FULL,B076,,"Стандартизация, сертификация и метрология (по отраслям)",182,GENERAL,82,87,84.2,6
2026,GENERAL,FULL,B076,,"Стандартизация, сертификация и метрология (по отраслям)",223,GENERAL,86,86,86.0,1
2026,GENERAL,FULL,B076,,"Стандартизация, сертификация и метрология (по отраслям)",501,GENERAL,82,86,84.3,3
2026,GENERAL,FULL,B077,,Растениеводство,2,GENERAL,68,80,72.3,91
2026,GENERAL,FULL,B077,,Растениеводство,2,RURAL,64,68,65.7,39
2026,GENERAL,FULL,B077,,Растениеводство,24,GENERAL,68,76,70.5,30
2026,GENERAL,FULL,B077,,Растениеводство,24,RURAL,64,68,65.7,29
2026,GENERAL,FULL,B077,,Растениеводство,34,GENERAL,69,70,69.7,7
2026,GENERAL,FULL,B077,,Растениеводство,35,GENERAL,68,69,68.5,2
2026,GENERAL,FULL,B077,,Растениеводство,35,RURAL,64,64,64.0,1
2026,GENERAL,FULL,B077,,Растениеводство,36,GENERAL,68,73,71.0,4
2026,GENERAL,FULL,B077,,Растениеводство,38,GENERAL,69,129,85.6,5
2026,GENERAL,FULL,B077,,Растениеводство,40,GENERAL,68,85,73.5,22
2026,GENERAL,FULL,B077,,Растениеводство,40,RURAL,64,68,65.8,15
2026,GENERAL,FULL,B077,,Растениеводство,42,GENERAL,70,74,72.0,6
2026,GENERAL,FULL,B077,,Растениеводство,42,RURAL,64,65,64.7,3
2026,GENERAL,FULL,B077,,Растениеводство,45,GENERAL,68,91,73.6,9
2026,GENERAL,FULL,B077,,Растениеводство,45,RURAL,64,66,64.9,7
2026,GENERAL,FULL,B077,,Растениеводство,49,GENERAL,68,82,71.4,17
2026,GENERAL,FULL,B077,,Растениеводство,49,RURAL,64,68,65.7,14
2026,GENERAL,FULL,B077,,Растениеводство,140,GENERAL,85,85,85.0,1
2026,GENERAL,FULL,B077,,Растениеводство,223,GENERAL,70,71,70.5,2
2026,GENERAL,FULL,B077,,Растениеводство,223,RURAL,67,67,67.0,1
2026,GENERAL,FULL,B078,,Животноводство,2,GENERAL,58,68,62.1,76
2026,GENERAL,FULL,B078,,Животноводство,2,RURAL,55,58,56.6,26
2026,GENERAL,FULL,B078,,Животноводство,24,GENERAL,59,65,61.3,48
2026,GENERAL,FULL,B078,,Животноводство,24,RURAL,55,58,56.6,52
2026,GENERAL,FULL,B078,,Животноводство,35,GENERAL,60,60,60.0,2
2026,GENERAL,FULL,B078,,Животноводство,35,RURAL,55,56,55.3,3
2026,GENERAL,FULL,B078,,Животноводство,36,RURAL,55,56,55.5,2
2026,GENERAL,FULL,B078,,Животноводство,38,GENERAL,59,65,62.1,14
2026,GENERAL,FULL,B078,,Животноводство,38,RURAL,55,58,56.2,8
2026,GENERAL,FULL,B078,,Животноводство,40,GENERAL,59,72,63.4,17
2026,GENERAL,FULL,B078,,Животноводство,40,RURAL,55,58,56.6,15
2026,GENERAL,FULL,B078,,Животноводство,42,GENERAL,58,68,62.8,21
2026,GENERAL,FULL,B078,,Животноводство,42,RURAL,55,56,55.7,3
2026,GENERAL,FULL,B078,,Животноводство,45,GENERAL,59,64,60.7,15
2026,GENERAL,FULL,B078,,Животноводство,45,RURAL,55,58,56.7,10
2026,GENERAL,FULL,B078,,Животноводство,53,GENERAL,59,68,62.1,44
2026,GENERAL,FULL,B078,,Животноводство,53,RURAL,55,58,57.2,9
2026,GENERAL,FULL,B079,,Лесное хозяйство,2,GENERAL,77,80,78.2,40
2026,GENERAL,FULL,B079,,Лесное хозяйство,2,RURAL,72,77,73.2,25
2026,GENERAL,FULL,B079,,Лесное хозяйство,12,GENERAL,78,93,84.7,3
2026,GENERAL,FULL,B079,,Лесное хозяйство,24,GENERAL,77,82,77.8,37
2026,GENERAL,FULL,B079,,Лесное хозяйство,24,RURAL,72,76,73.5,25
2026,GENERAL,FULL,B079,,Лесное хозяйство,38,RURAL,72,72,72.0,2
2026,GENERAL,FULL,B079,,Лесное хозяйство,40,GENERAL,77,83,79.8,6
2026,GENERAL,FULL,B079,,Лесное хозяйство,40,RURAL,72,74,73.0,3
2026,GENERAL,FULL,B079,,Лесное хозяйство,42,GENERAL,77,81,78.6,5
2026,GENERAL,FULL,B079,,Лесное хозяйство,223,RURAL,76,76,76.0,1
2026,GENERAL,FULL,B080,,Рыбное хозяйство,2,GENERAL,57,67,59.9,32
2026,GENERAL,FULL,B080,,Рыбное хозяйство,2,RURAL,52,56,53.9,17
2026,GENERAL,FULL,B080,,Рыбное хозяйство,24,GENERAL,57,64,58.9,31
2026,GENERAL,FULL,B080,,Рыбное хозяйство,24,RURAL,52,57,53.9,19
2026,GENERAL,FULL,B080,,Рыбное хозяйство,27,GENERAL,82,86,84.3,3
2026,GENERAL,FULL,B080,,Рыбное хозяйство,501,GENERAL,58,58,58.0,2
2026,GENERAL,FULL,B080,,Рыбное хозяйство,501,RURAL,52,52,52.0,1
2026,GENERAL,FULL,B082,,Водные ресурсы и водопользования,24,GENERAL,62,83,66.6,41
2026,GENERAL,FULL,B082,,Водные ресурсы и водопользования,24,RURAL,58,62,59.5,24
2026,GENERAL,FULL,B082,,Водные ресурсы и водопользования,29,GENERAL,81,83,82.0,2
2026,GENERAL,FULL,B082,,Водные ресурсы и водопользования,34,GENERAL,62,63,62.7,3
2026,GENERAL,FULL,B082,,Водные ресурсы и водопользования,34,RURAL,58,58,58.0,1
2026,GENERAL,FULL,B082,,Водные ресурсы и водопользования,45,GENERAL,62,72,64.8,32
2026,GENERAL,FULL,B082,,Водные ресурсы и водопользования,45,RURAL,58,61,60.1,18
2026,GENERAL,FULL,B083,,Ветеринария,2,GENERAL,67,78,70.5,150
2026,GENERAL,FULL,B083,,Ветеринария,2,RURAL,61,67,63.4,72
2026,GENERAL,FULL,B083,,Ветеринария,24,GENERAL,67,77,69.8,156
2026,GENERAL,FULL,B083,,Ветеринария,24,RURAL,61,67,63.4,119
2026,GENERAL,FULL,B083,,Ветеринария,36,GENERAL,68,68,68.0,2
2026,GENERAL,FULL,B083,,Ветеринария,36,RURAL,61,61,61.0,1
2026,GENERAL,FULL,B083,,Ветеринария,38,GENERAL,68,106,75.8,13
2026,GENERAL,FULL,B083,,Ветеринария,38,RURAL,61,65,63.0,4
2026,GENERAL,FULL,B083,,Ветеринария,42,GENERAL,67,94,73.7,11
2026,GENERAL,FULL,B083,,Ветеринария,42,RURAL,61,65,63.1,14
2026,GENERAL,FULL,B083,,Ветеринария,45,GENERAL,67,87,71.8,43
2026,GENERAL,FULL,B083,,Ветеринария,45,RURAL,61,66,63.0,20
2026,GENERAL,FULL,B083,,Ветеринария,223,GENERAL,69,77,72.5,4
2026,GENERAL,FULL,B083,,Ветеринария,223,RURAL,61,65,62.3,3
2026,GENERAL,FULL,B090,,Социальная работа,13,GENERAL,91,103,95.0,10
2026,GENERAL,FULL,B090,,Социальная работа,21,GENERAL,78,93,82.7,56
2026,GENERAL,FULL,B090,,Социальная работа,21,RURAL,75,77,75.4,12
2026,GENERAL,FULL,B090,,Социальная работа,25,GENERAL,78,94,81.4,93
2026,GENERAL,FULL,B090,,Социальная работа,25,RURAL,73,78,75.2,80
2026,GENERAL,FULL,B090,,Социальная работа,27,GENERAL,80,96,84.6,28
2026,GENERAL,FULL,B090,,Социальная работа,31,GENERAL,79,91,82.6,10
2026,GENERAL,FULL,B090,,Социальная работа,31,RURAL,74,76,75.2,5
2026,GENERAL,FULL,B090,,Социальная работа,34,GENERAL,78,95,82.4,21
2026,GENERAL,FULL,B090,,Социальная работа,34,RURAL,74,78,75.2,22
2026,GENERAL,FULL,B090,,Социальная работа,38,GENERAL,89,95,92.0,2
2026,GENERAL,FULL,B090,,Социальная работа,45,GENERAL,78,85,81.4,19
2026,GENERAL,FULL,B090,,Социальная работа,45,RURAL,74,77,74.9,13
2026,GENERAL,FULL,B090,,Социальная работа,122,GENERAL,83,89,86.0,2
2026,GENERAL,FULL,B090,,Социальная работа,122,RURAL,75,75,75.0,1
2026,GENERAL,FULL,B090,,Социальная работа,158,GENERAL,79,86,82.5,2
2026,GENERAL,FULL,B090,,Социальная работа,173,GENERAL,78,89,81.8,36
2026,GENERAL,FULL,B090,,Социальная работа,173,RURAL,74,78,75.9,18
2026,GENERAL,FULL,B091,,Туризм,5,RURAL,105,115,110.0,2
2026,GENERAL,FULL,B091,,Туризм,7,RURAL,105,107,106.3,3
2026,GENERAL,FULL,B091,,Туризм,13,GENERAL,126,132,127.9,61
2026,GENERAL,FULL,B091,,Туризм,13,RURAL,120,126,122.5,8
2026,GENERAL,FULL,B091,,Туризм,21,GENERAL,126,136,128.8,41
2026,GENERAL,FULL,B091,,Туризм,21,RURAL,105,125,113.2,65
2026,GENERAL,FULL,B091,,Туризм,22,RURAL,112,112,112.0,1
2026,GENERAL,FULL,B091,,Туризм,23,RURAL,108,113,110.5,2
2026,GENERAL,FULL,B091,,Туризм,25,RURAL,107,119,112.6,7
2026,GENERAL,FULL,B091,,Туризм,27,GENERAL,126,128,127.0,5
2026,GENERAL,FULL,B091,,Туризм,27,RURAL,111,121,114.6,9
2026,GENERAL,FULL,B091,,Туризм,31,RURAL,109,109,109.0,1
2026,GENERAL,FULL,B091,,Туризм,35,RURAL,107,107,107.0,1
2026,GENERAL,FULL,B091,,Туризм,36,RURAL,112,112,112.0,1
2026,GENERAL,FULL,B091,,Туризм,37,RURAL,117,117,117.0,1
2026,GENERAL,FULL,B091,,Туризм,38,GENERAL,126,126,126.0,1
2026,GENERAL,FULL,B091,,Туризм,38,RURAL,118,122,120.0,2
2026,GENERAL,FULL,B091,,Туризм,45,GENERAL,128,133,130.5,2
2026,GENERAL,FULL,B091,,Туризм,69,RURAL,104,104,104.0,1
2026,GENERAL,FULL,B091,,Туризм,83,GENERAL,131,131,131.0,2
2026,GENERAL,FULL,B091,,Туризм,83,RURAL,109,118,113.5,2
2026,GENERAL,FULL,B091,,Туризм,93,RURAL,105,105,105.0,1
2026,GENERAL,FULL,B091,,Туризм,173,RURAL,108,108,108.0,1
2026,GENERAL,FULL,B091,,Туризм,174,GENERAL,130,139,133.1,115
2026,GENERAL,FULL,B091,,Туризм,184,RURAL,105,105,105.0,1
2026,GENERAL,FULL,B091,,Туризм,185,RURAL,105,118,110.1,14
2026,GENERAL,FULL,B092,,Досуг,5,GENERAL,121,125,122.4,5
2026,GENERAL,FULL,B092,,Досуг,5,RURAL,119,119,119.0,1
2026,GENERAL,FULL,B092,,Досуг,7,GENERAL,122,130,125.6,5
2026,GENERAL,FULL,B092,,Досуг,7,RURAL,120,121,120.5,2
2026,GENERAL,FULL,B092,,Досуг,16,GENERAL,121,124,122.7,6
2026,GENERAL,FULL,B092,,Досуг,16,RURAL,120,120,120.0,1
2026,GENERAL,FULL,B092,,Досуг,25,GENERAL,121,127,122.9,30
2026,GENERAL,FULL,B092,,Досуг,25,RURAL,119,121,120.0,24
2026,GENERAL,FULL,B092,,Досуг,31,GENERAL,121,124,122.2,5
2026,GENERAL,FULL,B092,,Досуг,31,RURAL,119,120,119.5,2
2026,GENERAL,FULL,B092,,Досуг,36,GENERAL,121,125,122.8,6
2026,GENERAL,FULL,B092,,Досуг,36,RURAL,119,120,119.5,4
2026,GENERAL,FULL,B092,,Досуг,40,GENERAL,124,127,125.2,4
2026,GENERAL,FULL,B092,,Досуг,40,RURAL,120,120,120.0,1
2026,GENERAL,FULL,B092,,Досуг,43,GENERAL,121,126,123.2,18
2026,GENERAL,FULL,B092,,Досуг,43,RURAL,120,121,120.1,9
2026,GENERAL,FULL,B092,,Досуг,45,GENERAL,121,128,123.4,48
2026,GENERAL,FULL,B092,,Досуг,45,RURAL,119,121,120.1,27
2026,GENERAL,FULL,B092,,Досуг,158,GENERAL,121,122,121.7,3
2026,GENERAL,FULL,B093,,Ресторанное дело и гостиничный бизнес,3,RURAL,100,100,100.0,2
2026,GENERAL,FULL,B093,,Ресторанное дело и гостиничный бизнес,13,GENERAL,119,129,122.7,99
2026,GENERAL,FULL,B093,,Ресторанное дело и гостиничный бизнес,13,RURAL,115,118,117.1,11
2026,GENERAL,FULL,B093,,Ресторанное дело и гостиничный бизнес,21,GENERAL,119,137,123.5,66
2026,GENERAL,FULL,B093,,Ресторанное дело и гостиничный бизнес,21,RURAL,106,118,112.2,9
2026,GENERAL,FULL,B093,,Ресторанное дело и гостиничный бизнес,23,GENERAL,126,126,126.0,1
2026,GENERAL,FULL,B093,,Ресторанное дело и гостиничный бизнес,23,RURAL,98,110,102.2,16
2026,GENERAL,FULL,B093,,Ресторанное дело и гостиничный бизнес,27,GENERAL,120,131,124.4,13
2026,GENERAL,FULL,B093,,Ресторанное дело и гостиничный бизнес,27,RURAL,115,115,115.0,1
2026,GENERAL,FULL,B093,,Ресторанное дело и гостиничный бизнес,31,RURAL,99,99,99.0,2
2026,GENERAL,FULL,B093,,Ресторанное дело и гостиничный бизнес,38,GENERAL,120,120,120.0,1
2026,GENERAL,FULL,B093,,Ресторанное дело и гостиничный бизнес,45,RURAL,99,102,100.5,2
2026,GENERAL,FULL,B093,,Ресторанное дело и гостиничный бизнес,53,GENERAL,120,120,120.0,1
2026,GENERAL,FULL,B093,,Ресторанное дело и гостиничный бизнес,53,RURAL,98,101,99.0,5
2026,GENERAL,FULL,B093,,Ресторанное дело и гостиничный бизнес,69,GENERAL,120,120,120.0,1
2026,GENERAL,FULL,B093,,Ресторанное дело и гостиничный бизнес,69,RURAL,98,105,100.8,11
2026,GENERAL,FULL,B093,,Ресторанное дело и гостиничный бизнес,83,GENERAL,120,132,124.0,13
2026,GENERAL,FULL,B093,,Ресторанное дело и гостиничный бизнес,83,RURAL,98,104,101.1,16
2026,GENERAL,FULL,B093,,Ресторанное дело и гостиничный бизнес,93,RURAL,98,104,101.6,7
2026,GENERAL,FULL,B093,,Ресторанное дело и гостиничный бизнес,160,RURAL,98,103,100.7,3
2026,GENERAL,FULL,B093,,Ресторанное дело и гостиничный бизнес,182,GENERAL,120,120,120.0,1
2026,GENERAL,FULL,B093,,Ресторанное дело и гостиничный бизнес,182,RURAL,98,106,101.2,4
2026,GENERAL,FULL,B093,,Ресторанное дело и гостиничный бизнес,184,GENERAL,122,122,122.0,1
2026,GENERAL,FULL,B093,,Ресторанное дело и гостиничный бизнес,184,RURAL,98,104,100.7,17
2026,GENERAL,FULL,B094,,Санитарно-профилактические мероприятия,3,GENERAL,74,74,74.0,2
2026,GENERAL,FULL,B094,,Санитарно-профилактические мероприятия,11,GENERAL,74,91,82.8,4
2026,GENERAL,FULL,B094,,Санитарно-профилактические мероприятия,11,RURAL,74,74,74.0,1
2026,GENERAL,FULL,B094,,Санитарно-профилактические мероприятия,12,GENERAL,89,97,93.0,2
2026,GENERAL,FULL,B094,,Санитарно-профилактические мероприятия,12,RURAL,72,73,72.5,2
2026,GENERAL,FULL,B094,,Санитарно-профилактические мероприятия,15,GENERAL,76,84,80.0,2
2026,GENERAL,FULL,B094,,Санитарно-профилактические мероприятия,15,RURAL,70,73,71.7,3
2026,GENERAL,FULL,B094,,Санитарно-профилактические мероприятия,19,GENERAL,74,78,75.7,7
2026,GENERAL,FULL,B094,,Санитарно-профилактические мероприятия,19,RURAL,69,73,70.7,7
2026,GENERAL,FULL,B094,,Санитарно-профилактические мероприятия,24,GENERAL,74,85,78.2,4
2026,GENERAL,FULL,B094,,Санитарно-профилактические мероприятия,24,RURAL,70,73,71.5,4
2026,GENERAL,FULL,B094,,Санитарно-профилактические мероприятия,27,GENERAL,80,91,85.3,6
2026,GENERAL,FULL,B094,,Санитарно-профилактические мероприятия,29,GENERAL,80,93,87.7,3
2026,GENERAL,FULL,B094,,Санитарно-профилактические мероприятия,31,GENERAL,74,74,74.0,1
2026,GENERAL,FULL,B094,,Санитарно-профилактические мероприятия,32,GENERAL,76,77,76.5,2
2026,GENERAL,FULL,B094,,Санитарно-профилактические мероприятия,32,RURAL,70,73,71.7,3
2026,GENERAL,FULL,B094,,Санитарно-профилактические мероприятия,34,GENERAL,79,79,79.0,1
2026,GENERAL,FULL,B094,,Санитарно-профилактические мероприятия,34,RURAL,72,72,72.0,3
2026,GENERAL,FULL,B094,,Санитарно-профилактические мероприятия,35,GENERAL,86,90,88.0,2
2026,GENERAL,FULL,B094,,Санитарно-профилактические мероприятия,38,GENERAL,77,81,79.0,3
2026,GENERAL,FULL,B094,,Санитарно-профилактические мероприятия,38,RURAL,74,74,74.0,1
2026,GENERAL,FULL,B094,,Санитарно-профилактические мероприятия,42,GENERAL,81,81,81.0,1
2026,GENERAL,FULL,B094,,Санитарно-профилактические мероприятия,45,GENERAL,74,74,74.0,1
2026,GENERAL,FULL,B094,,Санитарно-профилактические мероприятия,49,RURAL,70,70,70.0,1
2026,GENERAL,FULL,B094,,Санитарно-профилактические мероприятия,57,GENERAL,76,82,78.4,7
2026,GENERAL,FULL,B094,,Санитарно-профилактические мероприятия,57,RURAL,70,73,71.3,3
2026,GENERAL,FULL,B094,,Санитарно-профилактические мероприятия,79,GENERAL,74,79,76.5,2
2026,GENERAL,FULL,B094,,Санитарно-профилактические мероприятия,79,RURAL,73,73,73.0,1
2026,GENERAL,FULL,B094,,Санитарно-профилактические мероприятия,146,GENERAL,78,78,78.0,1
2026,GENERAL,FULL,B094,,Санитарно-профилактические мероприятия,158,RURAL,69,69,69.0,1
2026,GENERAL,FULL,B094,,Санитарно-профилактические мероприятия,182,GENERAL,74,84,76.9,7
2026,GENERAL,FULL,B094,,Санитарно-профилактические мероприятия,182,RURAL,70,74,71.6,5
2026,GENERAL,FULL,B094,,Санитарно-профилактические мероприятия,198,GENERAL,89,89,89.0,1
2026,GENERAL,FULL,B094,,Санитарно-профилактические мероприятия,501,GENERAL,74,87,79.8,6
2026,GENERAL,FULL,B095,,Транспортные услуги,2,RURAL,115,115,115.0,1
2026,GENERAL,FULL,B095,,Транспортные услуги,3,RURAL,114,114,114.0,1
2026,GENERAL,FULL,B095,,Транспортные услуги,12,GENERAL,119,120,119.5,2
2026,GENERAL,FULL,B095,,Транспортные услуги,13,GENERAL,118,134,121.5,73
2026,GENERAL,FULL,B095,,Транспортные услуги,13,RURAL,112,118,114.2,31
2026,GENERAL,FULL,B095,,Транспортные услуги,19,RURAL,114,114,114.0,1
2026,GENERAL,FULL,B095,,Транспортные услуги,27,GENERAL,119,132,122.3,33
2026,GENERAL,FULL,B095,,Транспортные услуги,27,RURAL,112,118,114.5,23
2026,GENERAL,FULL,B095,,Транспортные услуги,29,GENERAL,119,122,120.7,3
2026,GENERAL,FULL,B095,,Транспортные услуги,29,RURAL,115,116,115.3,3
2026,GENERAL,FULL,B095,,Транспортные услуги,31,GENERAL,125,125,125.0,1
2026,GENERAL,FULL,B095,,Транспортные услуги,31,RURAL,118,118,118.0,1
2026,GENERAL,FULL,B095,,Транспортные услуги,38,RURAL,114,117,115.5,2
2026,GENERAL,FULL,B095,,Транспортные услуги,45,GENERAL,123,125,124.0,3
2026,GENERAL,FULL,B095,,Транспортные услуги,69,GENERAL,119,124,121.8,5
2026,GENERAL,FULL,B095,,Транспортные услуги,82,GENERAL,119,119,119.0,2
2026,GENERAL,FULL,B095,,Транспортные услуги,82,RURAL,116,116,116.0,1
2026,GENERAL,FULL,B095,,Транспортные услуги,83,GENERAL,119,125,122.0,7
2026,GENERAL,FULL,B095,,Транспортные услуги,83,RURAL,112,116,114.2,6
2026,GENERAL,FULL,B095,,Транспортные услуги,157,GENERAL,121,121,121.0,1
2026,GENERAL,FULL,B098,,Спорт,527,GENERAL,128,130,128.9,14
2026,GENERAL,FULL,B126,,Транспортное строительство,9,GENERAL,61,70,65.7,6
2026,GENERAL,FULL,B126,,Транспортное строительство,9,RURAL,57,60,58.8,4
2026,GENERAL,FULL,B126,,Транспортное строительство,12,GENERAL,62,64,63.0,6
2026,GENERAL,FULL,B126,,Транспортное строительство,12,RURAL,54,56,55.0,12
2026,GENERAL,FULL,B126,,Транспортное строительство,19,GENERAL,61,94,66.4,150
2026,GENERAL,FULL,B126,,Транспортное строительство,19,RURAL,54,61,57.0,150
2026,GENERAL,FULL,B126,,Транспортное строительство,22,GENERAL,61,107,68.7,277
2026,GENERAL,FULL,B126,,Транспортное строительство,22,RURAL,54,61,57.7,58
2026,GENERAL,FULL,B126,,Транспортное строительство,32,GENERAL,61,78,66.1,81
2026,GENERAL,FULL,B126,,Транспортное строительство,32,RURAL,54,60,56.7,44
2026,GENERAL,FULL,B126,,Транспортное строительство,38,GENERAL,61,65,63.0,7
2026,GENERAL,FULL,B126,,Транспортное строительство,38,RURAL,54,58,56.5,8
2026,GENERAL,FULL,B126,,Транспортное строительство,78,GENERAL,61,77,67.5,6
2026,GENERAL,FULL,B126,,Транспортное строительство,78,RURAL,56,58,57.0,3
2026,GENERAL,FULL,B126,,Транспортное строительство,162,GENERAL,62,62,62.0,6
2026,GENERAL,FULL,B126,,Транспортное строительство,162,RURAL,54,61,57.0,12
2026,GENERAL,FULL,B134,,Археология и этнология,13,GENERAL,101,133,105.5,22
2026,GENERAL,FULL,B134,,Археология и этнология,13,RURAL,95,99,96.9,7
2026,GENERAL,FULL,B134,,Археология и этнология,27,GENERAL,101,111,104.1,14
2026,GENERAL,FULL,B134,,Археология и этнология,27,RURAL,95,100,96.5,11
2026,GENERAL,FULL,B134,,Археология и этнология,31,GENERAL,101,108,104.0,3
2026,GENERAL,FULL,B134,,Археология и этнология,31,RURAL,96,97,96.5,2
2026,GENERAL,FULL,B134,,Археология и этнология,34,GENERAL,102,102,102.0,1
2026,GENERAL,FULL,B134,,Археология и этнология,34,RURAL,96,98,97.0,2
2026,GENERAL,FULL,B134,,Археология и этнология,42,GENERAL,111,111,111.0,1
2026,GENERAL,FULL,B134,,Археология и этнология,42,RURAL,95,95,95.0,1
2026,GENERAL,FULL,B134,,Археология и этнология,45,GENERAL,105,105,105.0,1
2026,GENERAL,FULL,B135,,Востоковедение,13,GENERAL,128,135,130.3,55
2026,GENERAL,FULL,B135,,Востоковедение,23,GENERAL,129,132,130.0,4
2026,GENERAL,FULL,B135,,Востоковедение,27,GENERAL,128,132,130.0,21
2026,GENERAL,FULL,B140,,Международные отношения и дипломатия,13,GENERAL,135,137,135.7,3
2026,GENERAL,FULL,B140,,Международные отношения и дипломатия,27,GENERAL,135,138,136.3,6
2026,GENERAL,FULL,B140,,Международные отношения и дипломатия,82,GENERAL,136,136,136.0,1
2026,GENERAL,FULL,B140,,Международные отношения и дипломатия,174,GENERAL,135,140,136.8,98
2026,GENERAL,FULL,B140,,Международные отношения и дипломатия,185,GENERAL,135,135,135.0,1
2026,GENERAL,FULL,B140,,Международные отношения и дипломатия,302,GENERAL,135,137,135.8,5
2026,GENERAL,FULL,B142,,Связь с общественностью,13,GENERAL,125,130,127.1,12
2026,GENERAL,FULL,B142,,Связь с общественностью,27,GENERAL,125,130,127.1,8
2026,GENERAL,FULL,B145,,Государственный аудит,7,GENERAL,126,126,126.0,1
2026,GENERAL,FULL,B145,,Государственный аудит,13,GENERAL,122,131,124.1,21
2026,GENERAL,FULL,B157,,Математическое и компьютерное моделирование,13,GENERAL,105,129,110.9,27
2026,GENERAL,FULL,B157,,Математическое и компьютерное моделирование,27,GENERAL,100,114,108.2,6
2026,GENERAL,FULL,B157,,Математическое и компьютерное моделирование,190,GENERAL,75,109,83.3,261
2026,GENERAL,FULL,B157,,Математическое и компьютерное моделирование,302,GENERAL,121,135,124.8,6
2026,GENERAL,FULL,B158,,Криптология,13,GENERAL,101,128,107.1,25
2026,GENERAL,FULL,B158,,Криптология,27,GENERAL,101,114,105.6,7
2026,GENERAL,FULL,B161,,Инжиниринг материалов,19,GENERAL,58,78,63.1,50
2026,GENERAL,FULL,B162,,Теплоэнергетика,2,GENERAL,71,88,76.9,98
2026,GENERAL,FULL,B162,,Теплоэнергетика,2,RURAL,62,70,65.0,48
2026,GENERAL,FULL,B162,,Теплоэнергетика,12,GENERAL,76,78,76.7,3
2026,GENERAL,FULL,B162,,Теплоэнергетика,13,GENERAL,90,111,93.1,35
2026,GENERAL,FULL,B162,,Теплоэнергетика,19,GENERAL,71,81,75.5,11
2026,GENERAL,FULL,B162,,Теплоэнергетика,19,RURAL,63,71,65.5,17
2026,GENERAL,FULL,B162,,Теплоэнергетика,24,GENERAL,72,75,72.7,6
2026,GENERAL,FULL,B162,,Теплоэнергетика,24,RURAL,66,67,66.3,3
2026,GENERAL,FULL,B162,,Теплоэнергетика,32,GENERAL,72,84,76.9,12
2026,GENERAL,FULL,B162,,Теплоэнергетика,32,RURAL,64,70,66.8,6
2026,GENERAL,FULL,B162,,Теплоэнергетика,38,GENERAL,72,72,72.0,1
2026,GENERAL,FULL,B162,,Теплоэнергетика,38,RURAL,63,65,64.0,3
2026,GENERAL,FULL,B162,,Теплоэнергетика,42,RURAL,69,69,69.0,1
2026,GENERAL,FULL,B162,,Теплоэнергетика,57,GENERAL,71,121,77.1,87
2026,GENERAL,FULL,B162,,Теплоэнергетика,57,RURAL,62,71,65.5,58
2026,GENERAL,FULL,B162,,Теплоэнергетика,147,RURAL,64,64,64.0,1
2026,GENERAL,FULL,B165,,Магистральные сети и инфраструктура,19,GENERAL,61,89,67.3,133
2026,GENERAL,FULL,B165,,Магистральные сети и инфраструктура,29,GENERAL,80,86,83.0,7
2026,GENERAL,FULL,B166,,Транспортные сооружения,19,GENERAL,57,81,61.0,170
2026,GENERAL,FULL,B166,,Транспортные сооружения,19,RURAL,51,57,53.4,95
2026,GENERAL,FULL,B166,,Транспортные сооружения,29,GENERAL,80,81,80.2,5
2026,GENERAL,FULL,B167,,Летная эксплуатация летательных аппаратов и двигателей,157,GENERAL,92,133,105.4,175
2026,GENERAL,FULL,B171,,Металлургия,5,GENERAL,60,71,63.4,72
2026,GENERAL,FULL,B171,,Металлургия,12,GENERAL,58,62,59.8,20
2026,GENERAL,FULL,B171,,Металлургия,29,GENERAL,80,84,82.0,3
2026,GENERAL,FULL,B171,,Металлургия,32,GENERAL,58,77,62.3,71
2026,GENERAL,FULL,B171,,Металлургия,38,GENERAL,58,69,61.9,31
2026,GENERAL,FULL,B171,,Металлургия,39,GENERAL,82,82,82.0,1
2026,GENERAL,FULL,B171,,Металлургия,147,GENERAL,58,77,62.5,6
2026,GENERAL,FULL,B172,,Обработка материалов давлением,33,GENERAL,50,64,54.2,9
2026,GENERAL,FULL,B173,,Гидромелиорация,501,GENERAL,55,74,59.9,65
2026,GENERAL,FULL,B173,,Гидромелиорация,501,RURAL,50,55,52.2,35
2026,GENERAL,FULL,B183,,Агроинженерия,2,GENERAL,62,79,66.7,171
2026,GENERAL,FULL,B183,,Агроинженерия,2,RURAL,56,61,58.1,66
2026,GENERAL,FULL,B183,,Агроинженерия,24,GENERAL,62,68,63.3,21
2026,GENERAL,FULL,B183,,Агроинженерия,24,RURAL,56,61,58.1,24
2026,GENERAL,FULL,B183,,Агроинженерия,35,GENERAL,63,67,65.0,4
2026,GENERAL,FULL,B183,,Агроинженерия,35,RURAL,56,57,56.2,4
2026,GENERAL,FULL,B183,,Агроинженерия,36,GENERAL,62,71,65.6,8
2026,GENERAL,FULL,B183,,Агроинженерия,36,RURAL,57,58,57.7,3
2026,GENERAL,FULL,B183,,Агроинженерия,45,GENERAL,62,77,63.6,21
2026,GENERAL,FULL,B183,,Агроинженерия,45,RURAL,56,61,57.8,21
2026,GENERAL,FULL,B183,,Агроинженерия,140,GENERAL,65,65,65.0,1
2026,GENERAL,FULL,B183,,Агроинженерия,501,GENERAL,62,88,66.8,12
2026,GENERAL,FULL,B183,,Агроинженерия,501,RURAL,56,61,57.8,10
2026,GENERAL,FULL,B234,,Музейное дело и охрана памятников,27,GENERAL,119,124,121.3,33
2026,GENERAL,FULL,B234,,Музейное дело и охрана памятников,27,RURAL,116,119,117.2,18
2026,GENERAL,FULL,B265,,Железнодорожный транспорт и технологии,19,GENERAL,73,119,80.0,30
2026,GENERAL,SHORT,B001,,Педагогика и психология,3,GENERAL,44,44,44.0,1
2026,GENERAL,SHORT,B001,,Педагогика и психология,25,GENERAL,44,49,45.3,11
2026,GENERAL,SHORT,B001,,Педагогика и психология,31,GENERAL,44,44,44.0,1
2026,GENERAL,SHORT,B001,,Педагогика и психология,34,GENERAL,44,45,44.2,5
2026,GENERAL,SHORT,B001,,Педагогика и психология,35,GENERAL,46,46,46.0,1
2026,GENERAL,SHORT,B001,,Педагогика и психология,40,GENERAL,49,49,49.0,1
2026,GENERAL,SHORT,B001,,Педагогика и психология,42,GENERAL,45,45,45.0,1
2026,GENERAL,SHORT,B001,,Педагогика и психология,43,GENERAL,45,45,45.0,1
2026,GENERAL,SHORT,B001,,Педагогика и психология,47,GENERAL,43,53,46.4,5
2026,GENERAL,SHORT,B001,,Педагогика и психология,116,GENERAL,48,48,48.0,1
2026,GENERAL,SHORT,B001,,Педагогика и психология,302,GENERAL,45,45,45.0,1
2026,GENERAL,SHORT,B001,,Педагогика и психология,517,GENERAL,43,43,43.0,1
2026,GENERAL,SHORT,B002,,Дошкольное обучение и воспитание,5,GENERAL,38,45,42.0,8
2026,GENERAL,SHORT,B002,,Дошкольное обучение и воспитание,8,GENERAL,37,44,39.3,3
2026,GENERAL,SHORT,B002,,Дошкольное обучение и воспитание,10,GENERAL,35,39,37.0,3
2026,GENERAL,SHORT,B002,,Дошкольное обучение и воспитание,11,GENERAL,37,45,42.3,3
2026,GENERAL,SHORT,B002,,Дошкольное обучение и воспитание,16,GENERAL,36,46,39.5,6
2026,GENERAL,SHORT,B002,,Дошкольное обучение и воспитание,25,GENERAL,35,49,40.5,36
2026,GENERAL,SHORT,B002,,Дошкольное обучение и воспитание,31,GENERAL,39,51,43.8,14
2026,GENERAL,SHORT,B002,,Дошкольное обучение и воспитание,34,GENERAL,35,47,40.8,25
2026,GENERAL,SHORT,B002,,Дошкольное обучение и воспитание,35,GENERAL,35,44,39.7,6
2026,GENERAL,SHORT,B002,,Дошкольное обучение и воспитание,36,GENERAL,35,46,39.7,9
2026,GENERAL,SHORT,B002,,Дошкольное обучение и воспитание,40,GENERAL,35,47,39.4,7
2026,GENERAL,SHORT,B002,,Дошкольное обучение и воспитание,43,GENERAL,35,38,36.5,2
2026,GENERAL,SHORT,B002,,Дошкольное обучение и воспитание,47,GENERAL,36,36,36.0,1
2026,GENERAL,SHORT,B002,,Дошкольное обучение и воспитание,116,GENERAL,39,39,39.0,1
2026,GENERAL,SHORT,B002,,Дошкольное обучение и воспитание,158,GENERAL,35,35,35.0,1
2026,GENERAL,SHORT,B002,,Дошкольное обучение и воспитание,185,GENERAL,35,49,41.7,46
2026,GENERAL,SHORT,B002,,Дошкольное обучение и воспитание,196,GENERAL,42,42,42.0,1
2026,GENERAL,SHORT,B002,,Дошкольное обучение и воспитание,198,GENERAL,39,42,40.5,2
2026,GENERAL,SHORT,B002,,Дошкольное обучение и воспитание,223,GENERAL,36,36,36.0,1
2026,GENERAL,SHORT,B002,,Дошкольное обучение и воспитание,517,GENERAL,35,45,39.4,10
2026,GENERAL,SHORT,B003,,Педагогика и методика начального обучения,5,GENERAL,45,46,45.5,2
2026,GENERAL,SHORT,B003,,Педагогика и методика начального обучения,7,GENERAL,45,55,47.6,10
2026,GENERAL,SHORT,B003,,Педагогика и методика начального обучения,7,RURAL,42,42,42.0,1
2026,GENERAL,SHORT,B003,,Педагогика и методика начального обучения,10,GENERAL,48,48,48.0,1
2026,GENERAL,SHORT,B003,,Педагогика и методика начального обучения,25,GENERAL,45,57,48.3,19
2026,GENERAL,SHORT,B003,,Педагогика и методика начального обучения,31,GENERAL,45,52,47.9,9
2026,GENERAL,SHORT,B003,,Педагогика и методика начального обучения,34,GENERAL,45,53,49.7,10
2026,GENERAL,SHORT,B003,,Педагогика и методика начального обучения,35,GENERAL,46,46,46.0,1
2026,GENERAL,SHORT,B003,,Педагогика и методика начального обучения,36,GENERAL,47,50,48.5,4
2026,GENERAL,SHORT,B003,,Педагогика и методика начального обучения,40,GENERAL,47,49,48.0,2
2026,GENERAL,SHORT,B003,,Педагогика и методика начального обучения,42,GENERAL,47,47,47.0,1
2026,GENERAL,SHORT,B003,,Педагогика и методика начального обучения,116,GENERAL,45,47,46.0,2
2026,GENERAL,SHORT,B003,,Педагогика и методика начального обучения,158,GENERAL,50,50,50.0,1
2026,GENERAL,SHORT,B003,,Педагогика и методика начального обучения,185,GENERAL,45,50,47.2,12
2026,GENERAL,SHORT,B003,,Педагогика и методика начального обучения,196,GENERAL,46,46,46.0,1
2026,GENERAL,SHORT,B003,,Педагогика и методика начального обучения,302,GENERAL,49,49,49.0,1
2026,GENERAL,SHORT,B003,,Педагогика и методика начального обучения,517,GENERAL,47,59,52.7,3
2026,GENERAL,SHORT,B005,,Подготовка учителей физической культуры,7,GENERAL,55,55,55.0,1
2026,GENERAL,SHORT,B005,,Подготовка учителей физической культуры,11,GENERAL,46,46,46.0,1
2026,GENERAL,SHORT,B005,,Подготовка учителей физической культуры,11,RURAL,40,40,40.0,1
2026,GENERAL,SHORT,B005,,Подготовка учителей физической культуры,20,GENERAL,45,51,48.2,6
2026,GENERAL,SHORT,B005,,Подготовка учителей физической культуры,31,GENERAL,47,55,49.8,6
2026,GENERAL,SHORT,B005,,Подготовка учителей физической культуры,34,GENERAL,46,52,47.1,11
2026,GENERAL,SHORT,B005,,Подготовка учителей физической культуры,35,GENERAL,48,51,49.5,2
2026,GENERAL,SHORT,B005,,Подготовка учителей физической культуры,36,GENERAL,46,56,49.2,11
2026,GENERAL,SHORT,B005,,Подготовка учителей физической культуры,40,GENERAL,48,48,48.0,1
2026,GENERAL,SHORT,B005,,Подготовка учителей физической культуры,122,GENERAL,48,51,49.5,2
2026,GENERAL,SHORT,B005,,Подготовка учителей физической культуры,143,GENERAL,49,49,49.0,1
2026,GENERAL,SHORT,B005,,Подготовка учителей физической культуры,153,GENERAL,48,50,49.0,2
2026,GENERAL,SHORT,B005,,Подготовка учителей физической культуры,153,RURAL,37,41,39.0,2
2026,GENERAL,SHORT,B005,,Подготовка учителей физической культуры,158,GENERAL,47,54,50.3,3
2026,GENERAL,SHORT,B005,,Подготовка учителей физической культуры,185,GENERAL,54,54,54.0,1
2026,GENERAL,SHORT,B005,,Подготовка учителей физической культуры,223,GENERAL,48,48,48.0,1
2026,GENERAL,SHORT,B005,,Подготовка учителей физической культуры,501,RURAL,36,36,36.0,1
2026,GENERAL,SHORT,B005,,Подготовка учителей физической культуры,517,GENERAL,46,58,49.6,14
2026,GENERAL,SHORT,B005,,Подготовка учителей физической культуры,527,GENERAL,45,53,48.8,13
2026,GENERAL,SHORT,B006,,Подготовка учителей музыки,7,GENERAL,48,48,48.0,2
2026,GENERAL,SHORT,B006,,Подготовка учителей музыки,11,GENERAL,49,55,52.0,2
2026,GENERAL,SHORT,B006,,Подготовка учителей музыки,40,GENERAL,46,55,50.6,7
2026,GENERAL,SHORT,B007,,Подготовка учителей художественного труда и черчения,7,GENERAL,44,44,44.0,1
2026,GENERAL,SHORT,B007,,Подготовка учителей художественного труда и черчения,16,GENERAL,49,55,52.3,3
2026,GENERAL,SHORT,B007,,Подготовка учителей художественного труда и черчения,25,GENERAL,45,48,46.5,2
2026,GENERAL,SHORT,B007,,Подготовка учителей художественного труда и черчения,34,GENERAL,47,47,47.0,1
2026,GENERAL,SHORT,B007,,Подготовка учителей художественного труда и черчения,35,GENERAL,45,45,45.0,1
2026,GENERAL,SHORT,B007,,Подготовка учителей художественного труда и черчения,36,GENERAL,43,54,47.9,7
2026,GENERAL,SHORT,B007,,Подготовка учителей художественного труда и черчения,42,GENERAL,44,47,45.5,2
2026,GENERAL,SHORT,B007,,Подготовка учителей художественного труда и черчения,45,GENERAL,44,44,44.0,1
2026,GENERAL,SHORT,B007,,Подготовка учителей художественного труда и черчения,196,GENERAL,45,50,47.5,2
2026,GENERAL,SHORT,B009,,Подготовка учителей математики,25,GENERAL,39,39,39.0,1
2026,GENERAL,SHORT,B009,,Подготовка учителей математики,198,GENERAL,54,57,55.5,2
2026,GENERAL,SHORT,B011,,Подготовка учителей информатики,3,GENERAL,36,36,36.0,1
2026,GENERAL,SHORT,B011,,Подготовка учителей информатики,11,GENERAL,40,40,40.0,1
2026,GENERAL,SHORT,B011,,Подготовка учителей информатики,25,GENERAL,39,42,40.3,3
2026,GENERAL,SHORT,B011,,Подготовка учителей информатики,34,GENERAL,37,48,42.1,8
2026,GENERAL,SHORT,B011,,Подготовка учителей информатики,35,GENERAL,35,45,38.2,4
2026,GENERAL,SHORT,B011,,Подготовка учителей информатики,36,GENERAL,35,41,37.6,8
2026,GENERAL,SHORT,B011,,Подготовка учителей информатики,43,GENERAL,35,46,40.5,2
2026,GENERAL,SHORT,B011,,Подготовка учителей информатики,158,GENERAL,48,48,48.0,1
2026,GENERAL,SHORT,B011,,Подготовка учителей информатики,173,GENERAL,35,41,38.0,2
2026,GENERAL,SHORT,B011,,Подготовка учителей информатики,185,GENERAL,35,53,42.3,18
2026,GENERAL,SHORT,B011,,Подготовка учителей информатики,196,GENERAL,39,39,39.0,1
2026,GENERAL,SHORT,B011,,Подготовка учителей информатики,223,GENERAL,49,49,49.0,1
2026,GENERAL,SHORT,B013,,Подготовка учителей биологии,3,GENERAL,41,41,41.0,1
2026,GENERAL,SHORT,B013,,Подготовка учителей биологии,43,GENERAL,38,38,38.0,1
2026,GENERAL,SHORT,B013,,Подготовка учителей биологии,223,GENERAL,44,44,44.0,1
2026,GENERAL,SHORT,B014,,Подготовка учителей географии,145,GENERAL,39,39,39.0,1
2026,GENERAL,SHORT,B015,,Подготовка учителей по гуманитарным предметам,43,GENERAL,38,38,38.0,1
2026,GENERAL,SHORT,B015,,Подготовка учителей по гуманитарным предметам,158,GENERAL,39,39,39.0,1
2026,GENERAL,SHORT,B016,,Подготовка учителей казахского языка и литературы,7,GENERAL,47,58,51.5,10
2026,GENERAL,SHORT,B016,,Подготовка учителей казахского языка и литературы,10,GENERAL,48,50,49.0,3
2026,GENERAL,SHORT,B016,,Подготовка учителей казахского языка и литературы,16,GENERAL,45,45,45.0,1
2026,GENERAL,SHORT,B016,,Подготовка учителей казахского языка и литературы,25,GENERAL,45,63,52.1,27
2026,GENERAL,SHORT,B016,,Подготовка учителей казахского языка и литературы,31,GENERAL,47,58,52.8,8
2026,GENERAL,SHORT,B016,,Подготовка учителей казахского языка и литературы,34,GENERAL,46,58,48.9,13
2026,GENERAL,SHORT,B016,,Подготовка учителей казахского языка и литературы,35,GENERAL,46,63,51.6,5
2026,GENERAL,SHORT,B016,,Подготовка учителей казахского языка и литературы,36,GENERAL,45,46,45.5,2
2026,GENERAL,SHORT,B016,,Подготовка учителей казахского языка и литературы,40,GENERAL,48,48,48.0,1
2026,GENERAL,SHORT,B016,,Подготовка учителей казахского языка и литературы,47,GENERAL,45,65,52.6,5
2026,GENERAL,SHORT,B016,,Подготовка учителей казахского языка и литературы,141,GENERAL,46,46,46.0,1
2026,GENERAL,SHORT,B016,,Подготовка учителей казахского языка и литературы,143,GENERAL,54,54,54.0,1
2026,GENERAL,SHORT,B016,,Подготовка учителей казахского языка и литературы,185,GENERAL,47,66,55.1,9
2026,GENERAL,SHORT,B016,,Подготовка учителей казахского языка и литературы,416,GENERAL,51,56,53.5,2
2026,GENERAL,SHORT,B016,,Подготовка учителей казахского языка и литературы,517,GENERAL,46,52,48.0,3
2026,GENERAL,SHORT,B017,,Подготовка учителей русского языка и литературы,3,GENERAL,47,47,47.0,1
2026,GENERAL,SHORT,B017,,Подготовка учителей русского языка и литературы,5,GENERAL,48,49,48.5,2
2026,GENERAL,SHORT,B017,,Подготовка учителей русского языка и литературы,11,GENERAL,46,54,49.8,4
2026,GENERAL,SHORT,B017,,Подготовка учителей русского языка и литературы,15,GENERAL,49,50,49.7,3
2026,GENERAL,SHORT,B017,,Подготовка учителей русского языка и литературы,16,GENERAL,47,47,47.0,1
2026,GENERAL,SHORT,B017,,Подготовка учителей русского языка и литературы,25,GENERAL,48,66,52.6,13
2026,GENERAL,SHORT,B017,,Подготовка учителей русского языка и литературы,34,GENERAL,46,61,54.3,11
2026,GENERAL,SHORT,B017,,Подготовка учителей русского языка и литературы,35,GENERAL,46,56,50.6,5
2026,GENERAL,SHORT,B017,,Подготовка учителей русского языка и литературы,36,GENERAL,53,53,53.0,1
2026,GENERAL,SHORT,B017,,Подготовка учителей русского языка и литературы,40,GENERAL,47,63,54.7,7
2026,GENERAL,SHORT,B017,,Подготовка учителей русского языка и литературы,42,GENERAL,47,47,47.0,1
2026,GENERAL,SHORT,B017,,Подготовка учителей русского языка и литературы,198,GENERAL,53,53,53.0,1
2026,GENERAL,SHORT,B017,,Подготовка учителей русского языка и литературы,517,GENERAL,47,61,53.4,5
2026,GENERAL,SHORT,B018,,Подготовка учителей иностранного языка,3,RURAL,40,40,40.0,1
2026,GENERAL,SHORT,B018,,Подготовка учителей иностранного языка,5,GENERAL,46,54,49.7,3
2026,GENERAL,SHORT,B018,,Подготовка учителей иностранного языка,7,GENERAL,46,66,57.2,26
2026,GENERAL,SHORT,B018,,Подготовка учителей иностранного языка,10,GENERAL,46,53,48.5,6
2026,GENERAL,SHORT,B018,,Подготовка учителей иностранного языка,11,GENERAL,45,53,48.3,6
2026,GENERAL,SHORT,B018,,Подготовка учителей иностранного языка,14,GENERAL,47,47,47.0,1
2026,GENERAL,SHORT,B018,,Подготовка учителей иностранного языка,16,GENERAL,47,54,50.0,3
2026,GENERAL,SHORT,B018,,Подготовка учителей иностранного языка,23,GENERAL,46,67,55.4,50
2026,GENERAL,SHORT,B018,,Подготовка учителей иностранного языка,23,RURAL,44,44,44.0,1
2026,GENERAL,SHORT,B018,,Подготовка учителей иностранного языка,25,GENERAL,45,69,54.9,64
2026,GENERAL,SHORT,B018,,Подготовка учителей иностранного языка,25,RURAL,42,42,42.0,1
2026,GENERAL,SHORT,B018,,Подготовка учителей иностранного языка,31,GENERAL,45,67,51.0,21
2026,GENERAL,SHORT,B018,,Подготовка учителей иностранного языка,34,GENERAL,47,66,58.7,18
2026,GENERAL,SHORT,B018,,Подготовка учителей иностранного языка,35,GENERAL,45,68,52.1,22
2026,GENERAL,SHORT,B018,,Подготовка учителей иностранного языка,36,GENERAL,45,65,51.8,24
2026,GENERAL,SHORT,B018,,Подготовка учителей иностранного языка,40,GENERAL,47,56,50.3,6
2026,GENERAL,SHORT,B018,,Подготовка учителей иностранного языка,42,GENERAL,46,63,56.0,3
2026,GENERAL,SHORT,B018,,Подготовка учителей иностранного языка,43,GENERAL,48,57,51.5,4
2026,GENERAL,SHORT,B018,,Подготовка учителей иностранного языка,47,GENERAL,48,56,50.8,4
2026,GENERAL,SHORT,B018,,Подготовка учителей иностранного языка,116,GENERAL,47,53,49.8,5
2026,GENERAL,SHORT,B018,,Подготовка учителей иностранного языка,141,GENERAL,46,63,54.5,2
2026,GENERAL,SHORT,B018,,Подготовка учителей иностранного языка,153,GENERAL,46,69,57.7,3
2026,GENERAL,SHORT,B018,,Подготовка учителей иностранного языка,185,GENERAL,45,69,55.1,114
2026,GENERAL,SHORT,B018,,Подготовка учителей иностранного языка,185,RURAL,42,42,42.0,1
2026,GENERAL,SHORT,B018,,Подготовка учителей иностранного языка,223,GENERAL,50,50,50.0,1
2026,GENERAL,SHORT,B018,,Подготовка учителей иностранного языка,517,GENERAL,46,66,53.6,12
2026,GENERAL,SHORT,B020,,Специальная педагогика,25,GENERAL,38,50,42.4,5
2026,GENERAL,SHORT,B020,,Специальная педагогика,31,GENERAL,41,50,45.3,3
2026,GENERAL,SHORT,B020,,Специальная педагогика,36,GENERAL,35,35,35.0,1
2026,GENERAL,SHORT,B020,,Специальная педагогика,196,GENERAL,40,40,40.0,1
2026,GENERAL,SHORT,B027,,Театральное искусство,93,GENERAL,29,35,32.0,2
2026,GENERAL,SHORT,B028,,Хореография,25,GENERAL,46,47,46.5,2
2026,GENERAL,SHORT,B028,,Хореография,34,GENERAL,44,45,44.7,3
2026,GENERAL,SHORT,B029,,Аудиовизуальные средства и медиа производство,7,GENERAL,43,52,45.9,9
2026,GENERAL,SHORT,B029,,Аудиовизуальные средства и медиа производство,93,GENERAL,49,49,49.0,1
2026,GENERAL,SHORT,B030,,Изобразительное искусство,45,GENERAL,35,40,38.0,5
2026,GENERAL,SHORT,B031,,"Мода, дизайн",22,GENERAL,52,63,56.2,20
2026,GENERAL,SHORT,B031,,"Мода, дизайн",184,GENERAL,54,55,54.5,2
2026,GENERAL,SHORT,B033,,Религия и теология,37,RURAL,50,50,50.0,1
2026,GENERAL,SHORT,B033,,Религия и теология,503,GENERAL,54,64,57.6,22
2026,GENERAL,SHORT,B033,,Религия и теология,503,RURAL,50,53,51.6,10
2026,GENERAL,SHORT,B036,,Переводческое дело,23,GENERAL,54,67,59.9,24
2026,GENERAL,SHORT,B036,,Переводческое дело,47,GENERAL,65,65,65.0,1
2026,GENERAL,SHORT,B036,,Переводческое дело,93,GENERAL,60,65,62.2,4
2026,GENERAL,SHORT,B036,,Переводческое дело,184,GENERAL,53,67,60.0,13
2026,GENERAL,SHORT,B036,,Переводческое дело,198,GENERAL,56,56,56.0,1
2026,GENERAL,SHORT,B040,,Политология,38,GENERAL,49,49,49.0,1
2026,GENERAL,SHORT,B041,,Психология,11,GENERAL,25,25,25.0,1
2026,GENERAL,SHORT,B041,,Психология,25,GENERAL,26,39,33.2,4
2026,GENERAL,SHORT,B041,,Психология,38,GENERAL,28,33,30.2,4
2026,GENERAL,SHORT,B041,,Психология,79,GENERAL,27,41,34.0,2
2026,GENERAL,SHORT,B041,,Психология,93,GENERAL,25,43,32.0,3
2026,GENERAL,SHORT,B041,,Психология,146,GENERAL,35,35,35.0,1
2026,GENERAL,SHORT,B041,,Психология,153,GENERAL,28,29,28.5,2
2026,GENERAL,SHORT,B041,,Психология,184,GENERAL,26,41,34.8,5
2026,GENERAL,SHORT,B041,,Психология,198,GENERAL,27,28,27.5,2
2026,GENERAL,SHORT,B042,,Журналистика и репортерское дело,83,GENERAL,68,68,68.0,1
2026,GENERAL,SHORT,B043,,"Библиотечное дело, обработка информации и архивное дело",25,GENERAL,30,30,30.0,1
2026,GENERAL,SHORT,B050,,Биологические и смежные науки,24,GENERAL,30,30,30.0,1
2026,GENERAL,SHORT,B051,,Окружающая среда,24,GENERAL,30,30,30.0,1
2026,GENERAL,SHORT,B052,,Наука о земле,501,GENERAL,26,26,26.0,1
2026,GENERAL,SHORT,B057,,Информационные технологии,2,GENERAL,37,47,40.6,14
2026,GENERAL,SHORT,B057,,Информационные технологии,3,GENERAL,37,45,41.0,2
2026,GENERAL,SHORT,B057,,Информационные технологии,5,GENERAL,39,45,42.0,2
2026,GENERAL,SHORT,B057,,Информационные технологии,9,GENERAL,38,49,44.0,4
2026,GENERAL,SHORT,B057,,Информационные технологии,11,GENERAL,39,39,39.0,1
2026,GENERAL,SHORT,B057,,Информационные технологии,12,GENERAL,36,56,42.8,17
2026,GENERAL,SHORT,B057,,Информационные технологии,15,GENERAL,38,43,39.8,4
2026,GENERAL,SHORT,B057,,Информационные технологии,19,GENERAL,38,43,40.5,2
2026,GENERAL,SHORT,B057,,Информационные технологии,24,GENERAL,44,44,44.0,1
2026,GENERAL,SHORT,B057,,Информационные технологии,25,GENERAL,39,44,42.0,4
2026,GENERAL,SHORT,B057,,Информационные технологии,29,GENERAL,36,54,43.1,67
2026,GENERAL,SHORT,B057,,Информационные технологии,31,GENERAL,41,41,41.0,2
2026,GENERAL,SHORT,B057,,Информационные технологии,32,GENERAL,36,58,43.4,17
2026,GENERAL,SHORT,B057,,Информационные технологии,33,GENERAL,43,44,43.5,2
2026,GENERAL,SHORT,B057,,Информационные технологии,35,GENERAL,43,43,43.0,1
2026,GENERAL,SHORT,B057,,Информационные технологии,36,GENERAL,36,60,42.8,4
2026,GENERAL,SHORT,B057,,Информационные технологии,38,GENERAL,36,52,41.8,24
2026,GENERAL,SHORT,B057,,Информационные технологии,40,GENERAL,36,38,37.0,2
2026,GENERAL,SHORT,B057,,Информационные технологии,43,GENERAL,39,41,40.0,2
2026,GENERAL,SHORT,B057,,Информационные технологии,45,GENERAL,38,60,44.5,4
2026,GENERAL,SHORT,B057,,Информационные технологии,49,GENERAL,39,53,46.0,2
2026,GENERAL,SHORT,B057,,Информационные технологии,49,RURAL,35,35,35.0,1
2026,GENERAL,SHORT,B057,,Информационные технологии,53,GENERAL,36,43,41.0,4
2026,GENERAL,SHORT,B057,,Информационные технологии,57,GENERAL,36,57,42.2,11
2026,GENERAL,SHORT,B057,,Информационные технологии,69,GENERAL,45,45,45.0,1
2026,GENERAL,SHORT,B057,,Информационные технологии,79,GENERAL,42,50,44.7,3
2026,GENERAL,SHORT,B057,,Информационные технологии,83,GENERAL,37,48,42.3,7
2026,GENERAL,SHORT,B057,,Информационные технологии,93,GENERAL,37,42,39.5,2
2026,GENERAL,SHORT,B057,,Информационные технологии,122,GENERAL,36,44,39.4,10
2026,GENERAL,SHORT,B057,,Информационные технологии,140,GENERAL,50,50,50.0,1
2026,GENERAL,SHORT,B057,,Информационные технологии,141,GENERAL,38,43,40.5,2
2026,GENERAL,SHORT,B057,,Информационные технологии,146,GENERAL,41,41,41.0,1
2026,GENERAL,SHORT,B057,,Информационные технологии,147,GENERAL,41,41,41.0,1
2026,GENERAL,SHORT,B057,,Информационные технологии,153,GENERAL,37,59,48.0,2
2026,GENERAL,SHORT,B057,,Информационные технологии,160,GENERAL,38,41,40.0,4
2026,GENERAL,SHORT,B057,,Информационные технологии,162,GENERAL,37,42,38.7,3
2026,GENERAL,SHORT,B057,,Информационные технологии,173,GENERAL,37,50,41.3,12
2026,GENERAL,SHORT,B057,,Информационные технологии,182,GENERAL,36,49,40.6,19
2026,GENERAL,SHORT,B057,,Информационные технологии,184,GENERAL,37,55,43.1,17
2026,GENERAL,SHORT,B057,,Информационные технологии,185,GENERAL,36,56,42.2,59
2026,GENERAL,SHORT,B057,,Информационные технологии,190,GENERAL,36,57,41.4,79
2026,GENERAL,SHORT,B057,,Информационные технологии,198,GENERAL,37,49,44.0,3
2026,GENERAL,SHORT,B057,,Информационные технологии,223,GENERAL,39,50,45.8,5
2026,GENERAL,SHORT,B057,,Информационные технологии,302,GENERAL,45,57,48.9,37
2026,GENERAL,SHORT,B057,,Информационные технологии,501,GENERAL,37,37,37.0,1
2026,GENERAL,SHORT,B057,,Информационные технологии,522,GENERAL,45,62,50.0,49
2026,GENERAL,SHORT,B058,,Информационная безопасность,9,GENERAL,32,32,32.0,1
2026,GENERAL,SHORT,B058,,Информационная безопасность,19,GENERAL,25,39,29.2,17
2026,GENERAL,SHORT,B058,,Информационная безопасность,29,GENERAL,25,50,33.6,87
2026,GENERAL,SHORT,B058,,Информационная безопасность,32,GENERAL,25,52,32.3,19
2026,GENERAL,SHORT,B058,,Информационная безопасность,34,GENERAL,25,41,29.8,23
2026,GENERAL,SHORT,B058,,Информационная безопасность,57,GENERAL,25,36,29.1,12
2026,GENERAL,SHORT,B058,,Информационная безопасность,190,GENERAL,25,54,35.5,41
2026,GENERAL,SHORT,B058,,Информационная безопасность,522,GENERAL,47,55,49.8,6
2026,GENERAL,SHORT,B059,,Коммуникации и коммуникационные технологии,2,GENERAL,27,48,35.0,3
2026,GENERAL,SHORT,B059,,Коммуникации и коммуникационные технологии,19,GENERAL,25,27,26.0,2
2026,GENERAL,SHORT,B059,,Коммуникации и коммуникационные технологии,29,GENERAL,29,36,33.3,3
2026,GENERAL,SHORT,B059,,Коммуникации и коммуникационные технологии,32,GENERAL,26,26,26.0,1
2026,GENERAL,SHORT,B059,,Коммуникации и коммуникационные технологии,38,GENERAL,25,31,28.0,2
2026,GENERAL,SHORT,B059,,Коммуникации и коммуникационные технологии,43,GENERAL,26,26,26.0,1
2026,GENERAL,SHORT,B059,,Коммуникации и коммуникационные технологии,45,GENERAL,26,26,26.0,1
2026,GENERAL,SHORT,B059,,Коммуникации и коммуникационные технологии,57,GENERAL,27,41,32.6,14
2026,GENERAL,SHORT,B059,,Коммуникации и коммуникационные технологии,93,GENERAL,26,26,26.0,1
2026,GENERAL,SHORT,B059,,Коммуникации и коммуникационные технологии,162,GENERAL,27,27,27.0,1
2026,GENERAL,SHORT,B059,,Коммуникации и коммуникационные технологии,190,GENERAL,25,54,37.3,3
2026,GENERAL,SHORT,B060,,Химическая инженерия и процессы,3,GENERAL,25,27,26.3,3
2026,GENERAL,SHORT,B060,,Химическая инженерия и процессы,9,GENERAL,25,27,25.7,3
2026,GENERAL,SHORT,B060,,Химическая инженерия и процессы,29,GENERAL,31,40,35.5,2
2026,GENERAL,SHORT,B060,,Химическая инженерия и процессы,33,GENERAL,28,28,28.0,1
2026,GENERAL,SHORT,B060,,Химическая инженерия и процессы,38,GENERAL,25,32,28.3,23
2026,GENERAL,SHORT,B060,,Химическая инженерия и процессы,43,GENERAL,32,32,32.0,1
2026,GENERAL,SHORT,B060,,Химическая инженерия и процессы,45,GENERAL,26,31,28.5,2
2026,GENERAL,SHORT,B060,,Химическая инженерия и процессы,146,GENERAL,25,28,26.5,2
2026,GENERAL,SHORT,B060,,Химическая инженерия и процессы,182,GENERAL,30,30,30.0,1
2026,GENERAL,SHORT,B061,,Материаловедение и технологии,32,GENERAL,28,28,28.0,1
2026,GENERAL,SHORT,B062,,Электротехника и электроэнергетика,2,GENERAL,30,41,34.7,13
2026,GENERAL,SHORT,B062,,Электротехника и электроэнергетика,9,GENERAL,30,42,33.9,12
2026,GENERAL,SHORT,B062,,Электротехника и электроэнергетика,12,GENERAL,31,45,36.1,13
2026,GENERAL,SHORT,B062,,Электротехника и электроэнергетика,14,GENERAL,30,31,30.5,2
2026,GENERAL,SHORT,B062,,Электротехника и электроэнергетика,19,GENERAL,31,36,33.8,4
2026,GENERAL,SHORT,B062,,Электротехника и электроэнергетика,29,GENERAL,31,55,39.6,13
2026,GENERAL,SHORT,B062,,Электротехника и электроэнергетика,32,GENERAL,31,39,33.0,7
2026,GENERAL,SHORT,B062,,Электротехника и электроэнергетика,33,GENERAL,35,40,36.8,4
2026,GENERAL,SHORT,B062,,Электротехника и электроэнергетика,34,GENERAL,31,38,33.7,3
2026,GENERAL,SHORT,B062,,Электротехника и электроэнергетика,36,GENERAL,31,39,34.8,6
2026,GENERAL,SHORT,B062,,Электротехника и электроэнергетика,38,GENERAL,35,41,37.5,6
2026,GENERAL,SHORT,B062,,Электротехника и электроэнергетика,39,GENERAL,33,49,41.0,5
2026,GENERAL,SHORT,B062,,Электротехника и электроэнергетика,40,GENERAL,38,55,43.7,3
2026,GENERAL,SHORT,B062,,Электротехника и электроэнергетика,45,GENERAL,33,33,33.0,1
2026,GENERAL,SHORT,B062,,Электротехника и электроэнергетика,53,GENERAL,30,30,30.0,1
2026,GENERAL,SHORT,B062,,Электротехника и электроэнергетика,57,GENERAL,30,48,35.9,20
2026,GENERAL,SHORT,B062,,Электротехника и электроэнергетика,140,GENERAL,33,36,34.7,3
2026,GENERAL,SHORT,B062,,Электротехника и электроэнергетика,145,GENERAL,37,37,37.0,1
2026,GENERAL,SHORT,B062,,Электротехника и электроэнергетика,146,GENERAL,30,39,33.6,10
2026,GENERAL,SHORT,B062,,Электротехника и электроэнергетика,147,GENERAL,32,35,33.5,2
2026,GENERAL,SHORT,B062,,Электротехника и электроэнергетика,182,GENERAL,33,33,33.0,1
2026,GENERAL,SHORT,B062,,Электротехника и электроэнергетика,198,GENERAL,30,38,33.7,10
2026,GENERAL,SHORT,B062,,Электротехника и электроэнергетика,501,GENERAL,38,38,38.0,1
2026,GENERAL,SHORT,B062,,Электротехника и электроэнергетика,522,GENERAL,39,39,39.0,1
2026,GENERAL,SHORT,B063,,Электротехника и автоматизация,2,GENERAL,31,46,36.7,3
2026,GENERAL,SHORT,B063,,Электротехника и автоматизация,3,GENERAL,30,30,30.0,1
2026,GENERAL,SHORT,B063,,Электротехника и автоматизация,9,GENERAL,31,40,35.7,6
2026,GENERAL,SHORT,B063,,Электротехника и автоматизация,12,GENERAL,30,50,36.9,8
2026,GENERAL,SHORT,B063,,Электротехника и автоматизация,14,GENERAL,31,31,31.0,1
2026,GENERAL,SHORT,B063,,Электротехника и автоматизация,29,GENERAL,31,51,37.3,15
2026,GENERAL,SHORT,B063,,Электротехника и автоматизация,32,GENERAL,34,44,39.0,5
2026,GENERAL,SHORT,B063,,Электротехника и автоматизация,38,GENERAL,33,48,42.8,6
2026,GENERAL,SHORT,B063,,Электротехника и автоматизация,39,GENERAL,31,45,38.0,2
2026,GENERAL,SHORT,B063,,Электротехника и автоматизация,45,GENERAL,37,50,43.5,2
2026,GENERAL,SHORT,B063,,Электротехника и автоматизация,49,GENERAL,34,36,35.0,3
2026,GENERAL,SHORT,B063,,Электротехника и автоматизация,53,GENERAL,38,38,38.0,1
2026,GENERAL,SHORT,B063,,Электротехника и автоматизация,57,GENERAL,30,46,37.1,18
2026,GENERAL,SHORT,B063,,Электротехника и автоматизация,140,GENERAL,38,48,42.7,3
2026,GENERAL,SHORT,B063,,Электротехника и автоматизация,182,GENERAL,32,32,32.0,1
2026,GENERAL,SHORT,B063,,Электротехника и автоматизация,522,GENERAL,45,47,46.0,2
2026,GENERAL,SHORT,B064,,Механика и металлообработка,9,GENERAL,29,29,29.0,1
2026,GENERAL,SHORT,B064,,Механика и металлообработка,12,GENERAL,31,39,33.9,8
2026,GENERAL,SHORT,B064,,Механика и металлообработка,19,GENERAL,32,32,32.0,1
2026,GENERAL,SHORT,B064,,Механика и металлообработка,29,GENERAL,33,45,38.2,4
2026,GENERAL,SHORT,B064,,Механика и металлообработка,32,GENERAL,30,38,33.0,6
2026,GENERAL,SHORT,B064,,Механика и металлообработка,33,GENERAL,28,45,34.5,6
2026,GENERAL,SHORT,B064,,Механика и металлообработка,35,GENERAL,37,41,39.0,2
2026,GENERAL,SHORT,B064,,Механика и металлообработка,36,GENERAL,31,39,34.7,3
2026,GENERAL,SHORT,B064,,Механика и металлообработка,38,GENERAL,31,40,33.5,4
2026,GENERAL,SHORT,B064,,Механика и металлообработка,40,GENERAL,28,37,33.2,4
2026,GENERAL,SHORT,B064,,Механика и металлообработка,140,GENERAL,28,35,32.0,4
2026,GENERAL,SHORT,B064,,Механика и металлообработка,147,GENERAL,32,39,36.3,3
2026,GENERAL,SHORT,B064,,Механика и металлообработка,160,GENERAL,28,36,32.7,3
2026,GENERAL,SHORT,B064,,Механика и металлообработка,182,GENERAL,31,31,31.0,1
2026,GENERAL,SHORT,B065,,Транспортная техника и технологии,2,GENERAL,30,38,32.4,7
2026,GENERAL,SHORT,B065,,Транспортная техника и технологии,12,GENERAL,30,35,32.3,10
2026,GENERAL,SHORT,B065,,Транспортная техника и технологии,19,GENERAL,30,38,33.6,5
2026,GENERAL,SHORT,B065,,Транспортная техника и технологии,32,GENERAL,30,41,35.7,7
2026,GENERAL,SHORT,B065,,Транспортная техника и технологии,33,GENERAL,30,30,30.0,1
2026,GENERAL,SHORT,B065,,Транспортная техника и технологии,34,GENERAL,30,30,30.0,1
2026,GENERAL,SHORT,B065,,Транспортная техника и технологии,36,GENERAL,30,42,34.2,5
2026,GENERAL,SHORT,B065,,Транспортная техника и технологии,38,GENERAL,31,37,33.9,7
2026,GENERAL,SHORT,B065,,Транспортная техника и технологии,40,GENERAL,34,34,34.0,2
2026,GENERAL,SHORT,B065,,Транспортная техника и технологии,45,GENERAL,31,33,32.0,2
2026,GENERAL,SHORT,B065,,Транспортная техника и технологии,78,GENERAL,32,39,35.0,4
2026,GENERAL,SHORT,B065,,Транспортная техника и технологии,140,GENERAL,31,31,31.0,1
2026,GENERAL,SHORT,B065,,Транспортная техника и технологии,147,GENERAL,33,43,37.3,3
2026,GENERAL,SHORT,B065,,Транспортная техника и технологии,160,GENERAL,35,35,35.0,1
2026,GENERAL,SHORT,B065,,Транспортная техника и технологии,162,GENERAL,31,31,31.0,1
2026,GENERAL,SHORT,B065,,Транспортная техника и технологии,198,GENERAL,33,33,33.0,1
2026,GENERAL,SHORT,B066,,Морской транспорт и технологии,3,GENERAL,35,35,35.0,1
2026,GENERAL,SHORT,B067,,Воздушный транспорт и технологии,157,GENERAL,30,47,35.8,65
2026,GENERAL,SHORT,B068,,Производство продуктов питания,36,GENERAL,26,40,31.8,5
2026,GENERAL,SHORT,B068,,Производство продуктов питания,38,GENERAL,39,39,39.0,1
2026,GENERAL,SHORT,B068,,Производство продуктов питания,45,GENERAL,27,31,29.0,2
2026,GENERAL,SHORT,B068,,Производство продуктов питания,49,GENERAL,26,35,31.6,9
2026,GENERAL,SHORT,B068,,Производство продуктов питания,53,GENERAL,25,43,30.7,26
2026,GENERAL,SHORT,B068,,Производство продуктов питания,122,GENERAL,27,37,30.7,3
2026,GENERAL,SHORT,B068,,Производство продуктов питания,146,GENERAL,29,36,31.8,4
2026,GENERAL,SHORT,B068,,Производство продуктов питания,182,GENERAL,27,36,31.3,9
2026,GENERAL,SHORT,B068,,Производство продуктов питания,198,GENERAL,27,27,27.0,1
2026,GENERAL,SHORT,B070,,"Текстиль: одежда, обувь и кожаные изделия",53,GENERAL,26,38,31.4,7
2026,GENERAL,SHORT,B070,,"Текстиль: одежда, обувь и кожаные изделия",182,GENERAL,25,38,31.6,5
2026,GENERAL,SHORT,B071,,Горное дело и добыча полезных ископаемых,12,GENERAL,30,30,30.0,1
2026,GENERAL,SHORT,B071,,Горное дело и добыча полезных ископаемых,14,GENERAL,26,36,30.6,7
2026,GENERAL,SHORT,B071,,Горное дело и добыча полезных ископаемых,32,GENERAL,25,33,27.5,10
2026,GENERAL,SHORT,B071,,Горное дело и добыча полезных ископаемых,147,GENERAL,32,35,33.5,2
2026,GENERAL,SHORT,B072,,Технология фармацевтического производства,33,GENERAL,40,47,43.5,2
2026,GENERAL,SHORT,B073,,Архитектура,12,GENERAL,37,37,37.0,1
2026,GENERAL,SHORT,B073,,Архитектура,22,GENERAL,30,64,43.0,169
2026,GENERAL,SHORT,B073,,Архитектура,29,GENERAL,32,50,39.4,23
2026,GENERAL,SHORT,B073,,Архитектура,32,GENERAL,31,45,38.6,8
2026,GENERAL,SHORT,B073,,Архитектура,38,GENERAL,37,44,40.0,4
2026,GENERAL,SHORT,B073,,Архитектура,45,GENERAL,33,45,39.7,10
2026,GENERAL,SHORT,B073,,Архитектура,79,GENERAL,31,44,38.8,10
2026,GENERAL,SHORT,B073,,Архитектура,529,GENERAL,36,36,36.0,1
2026,GENERAL,SHORT,B074,,"Градостроительство, строительные работы и гражданское строительство",9,GENERAL,36,36,36.0,1
2026,GENERAL,SHORT,B074,,"Градостроительство, строительные работы и гражданское строительство",12,GENERAL,31,39,34.1,10
2026,GENERAL,SHORT,B074,,"Градостроительство, строительные работы и гражданское строительство",19,GENERAL,33,34,33.3,3
2026,GENERAL,SHORT,B074,,"Градостроительство, строительные работы и гражданское строительство",22,GENERAL,30,43,34.2,44
2026,GENERAL,SHORT,B074,,"Градостроительство, строительные работы и гражданское строительство",29,GENERAL,31,40,33.7,9
2026,GENERAL,SHORT,B074,,"Градостроительство, строительные работы и гражданское строительство",32,GENERAL,30,43,34.4,15
2026,GENERAL,SHORT,B074,,"Градостроительство, строительные работы и гражданское строительство",33,GENERAL,30,41,34.1,8
2026,GENERAL,SHORT,B074,,"Градостроительство, строительные работы и гражданское строительство",34,GENERAL,32,39,34.3,6
2026,GENERAL,SHORT,B074,,"Градостроительство, строительные работы и гражданское строительство",35,GENERAL,35,35,35.0,1
2026,GENERAL,SHORT,B074,,"Градостроительство, строительные работы и гражданское строительство",38,GENERAL,31,41,34.8,9
2026,GENERAL,SHORT,B074,,"Градостроительство, строительные работы и гражданское строительство",39,GENERAL,36,45,40.5,2
2026,GENERAL,SHORT,B074,,"Градостроительство, строительные работы и гражданское строительство",45,GENERAL,31,35,32.8,6
2026,GENERAL,SHORT,B074,,"Градостроительство, строительные работы и гражданское строительство",78,GENERAL,32,33,32.5,2
2026,GENERAL,SHORT,B074,,"Градостроительство, строительные работы и гражданское строительство",79,GENERAL,31,34,32.3,3
2026,GENERAL,SHORT,B074,,"Градостроительство, строительные работы и гражданское строительство",198,GENERAL,30,50,36.8,5
2026,GENERAL,SHORT,B074,,"Градостроительство, строительные работы и гражданское строительство",501,GENERAL,30,38,33.2,6
2026,GENERAL,SHORT,B074,,"Градостроительство, строительные работы и гражданское строительство",529,GENERAL,31,31,31.0,1
2026,GENERAL,SHORT,B075,,Кадастр и землеустройство,19,GENERAL,25,36,30.5,2
2026,GENERAL,SHORT,B075,,Кадастр и землеустройство,24,GENERAL,27,27,27.0,1
2026,GENERAL,SHORT,B075,,Кадастр и землеустройство,529,GENERAL,26,28,27.0,2
2026,GENERAL,SHORT,B076,,"Стандартизация, сертификация и метрология (по отраслям)",29,GENERAL,25,29,27.3,3
2026,GENERAL,SHORT,B076,,"Стандартизация, сертификация и метрология (по отраслям)",36,GENERAL,25,33,29.0,2
2026,GENERAL,SHORT,B076,,"Стандартизация, сертификация и метрология (по отраслям)",38,GENERAL,26,42,31.7,3
2026,GENERAL,SHORT,B076,,"Стандартизация, сертификация и метрология (по отраслям)",49,GENERAL,33,33,33.0,1
2026,GENERAL,SHORT,B076,,"Стандартизация, сертификация и метрология (по отраслям)",53,GENERAL,29,29,29.0,1
2026,GENERAL,SHORT,B076,,"Стандартизация, сертификация и метрология (по отраслям)",122,GENERAL,29,35,31.8,4
2026,GENERAL,SHORT,B077,,Растениеводство,24,GENERAL,25,31,27.3,3
2026,GENERAL,SHORT,B077,,Растениеводство,45,GENERAL,27,29,28.0,2
2026,GENERAL,SHORT,B079,,Лесное хозяйство,2,GENERAL,30,33,31.3,3
2026,GENERAL,SHORT,B079,,Лесное хозяйство,24,GENERAL,25,35,29.1,9
2026,GENERAL,SHORT,B083,,Ветеринария,24,GENERAL,25,45,34.5,22
2026,GENERAL,SHORT,B083,,Ветеринария,36,GENERAL,25,46,33.5,11
2026,GENERAL,SHORT,B083,,Ветеринария,38,GENERAL,37,43,39.7,3
2026,GENERAL,SHORT,B083,,Ветеринария,45,GENERAL,26,45,33.3,7
2026,GENERAL,SHORT,B083,,Ветеринария,501,GENERAL,25,42,30.8,8
2026,GENERAL,SHORT,B091,,Туризм,20,GENERAL,34,39,36.5,2
2026,GENERAL,SHORT,B091,,Туризм,23,GENERAL,38,44,40.8,4
2026,GENERAL,SHORT,B091,,Туризм,38,GENERAL,41,47,44.0,2
2026,GENERAL,SHORT,B091,,Туризм,49,GENERAL,33,38,35.5,2
2026,GENERAL,SHORT,B091,,Туризм,53,GENERAL,32,37,33.8,5
2026,GENERAL,SHORT,B091,,Туризм,69,GENERAL,35,45,38.2,9
2026,GENERAL,SHORT,B091,,Туризм,83,GENERAL,34,44,37.3,6
2026,GENERAL,SHORT,B091,,Туризм,93,GENERAL,37,45,41.0,4
2026,GENERAL,SHORT,B091,,Туризм,122,GENERAL,39,39,39.0,1
2026,GENERAL,SHORT,B091,,Туризм,160,GENERAL,33,46,39.5,2
2026,GENERAL,SHORT,B091,,Туризм,173,GENERAL,32,51,39.9,10
2026,GENERAL,SHORT,B091,,Туризм,182,GENERAL,34,40,36.8,9
2026,GENERAL,SHORT,B091,,Туризм,184,GENERAL,33,41,38.2,5
2026,GENERAL,SHORT,B092,,Досуг,16,GENERAL,49,49,49.0,1
2026,GENERAL,SHORT,B092,,Досуг,40,GENERAL,40,40,40.0,1
2026,GENERAL,SHORT,B093,,Ресторанное дело и гостиничный бизнес,3,GENERAL,36,36,36.0,1
2026,GENERAL,SHORT,B093,,Ресторанное дело и гостиничный бизнес,23,GENERAL,45,45,45.0,1
2026,GENERAL,SHORT,B093,,Ресторанное дело и гостиничный бизнес,38,GENERAL,45,45,45.0,1
2026,GENERAL,SHORT,B093,,Ресторанное дело и гостиничный бизнес,43,GENERAL,37,46,41.5,2
2026,GENERAL,SHORT,B093,,Ресторанное дело и гостиничный бизнес,53,GENERAL,38,48,42.6,5
2026,GENERAL,SHORT,B093,,Ресторанное дело и гостиничный бизнес,69,GENERAL,45,49,47.0,3
2026,GENERAL,SHORT,B093,,Ресторанное дело и гостиничный бизнес,83,GENERAL,42,55,48.7,3
2026,GENERAL,SHORT,B093,,Ресторанное дело и гостиничный бизнес,93,GENERAL,35,35,35.0,1
2026,GENERAL,SHORT,B093,,Ресторанное дело и гостиничный бизнес,122,GENERAL,36,46,40.2,5
2026,GENERAL,SHORT,B093,,Ресторанное дело и гостиничный бизнес,160,GENERAL,45,51,48.0,2
2026,GENERAL,SHORT,B093,,Ресторанное дело и гостиничный бизнес,182,GENERAL,32,56,39.6,17
2026,GENERAL,SHORT,B093,,Ресторанное дело и гостиничный бизнес,184,GENERAL,32,57,43.7,10
2026,GENERAL,SHORT,B095,,Транспортные услуги,2,GENERAL,33,38,35.0,3
2026,GENERAL,SHORT,B095,,Транспортные услуги,19,GENERAL,32,46,35.0,19
2026,GENERAL,SHORT,B095,,Транспортные услуги,29,GENERAL,35,35,35.0,1
2026,GENERAL,SHORT,B095,,Транспортные услуги,38,GENERAL,38,38,38.0,1
2026,GENERAL,SHORT,B095,,Транспортные услуги,45,GENERAL,33,33,33.0,1
2026,GENERAL,SHORT,B095,,Транспортные услуги,69,GENERAL,35,35,35.0,1
2026,GENERAL,SHORT,B095,,Транспортные услуги,93,GENERAL,32,32,32.0,1
2026,GENERAL,SHORT,B095,,Транспортные услуги,140,GENERAL,35,35,35.0,1
2026,GENERAL,SHORT,B095,,Транспортные услуги,146,GENERAL,32,38,34.6,5
2026,GENERAL,SHORT,B095,,Транспортные услуги,147,GENERAL,33,33,33.0,1
2026,GENERAL,SHORT,B095,,Транспортные услуги,157,GENERAL,33,45,36.6,22
2026,GENERAL,SHORT,B126,,Транспортное строительство,19,GENERAL,26,26,26.0,1
2026,GENERAL,SHORT,B126,,Транспортное строительство,38,GENERAL,27,27,27.0,1
2026,GENERAL,SHORT,B126,,Транспортное строительство,78,GENERAL,25,30,27.4,5
2026,GENERAL,SHORT,B126,,Транспортное строительство,162,GENERAL,30,30,30.0,1
2026,GENERAL,SHORT,B162,,Теплоэнергетика,24,GENERAL,30,30,30.0,1
2026,GENERAL,SHORT,B162,,Теплоэнергетика,32,GENERAL,30,39,35.3,7
2026,GENERAL,SHORT,B162,,Теплоэнергетика,38,GENERAL,28,28,28.0,1
2026,GENERAL,SHORT,B162,,Теплоэнергетика,57,GENERAL,25,37,29.7,11
2026,GENERAL,SHORT,B162,,Теплоэнергетика,147,GENERAL,26,36,30.0,3
2026,GENERAL,SHORT,B166,,Транспортные сооружения,19,GENERAL,29,29,29.0,1
2026,GENERAL,SHORT,B166,,Транспортные сооружения,29,GENERAL,29,30,29.5,2
2026,GENERAL,SHORT,B171,,Металлургия,12,GENERAL,25,33,28.8,4
2026,GENERAL,SHORT,B171,,Металлургия,32,GENERAL,31,37,34.0,2
2026,GENERAL,SHORT,B171,,Металлургия,33,GENERAL,25,32,27.6,5
2026,GENERAL,SHORT,B174,,Геодезия и картография,22,GENERAL,26,33,29.6,9
2026,GENERAL,SHORT,B265,,Железнодорожный транспорт и технологии,19,GENERAL,30,35,30.9,11
2026,GENERAL,SHORT,B271,,Нефтегазовое дело,9,GENERAL,26,29,28.0,3
2026,GENERAL,SHORT,B271,,Нефтегазовое дело,29,GENERAL,26,31,27.5,4
2026,GENERAL,SHORT,B271,,Нефтегазовое дело,38,GENERAL,25,34,28.9,8
2026,GENERAL,SHORT,B271,,Нефтегазовое дело,45,GENERAL,26,26,26.0,1
2026,GENERAL,SHORT,B271,,Нефтегазовое дело,182,GENERAL,44,44,44.0,1
2026,GENERAL,SHORT,B271,,Нефтегазовое дело,198,GENERAL,25,33,28.6,9
2026,GENERAL,SHORT,B271,,Нефтегазовое дело,416,GENERAL,29,29,29.0,1
2026,GENERAL,SHORT,B271,,Нефтегазовое дело,501,GENERAL,31,31,31.0,2
2026,HEALTH_MINISTRY,FULL,B084,,Сестринское дело,1,GENERAL,105,111,107.5,6
2026,HEALTH_MINISTRY,FULL,B084,,Сестринское дело,1,RURAL,96,104,99.8,4
2026,HEALTH_MINISTRY,FULL,B084,,Сестринское дело,4,GENERAL,99,104,101.7,3
2026,HEALTH_MINISTRY,FULL,B084,,Сестринское дело,26,GENERAL,93,97,95.0,2
2026,HEALTH_MINISTRY,FULL,B084,,Сестринское дело,26,RURAL,91,91,91.0,1
2026,HEALTH_MINISTRY,FULL,B084,,Сестринское дело,30,GENERAL,103,103,103.0,1
2026,HEALTH_MINISTRY,FULL,B084,,Сестринское дело,30,RURAL,97,99,98.0,2
2026,HEALTH_MINISTRY,FULL,B084,,Сестринское дело,41,GENERAL,99,99,99.0,1
2026,HEALTH_MINISTRY,FULL,B085,,Фармация,1,GENERAL,132,136,134.0,3
2026,HEALTH_MINISTRY,FULL,B085,,Фармация,1,RURAL,122,122,122.0,1
2026,HEALTH_MINISTRY,FULL,B085,,Фармация,4,GENERAL,117,117,117.0,1
2026,HEALTH_MINISTRY,FULL,B085,,Фармация,4,RURAL,101,101,101.0,1
2026,HEALTH_MINISTRY,FULL,B085,,Фармация,26,GENERAL,116,123,119.4,7
2026,HEALTH_MINISTRY,FULL,B085,,Фармация,26,RURAL,110,114,112.2,4
2026,HEALTH_MINISTRY,FULL,B085,,Фармация,27,GENERAL,112,112,112.0,2
2026,HEALTH_MINISTRY,FULL,B085,,Фармация,27,RURAL,111,111,111.0,1
2026,HEALTH_MINISTRY,FULL,B085,,Фармация,30,GENERAL,108,122,112.5,6
2026,HEALTH_MINISTRY,FULL,B085,,Фармация,30,RURAL,100,100,100.0,4
2026,HEALTH_MINISTRY,FULL,B085,,Фармация,41,GENERAL,107,114,110.8,4
2026,HEALTH_MINISTRY,FULL,B085,,Фармация,44,GENERAL,110,126,119.0,3
2026,HEALTH_MINISTRY,FULL,B085,,Фармация,44,RURAL,103,104,103.3,3
2026,HEALTH_MINISTRY,FULL,B085,,Фармация,80,GENERAL,107,125,111.5,20
2026,HEALTH_MINISTRY,FULL,B085,,Фармация,80,RURAL,100,107,102.5,10
2026,HEALTH_MINISTRY,FULL,BM086,,Медицина,1,GENERAL,127,140,131.5,266
2026,HEALTH_MINISTRY,FULL,BM086,,Медицина,1,RURAL,118,127,121.7,145
2026,HEALTH_MINISTRY,FULL,BM086,,Медицина,4,GENERAL,114,137,120.0,74
2026,HEALTH_MINISTRY,FULL,BM086,,Медицина,4,RURAL,106,114,109.1,44
2026,HEALTH_MINISTRY,FULL,BM086,,Медицина,26,GENERAL,125,137,129.2,143
2026,HEALTH_MINISTRY,FULL,BM086,,Медицина,26,RURAL,117,124,120.2,77
2026,HEALTH_MINISTRY,FULL,BM086,,Медицина,27,GENERAL,124,124,124.0,2
2026,HEALTH_MINISTRY,FULL,BM086,,Медицина,27,RURAL,117,117,117.0,1
2026,HEALTH_MINISTRY,FULL,BM086,,Медицина,30,GENERAL,114,135,118.6,315
2026,HEALTH_MINISTRY,FULL,BM086,,Медицина,30,RURAL,106,114,109.8,143
2026,HEALTH_MINISTRY,FULL,BM086,,Медицина,35,GENERAL,120,120,120.0,1
2026,HEALTH_MINISTRY,FULL,BM086,,Медицина,35,RURAL,110,110,110.0,1
2026,HEALTH_MINISTRY,FULL,BM086,,Медицина,37,GENERAL,126,138,130.9,9
2026,HEALTH_MINISTRY,FULL,BM086,,Медицина,37,RURAL,123,125,123.8,5
2026,HEALTH_MINISTRY,FULL,BM086,,Медицина,41,GENERAL,115,127,119.4,57
2026,HEALTH_MINISTRY,FULL,BM086,,Медицина,41,RURAL,106,114,109.5,20
2026,HEALTH_MINISTRY,FULL,BM086,,Медицина,44,GENERAL,114,130,119.1,18
2026,HEALTH_MINISTRY,FULL,BM086,,Медицина,44,RURAL,107,114,109.3,7
2026,HEALTH_MINISTRY,FULL,BM086,,Медицина,80,GENERAL,114,129,117.8,85
2026,HEALTH_MINISTRY,FULL,BM086,,Медицина,80,RURAL,106,114,110.0,82
2026,HEALTH_MINISTRY,FULL,BM088,,Педиатрия,1,GENERAL,124,128,125.2,16
2026,HEALTH_MINISTRY,FULL,BM088,,Педиатрия,1,RURAL,117,123,118.2,9
2026,HEALTH_MINISTRY,FULL,BM088,,Педиатрия,4,GENERAL,107,123,110.9,45
2026,HEALTH_MINISTRY,FULL,BM088,,Педиатрия,4,RURAL,101,105,103.2,24
2026,HEALTH_MINISTRY,FULL,BM088,,Педиатрия,26,GENERAL,115,134,118.9,81
2026,HEALTH_MINISTRY,FULL,BM088,,Педиатрия,26,RURAL,108,115,111.4,44
2026,HEALTH_MINISTRY,FULL,BM088,,Педиатрия,30,GENERAL,107,118,110.6,124
2026,HEALTH_MINISTRY,FULL,BM088,,Педиатрия,30,RURAL,101,106,103.5,74
2026,HEALTH_MINISTRY,FULL,BM088,,Педиатрия,41,GENERAL,107,124,110.9,36
2026,HEALTH_MINISTRY,FULL,BM088,,Педиатрия,41,RURAL,101,106,104.4,9
2026,HEALTH_MINISTRY,FULL,BM088,,Педиатрия,44,GENERAL,108,116,110.4,9
2026,HEALTH_MINISTRY,FULL,BM088,,Педиатрия,44,RURAL,101,106,103.6,9
2026,HEALTH_MINISTRY,FULL,BM089,,Медико-профилактическое дело,1,GENERAL,121,128,123.4,10
2026,HEALTH_MINISTRY,FULL,BM089,,Медико-профилактическое дело,1,RURAL,115,121,117.6,5
2026,HEALTH_MINISTRY,FULL,BM089,,Медико-профилактическое дело,4,GENERAL,101,108,103.6,20
2026,HEALTH_MINISTRY,FULL,BM089,,Медико-профилактическое дело,4,RURAL,97,100,98.1,10
2026,HEALTH_MINISTRY,FULL,BM089,,Медико-профилактическое дело,26,GENERAL,106,115,109.1,23
2026,HEALTH_MINISTRY,FULL,BM089,,Медико-профилактическое дело,26,RURAL,99,105,102.2,12
2026,HEALTH_MINISTRY,FULL,BM089,,Медико-профилактическое дело,30,GENERAL,101,107,102.8,30
2026,HEALTH_MINISTRY,FULL,BM089,,Медико-профилактическое дело,30,RURAL,96,101,97.6,19
2026,HEALTH_MINISTRY,FULL,BM089,,Медико-профилактическое дело,41,GENERAL,102,114,107.4,5
2026,HEALTH_MINISTRY,FULL,BM089,,Медико-профилактическое дело,41,RURAL,97,98,97.5,2
2026,HEALTH_MINISTRY,FULL,BM089,,Медико-профилактическое дело,44,GENERAL,102,106,103.9,7
2026,HEALTH_MINISTRY,FULL,BM089,,Медико-профилактическое дело,44,RURAL,97,101,98.3,3
2026,RURAL_RELOCATION,FULL,B001,,Педагогика и психология,11,GENERAL,77,77,77.0,1
2026,RURAL_RELOCATION,FULL,B001,,Педагогика и психология,31,GENERAL,78,80,79.0,2
2026,RURAL_RELOCATION,FULL,B001,,Педагогика и психология,35,GENERAL,75,83,78.8,6
2026,RURAL_RELOCATION,FULL,B001,,Педагогика и психология,42,GENERAL,75,75,75.0,1
2026,RURAL_RELOCATION,FULL,B001,,Педагогика и психология,517,GENERAL,75,75,75.0,1
2026,RURAL_RELOCATION,FULL,B002,,Дошкольное обучение и воспитание,31,GENERAL,79,79,79.0,1
2026,RURAL_RELOCATION,FULL,B002,,Дошкольное обучение и воспитание,35,GENERAL,75,76,75.5,2
2026,RURAL_RELOCATION,FULL,B002,,Дошкольное обучение и воспитание,158,GENERAL,76,76,76.0,1
2026,RURAL_RELOCATION,FULL,B003,,Педагогика и методика начального обучения,8,GENERAL,78,78,78.0,1
2026,RURAL_RELOCATION,FULL,B003,,Педагогика и методика начального обучения,11,GENERAL,76,77,76.5,2
2026,RURAL_RELOCATION,FULL,B003,,Педагогика и методика начального обучения,31,GENERAL,77,84,79.7,14
2026,RURAL_RELOCATION,FULL,B003,,Педагогика и методика начального обучения,35,GENERAL,75,80,76.7,20
2026,RURAL_RELOCATION,FULL,B003,,Педагогика и методика начального обучения,36,GENERAL,77,78,77.5,2
2026,RURAL_RELOCATION,FULL,B003,,Педагогика и методика начального обучения,42,GENERAL,75,78,76.0,4
2026,RURAL_RELOCATION,FULL,B003,,Педагогика и методика начального обучения,517,GENERAL,79,81,80.0,5
2026,RURAL_RELOCATION,FULL,B004,,Подготовка учителей начальной военной подготовки,36,GENERAL,75,119,101.4,10
2026,RURAL_RELOCATION,FULL,B004,,Подготовка учителей начальной военной подготовки,517,GENERAL,116,119,117.5,8
2026,RURAL_RELOCATION,FULL,B005,,Подготовка учителей физической культуры,8,GENERAL,90,100,91.3,10
2026,RURAL_RELOCATION,FULL,B005,,Подготовка учителей физической культуры,35,GENERAL,102,112,107.0,2
2026,RURAL_RELOCATION,FULL,B005,,Подготовка учителей физической культуры,36,GENERAL,94,121,106.0,5
2026,RURAL_RELOCATION,FULL,B005,,Подготовка учителей физической культуры,40,GENERAL,87,119,105.7,3
2026,RURAL_RELOCATION,FULL,B005,,Подготовка учителей физической культуры,141,GENERAL,109,114,110.8,11
2026,RURAL_RELOCATION,FULL,B005,,Подготовка учителей физической культуры,158,GENERAL,112,118,115.4,9
2026,RURAL_RELOCATION,FULL,B005,,Подготовка учителей физической культуры,517,GENERAL,111,122,118.1,10
2026,RURAL_RELOCATION,FULL,B006,,Подготовка учителей музыки,8,GENERAL,97,113,105.2,10
2026,RURAL_RELOCATION,FULL,B006,,Подготовка учителей музыки,36,GENERAL,90,101,97.4,5
2026,RURAL_RELOCATION,FULL,B006,,Подготовка учителей музыки,517,GENERAL,109,118,114.5,10
2026,RURAL_RELOCATION,FULL,B007,,Подготовка учителей художественного труда и черчения,8,GENERAL,104,109,106.6,5
2026,RURAL_RELOCATION,FULL,B007,,Подготовка учителей художественного труда и черчения,36,GENERAL,94,103,98.0,4
2026,RURAL_RELOCATION,FULL,B007,,Подготовка учителей художественного труда и черчения,517,GENERAL,114,119,117.1,9
2026,RURAL_RELOCATION,FULL,B009,,Подготовка учителей математики,11,GENERAL,76,79,77.3,7
2026,RURAL_RELOCATION,FULL,B009,,Подготовка учителей математики,31,GENERAL,78,82,79.6,9
2026,RURAL_RELOCATION,FULL,B009,,Подготовка учителей математики,35,GENERAL,75,80,77.4,5
2026,RURAL_RELOCATION,FULL,B009,,Подготовка учителей математики,42,GENERAL,75,80,77.2,4
2026,RURAL_RELOCATION,FULL,B009,,Подготовка учителей математики,517,GENERAL,75,78,76.5,2
2026,RURAL_RELOCATION,FULL,B012,,Подготовка учителей химии,8,GENERAL,80,81,80.5,2
2026,RURAL_RELOCATION,FULL,B012,,Подготовка учителей химии,11,GENERAL,76,84,80.0,7
2026,RURAL_RELOCATION,FULL,B012,,Подготовка учителей химии,31,GENERAL,87,95,90.8,21
2026,RURAL_RELOCATION,FULL,B012,,Подготовка учителей химии,35,GENERAL,80,88,84.4,16
2026,RURAL_RELOCATION,FULL,B012,,Подготовка учителей химии,40,GENERAL,78,79,78.5,2
2026,RURAL_RELOCATION,FULL,B012,,Подготовка учителей химии,42,GENERAL,78,83,80.0,3
2026,RURAL_RELOCATION,FULL,B012,,Подготовка учителей химии,517,GENERAL,75,86,79.7,3
2026,RURAL_RELOCATION,FULL,B013,,Подготовка учителей биологии,8,GENERAL,79,82,80.0,5
2026,RURAL_RELOCATION,FULL,B013,,Подготовка учителей биологии,11,GENERAL,76,82,78.7,15
2026,RURAL_RELOCATION,FULL,B013,,Подготовка учителей биологии,31,GENERAL,93,96,93.9,11
2026,RURAL_RELOCATION,FULL,B013,,Подготовка учителей биологии,35,GENERAL,89,91,89.4,10
2026,RURAL_RELOCATION,FULL,B013,,Подготовка учителей биологии,36,GENERAL,79,87,84.2,5
2026,RURAL_RELOCATION,FULL,B013,,Подготовка учителей биологии,40,GENERAL,76,83,78.9,7
2026,RURAL_RELOCATION,FULL,B013,,Подготовка учителей биологии,42,GENERAL,78,88,82.4,5
2026,RURAL_RELOCATION,FULL,B013,,Подготовка учителей биологии,517,GENERAL,78,87,81.9,10
2026,RURAL_RELOCATION,FULL,B014,,Подготовка учителей географии,8,GENERAL,79,87,82.3,10
2026,RURAL_RELOCATION,FULL,B014,,Подготовка учителей географии,11,GENERAL,80,91,83.9,10
2026,RURAL_RELOCATION,FULL,B014,,Подготовка учителей географии,31,GENERAL,94,100,96.5,12
2026,RURAL_RELOCATION,FULL,B014,,Подготовка учителей географии,35,GENERAL,90,93,91.2,5
2026,RURAL_RELOCATION,FULL,B014,,Подготовка учителей географии,36,GENERAL,87,97,92.7,3
2026,RURAL_RELOCATION,FULL,B014,,Подготовка учителей географии,40,GENERAL,85,91,86.4,5
2026,RURAL_RELOCATION,FULL,B014,,Подготовка учителей географии,42,GENERAL,84,88,86.0,3
2026,RURAL_RELOCATION,FULL,B014,,Подготовка учителей географии,145,GENERAL,75,78,76.7,3
2026,RURAL_RELOCATION,FULL,B014,,Подготовка учителей географии,517,GENERAL,82,86,83.0,5
2026,RURAL_RELOCATION,FULL,B015,,Подготовка учителей по гуманитарным предметам,8,GENERAL,83,89,86.0,5
2026,RURAL_RELOCATION,FULL,B015,,Подготовка учителей по гуманитарным предметам,11,GENERAL,80,91,83.9,10
2026,RURAL_RELOCATION,FULL,B015,,Подготовка учителей по гуманитарным предметам,31,GENERAL,95,103,98.7,12
2026,RURAL_RELOCATION,FULL,B015,,Подготовка учителей по гуманитарным предметам,35,GENERAL,94,98,95.8,6
2026,RURAL_RELOCATION,FULL,B015,,Подготовка учителей по гуманитарным предметам,36,GENERAL,87,95,90.0,5
2026,RURAL_RELOCATION,FULL,B015,,Подготовка учителей по гуманитарным предметам,40,GENERAL,86,95,90.2,5
2026,RURAL_RELOCATION,FULL,B015,,Подготовка учителей по гуманитарным предметам,42,GENERAL,90,94,92.2,5
2026,RURAL_RELOCATION,FULL,B015,,Подготовка учителей по гуманитарным предметам,141,GENERAL,81,91,84.9,10
2026,RURAL_RELOCATION,FULL,B015,,Подготовка учителей по гуманитарным предметам,145,GENERAL,76,79,77.7,3
2026,RURAL_RELOCATION,FULL,B015,,Подготовка учителей по гуманитарным предметам,158,GENERAL,83,90,86.0,7
2026,RURAL_RELOCATION,FULL,B015,,Подготовка учителей по гуманитарным предметам,517,GENERAL,88,100,93.0,7
2026,RURAL_RELOCATION,FULL,B016,,Подготовка учителей казахского языка и литературы,8,GENERAL,107,110,108.2,10
2026,RURAL_RELOCATION,FULL,B016,,Подготовка учителей казахского языка и литературы,11,GENERAL,105,115,108.2,25
2026,RURAL_RELOCATION,FULL,B016,,Подготовка учителей казахского языка и литературы,31,GENERAL,113,122,116.9,91
2026,RURAL_RELOCATION,FULL,B016,,Подготовка учителей казахского языка и литературы,35,GENERAL,109,120,112.8,78
2026,RURAL_RELOCATION,FULL,B016,,Подготовка учителей казахского языка и литературы,36,GENERAL,105,111,107.3,12
2026,RURAL_RELOCATION,FULL,B016,,Подготовка учителей казахского языка и литературы,40,GENERAL,107,111,108.5,11
2026,RURAL_RELOCATION,FULL,B016,,Подготовка учителей казахского языка и литературы,42,GENERAL,106,117,109.9,17
2026,RURAL_RELOCATION,FULL,B016,,Подготовка учителей казахского языка и литературы,141,GENERAL,106,112,109.3,13
2026,RURAL_RELOCATION,FULL,B016,,Подготовка учителей казахского языка и литературы,145,GENERAL,91,103,95.2,5
2026,RURAL_RELOCATION,FULL,B016,,Подготовка учителей казахского языка и литературы,153,GENERAL,93,100,95.1,11
2026,RURAL_RELOCATION,FULL,B016,,Подготовка учителей казахского языка и литературы,517,GENERAL,107,111,107.9,15
2026,RURAL_RELOCATION,FULL,B017,,Подготовка учителей русского языка и литературы,8,GENERAL,76,76,76.0,3
2026,RURAL_RELOCATION,FULL,B017,,Подготовка учителей русского языка и литературы,31,GENERAL,80,90,83.9,31
2026,RURAL_RELOCATION,FULL,B017,,Подготовка учителей русского языка и литературы,35,GENERAL,79,88,82.2,20
2026,RURAL_RELOCATION,FULL,B017,,Подготовка учителей русского языка и литературы,36,GENERAL,76,85,79.0,4
2026,RURAL_RELOCATION,FULL,B017,,Подготовка учителей русского языка и литературы,42,GENERAL,77,86,81.2,6
2026,RURAL_RELOCATION,FULL,B017,,Подготовка учителей русского языка и литературы,141,GENERAL,75,75,75.0,1
2026,RURAL_RELOCATION,FULL,B017,,Подготовка учителей русского языка и литературы,153,GENERAL,76,87,81.5,2
2026,RURAL_RELOCATION,FULL,B017,,Подготовка учителей русского языка и литературы,517,GENERAL,75,87,77.7,11
2026,RURAL_RELOCATION,FULL,B018,,Подготовка учителей иностранного языка,8,GENERAL,105,107,106.4,10
2026,RURAL_RELOCATION,FULL,B018,,Подготовка учителей иностранного языка,11,GENERAL,104,111,107.0,25
2026,RURAL_RELOCATION,FULL,B018,,Подготовка учителей иностранного языка,31,GENERAL,113,122,117.0,75
2026,RURAL_RELOCATION,FULL,B018,,Подготовка учителей иностранного языка,35,GENERAL,109,121,112.4,51
2026,RURAL_RELOCATION,FULL,B018,,Подготовка учителей иностранного языка,36,GENERAL,107,112,109.2,5
2026,RURAL_RELOCATION,FULL,B018,,Подготовка учителей иностранного языка,40,GENERAL,107,110,108.2,9
2026,RURAL_RELOCATION,FULL,B018,,Подготовка учителей иностранного языка,42,GENERAL,104,107,105.6,5
2026,RURAL_RELOCATION,FULL,B018,,Подготовка учителей иностранного языка,141,GENERAL,106,109,107.1,10
2026,RURAL_RELOCATION,FULL,B018,,Подготовка учителей иностранного языка,153,GENERAL,98,109,101.8,10
2026,RURAL_RELOCATION,FULL,B018,,Подготовка учителей иностранного языка,158,GENERAL,103,123,108.2,10
2026,RURAL_RELOCATION,FULL,B018,,Подготовка учителей иностранного языка,517,GENERAL,107,108,107.6,9
2026,RURAL_RELOCATION,FULL,B020,,Специальная педагогика,11,GENERAL,75,80,76.7,10
2026,RURAL_RELOCATION,FULL,B020,,Специальная педагогика,31,GENERAL,79,83,80.7,19
2026,RURAL_RELOCATION,FULL,B020,,Специальная педагогика,36,GENERAL,76,77,76.5,2
2026,RURAL_RELOCATION,FULL,B020,,Специальная педагогика,517,GENERAL,75,77,75.8,4
2026,RURAL_RELOCATION,FULL,B060,,Химическая инженерия и процессы,31,GENERAL,65,77,69.0,28
2026,RURAL_RELOCATION,FULL,B060,,Химическая инженерия и процессы,32,GENERAL,58,73,62.3,43
2026,RURAL_RELOCATION,FULL,B060,,Химическая инженерия и процессы,33,GENERAL,58,65,61.2,12
2026,RURAL_RELOCATION,FULL,B060,,Химическая инженерия и процессы,38,GENERAL,52,67,58.0,4
2026,RURAL_RELOCATION,FULL,B061,,Материаловедение и технологии,32,GENERAL,50,62,53.8,6
2026,RURAL_RELOCATION,FULL,B062,,Электротехника и электроэнергетика,32,GENERAL,55,64,58.3,14
2026,RURAL_RELOCATION,FULL,B062,,Электротехника и электроэнергетика,33,GENERAL,50,50,50.0,2
2026,RURAL_RELOCATION,FULL,B062,,Электротехника и электроэнергетика,36,GENERAL,53,53,53.0,1
2026,RURAL_RELOCATION,FULL,B062,,Электротехника и электроэнергетика,38,GENERAL,52,61,55.7,3
2026,RURAL_RELOCATION,FULL,B062,,Электротехника и электроэнергетика,40,GENERAL,52,60,55.3,3
2026,RURAL_RELOCATION,FULL,B062,,Электротехника и электроэнергетика,140,GENERAL,50,61,54.7,3
2026,RURAL_RELOCATION,FULL,B062,,Электротехника и электроэнергетика,141,GENERAL,51,71,55.8,5
2026,RURAL_RELOCATION,FULL,B063,,Электротехника и автоматизация,32,GENERAL,55,87,62.4,16
2026,RURAL_RELOCATION,FULL,B063,,Электротехника и автоматизация,33,GENERAL,50,57,53.2,8
2026,RURAL_RELOCATION,FULL,B063,,Электротехника и автоматизация,38,GENERAL,50,53,51.5,2
2026,RURAL_RELOCATION,FULL,B063,,Электротехника и автоматизация,140,GENERAL,63,66,64.5,2
2026,RURAL_RELOCATION,FULL,B064,,Механика и металлообработка,12,GENERAL,54,56,55.0,4
2026,RURAL_RELOCATION,FULL,B064,,Механика и металлообработка,32,GENERAL,50,63,55.2,10
2026,RURAL_RELOCATION,FULL,B064,,Механика и металлообработка,35,GENERAL,51,51,51.0,3
2026,RURAL_RELOCATION,FULL,B064,,Механика и металлообработка,36,GENERAL,52,56,54.0,2
2026,RURAL_RELOCATION,FULL,B064,,Механика и металлообработка,38,GENERAL,53,53,53.0,1
2026,RURAL_RELOCATION,FULL,B064,,Механика и металлообработка,40,GENERAL,51,54,52.5,2
2026,RURAL_RELOCATION,FULL,B064,,Механика и металлообработка,42,GENERAL,52,55,53.7,3
2026,RURAL_RELOCATION,FULL,B065,,Транспортная техника и технологии,12,GENERAL,57,59,58.2,4
2026,RURAL_RELOCATION,FULL,B065,,Транспортная техника и технологии,32,GENERAL,57,59,58.0,3
2026,RURAL_RELOCATION,FULL,B065,,Транспортная техника и технологии,35,GENERAL,51,53,52.2,5
2026,RURAL_RELOCATION,FULL,B065,,Транспортная техника и технологии,38,GENERAL,53,57,55.3,3
2026,RURAL_RELOCATION,FULL,B065,,Транспортная техника и технологии,40,GENERAL,50,50,50.0,2
2026,RURAL_RELOCATION,FULL,B068,,Производство продуктов питания,11,GENERAL,58,63,59.5,10
2026,RURAL_RELOCATION,FULL,B068,,Производство продуктов питания,33,GENERAL,60,66,62.1,18
2026,RURAL_RELOCATION,FULL,B068,,Производство продуктов питания,35,GENERAL,59,66,61.8,23
2026,RURAL_RELOCATION,FULL,B068,,Производство продуктов питания,36,GENERAL,51,61,56.0,3
2026,RURAL_RELOCATION,FULL,B068,,Производство продуктов питания,38,GENERAL,53,65,58.3,6
2026,RURAL_RELOCATION,FULL,B068,,Производство продуктов питания,39,GENERAL,52,62,55.1,9
2026,RURAL_RELOCATION,FULL,B068,,Производство продуктов питания,40,GENERAL,60,64,62.0,8
2026,RURAL_RELOCATION,FULL,B068,,Производство продуктов питания,42,GENERAL,61,66,63.2,5
2026,RURAL_RELOCATION,FULL,B068,,Производство продуктов питания,146,GENERAL,51,57,54.0,3
2026,RURAL_RELOCATION,FULL,B071,,Горное дело и добыча полезных ископаемых,12,GENERAL,52,64,57.0,8
2026,RURAL_RELOCATION,FULL,B071,,Горное дело и добыча полезных ископаемых,32,GENERAL,55,74,60.1,27
2026,RURAL_RELOCATION,FULL,B071,,Горное дело и добыча полезных ископаемых,33,GENERAL,50,54,52.2,9
2026,RURAL_RELOCATION,FULL,B071,,Горное дело и добыча полезных ископаемых,35,GENERAL,50,61,54.9,7
2026,RURAL_RELOCATION,FULL,B071,,Горное дело и добыча полезных ископаемых,38,GENERAL,50,53,52.0,3
2026,RURAL_RELOCATION,FULL,B071,,Горное дело и добыча полезных ископаемых,39,GENERAL,51,53,52.0,3
2026,RURAL_RELOCATION,FULL,B072,,Технология фармацевтического производства,31,GENERAL,67,86,73.2,107
2026,RURAL_RELOCATION,FULL,B072,,Технология фармацевтического производства,33,GENERAL,63,77,67.9,76
2026,RURAL_RELOCATION,FULL,B073,,Архитектура,12,GENERAL,70,70,70.0,1
2026,RURAL_RELOCATION,FULL,B073,,Архитектура,32,GENERAL,100,115,106.6,10
2026,RURAL_RELOCATION,FULL,B074,,"Градостроительство, строительные работы и гражданское строительство",12,GENERAL,52,73,57.1,12
2026,RURAL_RELOCATION,FULL,B074,,"Градостроительство, строительные работы и гражданское строительство",32,GENERAL,60,81,66.3,21
2026,RURAL_RELOCATION,FULL,B074,,"Градостроительство, строительные работы и гражданское строительство",33,GENERAL,53,60,56.1,11
2026,RURAL_RELOCATION,FULL,B074,,"Градостроительство, строительные работы и гражданское строительство",35,GENERAL,59,70,63.3,11
2026,RURAL_RELOCATION,FULL,B074,,"Градостроительство, строительные работы и гражданское строительство",39,GENERAL,50,59,54.2,9
2026,RURAL_RELOCATION,FULL,B074,,"Градостроительство, строительные работы и гражданское строительство",40,GENERAL,50,71,57.6,5
2026,RURAL_RELOCATION,FULL,B074,,"Градостроительство, строительные работы и гражданское строительство",42,GENERAL,57,67,61.0,5
2026,RURAL_RELOCATION,FULL,B075,,Кадастр и землеустройство,32,GENERAL,58,98,71.0,228
2026,RURAL_RELOCATION,FULL,B076,,"Стандартизация, сертификация и метрология (по отраслям)",12,GENERAL,57,57,57.0,1
2026,RURAL_RELOCATION,FULL,B076,,"Стандартизация, сертификация и метрология (по отраслям)",32,GENERAL,55,63,57.6,9
2026,RURAL_RELOCATION,FULL,B076,,"Стандартизация, сертификация и метрология (по отраслям)",33,GENERAL,51,57,53.7,6
2026,RURAL_RELOCATION,FULL,B076,,"Стандартизация, сертификация и метрология (по отраслям)",42,GENERAL,54,54,54.0,1
2026,RURAL_RELOCATION,FULL,B076,,"Стандартизация, сертификация и метрология (по отраслям)",140,GENERAL,51,51,51.0,1
2026,RURAL_RELOCATION,FULL,B077,,Растениеводство,35,GENERAL,51,63,55.7,29
2026,RURAL_RELOCATION,FULL,B077,,Растениеводство,36,GENERAL,50,53,51.0,3
2026,RURAL_RELOCATION,FULL,B077,,Растениеводство,38,GENERAL,52,57,54.5,2
2026,RURAL_RELOCATION,FULL,B077,,Растениеводство,40,GENERAL,50,59,52.4,9
2026,RURAL_RELOCATION,FULL,B077,,Растениеводство,42,GENERAL,52,58,55.2,4
2026,RURAL_RELOCATION,FULL,B077,,Растениеводство,140,GENERAL,63,63,63.0,1
2026,RURAL_RELOCATION,FULL,B078,,Животноводство,35,GENERAL,50,52,51.3,3
2026,RURAL_RELOCATION,FULL,B078,,Животноводство,36,GENERAL,52,54,53.0,2
2026,RURAL_RELOCATION,FULL,B078,,Животноводство,40,GENERAL,51,54,52.5,2
2026,RURAL_RELOCATION,FULL,B079,,Лесное хозяйство,11,GENERAL,65,69,66.9,20
2026,RURAL_RELOCATION,FULL,B079,,Лесное хозяйство,35,GENERAL,66,72,68.8,73
2026,RURAL_RELOCATION,FULL,B079,,Лесное хозяйство,38,GENERAL,64,72,66.9,15
2026,RURAL_RELOCATION,FULL,B079,,Лесное хозяйство,40,GENERAL,66,71,67.8,12
2026,RURAL_RELOCATION,FULL,B079,,Лесное хозяйство,42,GENERAL,66,71,69.1,7
2026,RURAL_RELOCATION,FULL,B082,,Водные ресурсы и водопользования,12,GENERAL,53,53,53.0,1
2026,RURAL_RELOCATION,FULL,B083,,Ветеринария,36,GENERAL,50,58,52.6,10
2026,RURAL_RELOCATION,FULL,B083,,Ветеринария,42,GENERAL,50,60,53.7,9
2026,RURAL_RELOCATION,FULL,B126,,Транспортное строительство,32,GENERAL,51,54,52.7,16
2026,RURAL_RELOCATION,FULL,B162,,Теплоэнергетика,32,GENERAL,51,61,53.6,9
2026,RURAL_RELOCATION,FULL,B162,,Теплоэнергетика,33,GENERAL,53,59,56.0,2
2026,RURAL_RELOCATION,FULL,B162,,Теплоэнергетика,38,GENERAL,52,54,52.7,3
2026,RURAL_RELOCATION,FULL,B162,,Теплоэнергетика,42,GENERAL,52,52,52.0,1
2026,RURAL_RELOCATION,FULL,B171,,Металлургия,32,GENERAL,52,56,54.3,3
2026,RURAL_RELOCATION,FULL,B171,,Металлургия,33,GENERAL,50,53,50.8,6
2026,RURAL_RELOCATION,FULL,B171,,Металлургия,38,GENERAL,57,57,57.0,1
2026,RURAL_RELOCATION,FULL,B171,,Металлургия,39,GENERAL,52,52,52.0,1
2026,RURAL_RELOCATION,FULL,B183,,Агроинженерия,35,GENERAL,51,51,51.0,3
2026,SOCIAL_QUOTA,FULL,B001,,,5,GENERAL,77,77,77.0,1
2026,SOCIAL_QUOTA,FULL,B001,,,7,GENERAL,86,89,87.5,2
2026,SOCIAL_QUOTA,FULL,B001,,,16,GENERAL,82,82,82.0,1
2026,SOCIAL_QUOTA,FULL,B001,,,25,GENERAL,40,79,59.5,2
2026,SOCIAL_QUOTA,FULL,B001,,,31,GENERAL,41,41,41.0,1
2026,SOCIAL_QUOTA,FULL,B001,,,36,GENERAL,88,88,88.0,1
2026,SOCIAL_QUOTA,FULL,B001,KZ-040,,40,GENERAL,78,79,78.5,2
2026,SOCIAL_QUOTA,FULL,B003,,,7,GENERAL,89,89,89.0,1
2026,SOCIAL_QUOTA,FULL,B003,,,302,GENERAL,84,84,84.0,1
2026,SOCIAL_QUOTA,FULL,B004,,,7,GENERAL,113,122,118.8,16
2026,SOCIAL_QUOTA,FULL,B004,,,10,GENERAL,120,120,120.0,1
2026,SOCIAL_QUOTA,FULL,B004,,,16,GENERAL,117,122,119.9,7
2026,SOCIAL_QUOTA,FULL,B004,,,31,GENERAL,83,122,112.8,13
2026,SOCIAL_QUOTA,FULL,B004,,,34,GENERAL,115,122,120.1,17
2026,SOCIAL_QUOTA,FULL,B004,,,36,GENERAL,110,119,114.5,2
2026,SOCIAL_QUOTA,FULL,B004,,,37,GENERAL,112,122,119.3,20
2026,SOCIAL_QUOTA,FULL,B004,,,43,GENERAL,115,122,119.2,11
2026,SOCIAL_QUOTA,FULL,B004,,,158,GENERAL,120,120,120.0,1
2026,SOCIAL_QUOTA,FULL,B004,,,196,GENERAL,110,122,118.1,13
2026,SOCIAL_QUOTA,FULL,B004,,,305,GENERAL,112,120,115.0,3
2026,SOCIAL_QUOTA,FULL,B004,,,501,GENERAL,86,122,115.3,9
2026,SOCIAL_QUOTA,FULL,B004,,,517,GENERAL,116,116,116.0,1
2026,SOCIAL_QUOTA,FULL,B005,,,3,GENERAL,118,121,120.0,5
2026,SOCIAL_QUOTA,FULL,B005,,,5,GENERAL,90,120,104.7,3
2026,SOCIAL_QUOTA,FULL,B005,,,7,GENERAL,89,124,117.2,34
2026,SOCIAL_QUOTA,FULL,B005,,,8,GENERAL,117,121,119.0,11
2026,SOCIAL_QUOTA,FULL,B005,,,10,GENERAL,94,123,117.1,16
2026,SOCIAL_QUOTA,FULL,B005,,,11,GENERAL,99,124,118.5,19
2026,SOCIAL_QUOTA,FULL,B005,,,13,GENERAL,120,123,121.3,15
2026,SOCIAL_QUOTA,FULL,B005,,,14,GENERAL,111,120,117.9,10
2026,SOCIAL_QUOTA,FULL,B005,,,15,GENERAL,83,125,107.9,25
2026,SOCIAL_QUOTA,FULL,B005,,,16,GENERAL,110,125,119.6,33
2026,SOCIAL_QUOTA,FULL,B005,,,20,GENERAL,79,125,117.8,248
2026,SOCIAL_QUOTA,FULL,B005,,,25,GENERAL,106,125,120.4,16
2026,SOCIAL_QUOTA,FULL,B005,,,31,GENERAL,79,125,113.9,22
2026,SOCIAL_QUOTA,FULL,B005,,,34,GENERAL,116,125,121.4,62
2026,SOCIAL_QUOTA,FULL,B005,,,35,GENERAL,114,123,118.6,7
2026,SOCIAL_QUOTA,FULL,B005,,,36,GENERAL,103,121,111.6,10
2026,SOCIAL_QUOTA,FULL,B005,,,37,GENERAL,108,125,119.9,63
2026,SOCIAL_QUOTA,FULL,B005,,,40,GENERAL,111,125,117.6,15
2026,SOCIAL_QUOTA,FULL,B005,,,42,GENERAL,99,125,116.1,11
2026,SOCIAL_QUOTA,FULL,B005,,,43,GENERAL,103,125,119.4,34
2026,SOCIAL_QUOTA,FULL,B005,,,122,GENERAL,117,124,120.4,5
2026,SOCIAL_QUOTA,FULL,B005,,,141,GENERAL,105,122,113.5,4
2026,SOCIAL_QUOTA,FULL,B005,,,143,GENERAL,111,123,119.2,62
2026,SOCIAL_QUOTA,FULL,B005,,,153,GENERAL,83,122,113.1,7
2026,SOCIAL_QUOTA,FULL,B005,,,154,GENERAL,118,119,118.5,2
2026,SOCIAL_QUOTA,FULL,B005,,,158,GENERAL,113,123,118.2,9
2026,SOCIAL_QUOTA,FULL,B005,,,196,GENERAL,104,125,118.5,76
2026,SOCIAL_QUOTA,FULL,B005,,,198,GENERAL,118,124,120.8,6
2026,SOCIAL_QUOTA,FULL,B005,,,223,GENERAL,101,125,120.1,22
2026,SOCIAL_QUOTA,FULL,B005,,,305,GENERAL,116,125,120.4,7
2026,SOCIAL_QUOTA,FULL,B005,,,416,GENERAL,82,82,82.0,1
2026,SOCIAL_QUOTA,FULL,B005,,,501,GENERAL,117,124,120.1,13
2026,SOCIAL_QUOTA,FULL,B005,,,517,GENERAL,106,124,118.2,22
2026,SOCIAL_QUOTA,FULL,B005,,,527,GENERAL,108,123,118.7,173
2026,SOCIAL_QUOTA,FULL,B006,,,5,GENERAL,91,91,91.0,1
2026,SOCIAL_QUOTA,FULL,B006,,,7,GENERAL,100,121,112.6,5
2026,SOCIAL_QUOTA,FULL,B006,,,15,GENERAL,114,118,116.0,3
2026,SOCIAL_QUOTA,FULL,B006,,,16,GENERAL,115,119,116.7,3
2026,SOCIAL_QUOTA,FULL,B006,,,25,GENERAL,113,119,116.0,2
2026,SOCIAL_QUOTA,FULL,B006,,,34,GENERAL,114,120,118.0,3
2026,SOCIAL_QUOTA,FULL,B006,,,36,GENERAL,116,116,116.0,1
2026,SOCIAL_QUOTA,FULL,B006,,,37,GENERAL,108,108,108.0,1
2026,SOCIAL_QUOTA,FULL,B006,,,40,GENERAL,112,112,112.0,1
2026,SOCIAL_QUOTA,FULL,B006,,,43,GENERAL,119,121,120.3,3
2026,SOCIAL_QUOTA,FULL,B006,,,45,GENERAL,106,121,117.4,8
2026,SOCIAL_QUOTA,FULL,B006,,,143,GENERAL,105,121,116.7,6
2026,SOCIAL_QUOTA,FULL,B006,,,196,GENERAL,104,121,116.3,7
2026,SOCIAL_QUOTA,FULL,B006,,,517,GENERAL,120,120,120.0,1
2026,SOCIAL_QUOTA,FULL,B007,,,5,GENERAL,120,120,120.0,1
2026,SOCIAL_QUOTA,FULL,B007,,,7,GENERAL,114,120,117.2,4
2026,SOCIAL_QUOTA,FULL,B007,,,8,GENERAL,115,115,115.0,2
2026,SOCIAL_QUOTA,FULL,B007,,,10,GENERAL,121,121,121.0,1
2026,SOCIAL_QUOTA,FULL,B007,,,14,GENERAL,116,117,116.5,2
2026,SOCIAL_QUOTA,FULL,B007,,,16,GENERAL,117,122,119.4,5
2026,SOCIAL_QUOTA,FULL,B007,,,25,GENERAL,109,122,116.8,9
2026,SOCIAL_QUOTA,FULL,B007,,,34,GENERAL,116,121,119.0,7
2026,SOCIAL_QUOTA,FULL,B007,,,35,GENERAL,114,122,118.0,3
2026,SOCIAL_QUOTA,FULL,B007,,,36,GENERAL,120,120,120.0,1
2026,SOCIAL_QUOTA,FULL,B007,,,37,GENERAL,113,122,118.5,12
2026,SOCIAL_QUOTA,FULL,B007,,,45,GENERAL,109,122,119.4,15
2026,SOCIAL_QUOTA,FULL,B007,,,143,GENERAL,112,122,118.6,18
2026,SOCIAL_QUOTA,FULL,B007,,,158,GENERAL,117,117,117.0,1
2026,SOCIAL_QUOTA,FULL,B007,,,196,GENERAL,112,121,118.4,29
2026,SOCIAL_QUOTA,FULL,B007,,,223,GENERAL,111,120,117.5,4
2026,SOCIAL_QUOTA,FULL,B007,,,517,GENERAL,115,120,117.8,5
2026,SOCIAL_QUOTA,FULL,B008,,,7,GENERAL,80,80,80.0,1
2026,SOCIAL_QUOTA,FULL,B009,,,3,GENERAL,88,88,88.0,1
2026,SOCIAL_QUOTA,FULL,B009,,,7,GENERAL,92,92,92.0,1
2026,SOCIAL_QUOTA,FULL,B009,,,25,GENERAL,82,86,84.0,2
2026,SOCIAL_QUOTA,FULL,B009,,,37,GENERAL,85,85,85.0,1
2026,SOCIAL_QUOTA,FULL,B009,,,185,GENERAL,83,99,88.7,3
2026,SOCIAL_QUOTA,FULL,B012,,,25,GENERAL,101,101,101.0,1
2026,SOCIAL_QUOTA,FULL,B012,,,185,GENERAL,86,86,86.0,1
2026,SOCIAL_QUOTA,FULL,B013,,,25,GENERAL,83,88,85.3,3
2026,SOCIAL_QUOTA,FULL,B013,,,31,GENERAL,89,89,89.0,1
2026,SOCIAL_QUOTA,FULL,B013,,,185,GENERAL,88,88,88.0,1
2026,SOCIAL_QUOTA,FULL,B014,,,7,GENERAL,99,99,99.0,1
2026,SOCIAL_QUOTA,FULL,B014,,,8,GENERAL,75,75,75.0,1
2026,SOCIAL_QUOTA,FULL,B014,,,16,GENERAL,90,90,90.0,1
2026,SOCIAL_QUOTA,FULL,B014,,,25,GENERAL,99,99,99.0,1
2026,SOCIAL_QUOTA,FULL,B014,,,35,GENERAL,88,88,88.0,1
2026,SOCIAL_QUOTA,FULL,B014,,,185,GENERAL,88,98,94.0,3
2026,SOCIAL_QUOTA,FULL,B014,,,196,GENERAL,84,84,84.0,1
2026,SOCIAL_QUOTA,FULL,B014,,,517,GENERAL,88,88,88.0,1
2026,SOCIAL_QUOTA,FULL,B015,,,5,GENERAL,90,110,98.0,3
2026,SOCIAL_QUOTA,FULL,B015,,,7,GENERAL,87,98,91.3,3
2026,SOCIAL_QUOTA,FULL,B015,,,25,GENERAL,81,115,97.2,4
2026,SOCIAL_QUOTA,FULL,B015,,,31,GENERAL,85,85,85.0,1
2026,SOCIAL_QUOTA,FULL,B015,,,36,GENERAL,87,87,87.0,1
2026,SOCIAL_QUOTA,FULL,B015,,,43,GENERAL,81,81,81.0,1
2026,SOCIAL_QUOTA,FULL,B015,,,47,GENERAL,91,91,91.0,1
2026,SOCIAL_QUOTA,FULL,B015,,,185,GENERAL,80,112,100.0,6
2026,SOCIAL_QUOTA,FULL,B015,,,196,GENERAL,89,101,95.0,3
2026,SOCIAL_QUOTA,FULL,B015,,,517,GENERAL,114,114,114.0,1
2026,SOCIAL_QUOTA,FULL,B016,,,3,GENERAL,109,109,109.0,1
2026,SOCIAL_QUOTA,FULL,B016,,,5,GENERAL,117,117,117.0,1
2026,SOCIAL_QUOTA,FULL,B016,,,7,GENERAL,45,127,105.3,13
2026,SOCIAL_QUOTA,FULL,B016,,,13,GENERAL,123,127,125.0,3
2026,SOCIAL_QUOTA,FULL,B016,,,15,GENERAL,125,125,125.0,1
2026,SOCIAL_QUOTA,FULL,B016,,,16,GENERAL,95,95,95.0,1
2026,SOCIAL_QUOTA,FULL,B016,,,25,GENERAL,90,123,110.8,18
2026,SOCIAL_QUOTA,FULL,B016,,,34,GENERAL,44,119,90.0,3
2026,SOCIAL_QUOTA,FULL,B016,,,37,GENERAL,99,99,99.0,1
2026,SOCIAL_QUOTA,FULL,B016,,,185,GENERAL,90,124,111.1,9
2026,SOCIAL_QUOTA,FULL,B016,,,196,GENERAL,78,93,85.0,3
2026,SOCIAL_QUOTA,FULL,B017,,,7,GENERAL,91,91,91.0,1
2026,SOCIAL_QUOTA,FULL,B017,,,10,GENERAL,82,82,82.0,1
2026,SOCIAL_QUOTA,FULL,B017,,,11,GENERAL,45,45,45.0,1
2026,SOCIAL_QUOTA,FULL,B017,,,16,GENERAL,78,78,78.0,1
2026,SOCIAL_QUOTA,FULL,B017,,,34,GENERAL,39,39,39.0,1
2026,SOCIAL_QUOTA,FULL,B017,,,185,GENERAL,82,82,82.0,1
2026,SOCIAL_QUOTA,FULL,B017,,,517,GENERAL,84,84,84.0,1
2026,SOCIAL_QUOTA,FULL,B018,,,3,GENERAL,82,118,100.0,2
2026,SOCIAL_QUOTA,FULL,B018,,,5,GENERAL,97,119,108.0,2
2026,SOCIAL_QUOTA,FULL,B018,,,7,GENERAL,96,130,116.5,13
2026,SOCIAL_QUOTA,FULL,B018,,,13,GENERAL,127,130,129.4,28
2026,SOCIAL_QUOTA,FULL,B018,,,15,GENERAL,92,104,98.0,2
2026,SOCIAL_QUOTA,FULL,B018,,,23,GENERAL,102,130,116.2,8
2026,SOCIAL_QUOTA,FULL,B018,,,25,GENERAL,80,129,104.6,30
2026,SOCIAL_QUOTA,FULL,B018,,,31,GENERAL,42,112,81.3,3
2026,SOCIAL_QUOTA,FULL,B018,,,34,GENERAL,82,111,96.5,2
2026,SOCIAL_QUOTA,FULL,B018,,,35,GENERAL,84,110,97.0,2
2026,SOCIAL_QUOTA,FULL,B018,,,36,GENERAL,86,98,92.0,3
2026,SOCIAL_QUOTA,FULL,B018,,,40,GENERAL,84,103,93.5,2
2026,SOCIAL_QUOTA,FULL,B018,,,47,GENERAL,77,95,88.7,9
2026,SOCIAL_QUOTA,FULL,B018,,,141,GENERAL,90,90,90.0,1
2026,SOCIAL_QUOTA,FULL,B018,,,143,GENERAL,85,85,85.0,1
2026,SOCIAL_QUOTA,FULL,B018,,,153,GENERAL,91,94,92.5,2
2026,SOCIAL_QUOTA,FULL,B018,,,185,GENERAL,43,129,111.8,26
2026,SOCIAL_QUOTA,FULL,B018,,,196,GENERAL,79,113,99.0,5
2026,SOCIAL_QUOTA,FULL,B018,,,517,GENERAL,86,95,90.5,2
2026,SOCIAL_QUOTA,FULL,B020,,,5,GENERAL,80,80,80.0,1
2026,SOCIAL_QUOTA,FULL,B020,,,7,GENERAL,80,87,83.5,2
2026,SOCIAL_QUOTA,FULL,B020,,,25,GENERAL,87,87,87.0,1
2026,SOCIAL_QUOTA,FULL,B020,KZ-040,,40,GENERAL,81,81,81.0,1
2026,SOCIAL_QUOTA,FULL,B020,KZ-US-040,,40,GENERAL,75,75,75.0,1
2026,SOCIAL_QUOTA,FULL,B021,,,34,GENERAL,116,120,118.0,3
2026,SOCIAL_QUOTA,FULL,B027,,,16,GENERAL,122,122,122.0,1
2026,SOCIAL_QUOTA,FULL,B027,,,37,GENERAL,113,113,113.0,1
2026,SOCIAL_QUOTA,FULL,B027,,,45,GENERAL,115,122,118.5,2
2026,SOCIAL_QUOTA,FULL,B028,,,7,GENERAL,122,123,122.5,4
2026,SOCIAL_QUOTA,FULL,B028,,,25,GENERAL,103,122,116.5,4
2026,SOCIAL_QUOTA,FULL,B028,,,34,GENERAL,104,122,114.0,3
2026,SOCIAL_QUOTA,FULL,B028,,,37,GENERAL,122,122,122.0,1
2026,SOCIAL_QUOTA,FULL,B028,,,43,GENERAL,109,121,115.0,2
2026,SOCIAL_QUOTA,FULL,B028,,,45,GENERAL,119,119,119.0,1
2026,SOCIAL_QUOTA,FULL,B029,,,13,GENERAL,123,124,123.3,14
2026,SOCIAL_QUOTA,FULL,B029,,,27,GENERAL,120,124,122.6,20
2026,SOCIAL_QUOTA,FULL,B029,,,93,GENERAL,123,123,123.0,1
2026,SOCIAL_QUOTA,FULL,B031,,,5,GENERAL,116,124,120.7,3
2026,SOCIAL_QUOTA,FULL,B031,,,7,GENERAL,118,124,121.2,4
2026,SOCIAL_QUOTA,FULL,B031,,,13,GENERAL,125,125,125.0,2
2026,SOCIAL_QUOTA,FULL,B031,,,15,GENERAL,114,123,119.7,3
2026,SOCIAL_QUOTA,FULL,B031,,,16,GENERAL,116,125,121.3,6
2026,SOCIAL_QUOTA,FULL,B031,,,22,GENERAL,122,125,123.5,20
2026,SOCIAL_QUOTA,FULL,B031,,,34,GENERAL,115,124,119.7,7
2026,SOCIAL_QUOTA,FULL,B031,,,37,GENERAL,115,124,121.7,7
2026,SOCIAL_QUOTA,FULL,B031,,,43,GENERAL,103,125,117.0,3
2026,SOCIAL_QUOTA,FULL,B031,,,45,GENERAL,116,125,121.1,7
2026,SOCIAL_QUOTA,FULL,B031,,,53,GENERAL,100,125,120.2,10
2026,SOCIAL_QUOTA,FULL,B031,,,143,GENERAL,113,120,116.5,4
2026,SOCIAL_QUOTA,FULL,B031,,,158,GENERAL,117,120,118.5,2
2026,SOCIAL_QUOTA,FULL,B031,,,182,GENERAL,100,124,114.0,4
2026,SOCIAL_QUOTA,FULL,B031,,,184,GENERAL,110,124,119.3,3
2026,SOCIAL_QUOTA,FULL,B031,,,185,GENERAL,100,125,115.6,9
2026,SOCIAL_QUOTA,FULL,B031,,,196,GENERAL,119,123,121.0,2
2026,SOCIAL_QUOTA,FULL,B031,,,305,GENERAL,118,118,118.0,1
2026,SOCIAL_QUOTA,FULL,B031,,,416,GENERAL,110,110,110.0,1
2026,SOCIAL_QUOTA,FULL,B031,,,528,GENERAL,117,117,117.0,1
2026,SOCIAL_QUOTA,FULL,B033,,,7,GENERAL,113,123,119.3,3
2026,SOCIAL_QUOTA,FULL,B033,,,11,GENERAL,125,125,125.0,1
2026,SOCIAL_QUOTA,FULL,B033,,,13,GENERAL,121,123,122.3,6
2026,SOCIAL_QUOTA,FULL,B033,,,27,GENERAL,114,125,120.8,6
2026,SOCIAL_QUOTA,FULL,B033,,,31,GENERAL,123,125,123.7,3
2026,SOCIAL_QUOTA,FULL,B033,,,37,GENERAL,116,124,121.8,8
2026,SOCIAL_QUOTA,FULL,B033,,,45,GENERAL,118,123,121.5,4
2026,SOCIAL_QUOTA,FULL,B033,,,503,GENERAL,115,126,123.2,43
2026,SOCIAL_QUOTA,FULL,B036,,,13,GENERAL,107,127,120.2,6
2026,SOCIAL_QUOTA,FULL,B036,,,174,GENERAL,132,132,132.0,6
2026,SOCIAL_QUOTA,FULL,B036,,,184,GENERAL,90,90,90.0,1
2026,SOCIAL_QUOTA,FULL,B036,,,185,GENERAL,109,109,109.0,1
2026,SOCIAL_QUOTA,FULL,B036,,,302,GENERAL,126,132,129.5,4
2026,SOCIAL_QUOTA,FULL,B042,,,10,GENERAL,114,124,120.0,3
2026,SOCIAL_QUOTA,FULL,B042,,,11,GENERAL,125,125,125.0,2
2026,SOCIAL_QUOTA,FULL,B042,,,13,GENERAL,123,127,125.5,24
2026,SOCIAL_QUOTA,FULL,B042,,,15,GENERAL,123,124,123.5,2
2026,SOCIAL_QUOTA,FULL,B042,,,23,GENERAL,109,125,120.6,5
2026,SOCIAL_QUOTA,FULL,B042,,,27,GENERAL,122,127,124.6,27
2026,SOCIAL_QUOTA,FULL,B042,,,31,GENERAL,101,127,120.6,5
2026,SOCIAL_QUOTA,FULL,B042,,,34,GENERAL,119,125,122.6,5
2026,SOCIAL_QUOTA,FULL,B042,,,36,GENERAL,99,125,118.0,4
2026,SOCIAL_QUOTA,FULL,B042,,,37,GENERAL,118,127,121.6,8
2026,SOCIAL_QUOTA,FULL,B042,,,38,GENERAL,115,126,120.5,2
2026,SOCIAL_QUOTA,FULL,B042,,,40,GENERAL,119,123,120.8,4
2026,SOCIAL_QUOTA,FULL,B042,,,43,GENERAL,113,127,121.0,8
2026,SOCIAL_QUOTA,FULL,B042,,,45,GENERAL,102,127,121.0,20
2026,SOCIAL_QUOTA,FULL,B042,,,69,GENERAL,118,126,121.8,8
2026,SOCIAL_QUOTA,FULL,B042,,,83,GENERAL,119,119,119.0,1
2026,SOCIAL_QUOTA,FULL,B042,,,93,GENERAL,100,125,116.7,7
2026,SOCIAL_QUOTA,FULL,B042,,,153,GENERAL,126,126,126.0,1
2026,SOCIAL_QUOTA,FULL,B042,,,174,GENERAL,101,125,119.6,5
2026,SOCIAL_QUOTA,FULL,B042,,,190,GENERAL,118,127,123.0,3
2026,SOCIAL_QUOTA,FULL,B042,,,302,GENERAL,115,127,124.3,11
2026,SOCIAL_QUOTA,FULL,B042,,,305,GENERAL,124,124,124.0,1
2026,SOCIAL_QUOTA,FULL,B042,,,522,GENERAL,124,126,124.7,3
2026,SOCIAL_QUOTA,FULL,B044,,,13,GENERAL,115,124,121.0,6
2026,SOCIAL_QUOTA,FULL,B044,,,21,GENERAL,93,124,112.2,11
2026,SOCIAL_QUOTA,FULL,B044,,,34,GENERAL,111,111,111.0,1
2026,SOCIAL_QUOTA,FULL,B044,,,45,GENERAL,99,99,99.0,1
2026,SOCIAL_QUOTA,FULL,B044,,,53,GENERAL,100,100,100.0,1
2026,SOCIAL_QUOTA,FULL,B044,,,83,GENERAL,103,103,103.0,1
2026,SOCIAL_QUOTA,FULL,B044,,,174,GENERAL,125,125,125.0,1
2026,SOCIAL_QUOTA,FULL,B044,,,421,GENERAL,125,125,125.0,2
2026,SOCIAL_QUOTA,FULL,B044,,,522,GENERAL,95,121,108.0,2
2026,SOCIAL_QUOTA,FULL,B045,,,2,GENERAL,97,99,98.0,2
2026,SOCIAL_QUOTA,FULL,B045,,,13,GENERAL,111,113,112.0,3
2026,SOCIAL_QUOTA,FULL,B045,,,21,GENERAL,113,123,117.7,3
2026,SOCIAL_QUOTA,FULL,B045,,,174,GENERAL,123,125,123.7,9
2026,SOCIAL_QUOTA,FULL,B045,,,302,GENERAL,110,120,114.3,3
2026,SOCIAL_QUOTA,FULL,B045,,,501,GENERAL,95,95,95.0,1
2026,SOCIAL_QUOTA,FULL,B046,,,11,GENERAL,117,117,117.0,1
2026,SOCIAL_QUOTA,FULL,B046,,,13,GENERAL,119,128,124.3,20
2026,SOCIAL_QUOTA,FULL,B046,,,21,GENERAL,110,127,123.9,14
2026,SOCIAL_QUOTA,FULL,B046,,,27,GENERAL,112,127,118.0,3
2026,SOCIAL_QUOTA,FULL,B046,,,45,GENERAL,121,121,121.0,1
2026,SOCIAL_QUOTA,FULL,B046,,,79,GENERAL,97,97,97.0,1
2026,SOCIAL_QUOTA,FULL,B046,,,182,GENERAL,95,95,95.0,1
2026,SOCIAL_QUOTA,FULL,B046,,,185,GENERAL,94,103,98.8,4
2026,SOCIAL_QUOTA,FULL,B046,,,302,GENERAL,109,126,122.0,10
2026,SOCIAL_QUOTA,FULL,B046,,,421,GENERAL,121,127,123.7,13
2026,SOCIAL_QUOTA,FULL,B046,KZ-040,,40,GENERAL,69,87,81.1,10
2026,SOCIAL_QUOTA,FULL,B046,KZ-US-040,,40,GENERAL,69,73,71.0,2
2026,SOCIAL_QUOTA,FULL,B047,,,21,GENERAL,111,112,111.5,2
2026,SOCIAL_QUOTA,FULL,B047,,,185,GENERAL,117,117,117.0,1
2026,SOCIAL_QUOTA,FULL,B047,,,302,GENERAL,110,110,110.0,1
2026,SOCIAL_QUOTA,FULL,B047,KZ-040,,40,GENERAL,64,78,71.0,2
2026,SOCIAL_QUOTA,FULL,B049,,,7,GENERAL,94,119,108.8,6
2026,SOCIAL_QUOTA,FULL,B049,,,21,GENERAL,99,124,113.3,9
2026,SOCIAL_QUOTA,FULL,B049,,,27,GENERAL,120,126,123.4,23
2026,SOCIAL_QUOTA,FULL,B049,,,31,GENERAL,89,122,106.6,5
2026,SOCIAL_QUOTA,FULL,B049,,,40,GENERAL,96,124,110.0,2
2026,SOCIAL_QUOTA,FULL,B049,,,93,GENERAL,93,93,93.0,1
2026,SOCIAL_QUOTA,FULL,B049,,,174,GENERAL,125,126,125.2,11
2026,SOCIAL_QUOTA,FULL,B049,,,302,GENERAL,110,125,118.5,13
2026,SOCIAL_QUOTA,FULL,B050,,,2,GENERAL,58,91,79.9,147
2026,SOCIAL_QUOTA,FULL,B050,,,5,GENERAL,61,90,80.8,38
2026,SOCIAL_QUOTA,FULL,B050,,,7,GENERAL,80,91,84.6,111
2026,SOCIAL_QUOTA,FULL,B050,,,11,GENERAL,57,81,70.2,4
2026,SOCIAL_QUOTA,FULL,B050,,,24,GENERAL,67,88,79.0,17
2026,SOCIAL_QUOTA,FULL,B050,,,25,GENERAL,75,91,84.4,155
2026,SOCIAL_QUOTA,FULL,B050,,,27,GENERAL,90,91,90.1,12
2026,SOCIAL_QUOTA,FULL,B050,,,29,GENERAL,80,91,84.6,39
2026,SOCIAL_QUOTA,FULL,B050,,,30,GENERAL,61,91,82.4,96
2026,SOCIAL_QUOTA,FULL,B050,,,31,GENERAL,67,88,80.5,11
2026,SOCIAL_QUOTA,FULL,B050,,,35,GENERAL,62,87,76.1,8
2026,SOCIAL_QUOTA,FULL,B050,,,36,GENERAL,78,83,80.5,2
2026,SOCIAL_QUOTA,FULL,B050,,,37,GENERAL,67,91,83.0,41
2026,SOCIAL_QUOTA,FULL,B050,,,38,GENERAL,60,87,76.0,3
2026,SOCIAL_QUOTA,FULL,B050,,,42,GENERAL,59,87,79.4,7
2026,SOCIAL_QUOTA,FULL,B050,,,43,GENERAL,69,89,81.2,4
2026,SOCIAL_QUOTA,FULL,B050,,,45,GENERAL,70,90,83.6,28
2026,SOCIAL_QUOTA,FULL,B050,,,49,GENERAL,50,89,72.9,20
2026,SOCIAL_QUOTA,FULL,B050,,,53,GENERAL,53,86,75.6,42
2026,SOCIAL_QUOTA,FULL,B050,,,141,GENERAL,55,88,71.5,2
2026,SOCIAL_QUOTA,FULL,B050,,,182,GENERAL,58,90,80.3,29
2026,SOCIAL_QUOTA,FULL,B050,,,185,GENERAL,90,91,90.3,7
2026,SOCIAL_QUOTA,FULL,B050,,,196,GENERAL,54,90,73.9,16
2026,SOCIAL_QUOTA,FULL,B050,KZ-040,,40,GENERAL,77,78,77.5,2
2026,SOCIAL_QUOTA,FULL,B050,KZ-US-040,,40,GENERAL,62,62,62.0,1
2026,SOCIAL_QUOTA,FULL,B051,,,2,GENERAL,55,80,67.9,42
2026,SOCIAL_QUOTA,FULL,B051,,,3,GENERAL,52,66,60.4,5
2026,SOCIAL_QUOTA,FULL,B051,,,5,GENERAL,64,80,71.0,8
2026,SOCIAL_QUOTA,FULL,B051,,,7,GENERAL,77,78,77.4,8
2026,SOCIAL_QUOTA,FULL,B051,,,10,GENERAL,56,70,61.3,3
2026,SOCIAL_QUOTA,FULL,B051,,,11,GENERAL,52,67,60.3,3
2026,SOCIAL_QUOTA,FULL,B051,,,15,GENERAL,53,71,63.7,3
2026,SOCIAL_QUOTA,FULL,B051,,,16,GENERAL,66,68,67.0,2
2026,SOCIAL_QUOTA,FULL,B051,,,21,GENERAL,77,79,78.0,5
2026,SOCIAL_QUOTA,FULL,B051,,,24,GENERAL,65,79,71.0,12
2026,SOCIAL_QUOTA,FULL,B051,,,27,GENERAL,80,80,80.0,1
2026,SOCIAL_QUOTA,FULL,B051,,,31,GENERAL,71,80,75.0,4
2026,SOCIAL_QUOTA,FULL,B051,,,34,GENERAL,50,80,64.1,12
2026,SOCIAL_QUOTA,FULL,B051,,,35,GENERAL,61,73,65.7,3
2026,SOCIAL_QUOTA,FULL,B051,,,36,GENERAL,68,74,71.0,2
2026,SOCIAL_QUOTA,FULL,B051,,,37,GENERAL,67,77,71.8,4
2026,SOCIAL_QUOTA,FULL,B051,,,38,GENERAL,61,67,64.0,3
2026,SOCIAL_QUOTA,FULL,B051,,,40,GENERAL,79,79,79.0,1
2026,SOCIAL_QUOTA,FULL,B051,,,42,GENERAL,50,71,58.0,5
2026,SOCIAL_QUOTA,FULL,B051,,,45,GENERAL,66,79,71.3,7
2026,SOCIAL_QUOTA,FULL,B051,,,53,GENERAL,55,71,64.2,17
2026,SOCIAL_QUOTA,FULL,B051,,,122,GENERAL,53,78,64.7,3
2026,SOCIAL_QUOTA,FULL,B051,,,158,GENERAL,50,50,50.0,1
2026,SOCIAL_QUOTA,FULL,B051,,,182,GENERAL,51,80,67.8,12
2026,SOCIAL_QUOTA,FULL,B051,,,501,GENERAL,50,50,50.0,1
2026,SOCIAL_QUOTA,FULL,B051,,,529,GENERAL,66,69,67.5,2
2026,SOCIAL_QUOTA,FULL,B052,,,5,GENERAL,78,81,79.6,10
2026,SOCIAL_QUOTA,FULL,B052,,,7,GENERAL,80,83,81.1,42
2026,SOCIAL_QUOTA,FULL,B052,,,10,GENERAL,78,78,78.0,2
2026,SOCIAL_QUOTA,FULL,B052,,,11,GENERAL,77,82,78.8,5
2026,SOCIAL_QUOTA,FULL,B052,,,29,GENERAL,80,83,81.2,55
2026,SOCIAL_QUOTA,FULL,B052,,,31,GENERAL,68,82,78.8,17
2026,SOCIAL_QUOTA,FULL,B052,,,38,GENERAL,57,82,71.6,9
2026,SOCIAL_QUOTA,FULL,B052,,,40,GENERAL,78,81,79.8,4
2026,SOCIAL_QUOTA,FULL,B052,,,43,GENERAL,75,83,78.5,8
2026,SOCIAL_QUOTA,FULL,B052,,,45,GENERAL,66,82,77.0,11
2026,SOCIAL_QUOTA,FULL,B052,,,501,GENERAL,65,80,72.5,2
2026,SOCIAL_QUOTA,FULL,B053,,,5,GENERAL,63,75,70.6,5
2026,SOCIAL_QUOTA,FULL,B053,,,10,GENERAL,53,53,53.0,1
2026,SOCIAL_QUOTA,FULL,B053,,,11,GENERAL,67,68,67.7,3
2026,SOCIAL_QUOTA,FULL,B053,,,12,GENERAL,57,57,57.0,1
2026,SOCIAL_QUOTA,FULL,B053,,,31,GENERAL,72,72,72.0,1
2026,SOCIAL_QUOTA,FULL,B053,,,36,GENERAL,66,66,66.0,1
2026,SOCIAL_QUOTA,FULL,B053,,,38,GENERAL,56,56,56.0,1
2026,SOCIAL_QUOTA,FULL,B053,,,43,GENERAL,69,69,69.0,1
2026,SOCIAL_QUOTA,FULL,B053,KZ-040,,40,GENERAL,71,75,73.0,2
2026,SOCIAL_QUOTA,FULL,B054,,,35,GENERAL,54,54,54.0,1
2026,SOCIAL_QUOTA,FULL,B055,,,5,GENERAL,67,73,69.3,3
2026,SOCIAL_QUOTA,FULL,B055,,,10,GENERAL,51,62,56.3,3
2026,SOCIAL_QUOTA,FULL,B055,,,11,GENERAL,72,72,72.0,1
2026,SOCIAL_QUOTA,FULL,B055,,,31,GENERAL,67,69,68.0,2
2026,SOCIAL_QUOTA,FULL,B055,,,36,GENERAL,65,73,69.0,2
2026,SOCIAL_QUOTA,FULL,B055,,,37,GENERAL,68,68,68.0,1
2026,SOCIAL_QUOTA,FULL,B055,,,43,GENERAL,67,67,67.0,1
2026,SOCIAL_QUOTA,FULL,B055,,,45,GENERAL,65,69,67.0,2
2026,SOCIAL_QUOTA,FULL,B055,,,154,GENERAL,50,65,56.3,3
2026,SOCIAL_QUOTA,FULL,B055,,,173,GENERAL,55,74,65.2,6
2026,SOCIAL_QUOTA,FULL,B057,,,2,GENERAL,62,98,76.3,124
2026,SOCIAL_QUOTA,FULL,B057,,,3,GENERAL,52,96,79.0,4
2026,SOCIAL_QUOTA,FULL,B057,,,5,GENERAL,69,93,81.0,10
2026,SOCIAL_QUOTA,FULL,B057,,,7,GENERAL,75,84,78.6,17
2026,SOCIAL_QUOTA,FULL,B057,,,9,GENERAL,70,70,70.0,1
2026,SOCIAL_QUOTA,FULL,B057,,,10,GENERAL,56,96,72.8,12
2026,SOCIAL_QUOTA,FULL,B057,,,11,GENERAL,71,74,72.5,2
2026,SOCIAL_QUOTA,FULL,B057,,,12,GENERAL,27,85,64.1,14
2026,SOCIAL_QUOTA,FULL,B057,,,15,GENERAL,72,98,84.6,8
2026,SOCIAL_QUOTA,FULL,B057,,,16,GENERAL,60,85,72.5,2
2026,SOCIAL_QUOTA,FULL,B057,,,19,GENERAL,36,92,69.6,37
2026,SOCIAL_QUOTA,FULL,B057,,,22,GENERAL,93,94,93.5,2
2026,SOCIAL_QUOTA,FULL,B057,,,24,GENERAL,69,86,76.2,5
2026,SOCIAL_QUOTA,FULL,B057,,,25,GENERAL,65,92,75.5,8
2026,SOCIAL_QUOTA,FULL,B057,,,29,GENERAL,27,100,85.8,114
2026,SOCIAL_QUOTA,FULL,B057,,,31,GENERAL,35,95,73.6,12
2026,SOCIAL_QUOTA,FULL,B057,,,32,GENERAL,31,95,74.2,12
2026,SOCIAL_QUOTA,FULL,B057,,,34,GENERAL,59,89,69.2,5
2026,SOCIAL_QUOTA,FULL,B057,,,35,GENERAL,72,97,82.0,3
2026,SOCIAL_QUOTA,FULL,B057,,,36,GENERAL,62,96,80.4,11
2026,SOCIAL_QUOTA,FULL,B057,,,37,GENERAL,66,96,79.9,15
2026,SOCIAL_QUOTA,FULL,B057,,,38,GENERAL,70,81,76.3,3
2026,SOCIAL_QUOTA,FULL,B057,,,40,GENERAL,78,78,78.0,1
2026,SOCIAL_QUOTA,FULL,B057,,,42,GENERAL,26,94,64.6,7
2026,SOCIAL_QUOTA,FULL,B057,,,43,GENERAL,29,93,66.2,5
2026,SOCIAL_QUOTA,FULL,B057,,,45,GENERAL,69,97,79.1,20
2026,SOCIAL_QUOTA,FULL,B057,,,49,GENERAL,50,92,69.6,25
2026,SOCIAL_QUOTA,FULL,B057,,,53,GENERAL,52,83,69.2,20
2026,SOCIAL_QUOTA,FULL,B057,,,57,GENERAL,75,100,82.0,14
2026,SOCIAL_QUOTA,FULL,B057,,,69,GENERAL,50,96,73.4,17
2026,SOCIAL_QUOTA,FULL,B057,,,79,GENERAL,72,74,73.0,2
2026,SOCIAL_QUOTA,FULL,B057,,,82,GENERAL,71,74,72.5,2
2026,SOCIAL_QUOTA,FULL,B057,,,83,GENERAL,76,99,86.3,15
2026,SOCIAL_QUOTA,FULL,B057,,,93,GENERAL,51,74,67.3,6
2026,SOCIAL_QUOTA,FULL,B057,,,111,GENERAL,90,99,93.7,64
2026,SOCIAL_QUOTA,FULL,B057,,,122,GENERAL,51,71,57.8,4
2026,SOCIAL_QUOTA,FULL,B057,,,141,GENERAL,67,68,67.5,2
2026,SOCIAL_QUOTA,FULL,B057,,,143,GENERAL,52,97,67.6,5
2026,SOCIAL_QUOTA,FULL,B057,,,146,GENERAL,80,80,80.0,1
2026,SOCIAL_QUOTA,FULL,B057,,,160,GENERAL,50,92,69.2,5
2026,SOCIAL_QUOTA,FULL,B057,,,162,GENERAL,69,69,69.0,1
2026,SOCIAL_QUOTA,FULL,B057,,,173,GENERAL,50,83,65.3,10
2026,SOCIAL_QUOTA,FULL,B057,,,182,GENERAL,25,89,74.4,87
2026,SOCIAL_QUOTA,FULL,B057,,,184,GENERAL,31,93,71.8,39
2026,SOCIAL_QUOTA,FULL,B057,,,185,GENERAL,27,98,89.1,99
2026,SOCIAL_QUOTA,FULL,B057,,,190,GENERAL,75,100,87.5,164
2026,SOCIAL_QUOTA,FULL,B057,,,198,GENERAL,29,29,29.0,1
2026,SOCIAL_QUOTA,FULL,B057,,,223,GENERAL,60,73,67.7,3
2026,SOCIAL_QUOTA,FULL,B057,,,416,GENERAL,52,59,55.0,3
2026,SOCIAL_QUOTA,FULL,B057,,,501,GENERAL,51,85,71.5,4
2026,SOCIAL_QUOTA,FULL,B057,,,522,GENERAL,100,100,100.0,7
2026,SOCIAL_QUOTA,FULL,B057,KZ-040,,40,GENERAL,59,63,61.6,10
2026,SOCIAL_QUOTA,FULL,B057,KZ-UK-005,,5,GENERAL,65,68,66.1,7
2026,SOCIAL_QUOTA,FULL,B057,KZ-US-040,,40,GENERAL,56,67,61.2,6
2026,SOCIAL_QUOTA,FULL,B058,,,19,GENERAL,54,78,69.2,32
2026,SOCIAL_QUOTA,FULL,B058,,,32,GENERAL,65,75,71.2,5
2026,SOCIAL_QUOTA,FULL,B058,,,34,GENERAL,55,70,62.5,2
2026,SOCIAL_QUOTA,FULL,B058,,,57,GENERAL,70,79,73.1,62
2026,SOCIAL_QUOTA,FULL,B058,,,190,GENERAL,75,78,76.7,34
2026,SOCIAL_QUOTA,FULL,B059,,,2,GENERAL,62,76,72.3,55
2026,SOCIAL_QUOTA,FULL,B059,,,19,GENERAL,53,76,66.5,16
2026,SOCIAL_QUOTA,FULL,B059,,,22,GENERAL,66,76,71.8,25
2026,SOCIAL_QUOTA,FULL,B059,,,31,GENERAL,74,74,74.0,1
2026,SOCIAL_QUOTA,FULL,B059,,,32,GENERAL,54,75,69.3,7
2026,SOCIAL_QUOTA,FULL,B059,,,38,GENERAL,67,71,69.0,2
2026,SOCIAL_QUOTA,FULL,B059,,,43,GENERAL,51,76,66.0,3
2026,SOCIAL_QUOTA,FULL,B059,,,45,GENERAL,70,71,70.4,7
2026,SOCIAL_QUOTA,FULL,B059,,,49,GENERAL,50,76,62.8,8
2026,SOCIAL_QUOTA,FULL,B059,,,57,GENERAL,56,76,70.6,34
2026,SOCIAL_QUOTA,FULL,B059,,,93,GENERAL,69,73,70.3,3
2026,SOCIAL_QUOTA,FULL,B059,,,190,GENERAL,70,76,73.0,5
2026,SOCIAL_QUOTA,FULL,B060,,,3,GENERAL,53,64,59.2,4
2026,SOCIAL_QUOTA,FULL,B060,,,9,GENERAL,65,65,65.0,1
2026,SOCIAL_QUOTA,FULL,B060,,,27,GENERAL,70,82,74.1,11
2026,SOCIAL_QUOTA,FULL,B060,,,33,GENERAL,61,61,61.0,1
2026,SOCIAL_QUOTA,FULL,B060,,,45,GENERAL,68,68,68.0,1
2026,SOCIAL_QUOTA,FULL,B060,,,49,GENERAL,61,69,65.3,3
2026,SOCIAL_QUOTA,FULL,B060,,,53,GENERAL,60,65,62.0,4
2026,SOCIAL_QUOTA,FULL,B060,,,182,GENERAL,51,74,64.9,14
2026,SOCIAL_QUOTA,FULL,B060,,,501,GENERAL,61,61,61.0,1
2026,SOCIAL_QUOTA,FULL,B061,,,32,GENERAL,53,53,53.0,1
2026,SOCIAL_QUOTA,FULL,B062,,,2,GENERAL,57,71,63.7,11
2026,SOCIAL_QUOTA,FULL,B062,,,5,GENERAL,70,74,72.0,2
2026,SOCIAL_QUOTA,FULL,B062,,,12,GENERAL,56,61,58.5,2
2026,SOCIAL_QUOTA,FULL,B062,,,19,GENERAL,50,65,59.2,5
2026,SOCIAL_QUOTA,FULL,B062,,,24,GENERAL,72,72,72.0,1
2026,SOCIAL_QUOTA,FULL,B062,,,29,GENERAL,83,83,83.0,1
2026,SOCIAL_QUOTA,FULL,B062,,,32,GENERAL,26,72,54.3,3
2026,SOCIAL_QUOTA,FULL,B062,,,37,GENERAL,64,64,64.0,1
2026,SOCIAL_QUOTA,FULL,B062,,,38,GENERAL,63,67,65.0,2
2026,SOCIAL_QUOTA,FULL,B062,,,40,GENERAL,54,69,62.8,4
2026,SOCIAL_QUOTA,FULL,B062,,,45,GENERAL,65,65,65.0,1
2026,SOCIAL_QUOTA,FULL,B062,,,49,GENERAL,68,68,68.0,1
2026,SOCIAL_QUOTA,FULL,B062,,,53,GENERAL,57,65,61.0,2
2026,SOCIAL_QUOTA,FULL,B062,,,57,GENERAL,61,87,70.7,9
2026,SOCIAL_QUOTA,FULL,B062,,,182,GENERAL,51,77,66.8,4
2026,SOCIAL_QUOTA,FULL,B062,,,501,GENERAL,53,80,66.0,3
2026,SOCIAL_QUOTA,FULL,B062,,,522,GENERAL,77,84,80.5,2
2026,SOCIAL_QUOTA,FULL,B062,KZ-UK-005,,5,GENERAL,68,73,70.2,4
2026,SOCIAL_QUOTA,FULL,B063,,,2,GENERAL,61,94,77.1,10
2026,SOCIAL_QUOTA,FULL,B063,,,3,GENERAL,60,60,60.0,1
2026,SOCIAL_QUOTA,FULL,B063,,,9,GENERAL,66,66,66.0,1
2026,SOCIAL_QUOTA,FULL,B063,,,12,GENERAL,51,65,58.0,2
2026,SOCIAL_QUOTA,FULL,B063,,,13,GENERAL,100,103,101.7,26
2026,SOCIAL_QUOTA,FULL,B063,,,19,GENERAL,62,72,65.7,3
2026,SOCIAL_QUOTA,FULL,B063,,,24,GENERAL,65,65,65.0,1
2026,SOCIAL_QUOTA,FULL,B063,,,27,GENERAL,92,102,96.4,9
2026,SOCIAL_QUOTA,FULL,B063,,,29,GENERAL,80,103,95.0,40
2026,SOCIAL_QUOTA,FULL,B063,,,32,GENERAL,64,87,72.0,4
2026,SOCIAL_QUOTA,FULL,B063,,,40,GENERAL,79,79,79.0,1
2026,SOCIAL_QUOTA,FULL,B063,,,49,GENERAL,50,50,50.0,1
2026,SOCIAL_QUOTA,FULL,B063,,,53,GENERAL,56,74,65.0,2
2026,SOCIAL_QUOTA,FULL,B063,,,57,GENERAL,70,101,86.9,7
2026,SOCIAL_QUOTA,FULL,B063,,,182,GENERAL,53,90,68.6,8
2026,SOCIAL_QUOTA,FULL,B063,,,416,GENERAL,53,53,53.0,1
2026,SOCIAL_QUOTA,FULL,B063,,,522,GENERAL,78,101,93.5,23
2026,SOCIAL_QUOTA,FULL,B064,,,2,GENERAL,54,60,57.8,4
2026,SOCIAL_QUOTA,FULL,B064,,,32,GENERAL,54,55,54.7,3
2026,SOCIAL_QUOTA,FULL,B064,,,182,GENERAL,57,57,57.0,1
2026,SOCIAL_QUOTA,FULL,B065,,,2,GENERAL,58,58,58.0,1
2026,SOCIAL_QUOTA,FULL,B065,,,12,GENERAL,27,27,27.0,1
2026,SOCIAL_QUOTA,FULL,B065,,,19,GENERAL,53,62,56.7,3
2026,SOCIAL_QUOTA,FULL,B065,,,36,GENERAL,50,59,54.5,2
2026,SOCIAL_QUOTA,FULL,B067,,,19,GENERAL,67,71,69.0,2
2026,SOCIAL_QUOTA,FULL,B067,,,57,GENERAL,68,76,72.0,2
2026,SOCIAL_QUOTA,FULL,B067,,,157,GENERAL,67,82,74.4,12
2026,SOCIAL_QUOTA,FULL,B068,,,2,GENERAL,59,71,62.8,9
2026,SOCIAL_QUOTA,FULL,B068,,,34,GENERAL,53,70,63.0,3
2026,SOCIAL_QUOTA,FULL,B068,,,35,GENERAL,60,60,60.0,1
2026,SOCIAL_QUOTA,FULL,B068,,,42,GENERAL,61,61,61.0,1
2026,SOCIAL_QUOTA,FULL,B068,,,43,GENERAL,60,60,60.0,1
2026,SOCIAL_QUOTA,FULL,B068,,,49,GENERAL,60,61,60.5,2
2026,SOCIAL_QUOTA,FULL,B068,,,53,GENERAL,61,65,63.0,5
2026,SOCIAL_QUOTA,FULL,B068,,,501,GENERAL,53,60,56.5,2
2026,SOCIAL_QUOTA,FULL,B071,,,3,GENERAL,64,64,64.0,1
2026,SOCIAL_QUOTA,FULL,B071,,,5,GENERAL,61,71,67.0,3
2026,SOCIAL_QUOTA,FULL,B071,,,9,GENERAL,61,61,61.0,1
2026,SOCIAL_QUOTA,FULL,B071,,,14,GENERAL,50,50,50.0,1
2026,SOCIAL_QUOTA,FULL,B071,,,32,GENERAL,61,73,65.8,4
2026,SOCIAL_QUOTA,FULL,B071,,,34,GENERAL,63,63,63.0,1
2026,SOCIAL_QUOTA,FULL,B071,,,38,GENERAL,53,59,56.0,2
2026,SOCIAL_QUOTA,FULL,B071,,,79,GENERAL,59,63,61.4,5
2026,SOCIAL_QUOTA,FULL,B071,,,182,GENERAL,60,74,64.3,9
2026,SOCIAL_QUOTA,FULL,B071,KZ-UK-005,,5,GENERAL,68,71,69.5,2
2026,SOCIAL_QUOTA,FULL,B072,,,26,GENERAL,66,94,81.9,33
2026,SOCIAL_QUOTA,FULL,B072,,,27,GENERAL,84,89,85.7,3
2026,SOCIAL_QUOTA,FULL,B072,,,30,GENERAL,83,83,83.0,1
2026,SOCIAL_QUOTA,FULL,B072,,,31,GENERAL,67,67,67.0,1
2026,SOCIAL_QUOTA,FULL,B072,,,33,GENERAL,60,60,60.0,1
2026,SOCIAL_QUOTA,FULL,B072,,,44,GENERAL,52,90,64.8,14
2026,SOCIAL_QUOTA,FULL,B072,,,45,GENERAL,84,87,85.7,3
2026,SOCIAL_QUOTA,FULL,B072,,,53,GENERAL,54,77,63.8,19
2026,SOCIAL_QUOTA,FULL,B073,,,2,GENERAL,81,121,106.5,196
2026,SOCIAL_QUOTA,FULL,B073,,,12,GENERAL,84,114,101.2,15
2026,SOCIAL_QUOTA,FULL,B073,,,19,GENERAL,54,122,108.4,130
2026,SOCIAL_QUOTA,FULL,B073,,,22,GENERAL,120,122,120.3,101
2026,SOCIAL_QUOTA,FULL,B073,,,29,GENERAL,87,121,106.6,54
2026,SOCIAL_QUOTA,FULL,B073,,,32,GENERAL,100,121,111.7,32
2026,SOCIAL_QUOTA,FULL,B073,,,38,GENERAL,77,105,98.2,5
2026,SOCIAL_QUOTA,FULL,B073,,,45,GENERAL,70,122,115.5,508
2026,SOCIAL_QUOTA,FULL,B073,,,79,GENERAL,90,118,103.0,21
2026,SOCIAL_QUOTA,FULL,B073,,,198,GENERAL,89,121,111.8,106
2026,SOCIAL_QUOTA,FULL,B073,,,501,GENERAL,89,120,114.4,8
2026,SOCIAL_QUOTA,FULL,B073,,,529,GENERAL,90,121,113.1,59
2026,SOCIAL_QUOTA,FULL,B074,,,2,GENERAL,65,80,71.1,17
2026,SOCIAL_QUOTA,FULL,B074,,,3,GENERAL,53,53,53.0,1
2026,SOCIAL_QUOTA,FULL,B074,,,5,GENERAL,61,64,62.8,4
2026,SOCIAL_QUOTA,FULL,B074,,,9,GENERAL,52,52,52.0,1
2026,SOCIAL_QUOTA,FULL,B074,,,19,GENERAL,50,77,64.4,13
2026,SOCIAL_QUOTA,FULL,B074,,,22,GENERAL,85,86,85.5,2
2026,SOCIAL_QUOTA,FULL,B074,,,29,GENERAL,81,86,84.4,5
2026,SOCIAL_QUOTA,FULL,B074,,,32,GENERAL,60,69,63.8,4
2026,SOCIAL_QUOTA,FULL,B074,,,33,GENERAL,53,53,53.0,1
2026,SOCIAL_QUOTA,FULL,B074,,,34,GENERAL,54,56,55.0,2
2026,SOCIAL_QUOTA,FULL,B074,,,38,GENERAL,26,26,26.0,1
2026,SOCIAL_QUOTA,FULL,B074,,,40,GENERAL,60,63,61.5,2
2026,SOCIAL_QUOTA,FULL,B074,,,42,GENERAL,62,62,62.0,1
2026,SOCIAL_QUOTA,FULL,B074,,,79,GENERAL,60,73,65.3,3
2026,SOCIAL_QUOTA,FULL,B075,,,2,GENERAL,56,112,93.4,120
2026,SOCIAL_QUOTA,FULL,B075,,,3,GENERAL,67,67,67.0,1
2026,SOCIAL_QUOTA,FULL,B075,,,12,GENERAL,52,93,66.3,3
2026,SOCIAL_QUOTA,FULL,B075,,,19,GENERAL,59,108,81.3,56
2026,SOCIAL_QUOTA,FULL,B075,,,22,GENERAL,89,113,99.2,68
2026,SOCIAL_QUOTA,FULL,B075,,,24,GENERAL,66,108,86.7,12
2026,SOCIAL_QUOTA,FULL,B075,,,27,GENERAL,100,113,105.0,112
2026,SOCIAL_QUOTA,FULL,B075,,,29,GENERAL,80,111,97.4,88
2026,SOCIAL_QUOTA,FULL,B075,,,32,GENERAL,58,98,78.8,5
2026,SOCIAL_QUOTA,FULL,B075,,,34,GENERAL,98,98,98.0,1
2026,SOCIAL_QUOTA,FULL,B075,,,45,GENERAL,73,113,96.8,13
2026,SOCIAL_QUOTA,FULL,B075,,,198,GENERAL,64,64,64.0,1
2026,SOCIAL_QUOTA,FULL,B075,,,501,GENERAL,94,100,97.0,2
2026,SOCIAL_QUOTA,FULL,B076,,,2,GENERAL,60,72,64.5,4
2026,SOCIAL_QUOTA,FULL,B076,,,15,GENERAL,57,57,57.0,1
2026,SOCIAL_QUOTA,FULL,B076,,,24,GENERAL,68,68,68.0,1
2026,SOCIAL_QUOTA,FULL,B076,,,38,GENERAL,77,77,77.0,1
2026,SOCIAL_QUOTA,FULL,B076,,,43,GENERAL,61,61,61.0,1
2026,SOCIAL_QUOTA,FULL,B076,,,45,GENERAL,65,68,66.5,2
2026,SOCIAL_QUOTA,FULL,B076,,,49,GENERAL,58,58,58.0,1
2026,SOCIAL_QUOTA,FULL,B076,,,53,GENERAL,61,79,69.2,4
2026,SOCIAL_QUOTA,FULL,B077,,,2,GENERAL,57,68,61.2,6
2026,SOCIAL_QUOTA,FULL,B077,,,15,GENERAL,58,58,58.0,1
2026,SOCIAL_QUOTA,FULL,B077,,,24,GENERAL,51,58,55.7,3
2026,SOCIAL_QUOTA,FULL,B077,,,34,GENERAL,51,51,51.0,1
2026,SOCIAL_QUOTA,FULL,B077,,,35,GENERAL,54,68,61.0,2
2026,SOCIAL_QUOTA,FULL,B077,,,40,GENERAL,59,59,59.0,1
2026,SOCIAL_QUOTA,FULL,B077,,,42,GENERAL,59,59,59.0,1
2026,SOCIAL_QUOTA,FULL,B077,,,45,GENERAL,59,59,59.0,1
2026,SOCIAL_QUOTA,FULL,B077,KZ-040,,40,GENERAL,60,60,60.0,1
2026,SOCIAL_QUOTA,FULL,B078,,,2,GENERAL,54,54,54.0,1
2026,SOCIAL_QUOTA,FULL,B079,,,2,GENERAL,58,76,70.2,180
2026,SOCIAL_QUOTA,FULL,B079,,,11,GENERAL,61,71,67.8,4
2026,SOCIAL_QUOTA,FULL,B079,,,12,GENERAL,65,73,69.8,6
2026,SOCIAL_QUOTA,FULL,B079,,,24,GENERAL,59,76,70.5,129
2026,SOCIAL_QUOTA,FULL,B079,,,35,GENERAL,62,73,69.7,12
2026,SOCIAL_QUOTA,FULL,B079,,,38,GENERAL,55,74,69.8,10
2026,SOCIAL_QUOTA,FULL,B079,,,40,GENERAL,71,76,73.0,5
2026,SOCIAL_QUOTA,FULL,B079,,,42,GENERAL,70,72,70.8,5
2026,SOCIAL_QUOTA,FULL,B079,,,223,GENERAL,60,74,70.8,13
2026,SOCIAL_QUOTA,FULL,B079,,,501,GENERAL,58,76,69.8,16
2026,SOCIAL_QUOTA,FULL,B080,,,24,GENERAL,55,55,55.0,1
2026,SOCIAL_QUOTA,FULL,B083,,,2,GENERAL,56,67,61.7,78
2026,SOCIAL_QUOTA,FULL,B083,,,24,GENERAL,50,67,61.3,66
2026,SOCIAL_QUOTA,FULL,B083,,,36,GENERAL,51,66,60.5,6
2026,SOCIAL_QUOTA,FULL,B083,,,38,GENERAL,57,65,62.4,5
2026,SOCIAL_QUOTA,FULL,B083,,,42,GENERAL,58,66,63.1,8
2026,SOCIAL_QUOTA,FULL,B083,,,45,GENERAL,51,65,61.1,19
2026,SOCIAL_QUOTA,FULL,B083,,,223,GENERAL,52,66,60.0,10
2026,SOCIAL_QUOTA,FULL,B083,,,501,GENERAL,56,56,56.0,1
2026,SOCIAL_QUOTA,FULL,B085,,Фармация,80,GENERAL,86,100,93.0,2
2026,SOCIAL_QUOTA,FULL,B090,,,21,GENERAL,76,76,76.0,1
2026,SOCIAL_QUOTA,FULL,B090,,,25,GENERAL,74,74,74.0,1
2026,SOCIAL_QUOTA,FULL,B090,,,31,GENERAL,76,76,76.0,1
2026,SOCIAL_QUOTA,FULL,B091,,,5,GENERAL,94,94,94.0,1
2026,SOCIAL_QUOTA,FULL,B091,,,13,GENERAL,120,125,122.3,3
2026,SOCIAL_QUOTA,FULL,B091,,,15,GENERAL,91,91,91.0,1
2026,SOCIAL_QUOTA,FULL,B091,,,21,GENERAL,110,118,115.2,6
2026,SOCIAL_QUOTA,FULL,B091,,,22,GENERAL,104,104,104.0,1
2026,SOCIAL_QUOTA,FULL,B091,,,27,GENERAL,113,114,113.3,3
2026,SOCIAL_QUOTA,FULL,B091,,,36,GENERAL,86,86,86.0,1
2026,SOCIAL_QUOTA,FULL,B091,,,37,GENERAL,77,77,77.0,1
2026,SOCIAL_QUOTA,FULL,B091,,,38,GENERAL,104,104,104.0,1
2026,SOCIAL_QUOTA,FULL,B091,,,45,GENERAL,79,79,79.0,1
2026,SOCIAL_QUOTA,FULL,B091,,,69,GENERAL,108,108,108.0,1
2026,SOCIAL_QUOTA,FULL,B091,,,83,GENERAL,106,106,106.0,1
2026,SOCIAL_QUOTA,FULL,B091,,,93,GENERAL,76,107,91.5,2
2026,SOCIAL_QUOTA,FULL,B091,,,122,GENERAL,81,124,97.7,3
2026,SOCIAL_QUOTA,FULL,B091,,,182,GENERAL,79,109,96.0,4
2026,SOCIAL_QUOTA,FULL,B091,,,185,GENERAL,97,114,104.6,7
2026,SOCIAL_QUOTA,FULL,B092,,,5,GENERAL,107,107,107.0,1
2026,SOCIAL_QUOTA,FULL,B092,,,7,GENERAL,97,117,107.0,2
2026,SOCIAL_QUOTA,FULL,B092,,,16,GENERAL,119,119,119.0,1
2026,SOCIAL_QUOTA,FULL,B092,,,25,GENERAL,106,121,117.4,7
2026,SOCIAL_QUOTA,FULL,B092,,,31,GENERAL,119,120,119.7,3
2026,SOCIAL_QUOTA,FULL,B092,,,36,GENERAL,110,120,116.3,3
2026,SOCIAL_QUOTA,FULL,B092,,,40,GENERAL,120,120,120.0,1
2026,SOCIAL_QUOTA,FULL,B092,,,43,GENERAL,114,116,115.0,2
2026,SOCIAL_QUOTA,FULL,B092,,,45,GENERAL,115,121,118.7,29
2026,SOCIAL_QUOTA,FULL,B093,,,13,GENERAL,115,117,116.0,3
2026,SOCIAL_QUOTA,FULL,B093,,,36,GENERAL,99,99,99.0,1
2026,SOCIAL_QUOTA,FULL,B093,,,69,GENERAL,75,75,75.0,1
2026,SOCIAL_QUOTA,FULL,B093,,,182,GENERAL,93,93,93.0,1
2026,SOCIAL_QUOTA,FULL,B093,,,184,GENERAL,102,102,102.0,1
2026,SOCIAL_QUOTA,FULL,B095,,,2,GENERAL,74,108,85.8,8
2026,SOCIAL_QUOTA,FULL,B095,,,12,GENERAL,85,85,85.0,1
2026,SOCIAL_QUOTA,FULL,B095,,,13,GENERAL,106,110,108.6,5
2026,SOCIAL_QUOTA,FULL,B095,,,19,GENERAL,78,92,85.0,2
2026,SOCIAL_QUOTA,FULL,B095,,,24,GENERAL,79,79,79.0,1
2026,SOCIAL_QUOTA,FULL,B095,,,29,GENERAL,105,105,105.0,1
2026,SOCIAL_QUOTA,FULL,B095,,,42,GENERAL,79,79,79.0,1
2026,SOCIAL_QUOTA,FULL,B095,,,45,GENERAL,87,87,87.0,1
2026,SOCIAL_QUOTA,FULL,B095,,,69,GENERAL,75,75,75.0,1
2026,SOCIAL_QUOTA,FULL,B095,,,83,GENERAL,89,107,98.0,2
2026,SOCIAL_QUOTA,FULL,B095,,,157,GENERAL,89,89,89.0,1
2026,SOCIAL_QUOTA,FULL,B095,,,501,GENERAL,78,78,78.0,1
2026,SOCIAL_QUOTA,FULL,B098,,,20,GENERAL,119,127,122.2,9
2026,SOCIAL_QUOTA,FULL,B098,,,527,GENERAL,109,127,120.8,156
2026,SOCIAL_QUOTA,FULL,B126,,,19,GENERAL,51,54,52.5,2
2026,SOCIAL_QUOTA,FULL,B126,,,22,GENERAL,56,56,56.0,1
2026,SOCIAL_QUOTA,FULL,B126,,,38,GENERAL,52,52,52.0,1
2026,SOCIAL_QUOTA,FULL,B135,,,13,GENERAL,111,126,118.5,2
2026,SOCIAL_QUOTA,FULL,B135,,,23,GENERAL,109,109,109.0,1
2026,SOCIAL_QUOTA,FULL,B135,,,27,GENERAL,126,126,126.0,1
2026,SOCIAL_QUOTA,FULL,B140,,,13,GENERAL,116,134,124.6,17
2026,SOCIAL_QUOTA,FULL,B140,,,21,GENERAL,107,121,112.2,4
2026,SOCIAL_QUOTA,FULL,B140,,,23,GENERAL,119,125,122.0,2
2026,SOCIAL_QUOTA,FULL,B140,,,45,GENERAL,105,105,105.0,1
2026,SOCIAL_QUOTA,FULL,B140,,,82,GENERAL,108,132,120.0,2
2026,SOCIAL_QUOTA,FULL,B140,,,185,GENERAL,109,109,109.0,2
2026,SOCIAL_QUOTA,FULL,B140,,,302,GENERAL,115,132,124.7,6
2026,SOCIAL_QUOTA,FULL,B142,,,13,GENERAL,120,124,122.5,4
2026,SOCIAL_QUOTA,FULL,B158,,,13,GENERAL,95,100,97.1,10
2026,SOCIAL_QUOTA,FULL,B158,,,27,GENERAL,91,100,94.7,7
2026,SOCIAL_QUOTA,FULL,B162,,,2,GENERAL,53,63,58.7,3
2026,SOCIAL_QUOTA,FULL,B162,,,38,GENERAL,51,51,51.0,1
2026,SOCIAL_QUOTA,FULL,B162,,,57,GENERAL,52,60,56.0,2
2026,SOCIAL_QUOTA,FULL,B165,,,19,GENERAL,56,56,56.0,1
2026,SOCIAL_QUOTA,FULL,B167,,,157,GENERAL,85,91,89.0,5
2026,SOCIAL_QUOTA,FULL,B171,,,32,GENERAL,52,52,52.0,1
2026,SOCIAL_QUOTA,FULL,B183,,,2,GENERAL,52,57,54.5,2
2026,SOCIAL_QUOTA,FULL,B183,,,35,GENERAL,58,58,58.0,1
2026,SOCIAL_QUOTA,FULL,B183,,,45,GENERAL,55,55,55.0,1
2026,SOCIAL_QUOTA,FULL,B265,,,19,GENERAL,51,66,56.0,3
2026,SOCIAL_QUOTA,FULL,BM086,,Медицина,4,GENERAL,79,114,104.4,33
2026,SOCIAL_QUOTA,FULL,BM086,,Медицина,30,GENERAL,81,114,107.0,102
2026,SOCIAL_QUOTA,FULL,BM086,,Медицина,35,GENERAL,83,83,83.0,1
2026,SOCIAL_QUOTA,FULL,BM086,,Медицина,40,GENERAL,89,89,89.0,1
2026,SOCIAL_QUOTA,FULL,BM086,,Медицина,41,GENERAL,97,114,109.8,21
2026,SOCIAL_QUOTA,FULL,BM086,,Медицина,44,GENERAL,87,113,101.6,9
2026,SOCIAL_QUOTA,FULL,BM086,,Медицина,80,GENERAL,78,114,104.9,49
2026,SOCIAL_QUOTA,FULL,BM088,,Педиатрия,4,GENERAL,93,101,97.0,2
2026,SOCIAL_QUOTA,FULL,BM088,,Педиатрия,30,GENERAL,79,106,97.8,8
2026,SOCIAL_QUOTA,FULL,BM088,,Педиатрия,41,GENERAL,104,104,104.0,1
2026,SOCIAL_QUOTA,FULL,BM089,,Медико-профилактическое дело,30,GENERAL,99,99,99.0,1
2026,STRATEGIC_PARTNERSHIP,FULL,B001,KZ-040,Педагогика и психология,40,GENERAL,85,120,93.7,12
2026,STRATEGIC_PARTNERSHIP,FULL,B001,KZ-US-040,Педагогика и психология,40,GENERAL,75,89,80.1,8
2026,STRATEGIC_PARTNERSHIP,FULL,B003,KZ-040,Педагогика и методика начального обучения,40,GENERAL,80,113,89.1,11
2026,STRATEGIC_PARTNERSHIP,FULL,B003,KZ-US-040,Педагогика и методика начального обучения,40,GENERAL,75,96,84.0,3
2026,STRATEGIC_PARTNERSHIP,FULL,B020,KZ-040,Специальная педагогика,40,GENERAL,81,104,89.6,10
2026,STRATEGIC_PARTNERSHIP,FULL,B020,KZ-US-040,Специальная педагогика,40,GENERAL,77,92,83.6,8
2026,STRATEGIC_PARTNERSHIP,FULL,B046,KZ-040,"Финансы, экономика, банковское и страховое дело",40,GENERAL,87,112,97.5,55
2026,STRATEGIC_PARTNERSHIP,FULL,B046,KZ-US-040,"Финансы, экономика, банковское и страховое дело",40,GENERAL,75,118,91.1,48
2026,STRATEGIC_PARTNERSHIP,FULL,B047,KZ-040,Маркетинг и реклама,40,GENERAL,78,113,87.2,36
2026,STRATEGIC_PARTNERSHIP,FULL,B050,KZ-040,Биологические и смежные науки,40,GENERAL,80,99,86.6,11
2026,STRATEGIC_PARTNERSHIP,FULL,B050,KZ-US-040,Биологические и смежные науки,40,GENERAL,68,123,83.7,35
2026,STRATEGIC_PARTNERSHIP,FULL,B053,KZ-040,Химия,40,GENERAL,75,95,84.2,9
2026,STRATEGIC_PARTNERSHIP,FULL,B054,KZ-040,Физика,40,GENERAL,68,81,73.1,9
2026,STRATEGIC_PARTNERSHIP,FULL,B057,KZ-040,Информационные технологии,40,GENERAL,63,114,75.3,74
2026,STRATEGIC_PARTNERSHIP,FULL,B057,KZ-US-040,Информационные технологии,40,GENERAL,67,111,85.9,66
2026,STRATEGIC_PARTNERSHIP,FULL,B059,KZ-040,Коммуникации и коммуникационные технологии,40,GENERAL,63,87,71.9,15
2026,STRATEGIC_PARTNERSHIP,FULL,B077,KZ-040,Растениеводство,40,GENERAL,60,82,66.5,8
2026,UNIVERSITY_PEDAGOGICAL,FULL,B001,,Педагогика и психология,3,GENERAL,96,102,99.7,3
2026,UNIVERSITY_PEDAGOGICAL,FULL,B001,,Педагогика и психология,3,RURAL,88,92,90.0,2
2026,UNIVERSITY_PEDAGOGICAL,FULL,B001,,Педагогика и психология,5,GENERAL,93,109,100.6,5
2026,UNIVERSITY_PEDAGOGICAL,FULL,B001,,Педагогика и психология,5,RURAL,85,88,86.5,2
2026,UNIVERSITY_PEDAGOGICAL,FULL,B001,,Педагогика и психология,8,GENERAL,76,76,76.0,1
2026,UNIVERSITY_PEDAGOGICAL,FULL,B001,,Педагогика и психология,10,GENERAL,83,88,85.7,6
2026,UNIVERSITY_PEDAGOGICAL,FULL,B001,,Педагогика и психология,10,RURAL,78,82,79.2,4
2026,UNIVERSITY_PEDAGOGICAL,FULL,B001,,Педагогика и психология,11,GENERAL,83,102,89.0,6
2026,UNIVERSITY_PEDAGOGICAL,FULL,B001,,Педагогика и психология,11,RURAL,79,81,80.2,4
2026,UNIVERSITY_PEDAGOGICAL,FULL,B001,,Педагогика и психология,16,GENERAL,96,109,102.3,3
2026,UNIVERSITY_PEDAGOGICAL,FULL,B001,,Педагогика и психология,16,RURAL,83,95,89.0,2
2026,UNIVERSITY_PEDAGOGICAL,FULL,B001,,Педагогика и психология,31,GENERAL,96,98,97.3,3
2026,UNIVERSITY_PEDAGOGICAL,FULL,B001,,Педагогика и психология,31,RURAL,83,92,87.5,2
2026,UNIVERSITY_PEDAGOGICAL,FULL,B001,,Педагогика и психология,34,GENERAL,102,116,108.3,3
2026,UNIVERSITY_PEDAGOGICAL,FULL,B001,,Педагогика и психология,34,RURAL,97,99,98.0,2
2026,UNIVERSITY_PEDAGOGICAL,FULL,B001,,Педагогика и психология,35,GENERAL,94,102,98.0,3
2026,UNIVERSITY_PEDAGOGICAL,FULL,B001,,Педагогика и психология,35,RURAL,92,94,93.0,2
2026,UNIVERSITY_PEDAGOGICAL,FULL,B001,,Педагогика и психология,36,GENERAL,96,108,102.8,4
2026,UNIVERSITY_PEDAGOGICAL,FULL,B001,,Педагогика и психология,36,RURAL,82,88,85.0,2
2026,UNIVERSITY_PEDAGOGICAL,FULL,B001,,Педагогика и психология,37,GENERAL,91,113,96.3,7
2026,UNIVERSITY_PEDAGOGICAL,FULL,B001,,Педагогика и психология,37,RURAL,82,88,83.5,4
2026,UNIVERSITY_PEDAGOGICAL,FULL,B001,,Педагогика и психология,42,GENERAL,98,99,98.7,3
2026,UNIVERSITY_PEDAGOGICAL,FULL,B001,,Педагогика и психология,42,RURAL,83,87,85.0,2
2026,UNIVERSITY_PEDAGOGICAL,FULL,B001,,Педагогика и психология,43,GENERAL,87,95,90.0,3
2026,UNIVERSITY_PEDAGOGICAL,FULL,B001,,Педагогика и психология,43,RURAL,81,85,83.0,2
2026,UNIVERSITY_PEDAGOGICAL,FULL,B001,,Педагогика и психология,141,GENERAL,75,87,78.7,6
2026,UNIVERSITY_PEDAGOGICAL,FULL,B001,,Педагогика и психология,185,GENERAL,102,119,107.2,4
2026,UNIVERSITY_PEDAGOGICAL,FULL,B001,,Педагогика и психология,185,RURAL,100,101,100.5,2
2026,UNIVERSITY_PEDAGOGICAL,FULL,B001,,Педагогика и психология,196,GENERAL,96,116,103.7,3
2026,UNIVERSITY_PEDAGOGICAL,FULL,B001,,Педагогика и психология,196,RURAL,91,94,92.5,2
2026,UNIVERSITY_PEDAGOGICAL,FULL,B001,,Педагогика и психология,517,GENERAL,87,131,101.8,10
2026,UNIVERSITY_PEDAGOGICAL,FULL,B001,,Педагогика и психология,517,RURAL,76,86,78.8,5
2026,UNIVERSITY_PEDAGOGICAL,FULL,B002,,Дошкольное обучение и воспитание,5,GENERAL,85,114,90.9,7
2026,UNIVERSITY_PEDAGOGICAL,FULL,B002,,Дошкольное обучение и воспитание,5,RURAL,80,84,81.8,4
2026,UNIVERSITY_PEDAGOGICAL,FULL,B002,,Дошкольное обучение и воспитание,8,GENERAL,77,79,78.0,3
2026,UNIVERSITY_PEDAGOGICAL,FULL,B002,,Дошкольное обучение и воспитание,10,GENERAL,76,81,77.7,6
2026,UNIVERSITY_PEDAGOGICAL,FULL,B002,,Дошкольное обучение и воспитание,10,RURAL,75,75,75.0,4
2026,UNIVERSITY_PEDAGOGICAL,FULL,B002,,Дошкольное обучение и воспитание,11,GENERAL,78,82,79.6,7
2026,UNIVERSITY_PEDAGOGICAL,FULL,B002,,Дошкольное обучение и воспитание,11,RURAL,75,77,76.0,3
2026,UNIVERSITY_PEDAGOGICAL,FULL,B002,,Дошкольное обучение и воспитание,16,GENERAL,78,87,81.7,6
2026,UNIVERSITY_PEDAGOGICAL,FULL,B002,,Дошкольное обучение и воспитание,16,RURAL,76,78,76.5,4
2026,UNIVERSITY_PEDAGOGICAL,FULL,B002,,Дошкольное обучение и воспитание,31,GENERAL,87,103,89.6,7
2026,UNIVERSITY_PEDAGOGICAL,FULL,B002,,Дошкольное обучение и воспитание,31,RURAL,79,86,81.2,4
2026,UNIVERSITY_PEDAGOGICAL,FULL,B002,,Дошкольное обучение и воспитание,34,GENERAL,83,90,85.7,10
2026,UNIVERSITY_PEDAGOGICAL,FULL,B002,,Дошкольное обучение и воспитание,34,RURAL,79,82,80.0,5
2026,UNIVERSITY_PEDAGOGICAL,FULL,B002,,Дошкольное обучение и воспитание,35,GENERAL,82,89,85.0,3
2026,UNIVERSITY_PEDAGOGICAL,FULL,B002,,Дошкольное обучение и воспитание,35,RURAL,78,79,78.5,2
2026,UNIVERSITY_PEDAGOGICAL,FULL,B002,,Дошкольное обучение и воспитание,36,GENERAL,84,86,85.0,3
2026,UNIVERSITY_PEDAGOGICAL,FULL,B002,,Дошкольное обучение и воспитание,36,RURAL,81,84,82.5,2
2026,UNIVERSITY_PEDAGOGICAL,FULL,B002,,Дошкольное обучение и воспитание,37,GENERAL,84,95,89.0,10
2026,UNIVERSITY_PEDAGOGICAL,FULL,B002,,Дошкольное обучение и воспитание,37,RURAL,81,82,81.8,5
2026,UNIVERSITY_PEDAGOGICAL,FULL,B002,,Дошкольное обучение и воспитание,42,GENERAL,75,79,76.7,9
2026,UNIVERSITY_PEDAGOGICAL,FULL,B002,,Дошкольное обучение и воспитание,43,GENERAL,81,88,83.7,10
2026,UNIVERSITY_PEDAGOGICAL,FULL,B002,,Дошкольное обучение и воспитание,43,RURAL,76,79,77.2,5
2026,UNIVERSITY_PEDAGOGICAL,FULL,B002,,Дошкольное обучение и воспитание,185,GENERAL,92,94,93.0,3
2026,UNIVERSITY_PEDAGOGICAL,FULL,B002,,Дошкольное обучение и воспитание,185,RURAL,88,90,89.0,2
2026,UNIVERSITY_PEDAGOGICAL,FULL,B002,,Дошкольное обучение и воспитание,196,GENERAL,89,92,90.2,9
2026,UNIVERSITY_PEDAGOGICAL,FULL,B002,,Дошкольное обучение и воспитание,196,RURAL,84,89,85.8,4
2026,UNIVERSITY_PEDAGOGICAL,FULL,B002,,Дошкольное обучение и воспитание,517,GENERAL,79,92,82.7,7
2026,UNIVERSITY_PEDAGOGICAL,FULL,B002,,Дошкольное обучение и воспитание,517,RURAL,75,77,76.0,3
2026,UNIVERSITY_PEDAGOGICAL,FULL,B003,,Педагогика и методика начального обучения,3,GENERAL,84,107,92.6,10
2026,UNIVERSITY_PEDAGOGICAL,FULL,B003,,Педагогика и методика начального обучения,3,RURAL,79,81,80.0,5
2026,UNIVERSITY_PEDAGOGICAL,FULL,B003,,Педагогика и методика начального обучения,5,GENERAL,99,112,104.2,6
2026,UNIVERSITY_PEDAGOGICAL,FULL,B003,,Педагогика и методика начального обучения,5,RURAL,92,96,94.2,4
2026,UNIVERSITY_PEDAGOGICAL,FULL,B003,,Педагогика и методика начального обучения,8,GENERAL,82,88,85.7,3
2026,UNIVERSITY_PEDAGOGICAL,FULL,B003,,Педагогика и методика начального обучения,8,RURAL,78,79,78.5,2
2026,UNIVERSITY_PEDAGOGICAL,FULL,B003,,Педагогика и методика начального обучения,10,GENERAL,84,104,89.5,6
2026,UNIVERSITY_PEDAGOGICAL,FULL,B003,,Педагогика и методика начального обучения,10,RURAL,80,83,82.0,4
2026,UNIVERSITY_PEDAGOGICAL,FULL,B003,,Педагогика и методика начального обучения,11,GENERAL,82,93,87.3,6
2026,UNIVERSITY_PEDAGOGICAL,FULL,B003,,Педагогика и методика начального обучения,11,RURAL,80,82,81.0,4
2026,UNIVERSITY_PEDAGOGICAL,FULL,B003,,Педагогика и методика начального обучения,16,GENERAL,88,103,94.2,10
2026,UNIVERSITY_PEDAGOGICAL,FULL,B003,,Педагогика и методика начального обучения,16,RURAL,82,87,84.0,5
2026,UNIVERSITY_PEDAGOGICAL,FULL,B003,,Педагогика и методика начального обучения,31,GENERAL,93,113,99.2,6
2026,UNIVERSITY_PEDAGOGICAL,FULL,B003,,Педагогика и методика начального обучения,31,RURAL,87,89,88.2,4
2026,UNIVERSITY_PEDAGOGICAL,FULL,B003,,Педагогика и методика начального обучения,34,GENERAL,97,108,101.6,10
2026,UNIVERSITY_PEDAGOGICAL,FULL,B003,,Педагогика и методика начального обучения,34,RURAL,91,97,94.2,5
2026,UNIVERSITY_PEDAGOGICAL,FULL,B003,,Педагогика и методика начального обучения,35,GENERAL,86,122,91.7,13
2026,UNIVERSITY_PEDAGOGICAL,FULL,B003,,Педагогика и методика начального обучения,35,RURAL,83,85,83.6,7
2026,UNIVERSITY_PEDAGOGICAL,FULL,B003,,Педагогика и методика начального обучения,36,GENERAL,90,113,97.5,6
2026,UNIVERSITY_PEDAGOGICAL,FULL,B003,,Педагогика и методика начального обучения,36,RURAL,81,83,82.0,4
2026,UNIVERSITY_PEDAGOGICAL,FULL,B003,,Педагогика и методика начального обучения,37,GENERAL,106,120,113.4,10
2026,UNIVERSITY_PEDAGOGICAL,FULL,B003,,Педагогика и методика начального обучения,37,RURAL,97,103,100.6,5
2026,UNIVERSITY_PEDAGOGICAL,FULL,B003,,Педагогика и методика начального обучения,42,GENERAL,89,107,96.7,6
2026,UNIVERSITY_PEDAGOGICAL,FULL,B003,,Педагогика и методика начального обучения,42,RURAL,80,88,83.0,4
2026,UNIVERSITY_PEDAGOGICAL,FULL,B003,,Педагогика и методика начального обучения,43,GENERAL,89,114,95.3,10
2026,UNIVERSITY_PEDAGOGICAL,FULL,B003,,Педагогика и методика начального обучения,43,RURAL,82,86,84.0,5
2026,UNIVERSITY_PEDAGOGICAL,FULL,B003,,Педагогика и методика начального обучения,141,GENERAL,78,88,82.4,13
2026,UNIVERSITY_PEDAGOGICAL,FULL,B003,,Педагогика и методика начального обучения,141,RURAL,75,75,75.0,2
2026,UNIVERSITY_PEDAGOGICAL,FULL,B003,,Педагогика и методика начального обучения,185,GENERAL,107,126,113.4,10
2026,UNIVERSITY_PEDAGOGICAL,FULL,B003,,Педагогика и методика начального обучения,185,RURAL,103,105,104.6,5
2026,UNIVERSITY_PEDAGOGICAL,FULL,B003,,Педагогика и методика начального обучения,196,GENERAL,102,122,108.5,6
2026,UNIVERSITY_PEDAGOGICAL,FULL,B003,,Педагогика и методика начального обучения,196,RURAL,91,102,95.5,4
2026,UNIVERSITY_PEDAGOGICAL,FULL,B003,,Педагогика и методика начального обучения,517,GENERAL,93,102,98.8,6
2026,UNIVERSITY_PEDAGOGICAL,FULL,B003,,Педагогика и методика начального обучения,517,RURAL,83,90,86.2,4
2026,UNIVERSITY_PEDAGOGICAL,FULL,B004,,Подготовка учителей начальной военной подготовки,31,GENERAL,124,124,124.0,3
2026,UNIVERSITY_PEDAGOGICAL,FULL,B004,,Подготовка учителей начальной военной подготовки,31,RURAL,123,123,123.0,2
2026,UNIVERSITY_PEDAGOGICAL,FULL,B004,,Подготовка учителей начальной военной подготовки,34,GENERAL,124,125,124.7,3
2026,UNIVERSITY_PEDAGOGICAL,FULL,B004,,Подготовка учителей начальной военной подготовки,34,RURAL,124,124,124.0,2
2026,UNIVERSITY_PEDAGOGICAL,FULL,B004,,Подготовка учителей начальной военной подготовки,196,GENERAL,124,127,125.0,3
2026,UNIVERSITY_PEDAGOGICAL,FULL,B004,,Подготовка учителей начальной военной подготовки,196,RURAL,122,123,122.5,2
2026,UNIVERSITY_PEDAGOGICAL,FULL,B004,,Подготовка учителей начальной военной подготовки,517,GENERAL,121,125,122.3,3
2026,UNIVERSITY_PEDAGOGICAL,FULL,B004,,Подготовка учителей начальной военной подготовки,517,RURAL,120,120,120.0,2
2026,UNIVERSITY_PEDAGOGICAL,FULL,B005,,Подготовка учителей физической культуры,527,GENERAL,123,130,125.3,130
2026,UNIVERSITY_PEDAGOGICAL,FULL,B005,,Подготовка учителей физической культуры,527,RURAL,120,123,121.6,70
2026,UNIVERSITY_PEDAGOGICAL,FULL,B006,,Подготовка учителей музыки,5,GENERAL,113,123,119.3,3
2026,UNIVERSITY_PEDAGOGICAL,FULL,B006,,Подготовка учителей музыки,5,RURAL,106,106,106.0,2
2026,UNIVERSITY_PEDAGOGICAL,FULL,B006,,Подготовка учителей музыки,8,GENERAL,116,117,116.3,3
2026,UNIVERSITY_PEDAGOGICAL,FULL,B006,,Подготовка учителей музыки,8,RURAL,115,115,115.0,2
2026,UNIVERSITY_PEDAGOGICAL,FULL,B006,,Подготовка учителей музыки,10,GENERAL,116,125,119.7,3
2026,UNIVERSITY_PEDAGOGICAL,FULL,B006,,Подготовка учителей музыки,10,RURAL,99,108,103.5,2
2026,UNIVERSITY_PEDAGOGICAL,FULL,B006,,Подготовка учителей музыки,11,GENERAL,113,128,119.3,6
2026,UNIVERSITY_PEDAGOGICAL,FULL,B006,,Подготовка учителей музыки,16,GENERAL,122,124,123.0,3
2026,UNIVERSITY_PEDAGOGICAL,FULL,B006,,Подготовка учителей музыки,16,RURAL,121,122,121.5,2
2026,UNIVERSITY_PEDAGOGICAL,FULL,B006,,Подготовка учителей музыки,34,GENERAL,126,129,127.3,3
2026,UNIVERSITY_PEDAGOGICAL,FULL,B006,,Подготовка учителей музыки,34,RURAL,124,125,124.5,2
2026,UNIVERSITY_PEDAGOGICAL,FULL,B006,,Подготовка учителей музыки,36,GENERAL,119,122,120.3,3
2026,UNIVERSITY_PEDAGOGICAL,FULL,B006,,Подготовка учителей музыки,36,RURAL,118,119,118.5,2
2026,UNIVERSITY_PEDAGOGICAL,FULL,B006,,Подготовка учителей музыки,37,GENERAL,125,129,126.7,3
2026,UNIVERSITY_PEDAGOGICAL,FULL,B006,,Подготовка учителей музыки,37,RURAL,122,122,122.0,2
2026,UNIVERSITY_PEDAGOGICAL,FULL,B006,,Подготовка учителей музыки,40,GENERAL,120,126,122.3,3
2026,UNIVERSITY_PEDAGOGICAL,FULL,B006,,Подготовка учителей музыки,40,RURAL,116,119,117.5,2
2026,UNIVERSITY_PEDAGOGICAL,FULL,B006,,Подготовка учителей музыки,42,GENERAL,121,123,122.0,5
2026,UNIVERSITY_PEDAGOGICAL,FULL,B006,,Подготовка учителей музыки,43,GENERAL,123,124,123.7,3
2026,UNIVERSITY_PEDAGOGICAL,FULL,B006,,Подготовка учителей музыки,43,RURAL,121,122,121.5,2
2026,UNIVERSITY_PEDAGOGICAL,FULL,B006,,Подготовка учителей музыки,185,GENERAL,127,130,128.2,4
2026,UNIVERSITY_PEDAGOGICAL,FULL,B006,,Подготовка учителей музыки,185,RURAL,121,121,121.0,2
2026,UNIVERSITY_PEDAGOGICAL,FULL,B006,,Подготовка учителей музыки,196,GENERAL,126,128,127.0,3
2026,UNIVERSITY_PEDAGOGICAL,FULL,B006,,Подготовка учителей музыки,196,RURAL,121,121,121.0,2
2026,UNIVERSITY_PEDAGOGICAL,FULL,B006,,Подготовка учителей музыки,517,GENERAL,122,126,123.8,6
2026,UNIVERSITY_PEDAGOGICAL,FULL,B006,,Подготовка учителей музыки,517,RURAL,121,122,121.2,4
2026,UNIVERSITY_PEDAGOGICAL,FULL,B007,,Подготовка учителей художественного труда и черчения,5,GENERAL,125,127,126.0,3
2026,UNIVERSITY_PEDAGOGICAL,FULL,B007,,Подготовка учителей художественного труда и черчения,5,RURAL,123,124,123.5,2
2026,UNIVERSITY_PEDAGOGICAL,FULL,B007,,Подготовка учителей художественного труда и черчения,8,GENERAL,119,122,120.7,3
2026,UNIVERSITY_PEDAGOGICAL,FULL,B007,,Подготовка учителей художественного труда и черчения,8,RURAL,115,118,116.5,2
2026,UNIVERSITY_PEDAGOGICAL,FULL,B007,,Подготовка учителей художественного труда и черчения,10,GENERAL,122,123,122.7,3
2026,UNIVERSITY_PEDAGOGICAL,FULL,B007,,Подготовка учителей художественного труда и черчения,10,RURAL,116,120,118.0,2
2026,UNIVERSITY_PEDAGOGICAL,FULL,B007,,Подготовка учителей художественного труда и черчения,11,GENERAL,120,123,121.2,6
2026,UNIVERSITY_PEDAGOGICAL,FULL,B007,,Подготовка учителей художественного труда и черчения,11,RURAL,114,116,115.0,4
2026,UNIVERSITY_PEDAGOGICAL,FULL,B007,,Подготовка учителей художественного труда и черчения,16,GENERAL,126,128,127.3,3
2026,UNIVERSITY_PEDAGOGICAL,FULL,B007,,Подготовка учителей художественного труда и черчения,16,RURAL,124,124,124.0,2
2026,UNIVERSITY_PEDAGOGICAL,FULL,B007,,Подготовка учителей художественного труда и черчения,31,GENERAL,117,124,119.2,5
2026,UNIVERSITY_PEDAGOGICAL,FULL,B007,,Подготовка учителей художественного труда и черчения,34,GENERAL,124,128,125.7,3
2026,UNIVERSITY_PEDAGOGICAL,FULL,B007,,Подготовка учителей художественного труда и черчения,34,RURAL,120,123,121.5,2
2026,UNIVERSITY_PEDAGOGICAL,FULL,B007,,Подготовка учителей художественного труда и черчения,35,GENERAL,123,129,125.7,3
2026,UNIVERSITY_PEDAGOGICAL,FULL,B007,,Подготовка учителей художественного труда и черчения,35,RURAL,121,122,121.5,2
2026,UNIVERSITY_PEDAGOGICAL,FULL,B007,,Подготовка учителей художественного труда и черчения,36,GENERAL,123,124,123.3,3
2026,UNIVERSITY_PEDAGOGICAL,FULL,B007,,Подготовка учителей художественного труда и черчения,36,RURAL,116,117,116.5,2
2026,UNIVERSITY_PEDAGOGICAL,FULL,B007,,Подготовка учителей художественного труда и черчения,42,GENERAL,122,128,125.3,3
2026,UNIVERSITY_PEDAGOGICAL,FULL,B007,,Подготовка учителей художественного труда и черчения,42,RURAL,105,114,109.5,2
2026,UNIVERSITY_PEDAGOGICAL,FULL,B007,,Подготовка учителей художественного труда и черчения,43,GENERAL,121,127,124.3,3
2026,UNIVERSITY_PEDAGOGICAL,FULL,B007,,Подготовка учителей художественного труда и черчения,43,RURAL,115,116,115.5,2
2026,UNIVERSITY_PEDAGOGICAL,FULL,B007,,Подготовка учителей художественного труда и черчения,185,GENERAL,123,125,123.7,3
2026,UNIVERSITY_PEDAGOGICAL,FULL,B007,,Подготовка учителей художественного труда и черчения,185,RURAL,119,120,119.5,2
2026,UNIVERSITY_PEDAGOGICAL,FULL,B007,,Подготовка учителей художественного труда и черчения,196,GENERAL,125,127,126.0,3
2026,UNIVERSITY_PEDAGOGICAL,FULL,B007,,Подготовка учителей художественного труда и черчения,196,RURAL,124,125,124.5,2
2026,UNIVERSITY_PEDAGOGICAL,FULL,B007,,Подготовка учителей художественного труда и черчения,517,GENERAL,121,126,122.8,6
2026,UNIVERSITY_PEDAGOGICAL,FULL,B007,,Подготовка учителей художественного труда и черчения,517,RURAL,120,121,120.5,4
2026,UNIVERSITY_PEDAGOGICAL,FULL,B008,,Подготовка учителей основы права и экономики,196,GENERAL,104,107,105.3,3
2026,UNIVERSITY_PEDAGOGICAL,FULL,B008,,Подготовка учителей основы права и экономики,196,RURAL,98,100,99.0,2
2026,UNIVERSITY_PEDAGOGICAL,FULL,B008,,Подготовка учителей основы права и экономики,517,GENERAL,98,124,104.7,6
2026,UNIVERSITY_PEDAGOGICAL,FULL,B008,,Подготовка учителей основы права и экономики,517,RURAL,90,92,91.2,4
2026,UNIVERSITY_PEDAGOGICAL,FULL,B009,,Подготовка учителей математики,3,GENERAL,97,113,102.5,13
2026,UNIVERSITY_PEDAGOGICAL,FULL,B009,,Подготовка учителей математики,3,RURAL,86,92,89.6,7
2026,UNIVERSITY_PEDAGOGICAL,FULL,B009,,Подготовка учителей математики,5,GENERAL,98,128,109.4,13
2026,UNIVERSITY_PEDAGOGICAL,FULL,B009,,Подготовка учителей математики,5,RURAL,82,96,86.7,7
2026,UNIVERSITY_PEDAGOGICAL,FULL,B009,,Подготовка учителей математики,8,GENERAL,75,91,80.9,9
2026,UNIVERSITY_PEDAGOGICAL,FULL,B009,,Подготовка учителей математики,10,GENERAL,86,125,100.1,15
2026,UNIVERSITY_PEDAGOGICAL,FULL,B009,,Подготовка учителей математики,10,RURAL,76,84,78.4,7
2026,UNIVERSITY_PEDAGOGICAL,FULL,B009,,Подготовка учителей математики,11,GENERAL,92,105,97.7,13
2026,UNIVERSITY_PEDAGOGICAL,FULL,B009,,Подготовка учителей математики,11,RURAL,81,91,85.6,7
2026,UNIVERSITY_PEDAGOGICAL,FULL,B009,,Подготовка учителей математики,16,GENERAL,92,125,101.0,13
2026,UNIVERSITY_PEDAGOGICAL,FULL,B009,,Подготовка учителей математики,16,RURAL,78,91,85.6,7
2026,UNIVERSITY_PEDAGOGICAL,FULL,B009,,Подготовка учителей математики,31,GENERAL,103,126,109.5,13
2026,UNIVERSITY_PEDAGOGICAL,FULL,B009,,Подготовка учителей математики,31,RURAL,84,101,91.6,7
2026,UNIVERSITY_PEDAGOGICAL,FULL,B009,,Подготовка учителей математики,34,GENERAL,104,126,113.2,13
2026,UNIVERSITY_PEDAGOGICAL,FULL,B009,,Подготовка учителей математики,34,RURAL,92,103,96.4,7
2026,UNIVERSITY_PEDAGOGICAL,FULL,B009,,Подготовка учителей математики,35,GENERAL,91,116,98.8,14
2026,UNIVERSITY_PEDAGOGICAL,FULL,B009,,Подготовка учителей математики,35,RURAL,81,86,83.7,7
2026,UNIVERSITY_PEDAGOGICAL,FULL,B009,,Подготовка учителей математики,36,GENERAL,92,114,99.2,11
2026,UNIVERSITY_PEDAGOGICAL,FULL,B009,,Подготовка учителей математики,36,RURAL,81,91,85.8,5
2026,UNIVERSITY_PEDAGOGICAL,FULL,B009,,Подготовка учителей математики,37,GENERAL,109,124,116.5,13
2026,UNIVERSITY_PEDAGOGICAL,FULL,B009,,Подготовка учителей математики,37,RURAL,86,106,96.7,7
2026,UNIVERSITY_PEDAGOGICAL,FULL,B009,,Подготовка учителей математики,40,GENERAL,89,120,95.8,13
2026,UNIVERSITY_PEDAGOGICAL,FULL,B009,,Подготовка учителей математики,40,RURAL,77,85,81.6,7
2026,UNIVERSITY_PEDAGOGICAL,FULL,B009,,Подготовка учителей математики,42,GENERAL,97,122,106.5,13
2026,UNIVERSITY_PEDAGOGICAL,FULL,B009,,Подготовка учителей математики,42,RURAL,80,88,83.4,7
2026,UNIVERSITY_PEDAGOGICAL,FULL,B009,,Подготовка учителей математики,43,GENERAL,88,121,99.8,19
2026,UNIVERSITY_PEDAGOGICAL,FULL,B009,,Подготовка учителей математики,43,RURAL,80,80,80.0,2
2026,UNIVERSITY_PEDAGOGICAL,FULL,B009,,Подготовка учителей математики,185,GENERAL,119,123,120.8,14
2026,UNIVERSITY_PEDAGOGICAL,FULL,B009,,Подготовка учителей математики,185,RURAL,114,117,115.4,7
2026,UNIVERSITY_PEDAGOGICAL,FULL,B009,,Подготовка учителей математики,196,GENERAL,103,115,105.7,14
2026,UNIVERSITY_PEDAGOGICAL,FULL,B009,,Подготовка учителей математики,196,RURAL,89,100,94.6,7
2026,UNIVERSITY_PEDAGOGICAL,FULL,B009,,Подготовка учителей математики,517,GENERAL,104,134,114.5,10
2026,UNIVERSITY_PEDAGOGICAL,FULL,B009,,Подготовка учителей математики,517,RURAL,85,99,90.6,5
2026,UNIVERSITY_PEDAGOGICAL,FULL,B010,,Подготовка учителей физики,3,GENERAL,76,92,81.2,9
2026,UNIVERSITY_PEDAGOGICAL,FULL,B010,,Подготовка учителей физики,5,GENERAL,96,109,100.7,3
2026,UNIVERSITY_PEDAGOGICAL,FULL,B010,,Подготовка учителей физики,5,RURAL,92,93,92.5,2
2026,UNIVERSITY_PEDAGOGICAL,FULL,B010,,Подготовка учителей физики,8,GENERAL,82,82,82.0,1
2026,UNIVERSITY_PEDAGOGICAL,FULL,B010,,Подготовка учителей физики,10,GENERAL,75,107,83.5,6
2026,UNIVERSITY_PEDAGOGICAL,FULL,B010,,Подготовка учителей физики,11,GENERAL,77,92,83.8,10
2026,UNIVERSITY_PEDAGOGICAL,FULL,B010,,Подготовка учителей физики,11,RURAL,75,75,75.0,1
2026,UNIVERSITY_PEDAGOGICAL,FULL,B010,,Подготовка учителей физики,16,GENERAL,82,103,91.3,6
2026,UNIVERSITY_PEDAGOGICAL,FULL,B010,,Подготовка учителей физики,16,RURAL,77,82,79.8,4
2026,UNIVERSITY_PEDAGOGICAL,FULL,B010,,Подготовка учителей физики,31,GENERAL,96,111,101.3,3
2026,UNIVERSITY_PEDAGOGICAL,FULL,B010,,Подготовка учителей физики,31,RURAL,80,81,80.5,2
2026,UNIVERSITY_PEDAGOGICAL,FULL,B010,,Подготовка учителей физики,34,GENERAL,88,129,98.2,10
2026,UNIVERSITY_PEDAGOGICAL,FULL,B010,,Подготовка учителей физики,34,RURAL,77,86,81.2,5
2026,UNIVERSITY_PEDAGOGICAL,FULL,B010,,Подготовка учителей физики,35,GENERAL,80,97,85.4,13
2026,UNIVERSITY_PEDAGOGICAL,FULL,B010,,Подготовка учителей физики,35,RURAL,75,79,77.0,2
2026,UNIVERSITY_PEDAGOGICAL,FULL,B010,,Подготовка учителей физики,36,GENERAL,77,95,81.6,9
2026,UNIVERSITY_PEDAGOGICAL,FULL,B010,,Подготовка учителей физики,36,RURAL,75,75,75.0,1
2026,UNIVERSITY_PEDAGOGICAL,FULL,B010,,Подготовка учителей физики,37,GENERAL,100,126,112.8,6
2026,UNIVERSITY_PEDAGOGICAL,FULL,B010,,Подготовка учителей физики,37,RURAL,76,84,80.0,2
2026,UNIVERSITY_PEDAGOGICAL,FULL,B010,,Подготовка учителей физики,40,GENERAL,82,87,84.9,7
2026,UNIVERSITY_PEDAGOGICAL,FULL,B010,,Подготовка учителей физики,40,RURAL,76,79,77.0,3
2026,UNIVERSITY_PEDAGOGICAL,FULL,B010,,Подготовка учителей физики,42,GENERAL,93,123,101.7,6
2026,UNIVERSITY_PEDAGOGICAL,FULL,B010,,Подготовка учителей физики,42,RURAL,76,84,78.5,4
2026,UNIVERSITY_PEDAGOGICAL,FULL,B010,,Подготовка учителей физики,43,GENERAL,82,105,88.8,6
2026,UNIVERSITY_PEDAGOGICAL,FULL,B010,,Подготовка учителей физики,185,GENERAL,100,119,106.3,10
2026,UNIVERSITY_PEDAGOGICAL,FULL,B010,,Подготовка учителей физики,185,RURAL,89,96,92.2,5
2026,UNIVERSITY_PEDAGOGICAL,FULL,B010,,Подготовка учителей физики,196,GENERAL,87,103,95.0,6
2026,UNIVERSITY_PEDAGOGICAL,FULL,B010,,Подготовка учителей физики,196,RURAL,78,86,80.5,4
2026,UNIVERSITY_PEDAGOGICAL,FULL,B010,,Подготовка учителей физики,517,GENERAL,83,104,88.8,6
2026,UNIVERSITY_PEDAGOGICAL,FULL,B010,,Подготовка учителей физики,517,RURAL,76,78,77.0,4
2026,UNIVERSITY_PEDAGOGICAL,FULL,B011,,Подготовка учителей информатики,3,GENERAL,76,110,87.8,5
2026,UNIVERSITY_PEDAGOGICAL,FULL,B011,,Подготовка учителей информатики,5,GENERAL,75,122,84.1,15
2026,UNIVERSITY_PEDAGOGICAL,FULL,B011,,Подготовка учителей информатики,8,GENERAL,76,78,77.0,2
2026,UNIVERSITY_PEDAGOGICAL,FULL,B011,,Подготовка учителей информатики,10,GENERAL,75,96,85.7,9
2026,UNIVERSITY_PEDAGOGICAL,FULL,B011,,Подготовка учителей информатики,10,RURAL,75,75,75.0,1
2026,UNIVERSITY_PEDAGOGICAL,FULL,B011,,Подготовка учителей информатики,11,GENERAL,75,96,83.9,9
2026,UNIVERSITY_PEDAGOGICAL,FULL,B011,,Подготовка учителей информатики,16,GENERAL,77,107,83.6,15
2026,UNIVERSITY_PEDAGOGICAL,FULL,B011,,Подготовка учителей информатики,31,GENERAL,80,102,90.8,12
2026,UNIVERSITY_PEDAGOGICAL,FULL,B011,,Подготовка учителей информатики,31,RURAL,77,78,77.3,3
2026,UNIVERSITY_PEDAGOGICAL,FULL,B011,,Подготовка учителей информатики,34,GENERAL,75,97,80.3,11
2026,UNIVERSITY_PEDAGOGICAL,FULL,B011,,Подготовка учителей информатики,35,GENERAL,95,112,103.2,5
2026,UNIVERSITY_PEDAGOGICAL,FULL,B011,,Подготовка учителей информатики,36,GENERAL,89,100,94.0,5
2026,UNIVERSITY_PEDAGOGICAL,FULL,B011,,Подготовка учителей информатики,37,GENERAL,95,113,103.6,10
2026,UNIVERSITY_PEDAGOGICAL,FULL,B011,,Подготовка учителей информатики,37,RURAL,84,90,87.6,5
2026,UNIVERSITY_PEDAGOGICAL,FULL,B011,,Подготовка учителей информатики,40,GENERAL,75,92,78.2,8
2026,UNIVERSITY_PEDAGOGICAL,FULL,B011,,Подготовка учителей информатики,42,GENERAL,75,99,81.7,15
2026,UNIVERSITY_PEDAGOGICAL,FULL,B011,,Подготовка учителей информатики,43,GENERAL,77,112,86.4,15
2026,UNIVERSITY_PEDAGOGICAL,FULL,B011,,Подготовка учителей информатики,185,GENERAL,104,114,108.1,10
2026,UNIVERSITY_PEDAGOGICAL,FULL,B011,,Подготовка учителей информатики,185,RURAL,96,101,99.0,5
2026,UNIVERSITY_PEDAGOGICAL,FULL,B011,,Подготовка учителей информатики,196,GENERAL,91,128,99.0,10
2026,UNIVERSITY_PEDAGOGICAL,FULL,B011,,Подготовка учителей информатики,196,RURAL,82,87,84.2,5
2026,UNIVERSITY_PEDAGOGICAL,FULL,B011,,Подготовка учителей информатики,517,GENERAL,76,113,86.1,10
2026,UNIVERSITY_PEDAGOGICAL,FULL,B012,,Подготовка учителей химии,3,GENERAL,94,119,101.6,10
2026,UNIVERSITY_PEDAGOGICAL,FULL,B012,,Подготовка учителей химии,3,RURAL,90,94,92.0,5
2026,UNIVERSITY_PEDAGOGICAL,FULL,B012,,Подготовка учителей химии,5,GENERAL,105,116,109.5,6
2026,UNIVERSITY_PEDAGOGICAL,FULL,B012,,Подготовка учителей химии,5,RURAL,97,100,98.0,4
2026,UNIVERSITY_PEDAGOGICAL,FULL,B012,,Подготовка учителей химии,8,GENERAL,84,85,84.7,3
2026,UNIVERSITY_PEDAGOGICAL,FULL,B012,,Подготовка учителей химии,8,RURAL,82,82,82.0,2
2026,UNIVERSITY_PEDAGOGICAL,FULL,B012,,Подготовка учителей химии,10,GENERAL,88,109,95.5,6
2026,UNIVERSITY_PEDAGOGICAL,FULL,B012,,Подготовка учителей химии,10,RURAL,76,86,79.8,4
2026,UNIVERSITY_PEDAGOGICAL,FULL,B012,,Подготовка учителей химии,11,GENERAL,95,101,97.6,10
2026,UNIVERSITY_PEDAGOGICAL,FULL,B012,,Подготовка учителей химии,11,RURAL,84,93,88.4,5
2026,UNIVERSITY_PEDAGOGICAL,FULL,B012,,Подготовка учителей химии,16,GENERAL,95,108,99.8,6
2026,UNIVERSITY_PEDAGOGICAL,FULL,B012,,Подготовка учителей химии,16,RURAL,93,95,93.8,4
2026,UNIVERSITY_PEDAGOGICAL,FULL,B012,,Подготовка учителей химии,31,GENERAL,101,113,105.5,10
2026,UNIVERSITY_PEDAGOGICAL,FULL,B012,,Подготовка учителей химии,31,RURAL,95,99,97.0,5
2026,UNIVERSITY_PEDAGOGICAL,FULL,B012,,Подготовка учителей химии,34,GENERAL,101,124,107.0,6
2026,UNIVERSITY_PEDAGOGICAL,FULL,B012,,Подготовка учителей химии,34,RURAL,95,99,96.8,4
2026,UNIVERSITY_PEDAGOGICAL,FULL,B012,,Подготовка учителей химии,35,GENERAL,97,105,99.1,10
2026,UNIVERSITY_PEDAGOGICAL,FULL,B012,,Подготовка учителей химии,35,RURAL,89,96,92.4,5
2026,UNIVERSITY_PEDAGOGICAL,FULL,B012,,Подготовка учителей химии,36,GENERAL,83,109,89.5,10
2026,UNIVERSITY_PEDAGOGICAL,FULL,B012,,Подготовка учителей химии,36,RURAL,76,82,80.0,5
2026,UNIVERSITY_PEDAGOGICAL,FULL,B012,,Подготовка учителей химии,37,GENERAL,115,124,119.2,6
2026,UNIVERSITY_PEDAGOGICAL,FULL,B012,,Подготовка учителей химии,37,RURAL,112,114,112.8,4
2026,UNIVERSITY_PEDAGOGICAL,FULL,B012,,Подготовка учителей химии,42,GENERAL,99,113,103.3,6
2026,UNIVERSITY_PEDAGOGICAL,FULL,B012,,Подготовка учителей химии,42,RURAL,87,93,90.5,4
2026,UNIVERSITY_PEDAGOGICAL,FULL,B012,,Подготовка учителей химии,43,GENERAL,99,124,105.8,6
2026,UNIVERSITY_PEDAGOGICAL,FULL,B012,,Подготовка учителей химии,43,RURAL,87,94,90.5,4
2026,UNIVERSITY_PEDAGOGICAL,FULL,B012,,Подготовка учителей химии,141,GENERAL,85,95,89.0,3
2026,UNIVERSITY_PEDAGOGICAL,FULL,B012,,Подготовка учителей химии,141,RURAL,80,80,80.0,2
2026,UNIVERSITY_PEDAGOGICAL,FULL,B012,,Подготовка учителей химии,185,GENERAL,113,121,115.8,10
2026,UNIVERSITY_PEDAGOGICAL,FULL,B012,,Подготовка учителей химии,185,RURAL,106,112,109.2,5
2026,UNIVERSITY_PEDAGOGICAL,FULL,B012,,Подготовка учителей химии,196,GENERAL,97,116,102.6,10
2026,UNIVERSITY_PEDAGOGICAL,FULL,B012,,Подготовка учителей химии,196,RURAL,94,95,94.6,5
2026,UNIVERSITY_PEDAGOGICAL,FULL,B012,,Подготовка учителей химии,517,GENERAL,96,113,99.3,6
2026,UNIVERSITY_PEDAGOGICAL,FULL,B012,,Подготовка учителей химии,517,RURAL,89,91,90.2,4
2026,UNIVERSITY_PEDAGOGICAL,FULL,B013,,Подготовка учителей биологии,3,GENERAL,97,110,102.7,10
2026,UNIVERSITY_PEDAGOGICAL,FULL,B013,,Подготовка учителей биологии,3,RURAL,90,95,91.2,5
2026,UNIVERSITY_PEDAGOGICAL,FULL,B013,,Подготовка учителей биологии,5,GENERAL,108,109,108.3,3
2026,UNIVERSITY_PEDAGOGICAL,FULL,B013,,Подготовка учителей биологии,5,RURAL,98,101,99.5,2
2026,UNIVERSITY_PEDAGOGICAL,FULL,B013,,Подготовка учителей биологии,8,GENERAL,90,96,92.3,6
2026,UNIVERSITY_PEDAGOGICAL,FULL,B013,,Подготовка учителей биологии,8,RURAL,83,88,85.5,4
2026,UNIVERSITY_PEDAGOGICAL,FULL,B013,,Подготовка учителей биологии,10,GENERAL,92,102,95.0,6
2026,UNIVERSITY_PEDAGOGICAL,FULL,B013,,Подготовка учителей биологии,10,RURAL,80,91,85.0,4
2026,UNIVERSITY_PEDAGOGICAL,FULL,B013,,Подготовка учителей биологии,11,GENERAL,86,101,92.9,10
2026,UNIVERSITY_PEDAGOGICAL,FULL,B013,,Подготовка учителей биологии,11,RURAL,82,85,84.0,5
2026,UNIVERSITY_PEDAGOGICAL,FULL,B013,,Подготовка учителей биологии,16,GENERAL,92,99,95.2,6
2026,UNIVERSITY_PEDAGOGICAL,FULL,B013,,Подготовка учителей биологии,16,RURAL,91,91,91.0,4
2026,UNIVERSITY_PEDAGOGICAL,FULL,B013,,Подготовка учителей биологии,31,GENERAL,99,105,102.5,10
2026,UNIVERSITY_PEDAGOGICAL,FULL,B013,,Подготовка учителей биологии,31,RURAL,97,98,97.8,5
2026,UNIVERSITY_PEDAGOGICAL,FULL,B013,,Подготовка учителей биологии,34,GENERAL,100,110,104.0,6
2026,UNIVERSITY_PEDAGOGICAL,FULL,B013,,Подготовка учителей биологии,34,RURAL,94,98,96.0,4
2026,UNIVERSITY_PEDAGOGICAL,FULL,B013,,Подготовка учителей биологии,35,GENERAL,96,126,100.9,10
2026,UNIVERSITY_PEDAGOGICAL,FULL,B013,,Подготовка учителей биологии,35,RURAL,92,94,93.0,5
2026,UNIVERSITY_PEDAGOGICAL,FULL,B013,,Подготовка учителей биологии,36,GENERAL,91,99,94.3,6
2026,UNIVERSITY_PEDAGOGICAL,FULL,B013,,Подготовка учителей биологии,36,RURAL,87,89,87.8,4
2026,UNIVERSITY_PEDAGOGICAL,FULL,B013,,Подготовка учителей биологии,37,GENERAL,107,109,107.7,6
2026,UNIVERSITY_PEDAGOGICAL,FULL,B013,,Подготовка учителей биологии,37,RURAL,104,106,104.8,4
2026,UNIVERSITY_PEDAGOGICAL,FULL,B013,,Подготовка учителей биологии,40,GENERAL,88,97,91.1,10
2026,UNIVERSITY_PEDAGOGICAL,FULL,B013,,Подготовка учителей биологии,40,RURAL,83,85,84.0,5
2026,UNIVERSITY_PEDAGOGICAL,FULL,B013,,Подготовка учителей биологии,42,GENERAL,100,102,100.7,6
2026,UNIVERSITY_PEDAGOGICAL,FULL,B013,,Подготовка учителей биологии,42,RURAL,93,98,95.0,4
2026,UNIVERSITY_PEDAGOGICAL,FULL,B013,,Подготовка учителей биологии,43,GENERAL,97,101,98.7,6
2026,UNIVERSITY_PEDAGOGICAL,FULL,B013,,Подготовка учителей биологии,43,RURAL,89,95,91.5,4
2026,UNIVERSITY_PEDAGOGICAL,FULL,B013,,Подготовка учителей биологии,185,GENERAL,116,128,120.8,6
2026,UNIVERSITY_PEDAGOGICAL,FULL,B013,,Подготовка учителей биологии,185,RURAL,104,113,108.8,4
2026,UNIVERSITY_PEDAGOGICAL,FULL,B013,,Подготовка учителей биологии,196,GENERAL,102,113,106.7,6
2026,UNIVERSITY_PEDAGOGICAL,FULL,B013,,Подготовка учителей биологии,196,RURAL,96,100,98.2,4
2026,UNIVERSITY_PEDAGOGICAL,FULL,B013,,Подготовка учителей биологии,517,GENERAL,96,106,100.2,6
2026,UNIVERSITY_PEDAGOGICAL,FULL,B013,,Подготовка учителей биологии,517,RURAL,88,94,91.0,4
2026,UNIVERSITY_PEDAGOGICAL,FULL,B014,,Подготовка учителей географии,3,GENERAL,92,107,96.7,6
2026,UNIVERSITY_PEDAGOGICAL,FULL,B014,,Подготовка учителей географии,3,RURAL,91,92,91.2,4
2026,UNIVERSITY_PEDAGOGICAL,FULL,B014,,Подготовка учителей географии,5,GENERAL,107,119,111.3,3
2026,UNIVERSITY_PEDAGOGICAL,FULL,B014,,Подготовка учителей географии,5,RURAL,97,105,101.0,2
2026,UNIVERSITY_PEDAGOGICAL,FULL,B014,,Подготовка учителей географии,8,GENERAL,91,101,94.8,6
2026,UNIVERSITY_PEDAGOGICAL,FULL,B014,,Подготовка учителей географии,8,RURAL,87,91,89.5,4
2026,UNIVERSITY_PEDAGOGICAL,FULL,B014,,Подготовка учителей географии,10,GENERAL,96,101,98.2,6
2026,UNIVERSITY_PEDAGOGICAL,FULL,B014,,Подготовка учителей географии,10,RURAL,91,95,92.5,4
2026,UNIVERSITY_PEDAGOGICAL,FULL,B014,,Подготовка учителей географии,11,GENERAL,103,115,107.5,6
2026,UNIVERSITY_PEDAGOGICAL,FULL,B014,,Подготовка учителей географии,11,RURAL,93,101,95.8,4
2026,UNIVERSITY_PEDAGOGICAL,FULL,B014,,Подготовка учителей географии,16,GENERAL,100,107,102.8,6
2026,UNIVERSITY_PEDAGOGICAL,FULL,B014,,Подготовка учителей географии,16,RURAL,94,99,96.2,4
2026,UNIVERSITY_PEDAGOGICAL,FULL,B014,,Подготовка учителей географии,31,GENERAL,104,112,106.8,6
2026,UNIVERSITY_PEDAGOGICAL,FULL,B014,,Подготовка учителей географии,31,RURAL,102,103,102.2,4
2026,UNIVERSITY_PEDAGOGICAL,FULL,B014,,Подготовка учителей географии,34,GENERAL,102,110,105.0,6
2026,UNIVERSITY_PEDAGOGICAL,FULL,B014,,Подготовка учителей географии,34,RURAL,96,98,97.0,4
2026,UNIVERSITY_PEDAGOGICAL,FULL,B014,,Подготовка учителей географии,35,GENERAL,103,113,107.7,6
2026,UNIVERSITY_PEDAGOGICAL,FULL,B014,,Подготовка учителей географии,35,RURAL,98,102,100.0,4
2026,UNIVERSITY_PEDAGOGICAL,FULL,B014,,Подготовка учителей географии,36,GENERAL,104,114,108.0,3
2026,UNIVERSITY_PEDAGOGICAL,FULL,B014,,Подготовка учителей географии,36,RURAL,101,103,102.0,2
2026,UNIVERSITY_PEDAGOGICAL,FULL,B014,,Подготовка учителей географии,37,GENERAL,107,119,111.0,6
2026,UNIVERSITY_PEDAGOGICAL,FULL,B014,,Подготовка учителей географии,37,RURAL,100,104,102.0,4
2026,UNIVERSITY_PEDAGOGICAL,FULL,B014,,Подготовка учителей географии,40,GENERAL,97,105,100.0,10
2026,UNIVERSITY_PEDAGOGICAL,FULL,B014,,Подготовка учителей географии,40,RURAL,92,96,94.2,5
2026,UNIVERSITY_PEDAGOGICAL,FULL,B014,,Подготовка учителей географии,42,GENERAL,102,116,108.3,6
2026,UNIVERSITY_PEDAGOGICAL,FULL,B014,,Подготовка учителей географии,42,RURAL,91,96,93.8,4
2026,UNIVERSITY_PEDAGOGICAL,FULL,B014,,Подготовка учителей географии,43,GENERAL,104,125,114.3,3
2026,UNIVERSITY_PEDAGOGICAL,FULL,B014,,Подготовка учителей географии,43,RURAL,98,100,99.0,2
2026,UNIVERSITY_PEDAGOGICAL,FULL,B014,,Подготовка учителей географии,141,GENERAL,97,102,100.0,3
2026,UNIVERSITY_PEDAGOGICAL,FULL,B014,,Подготовка учителей географии,141,RURAL,92,94,93.0,2
2026,UNIVERSITY_PEDAGOGICAL,FULL,B014,,Подготовка учителей географии,185,GENERAL,112,114,112.7,10
2026,UNIVERSITY_PEDAGOGICAL,FULL,B014,,Подготовка учителей географии,185,RURAL,107,111,108.8,5
2026,UNIVERSITY_PEDAGOGICAL,FULL,B014,,Подготовка учителей географии,196,GENERAL,105,126,111.0,6
2026,UNIVERSITY_PEDAGOGICAL,FULL,B014,,Подготовка учителей географии,196,RURAL,99,103,100.2,4
2026,UNIVERSITY_PEDAGOGICAL,FULL,B014,,Подготовка учителей географии,517,GENERAL,99,115,107.7,6
2026,UNIVERSITY_PEDAGOGICAL,FULL,B014,,Подготовка учителей географии,517,RURAL,90,94,91.8,4
2026,UNIVERSITY_PEDAGOGICAL,FULL,B015,,Подготовка учителей по гуманитарным предметам,3,GENERAL,100,111,104.9,10
2026,UNIVERSITY_PEDAGOGICAL,FULL,B015,,Подготовка учителей по гуманитарным предметам,3,RURAL,95,100,97.4,5
2026,UNIVERSITY_PEDAGOGICAL,FULL,B015,,Подготовка учителей по гуманитарным предметам,5,GENERAL,112,122,117.7,6
2026,UNIVERSITY_PEDAGOGICAL,FULL,B015,,Подготовка учителей по гуманитарным предметам,5,RURAL,100,107,103.5,4
2026,UNIVERSITY_PEDAGOGICAL,FULL,B015,,Подготовка учителей по гуманитарным предметам,8,GENERAL,97,100,99.0,6
2026,UNIVERSITY_PEDAGOGICAL,FULL,B015,,Подготовка учителей по гуманитарным предметам,8,RURAL,89,92,91.2,4
2026,UNIVERSITY_PEDAGOGICAL,FULL,B015,,Подготовка учителей по гуманитарным предметам,10,GENERAL,100,128,107.5,6
2026,UNIVERSITY_PEDAGOGICAL,FULL,B015,,Подготовка учителей по гуманитарным предметам,10,RURAL,85,98,89.2,4
2026,UNIVERSITY_PEDAGOGICAL,FULL,B015,,Подготовка учителей по гуманитарным предметам,11,GENERAL,109,120,114.5,6
2026,UNIVERSITY_PEDAGOGICAL,FULL,B015,,Подготовка учителей по гуманитарным предметам,11,RURAL,95,103,98.2,4
2026,UNIVERSITY_PEDAGOGICAL,FULL,B015,,Подготовка учителей по гуманитарным предметам,16,GENERAL,108,115,111.7,6
2026,UNIVERSITY_PEDAGOGICAL,FULL,B015,,Подготовка учителей по гуманитарным предметам,16,RURAL,102,105,103.0,4
2026,UNIVERSITY_PEDAGOGICAL,FULL,B015,,Подготовка учителей по гуманитарным предметам,31,GENERAL,113,128,117.7,6
2026,UNIVERSITY_PEDAGOGICAL,FULL,B015,,Подготовка учителей по гуманитарным предметам,31,RURAL,104,108,106.8,4
2026,UNIVERSITY_PEDAGOGICAL,FULL,B015,,Подготовка учителей по гуманитарным предметам,34,GENERAL,107,119,115.7,6
2026,UNIVERSITY_PEDAGOGICAL,FULL,B015,,Подготовка учителей по гуманитарным предметам,34,RURAL,102,105,103.0,4
2026,UNIVERSITY_PEDAGOGICAL,FULL,B015,,Подготовка учителей по гуманитарным предметам,35,GENERAL,102,107,104.3,6
2026,UNIVERSITY_PEDAGOGICAL,FULL,B015,,Подготовка учителей по гуманитарным предметам,35,RURAL,98,102,99.8,4
2026,UNIVERSITY_PEDAGOGICAL,FULL,B015,,Подготовка учителей по гуманитарным предметам,36,GENERAL,100,120,105.8,6
2026,UNIVERSITY_PEDAGOGICAL,FULL,B015,,Подготовка учителей по гуманитарным предметам,36,RURAL,96,99,98.0,4
2026,UNIVERSITY_PEDAGOGICAL,FULL,B015,,Подготовка учителей по гуманитарным предметам,37,GENERAL,113,123,117.5,6
2026,UNIVERSITY_PEDAGOGICAL,FULL,B015,,Подготовка учителей по гуманитарным предметам,37,RURAL,105,111,107.2,4
2026,UNIVERSITY_PEDAGOGICAL,FULL,B015,,Подготовка учителей по гуманитарным предметам,40,GENERAL,105,116,109.3,6
2026,UNIVERSITY_PEDAGOGICAL,FULL,B015,,Подготовка учителей по гуманитарным предметам,40,RURAL,97,102,100.0,4
2026,UNIVERSITY_PEDAGOGICAL,FULL,B015,,Подготовка учителей по гуманитарным предметам,42,GENERAL,106,115,111.7,6
2026,UNIVERSITY_PEDAGOGICAL,FULL,B015,,Подготовка учителей по гуманитарным предметам,42,RURAL,97,102,98.2,4
2026,UNIVERSITY_PEDAGOGICAL,FULL,B015,,Подготовка учителей по гуманитарным предметам,43,GENERAL,111,119,114.0,3
2026,UNIVERSITY_PEDAGOGICAL,FULL,B015,,Подготовка учителей по гуманитарным предметам,43,RURAL,100,103,101.5,2
2026,UNIVERSITY_PEDAGOGICAL,FULL,B015,,Подготовка учителей по гуманитарным предметам,141,GENERAL,100,105,101.2,6
2026,UNIVERSITY_PEDAGOGICAL,FULL,B015,,Подготовка учителей по гуманитарным предметам,141,RURAL,91,96,94.2,4
2026,UNIVERSITY_PEDAGOGICAL,FULL,B015,,Подготовка учителей по гуманитарным предметам,185,GENERAL,121,130,126.2,6
2026,UNIVERSITY_PEDAGOGICAL,FULL,B015,,Подготовка учителей по гуманитарным предметам,185,RURAL,117,121,119.2,4
2026,UNIVERSITY_PEDAGOGICAL,FULL,B015,,Подготовка учителей по гуманитарным предметам,196,GENERAL,112,130,119.7,6
2026,UNIVERSITY_PEDAGOGICAL,FULL,B015,,Подготовка учителей по гуманитарным предметам,196,RURAL,105,110,108.2,4
2026,UNIVERSITY_PEDAGOGICAL,FULL,B015,,Подготовка учителей по гуманитарным предметам,517,GENERAL,118,131,121.8,6
2026,UNIVERSITY_PEDAGOGICAL,FULL,B015,,Подготовка учителей по гуманитарным предметам,517,RURAL,107,115,112.2,4
2026,UNIVERSITY_PEDAGOGICAL,FULL,B016,,Подготовка учителей казахского языка и литературы,3,GENERAL,120,126,121.7,13
2026,UNIVERSITY_PEDAGOGICAL,FULL,B016,,Подготовка учителей казахского языка и литературы,3,RURAL,118,120,118.7,7
2026,UNIVERSITY_PEDAGOGICAL,FULL,B016,,Подготовка учителей казахского языка и литературы,5,GENERAL,122,132,125.0,10
2026,UNIVERSITY_PEDAGOGICAL,FULL,B016,,Подготовка учителей казахского языка и литературы,5,RURAL,121,122,121.4,5
2026,UNIVERSITY_PEDAGOGICAL,FULL,B016,,Подготовка учителей казахского языка и литературы,8,GENERAL,115,119,116.5,10
2026,UNIVERSITY_PEDAGOGICAL,FULL,B016,,Подготовка учителей казахского языка и литературы,8,RURAL,110,112,111.2,5
2026,UNIVERSITY_PEDAGOGICAL,FULL,B016,,Подготовка учителей казахского языка и литературы,10,GENERAL,119,127,121.4,10
2026,UNIVERSITY_PEDAGOGICAL,FULL,B016,,Подготовка учителей казахского языка и литературы,10,RURAL,116,118,117.2,5
2026,UNIVERSITY_PEDAGOGICAL,FULL,B016,,Подготовка учителей казахского языка и литературы,11,GENERAL,119,131,121.8,13
2026,UNIVERSITY_PEDAGOGICAL,FULL,B016,,Подготовка учителей казахского языка и литературы,11,RURAL,116,119,117.0,7
2026,UNIVERSITY_PEDAGOGICAL,FULL,B016,,Подготовка учителей казахского языка и литературы,16,GENERAL,123,134,125.4,13
2026,UNIVERSITY_PEDAGOGICAL,FULL,B016,,Подготовка учителей казахского языка и литературы,16,RURAL,119,122,120.6,7
2026,UNIVERSITY_PEDAGOGICAL,FULL,B016,,Подготовка учителей казахского языка и литературы,31,GENERAL,123,128,124.5,6
2026,UNIVERSITY_PEDAGOGICAL,FULL,B016,,Подготовка учителей казахского языка и литературы,31,RURAL,122,123,122.2,4
2026,UNIVERSITY_PEDAGOGICAL,FULL,B016,,Подготовка учителей казахского языка и литературы,34,GENERAL,123,130,125.7,10
2026,UNIVERSITY_PEDAGOGICAL,FULL,B016,,Подготовка учителей казахского языка и литературы,34,RURAL,121,123,121.6,5
2026,UNIVERSITY_PEDAGOGICAL,FULL,B016,,Подготовка учителей казахского языка и литературы,35,GENERAL,120,123,121.3,10
2026,UNIVERSITY_PEDAGOGICAL,FULL,B016,,Подготовка учителей казахского языка и литературы,35,RURAL,120,120,120.0,5
2026,UNIVERSITY_PEDAGOGICAL,FULL,B016,,Подготовка учителей казахского языка и литературы,36,GENERAL,118,122,119.2,10
2026,UNIVERSITY_PEDAGOGICAL,FULL,B016,,Подготовка учителей казахского языка и литературы,36,RURAL,113,117,114.0,5
2026,UNIVERSITY_PEDAGOGICAL,FULL,B016,,Подготовка учителей казахского языка и литературы,37,GENERAL,123,128,124.1,10
2026,UNIVERSITY_PEDAGOGICAL,FULL,B016,,Подготовка учителей казахского языка и литературы,37,RURAL,120,122,121.0,5
2026,UNIVERSITY_PEDAGOGICAL,FULL,B016,,Подготовка учителей казахского языка и литературы,40,GENERAL,116,122,117.8,10
2026,UNIVERSITY_PEDAGOGICAL,FULL,B016,,Подготовка учителей казахского языка и литературы,40,RURAL,111,114,112.2,5
2026,UNIVERSITY_PEDAGOGICAL,FULL,B016,,Подготовка учителей казахского языка и литературы,42,GENERAL,121,129,123.9,10
2026,UNIVERSITY_PEDAGOGICAL,FULL,B016,,Подготовка учителей казахского языка и литературы,42,RURAL,118,121,119.4,5
2026,UNIVERSITY_PEDAGOGICAL,FULL,B016,,Подготовка учителей казахского языка и литературы,43,GENERAL,122,126,122.7,10
2026,UNIVERSITY_PEDAGOGICAL,FULL,B016,,Подготовка учителей казахского языка и литературы,43,RURAL,120,121,120.6,5
2026,UNIVERSITY_PEDAGOGICAL,FULL,B016,,Подготовка учителей казахского языка и литературы,141,GENERAL,116,121,117.5,10
2026,UNIVERSITY_PEDAGOGICAL,FULL,B016,,Подготовка учителей казахского языка и литературы,141,RURAL,112,114,112.8,5
2026,UNIVERSITY_PEDAGOGICAL,FULL,B016,,Подготовка учителей казахского языка и литературы,185,GENERAL,124,127,125.2,10
2026,UNIVERSITY_PEDAGOGICAL,FULL,B016,,Подготовка учителей казахского языка и литературы,185,RURAL,123,124,123.2,5
2026,UNIVERSITY_PEDAGOGICAL,FULL,B016,,Подготовка учителей казахского языка и литературы,196,GENERAL,123,129,125.3,6
2026,UNIVERSITY_PEDAGOGICAL,FULL,B016,,Подготовка учителей казахского языка и литературы,196,RURAL,121,123,122.2,4
2026,UNIVERSITY_PEDAGOGICAL,FULL,B016,,Подготовка учителей казахского языка и литературы,517,GENERAL,118,123,120.2,6
2026,UNIVERSITY_PEDAGOGICAL,FULL,B016,,Подготовка учителей казахского языка и литературы,517,RURAL,113,117,115.2,4
2026,UNIVERSITY_PEDAGOGICAL,FULL,B017,,Подготовка учителей русского языка и литературы,3,GENERAL,90,107,95.5,13
2026,UNIVERSITY_PEDAGOGICAL,FULL,B017,,Подготовка учителей русского языка и литературы,3,RURAL,86,88,86.6,7
2026,UNIVERSITY_PEDAGOGICAL,FULL,B017,,Подготовка учителей русского языка и литературы,5,GENERAL,99,118,106.7,10
2026,UNIVERSITY_PEDAGOGICAL,FULL,B017,,Подготовка учителей русского языка и литературы,5,RURAL,88,96,91.4,5
2026,UNIVERSITY_PEDAGOGICAL,FULL,B017,,Подготовка учителей русского языка и литературы,8,GENERAL,88,100,94.2,6
2026,UNIVERSITY_PEDAGOGICAL,FULL,B017,,Подготовка учителей русского языка и литературы,8,RURAL,78,86,83.2,4
2026,UNIVERSITY_PEDAGOGICAL,FULL,B017,,Подготовка учителей русского языка и литературы,10,GENERAL,100,126,111.8,6
2026,UNIVERSITY_PEDAGOGICAL,FULL,B017,,Подготовка учителей русского языка и литературы,10,RURAL,89,95,91.8,4
2026,UNIVERSITY_PEDAGOGICAL,FULL,B017,,Подготовка учителей русского языка и литературы,11,GENERAL,96,110,102.3,6
2026,UNIVERSITY_PEDAGOGICAL,FULL,B017,,Подготовка учителей русского языка и литературы,11,RURAL,92,95,93.8,4
2026,UNIVERSITY_PEDAGOGICAL,FULL,B017,,Подготовка учителей русского языка и литературы,16,GENERAL,90,105,96.5,10
2026,UNIVERSITY_PEDAGOGICAL,FULL,B017,,Подготовка учителей русского языка и литературы,16,RURAL,86,89,87.4,5
2026,UNIVERSITY_PEDAGOGICAL,FULL,B017,,Подготовка учителей русского языка и литературы,31,GENERAL,108,116,111.7,6
2026,UNIVERSITY_PEDAGOGICAL,FULL,B017,,Подготовка учителей русского языка и литературы,31,RURAL,92,106,96.8,4
2026,UNIVERSITY_PEDAGOGICAL,FULL,B017,,Подготовка учителей русского языка и литературы,34,GENERAL,110,117,113.8,6
2026,UNIVERSITY_PEDAGOGICAL,FULL,B017,,Подготовка учителей русского языка и литературы,34,RURAL,87,102,94.2,4
2026,UNIVERSITY_PEDAGOGICAL,FULL,B017,,Подготовка учителей русского языка и литературы,35,GENERAL,95,126,103.3,10
2026,UNIVERSITY_PEDAGOGICAL,FULL,B017,,Подготовка учителей русского языка и литературы,35,RURAL,90,92,90.6,5
2026,UNIVERSITY_PEDAGOGICAL,FULL,B017,,Подготовка учителей русского языка и литературы,36,GENERAL,106,116,109.5,6
2026,UNIVERSITY_PEDAGOGICAL,FULL,B017,,Подготовка учителей русского языка и литературы,36,RURAL,92,99,95.2,4
2026,UNIVERSITY_PEDAGOGICAL,FULL,B017,,Подготовка учителей русского языка и литературы,37,GENERAL,105,121,112.2,6
2026,UNIVERSITY_PEDAGOGICAL,FULL,B017,,Подготовка учителей русского языка и литературы,37,RURAL,93,98,95.5,4
2026,UNIVERSITY_PEDAGOGICAL,FULL,B017,,Подготовка учителей русского языка и литературы,40,GENERAL,96,116,106.2,13
2026,UNIVERSITY_PEDAGOGICAL,FULL,B017,,Подготовка учителей русского языка и литературы,40,RURAL,89,95,90.9,7
2026,UNIVERSITY_PEDAGOGICAL,FULL,B017,,Подготовка учителей русского языка и литературы,42,GENERAL,95,101,97.0,10
2026,UNIVERSITY_PEDAGOGICAL,FULL,B017,,Подготовка учителей русского языка и литературы,42,RURAL,86,92,90.0,5
2026,UNIVERSITY_PEDAGOGICAL,FULL,B017,,Подготовка учителей русского языка и литературы,43,GENERAL,97,115,102.5,10
2026,UNIVERSITY_PEDAGOGICAL,FULL,B017,,Подготовка учителей русского языка и литературы,43,RURAL,85,90,87.8,5
2026,UNIVERSITY_PEDAGOGICAL,FULL,B017,,Подготовка учителей русского языка и литературы,141,GENERAL,91,102,95.0,3
2026,UNIVERSITY_PEDAGOGICAL,FULL,B017,,Подготовка учителей русского языка и литературы,141,RURAL,81,83,82.0,2
2026,UNIVERSITY_PEDAGOGICAL,FULL,B017,,Подготовка учителей русского языка и литературы,185,GENERAL,113,114,113.2,6
2026,UNIVERSITY_PEDAGOGICAL,FULL,B017,,Подготовка учителей русского языка и литературы,185,RURAL,110,113,111.2,4
2026,UNIVERSITY_PEDAGOGICAL,FULL,B017,,Подготовка учителей русского языка и литературы,196,GENERAL,101,115,108.1,10
2026,UNIVERSITY_PEDAGOGICAL,FULL,B017,,Подготовка учителей русского языка и литературы,196,RURAL,90,94,91.6,5
2026,UNIVERSITY_PEDAGOGICAL,FULL,B017,,Подготовка учителей русского языка и литературы,517,GENERAL,102,116,107.5,10
2026,UNIVERSITY_PEDAGOGICAL,FULL,B017,,Подготовка учителей русского языка и литературы,517,RURAL,89,100,96.0,5
2026,UNIVERSITY_PEDAGOGICAL,FULL,B018,,Подготовка учителей иностранного языка,3,GENERAL,120,137,123.6,13
2026,UNIVERSITY_PEDAGOGICAL,FULL,B018,,Подготовка учителей иностранного языка,3,RURAL,113,119,115.9,7
2026,UNIVERSITY_PEDAGOGICAL,FULL,B018,,Подготовка учителей иностранного языка,5,GENERAL,124,127,125.8,10
2026,UNIVERSITY_PEDAGOGICAL,FULL,B018,,Подготовка учителей иностранного языка,5,RURAL,121,124,122.6,5
2026,UNIVERSITY_PEDAGOGICAL,FULL,B018,,Подготовка учителей иностранного языка,8,GENERAL,115,119,116.5,10
2026,UNIVERSITY_PEDAGOGICAL,FULL,B018,,Подготовка учителей иностранного языка,8,RURAL,108,111,109.8,5
2026,UNIVERSITY_PEDAGOGICAL,FULL,B018,,Подготовка учителей иностранного языка,10,GENERAL,119,128,122.7,6
2026,UNIVERSITY_PEDAGOGICAL,FULL,B018,,Подготовка учителей иностранного языка,10,RURAL,110,117,112.0,4
2026,UNIVERSITY_PEDAGOGICAL,FULL,B018,,Подготовка учителей иностранного языка,11,GENERAL,118,127,121.5,13
2026,UNIVERSITY_PEDAGOGICAL,FULL,B018,,Подготовка учителей иностранного языка,11,RURAL,111,118,114.1,7
2026,UNIVERSITY_PEDAGOGICAL,FULL,B018,,Подготовка учителей иностранного языка,16,GENERAL,120,129,122.8,10
2026,UNIVERSITY_PEDAGOGICAL,FULL,B018,,Подготовка учителей иностранного языка,16,RURAL,112,119,115.4,5
2026,UNIVERSITY_PEDAGOGICAL,FULL,B018,,Подготовка учителей иностранного языка,31,GENERAL,125,130,126.6,13
2026,UNIVERSITY_PEDAGOGICAL,FULL,B018,,Подготовка учителей иностранного языка,31,RURAL,123,125,124.0,7
2026,UNIVERSITY_PEDAGOGICAL,FULL,B018,,Подготовка учителей иностранного языка,34,GENERAL,126,134,127.7,6
2026,UNIVERSITY_PEDAGOGICAL,FULL,B018,,Подготовка учителей иностранного языка,34,RURAL,120,122,121.2,4
2026,UNIVERSITY_PEDAGOGICAL,FULL,B018,,Подготовка учителей иностранного языка,35,GENERAL,122,128,124.4,10
2026,UNIVERSITY_PEDAGOGICAL,FULL,B018,,Подготовка учителей иностранного языка,35,RURAL,121,122,121.6,5
2026,UNIVERSITY_PEDAGOGICAL,FULL,B018,,Подготовка учителей иностранного языка,36,GENERAL,119,126,121.1,10
2026,UNIVERSITY_PEDAGOGICAL,FULL,B018,,Подготовка учителей иностранного языка,36,RURAL,114,117,115.6,5
2026,UNIVERSITY_PEDAGOGICAL,FULL,B018,,Подготовка учителей иностранного языка,37,GENERAL,129,138,131.5,10
2026,UNIVERSITY_PEDAGOGICAL,FULL,B018,,Подготовка учителей иностранного языка,37,RURAL,124,128,125.4,5
2026,UNIVERSITY_PEDAGOGICAL,FULL,B018,,Подготовка учителей иностранного языка,40,GENERAL,119,130,121.7,10
2026,UNIVERSITY_PEDAGOGICAL,FULL,B018,,Подготовка учителей иностранного языка,40,RURAL,112,116,113.6,5
2026,UNIVERSITY_PEDAGOGICAL,FULL,B018,,Подготовка учителей иностранного языка,42,GENERAL,122,129,124.5,13
2026,UNIVERSITY_PEDAGOGICAL,FULL,B018,,Подготовка учителей иностранного языка,42,RURAL,108,120,114.1,7
2026,UNIVERSITY_PEDAGOGICAL,FULL,B018,,Подготовка учителей иностранного языка,43,GENERAL,122,135,124.3,10
2026,UNIVERSITY_PEDAGOGICAL,FULL,B018,,Подготовка учителей иностранного языка,43,RURAL,119,121,120.2,5
2026,UNIVERSITY_PEDAGOGICAL,FULL,B018,,Подготовка учителей иностранного языка,141,GENERAL,115,126,118.8,10
2026,UNIVERSITY_PEDAGOGICAL,FULL,B018,,Подготовка учителей иностранного языка,141,RURAL,111,114,112.4,5
2026,UNIVERSITY_PEDAGOGICAL,FULL,B018,,Подготовка учителей иностранного языка,185,GENERAL,129,130,129.8,10
2026,UNIVERSITY_PEDAGOGICAL,FULL,B018,,Подготовка учителей иностранного языка,185,RURAL,126,127,126.2,5
2026,UNIVERSITY_PEDAGOGICAL,FULL,B018,,Подготовка учителей иностранного языка,196,GENERAL,126,128,126.8,10
2026,UNIVERSITY_PEDAGOGICAL,FULL,B018,,Подготовка учителей иностранного языка,196,RURAL,123,125,124.2,5
2026,UNIVERSITY_PEDAGOGICAL,FULL,B018,,Подготовка учителей иностранного языка,517,GENERAL,122,130,124.4,10
2026,UNIVERSITY_PEDAGOGICAL,FULL,B018,,Подготовка учителей иностранного языка,517,RURAL,111,120,116.6,5
2026,UNIVERSITY_PEDAGOGICAL,FULL,B019,,Подготовка социальных педагогов,16,GENERAL,82,88,84.3,3
2026,UNIVERSITY_PEDAGOGICAL,FULL,B019,,Подготовка социальных педагогов,16,RURAL,78,82,80.0,2
2026,UNIVERSITY_PEDAGOGICAL,FULL,B019,,Подготовка социальных педагогов,31,GENERAL,84,92,86.7,3
2026,UNIVERSITY_PEDAGOGICAL,FULL,B019,,Подготовка социальных педагогов,31,RURAL,80,82,81.0,2
2026,UNIVERSITY_PEDAGOGICAL,FULL,B019,,Подготовка социальных педагогов,35,GENERAL,83,86,84.0,3
2026,UNIVERSITY_PEDAGOGICAL,FULL,B019,,Подготовка социальных педагогов,35,RURAL,76,82,79.0,2
2026,UNIVERSITY_PEDAGOGICAL,FULL,B019,,Подготовка социальных педагогов,43,GENERAL,81,87,84.0,3
2026,UNIVERSITY_PEDAGOGICAL,FULL,B019,,Подготовка социальных педагогов,43,RURAL,75,79,77.0,2
2026,UNIVERSITY_PEDAGOGICAL,FULL,B019,,Подготовка социальных педагогов,196,GENERAL,85,90,87.2,10
2026,UNIVERSITY_PEDAGOGICAL,FULL,B019,,Подготовка социальных педагогов,196,RURAL,80,84,82.2,5
2026,UNIVERSITY_PEDAGOGICAL,FULL,B019,,Подготовка социальных педагогов,517,GENERAL,83,87,85.0,3
2026,UNIVERSITY_PEDAGOGICAL,FULL,B019,,Подготовка социальных педагогов,517,RURAL,75,75,75.0,2
2026,UNIVERSITY_PEDAGOGICAL,FULL,B020,,Специальная педагогика,3,GENERAL,88,107,93.2,16
2026,UNIVERSITY_PEDAGOGICAL,FULL,B020,,Специальная педагогика,3,RURAL,80,87,82.8,9
2026,UNIVERSITY_PEDAGOGICAL,FULL,B020,,Специальная педагогика,5,GENERAL,100,117,106.1,10
2026,UNIVERSITY_PEDAGOGICAL,FULL,B020,,Специальная педагогика,5,RURAL,86,93,89.0,5
2026,UNIVERSITY_PEDAGOGICAL,FULL,B020,,Специальная педагогика,11,GENERAL,99,113,104.7,6
2026,UNIVERSITY_PEDAGOGICAL,FULL,B020,,Специальная педагогика,11,RURAL,88,93,90.5,4
2026,UNIVERSITY_PEDAGOGICAL,FULL,B020,,Специальная педагогика,31,GENERAL,94,119,105.5,10
2026,UNIVERSITY_PEDAGOGICAL,FULL,B020,,Специальная педагогика,31,RURAL,85,86,85.4,5
2026,UNIVERSITY_PEDAGOGICAL,FULL,B020,,Специальная педагогика,36,GENERAL,87,113,94.7,10
2026,UNIVERSITY_PEDAGOGICAL,FULL,B020,,Специальная педагогика,36,RURAL,80,86,81.8,5
2026,UNIVERSITY_PEDAGOGICAL,FULL,B020,,Специальная педагогика,40,GENERAL,83,100,88.7,16
2026,UNIVERSITY_PEDAGOGICAL,FULL,B020,,Специальная педагогика,40,RURAL,79,83,79.8,9
2026,UNIVERSITY_PEDAGOGICAL,FULL,B020,,Специальная педагогика,43,GENERAL,94,107,99.5,10
2026,UNIVERSITY_PEDAGOGICAL,FULL,B020,,Специальная педагогика,43,RURAL,82,89,84.2,5
2026,UNIVERSITY_PEDAGOGICAL,FULL,B020,,Специальная педагогика,196,GENERAL,102,117,107.4,10
2026,UNIVERSITY_PEDAGOGICAL,FULL,B020,,Специальная педагогика,196,RURAL,90,102,96.4,5
2026,UNIVERSITY_PEDAGOGICAL,FULL,B020,,Специальная педагогика,517,GENERAL,96,114,101.8,10
2026,UNIVERSITY_PEDAGOGICAL,FULL,B020,,Специальная педагогика,517,RURAL,78,89,85.0,5
2026,UNIVERSITY_TECHNICAL,FULL,B060,,Химическая инженерия и процессы,3,GENERAL,73,91,77.7,20
2026,UNIVERSITY_TECHNICAL,FULL,B060,,Химическая инженерия и процессы,9,GENERAL,80,99,88.0,5
2026,UNIVERSITY_TECHNICAL,FULL,B060,,Химическая инженерия и процессы,31,GENERAL,80,107,84.7,10
2026,UNIVERSITY_TECHNICAL,FULL,B060,,Химическая инженерия и процессы,32,GENERAL,76,89,80.0,15
2026,UNIVERSITY_TECHNICAL,FULL,B060,,Химическая инженерия и процессы,33,GENERAL,67,90,73.7,15
2026,UNIVERSITY_TECHNICAL,FULL,B060,,Химическая инженерия и процессы,38,GENERAL,68,115,79.3,20
2026,UNIVERSITY_TECHNICAL,FULL,B060,,Химическая инженерия и процессы,43,GENERAL,78,85,80.8,5
2026,UNIVERSITY_TECHNICAL,FULL,B060,,Химическая инженерия и процессы,45,GENERAL,73,95,79.5,20
2026,UNIVERSITY_TECHNICAL,FULL,B061,,Материаловедение и технологии,9,GENERAL,57,60,58.0,5
2026,UNIVERSITY_TECHNICAL,FULL,B061,,Материаловедение и технологии,32,GENERAL,69,86,73.6,5
2026,UNIVERSITY_TECHNICAL,FULL,B061,,Материаловедение и технологии,33,GENERAL,50,73,58.9,7
2026,UNIVERSITY_TECHNICAL,FULL,B061,,Материаловедение и технологии,43,GENERAL,60,68,63.6,10
2026,UNIVERSITY_TECHNICAL,FULL,B061,,Материаловедение и технологии,45,GENERAL,65,78,69.0,6
2026,UNIVERSITY_TECHNICAL,FULL,B062,,Электротехника и электроэнергетика,3,GENERAL,65,102,71.8,19
2026,UNIVERSITY_TECHNICAL,FULL,B062,,Электротехника и электроэнергетика,3,RURAL,61,65,62.3,11
2026,UNIVERSITY_TECHNICAL,FULL,B062,,Электротехника и электроэнергетика,5,GENERAL,85,99,91.8,6
2026,UNIVERSITY_TECHNICAL,FULL,B062,,Электротехника и электроэнергетика,5,RURAL,75,79,77.2,4
2026,UNIVERSITY_TECHNICAL,FULL,B062,,Электротехника и электроэнергетика,9,GENERAL,64,86,69.8,13
2026,UNIVERSITY_TECHNICAL,FULL,B062,,Электротехника и электроэнергетика,9,RURAL,57,63,60.7,7
2026,UNIVERSITY_TECHNICAL,FULL,B062,,Электротехника и электроэнергетика,12,GENERAL,75,105,83.5,13
2026,UNIVERSITY_TECHNICAL,FULL,B062,,Электротехника и электроэнергетика,12,RURAL,65,75,68.7,7
2026,UNIVERSITY_TECHNICAL,FULL,B062,,Электротехника и электроэнергетика,32,GENERAL,85,125,92.8,13
2026,UNIVERSITY_TECHNICAL,FULL,B062,,Электротехника и электроэнергетика,32,RURAL,74,84,76.9,7
2026,UNIVERSITY_TECHNICAL,FULL,B062,,Электротехника и электроэнергетика,33,GENERAL,58,82,66.4,16
2026,UNIVERSITY_TECHNICAL,FULL,B062,,Электротехника и электроэнергетика,33,RURAL,52,56,53.9,9
2026,UNIVERSITY_TECHNICAL,FULL,B062,,Электротехника и электроэнергетика,34,GENERAL,73,116,80.6,13
2026,UNIVERSITY_TECHNICAL,FULL,B062,,Электротехника и электроэнергетика,34,RURAL,63,68,65.6,7
2026,UNIVERSITY_TECHNICAL,FULL,B062,,Электротехника и электроэнергетика,36,GENERAL,79,95,85.4,13
2026,UNIVERSITY_TECHNICAL,FULL,B062,,Электротехника и электроэнергетика,36,RURAL,68,72,70.3,7
2026,UNIVERSITY_TECHNICAL,FULL,B062,,Электротехника и электроэнергетика,38,GENERAL,72,104,80.9,13
2026,UNIVERSITY_TECHNICAL,FULL,B062,,Электротехника и электроэнергетика,38,RURAL,68,72,70.0,7
2026,UNIVERSITY_TECHNICAL,FULL,B062,,Электротехника и электроэнергетика,39,GENERAL,54,96,65.9,17
2026,UNIVERSITY_TECHNICAL,FULL,B062,,Электротехника и электроэнергетика,39,RURAL,50,53,51.7,3
2026,UNIVERSITY_TECHNICAL,FULL,B062,,Электротехника и электроэнергетика,42,GENERAL,62,89,72.4,16
2026,UNIVERSITY_TECHNICAL,FULL,B062,,Электротехника и электроэнергетика,42,RURAL,54,59,56.6,9
2026,UNIVERSITY_TECHNICAL,FULL,B062,,Электротехника и электроэнергетика,45,GENERAL,75,86,79.3,13
2026,UNIVERSITY_TECHNICAL,FULL,B062,,Электротехника и электроэнергетика,45,RURAL,68,74,70.9,7
2026,UNIVERSITY_TECHNICAL,FULL,B063,,Электротехника и автоматизация,3,GENERAL,64,100,74.7,30
2026,UNIVERSITY_TECHNICAL,FULL,B063,,Электротехника и автоматизация,5,GENERAL,80,103,86.9,15
2026,UNIVERSITY_TECHNICAL,FULL,B063,,Электротехника и автоматизация,9,GENERAL,68,98,78.3,20
2026,UNIVERSITY_TECHNICAL,FULL,B063,,Электротехника и автоматизация,12,GENERAL,79,114,93.5,15
2026,UNIVERSITY_TECHNICAL,FULL,B063,,Электротехника и автоматизация,31,GENERAL,65,100,75.4,13
2026,UNIVERSITY_TECHNICAL,FULL,B063,,Электротехника и автоматизация,32,GENERAL,89,110,96.8,20
2026,UNIVERSITY_TECHNICAL,FULL,B063,,Электротехника и автоматизация,33,GENERAL,60,74,65.2,20
2026,UNIVERSITY_TECHNICAL,FULL,B063,,Электротехника и автоматизация,34,GENERAL,68,109,77.8,20
2026,UNIVERSITY_TECHNICAL,FULL,B063,,Электротехника и автоматизация,38,GENERAL,76,121,90.2,20
2026,UNIVERSITY_TECHNICAL,FULL,B063,,Электротехника и автоматизация,39,GENERAL,54,75,63.1,20
2026,UNIVERSITY_TECHNICAL,FULL,B063,,Электротехника и автоматизация,42,GENERAL,61,107,68.6,25
2026,UNIVERSITY_TECHNICAL,FULL,B063,,Электротехника и автоматизация,43,GENERAL,67,94,76.7,20
2026,UNIVERSITY_TECHNICAL,FULL,B063,,Электротехника и автоматизация,45,GENERAL,73,117,80.0,20
2026,UNIVERSITY_TECHNICAL,FULL,B064,,Механика и металлообработка,3,GENERAL,56,84,60.6,30
2026,UNIVERSITY_TECHNICAL,FULL,B064,,Механика и металлообработка,9,GENERAL,63,70,65.4,5
2026,UNIVERSITY_TECHNICAL,FULL,B064,,Механика и металлообработка,12,GENERAL,64,90,69.5,20
2026,UNIVERSITY_TECHNICAL,FULL,B064,,Механика и металлообработка,31,GENERAL,65,80,70.3,10
2026,UNIVERSITY_TECHNICAL,FULL,B064,,Механика и металлообработка,32,GENERAL,73,92,77.6,20
2026,UNIVERSITY_TECHNICAL,FULL,B064,,Механика и металлообработка,33,GENERAL,51,60,53.8,20
2026,UNIVERSITY_TECHNICAL,FULL,B064,,Механика и металлообработка,34,GENERAL,61,68,63.4,15
2026,UNIVERSITY_TECHNICAL,FULL,B064,,Механика и металлообработка,35,GENERAL,58,81,63.5,20
2026,UNIVERSITY_TECHNICAL,FULL,B064,,Механика и металлообработка,36,GENERAL,74,116,86.5,20
2026,UNIVERSITY_TECHNICAL,FULL,B064,,Механика и металлообработка,38,GENERAL,61,80,67.7,20
2026,UNIVERSITY_TECHNICAL,FULL,B064,,Механика и металлообработка,39,GENERAL,51,56,54.0,3
2026,UNIVERSITY_TECHNICAL,FULL,B064,,Механика и металлообработка,42,GENERAL,57,79,63.6,30
2026,UNIVERSITY_TECHNICAL,FULL,B064,,Механика и металлообработка,45,GENERAL,68,77,70.5,20
2026,UNIVERSITY_TECHNICAL,FULL,B065,,Транспортная техника и технологии,3,GENERAL,59,67,62.9,13
2026,UNIVERSITY_TECHNICAL,FULL,B065,,Транспортная техника и технологии,3,RURAL,56,58,56.6,7
2026,UNIVERSITY_TECHNICAL,FULL,B065,,Транспортная техника и технологии,5,GENERAL,71,83,76.0,6
2026,UNIVERSITY_TECHNICAL,FULL,B065,,Транспортная техника и технологии,5,RURAL,67,70,68.8,4
2026,UNIVERSITY_TECHNICAL,FULL,B065,,Транспортная техника и технологии,9,GENERAL,62,89,75.3,3
2026,UNIVERSITY_TECHNICAL,FULL,B065,,Транспортная техника и технологии,9,RURAL,59,59,59.0,2
2026,UNIVERSITY_TECHNICAL,FULL,B065,,Транспортная техника и технологии,12,GENERAL,74,89,79.8,6
2026,UNIVERSITY_TECHNICAL,FULL,B065,,Транспортная техника и технологии,12,RURAL,65,67,65.8,4
2026,UNIVERSITY_TECHNICAL,FULL,B065,,Транспортная техника и технологии,31,GENERAL,65,86,70.4,10
2026,UNIVERSITY_TECHNICAL,FULL,B065,,Транспортная техника и технологии,32,GENERAL,70,79,74.3,10
2026,UNIVERSITY_TECHNICAL,FULL,B065,,Транспортная техника и технологии,32,RURAL,64,66,64.4,5
2026,UNIVERSITY_TECHNICAL,FULL,B065,,Транспортная техника и технологии,33,GENERAL,50,65,53.4,15
2026,UNIVERSITY_TECHNICAL,FULL,B065,,Транспортная техника и технологии,34,GENERAL,63,73,67.2,13
2026,UNIVERSITY_TECHNICAL,FULL,B065,,Транспортная техника и технологии,34,RURAL,57,63,59.4,7
2026,UNIVERSITY_TECHNICAL,FULL,B065,,Транспортная техника и технологии,35,GENERAL,59,82,66.8,13
2026,UNIVERSITY_TECHNICAL,FULL,B065,,Транспортная техника и технологии,35,RURAL,53,59,55.1,7
2026,UNIVERSITY_TECHNICAL,FULL,B065,,Транспортная техника и технологии,36,GENERAL,70,104,82.8,13
2026,UNIVERSITY_TECHNICAL,FULL,B065,,Транспортная техника и технологии,36,RURAL,62,68,64.4,7
2026,UNIVERSITY_TECHNICAL,FULL,B065,,Транспортная техника и технологии,38,GENERAL,66,83,69.8,10
2026,UNIVERSITY_TECHNICAL,FULL,B065,,Транспортная техника и технологии,38,RURAL,61,63,62.0,5
2026,UNIVERSITY_TECHNICAL,FULL,B065,,Транспортная техника и технологии,39,GENERAL,50,84,58.0,14
2026,UNIVERSITY_TECHNICAL,FULL,B065,,Транспортная техника и технологии,45,GENERAL,65,79,70.2,14
2026,UNIVERSITY_TECHNICAL,FULL,B066,,Морской транспорт и технологии,3,GENERAL,60,78,63.8,30
2026,UNIVERSITY_TECHNICAL,FULL,B068,,Производство продуктов питания,5,GENERAL,79,103,86.1,10
2026,UNIVERSITY_TECHNICAL,FULL,B068,,Производство продуктов питания,5,RURAL,74,76,74.8,5
2026,UNIVERSITY_TECHNICAL,FULL,B068,,Производство продуктов питания,11,GENERAL,68,90,71.8,26
2026,UNIVERSITY_TECHNICAL,FULL,B068,,Производство продуктов питания,11,RURAL,64,67,65.8,14
2026,UNIVERSITY_TECHNICAL,FULL,B068,,Производство продуктов питания,33,GENERAL,71,97,75.9,10
2026,UNIVERSITY_TECHNICAL,FULL,B068,,Производство продуктов питания,33,RURAL,66,70,67.8,5
2026,UNIVERSITY_TECHNICAL,FULL,B068,,Производство продуктов питания,34,GENERAL,77,96,82.9,13
2026,UNIVERSITY_TECHNICAL,FULL,B068,,Производство продуктов питания,34,RURAL,72,75,73.4,7
2026,UNIVERSITY_TECHNICAL,FULL,B068,,Производство продуктов питания,35,GENERAL,73,88,77.6,13
2026,UNIVERSITY_TECHNICAL,FULL,B068,,Производство продуктов питания,35,RURAL,66,70,67.9,7
2026,UNIVERSITY_TECHNICAL,FULL,B068,,Производство продуктов питания,36,GENERAL,67,87,72.7,13
2026,UNIVERSITY_TECHNICAL,FULL,B068,,Производство продуктов питания,36,RURAL,62,66,64.0,7
2026,UNIVERSITY_TECHNICAL,FULL,B068,,Производство продуктов питания,38,GENERAL,73,86,79.8,10
2026,UNIVERSITY_TECHNICAL,FULL,B068,,Производство продуктов питания,38,RURAL,66,70,68.0,5
2026,UNIVERSITY_TECHNICAL,FULL,B068,,Производство продуктов питания,42,GENERAL,74,94,78.8,16
2026,UNIVERSITY_TECHNICAL,FULL,B068,,Производство продуктов питания,42,RURAL,67,72,69.2,9
2026,UNIVERSITY_TECHNICAL,FULL,B068,,Производство продуктов питания,43,GENERAL,69,89,72.5,26
2026,UNIVERSITY_TECHNICAL,FULL,B068,,Производство продуктов питания,43,RURAL,63,68,64.9,14
2026,UNIVERSITY_TECHNICAL,FULL,B068,,Производство продуктов питания,45,GENERAL,78,87,81.6,13
2026,UNIVERSITY_TECHNICAL,FULL,B068,,Производство продуктов питания,45,RURAL,72,77,74.1,7
2026,UNIVERSITY_TECHNICAL,FULL,B069,,"Производство материалов (стекло, бумага, пластик, дерево)",33,GENERAL,51,61,54.3,10
2026,UNIVERSITY_TECHNICAL,FULL,B069,,"Производство материалов (стекло, бумага, пластик, дерево)",33,RURAL,50,50,50.0,1
2026,UNIVERSITY_TECHNICAL,FULL,B069,,"Производство материалов (стекло, бумага, пластик, дерево)",45,GENERAL,65,68,66.5,2
2026,UNIVERSITY_TECHNICAL,FULL,B070,,"Текстиль: одежда, обувь и кожаные изделия",5,GENERAL,69,71,69.7,3
2026,UNIVERSITY_TECHNICAL,FULL,B070,,"Текстиль: одежда, обувь и кожаные изделия",5,RURAL,63,68,65.5,2
2026,UNIVERSITY_TECHNICAL,FULL,B070,,"Текстиль: одежда, обувь и кожаные изделия",39,GENERAL,50,74,57.2,4
2026,UNIVERSITY_TECHNICAL,FULL,B070,,"Текстиль: одежда, обувь и кожаные изделия",43,GENERAL,54,56,55.0,6
2026,UNIVERSITY_TECHNICAL,FULL,B070,,"Текстиль: одежда, обувь и кожаные изделия",43,RURAL,53,54,53.5,4
2026,UNIVERSITY_TECHNICAL,FULL,B070,,"Текстиль: одежда, обувь и кожаные изделия",45,GENERAL,66,71,68.5,2
2026,UNIVERSITY_TECHNICAL,FULL,B071,,Горное дело и добыча полезных ископаемых,3,GENERAL,65,86,71.6,25
2026,UNIVERSITY_TECHNICAL,FULL,B071,,Горное дело и добыча полезных ископаемых,5,GENERAL,74,86,80.0,20
2026,UNIVERSITY_TECHNICAL,FULL,B071,,Горное дело и добыча полезных ископаемых,9,GENERAL,70,99,78.6,20
2026,UNIVERSITY_TECHNICAL,FULL,B071,,Горное дело и добыча полезных ископаемых,12,GENERAL,69,100,75.2,20
2026,UNIVERSITY_TECHNICAL,FULL,B071,,Горное дело и добыча полезных ископаемых,32,GENERAL,78,102,82.5,20
2026,UNIVERSITY_TECHNICAL,FULL,B071,,Горное дело и добыча полезных ископаемых,33,GENERAL,55,102,60.5,20
2026,UNIVERSITY_TECHNICAL,FULL,B071,,Горное дело и добыча полезных ископаемых,34,GENERAL,66,79,69.0,20
2026,UNIVERSITY_TECHNICAL,FULL,B071,,Горное дело и добыча полезных ископаемых,35,GENERAL,63,86,71.7,20
2026,UNIVERSITY_TECHNICAL,FULL,B071,,Горное дело и добыча полезных ископаемых,38,GENERAL,72,93,79.0,20
2026,UNIVERSITY_TECHNICAL,FULL,B071,,Горное дело и добыча полезных ископаемых,39,GENERAL,55,85,63.9,20
2026,UNIVERSITY_TECHNICAL,FULL,B071,,Горное дело и добыча полезных ископаемых,45,GENERAL,70,90,76.3,20
2026,UNIVERSITY_TECHNICAL,FULL,B071,,Горное дело и добыча полезных ископаемых,543,GENERAL,50,72,56.5,33
2026,UNIVERSITY_TECHNICAL,FULL,B072,,Технология фармацевтического производства,31,GENERAL,87,109,92.3,20
2026,UNIVERSITY_TECHNICAL,FULL,B072,,Технология фармацевтического производства,33,GENERAL,79,91,83.8,10
2026,UNIVERSITY_TECHNICAL,FULL,B072,,Технология фармацевтического производства,45,GENERAL,87,110,92.7,15
2026,UNIVERSITY_TECHNICAL,FULL,B073,,Архитектура,12,GENERAL,114,129,120.0,15
2026,UNIVERSITY_TECHNICAL,FULL,B073,,Архитектура,32,GENERAL,123,129,125.0,28
2026,UNIVERSITY_TECHNICAL,FULL,B073,,Архитектура,38,GENERAL,120,130,122.5,10
2026,UNIVERSITY_TECHNICAL,FULL,B073,,Архитектура,45,GENERAL,123,129,124.9,85
2026,UNIVERSITY_TECHNICAL,FULL,B073,,Архитектура,529,GENERAL,122,127,123.6,23
2026,UNIVERSITY_TECHNICAL,FULL,B074,,"Градостроительство, строительные работы и гражданское строительство",3,GENERAL,64,80,69.0,25
2026,UNIVERSITY_TECHNICAL,FULL,B074,,"Градостроительство, строительные работы и гражданское строительство",5,GENERAL,76,99,84.0,15
2026,UNIVERSITY_TECHNICAL,FULL,B074,,"Градостроительство, строительные работы и гражданское строительство",12,GENERAL,79,113,88.0,20
2026,UNIVERSITY_TECHNICAL,FULL,B074,,"Градостроительство, строительные работы и гражданское строительство",32,GENERAL,84,127,91.8,20
2026,UNIVERSITY_TECHNICAL,FULL,B074,,"Градостроительство, строительные работы и гражданское строительство",33,GENERAL,60,87,66.2,20
2026,UNIVERSITY_TECHNICAL,FULL,B074,,"Градостроительство, строительные работы и гражданское строительство",34,GENERAL,72,89,79.5,20
2026,UNIVERSITY_TECHNICAL,FULL,B074,,"Градостроительство, строительные работы и гражданское строительство",35,GENERAL,70,97,80.1,20
2026,UNIVERSITY_TECHNICAL,FULL,B074,,"Градостроительство, строительные работы и гражданское строительство",38,GENERAL,76,121,88.9,20
2026,UNIVERSITY_TECHNICAL,FULL,B074,,"Градостроительство, строительные работы и гражданское строительство",39,GENERAL,59,92,70.2,20
2026,UNIVERSITY_TECHNICAL,FULL,B074,,"Градостроительство, строительные работы и гражданское строительство",42,GENERAL,67,105,75.3,25
2026,UNIVERSITY_TECHNICAL,FULL,B074,,"Градостроительство, строительные работы и гражданское строительство",529,GENERAL,68,103,76.7,10
2026,UNIVERSITY_TECHNICAL,FULL,B075,,Кадастр и землеустройство,3,GENERAL,92,102,97.6,13
2026,UNIVERSITY_TECHNICAL,FULL,B075,,Кадастр и землеустройство,3,RURAL,86,91,88.3,7
2026,UNIVERSITY_TECHNICAL,FULL,B075,,Кадастр и землеустройство,12,GENERAL,93,111,100.0,6
2026,UNIVERSITY_TECHNICAL,FULL,B075,,Кадастр и землеустройство,12,RURAL,87,90,88.5,4
2026,UNIVERSITY_TECHNICAL,FULL,B075,,Кадастр и землеустройство,32,GENERAL,104,120,113.3,6
2026,UNIVERSITY_TECHNICAL,FULL,B075,,Кадастр и землеустройство,32,RURAL,99,102,100.8,4
2026,UNIVERSITY_TECHNICAL,FULL,B075,,Кадастр и землеустройство,34,GENERAL,99,121,108.5,13
2026,UNIVERSITY_TECHNICAL,FULL,B075,,Кадастр и землеустройство,34,RURAL,91,97,94.1,7
2026,UNIVERSITY_TECHNICAL,FULL,B075,,Кадастр и землеустройство,529,GENERAL,85,104,91.5,13
2026,UNIVERSITY_TECHNICAL,FULL,B075,,Кадастр и землеустройство,529,RURAL,78,82,79.3,7
2026,UNIVERSITY_TECHNICAL,FULL,B076,,"Стандартизация, сертификация и метрология (по отраслям)",3,GENERAL,59,77,65.3,20
2026,UNIVERSITY_TECHNICAL,FULL,B076,,"Стандартизация, сертификация и метрология (по отраслям)",10,GENERAL,56,67,60.1,20
2026,UNIVERSITY_TECHNICAL,FULL,B076,,"Стандартизация, сертификация и метрология (по отраслям)",12,GENERAL,61,85,68.3,10
2026,UNIVERSITY_TECHNICAL,FULL,B076,,"Стандартизация, сертификация и метрология (по отраслям)",15,GENERAL,70,105,78.5,10
2026,UNIVERSITY_TECHNICAL,FULL,B076,,"Стандартизация, сертификация и метрология (по отраслям)",32,GENERAL,76,82,79.4,5
2026,UNIVERSITY_TECHNICAL,FULL,B076,,"Стандартизация, сертификация и метрология (по отраслям)",33,GENERAL,57,71,62.2,5
2026,UNIVERSITY_TECHNICAL,FULL,B076,,"Стандартизация, сертификация и метрология (по отраслям)",36,GENERAL,56,78,63.1,15
2026,UNIVERSITY_TECHNICAL,FULL,B076,,"Стандартизация, сертификация и метрология (по отраслям)",42,GENERAL,56,83,61.8,10
2026,UNIVERSITY_TECHNICAL,FULL,B076,,"Стандартизация, сертификация и метрология (по отраслям)",43,GENERAL,67,77,70.2,5
2026,UNIVERSITY_TECHNICAL,FULL,B077,,Растениеводство,2,GENERAL,82,115,89.2,13
2026,UNIVERSITY_TECHNICAL,FULL,B077,,Растениеводство,2,RURAL,74,80,75.7,7
2026,UNIVERSITY_TECHNICAL,FULL,B077,,Растениеводство,15,GENERAL,68,86,75.8,13
2026,UNIVERSITY_TECHNICAL,FULL,B077,,Растениеводство,15,RURAL,60,65,62.9,7
2026,UNIVERSITY_TECHNICAL,FULL,B077,,Растениеводство,24,GENERAL,77,97,84.2,13
2026,UNIVERSITY_TECHNICAL,FULL,B077,,Растениеводство,24,RURAL,69,75,71.7,7
2026,UNIVERSITY_TECHNICAL,FULL,B077,,Растениеводство,34,GENERAL,71,81,74.5,13
2026,UNIVERSITY_TECHNICAL,FULL,B077,,Растениеводство,34,RURAL,63,68,65.4,7
2026,UNIVERSITY_TECHNICAL,FULL,B077,,Растениеводство,35,GENERAL,72,84,74.8,10
2026,UNIVERSITY_TECHNICAL,FULL,B077,,Растениеводство,35,RURAL,66,68,66.6,5
2026,UNIVERSITY_TECHNICAL,FULL,B077,,Растениеводство,36,GENERAL,73,104,88.7,6
2026,UNIVERSITY_TECHNICAL,FULL,B077,,Растениеводство,36,RURAL,65,70,68.0,4
2026,UNIVERSITY_TECHNICAL,FULL,B077,,Растениеводство,501,GENERAL,66,73,68.8,13
2026,UNIVERSITY_TECHNICAL,FULL,B077,,Растениеводство,501,RURAL,60,66,63.1,7
2026,UNIVERSITY_TECHNICAL,FULL,B077,,Растениеводство,529,GENERAL,56,67,59.7,13
2026,UNIVERSITY_TECHNICAL,FULL,B077,,Растениеводство,529,RURAL,52,55,53.3,7
2026,UNIVERSITY_TECHNICAL,FULL,B078,,Животноводство,2,GENERAL,68,91,74.4,13
2026,UNIVERSITY_TECHNICAL,FULL,B078,,Животноводство,2,RURAL,59,63,61.0,7
2026,UNIVERSITY_TECHNICAL,FULL,B078,,Животноводство,24,GENERAL,65,80,69.4,13
2026,UNIVERSITY_TECHNICAL,FULL,B078,,Животноводство,24,RURAL,60,62,60.7,7
2026,UNIVERSITY_TECHNICAL,FULL,B078,,Животноводство,35,GENERAL,62,77,65.6,10
2026,UNIVERSITY_TECHNICAL,FULL,B078,,Животноводство,35,RURAL,57,60,59.0,5
2026,UNIVERSITY_TECHNICAL,FULL,B078,,Животноводство,36,GENERAL,60,94,69.3,10
2026,UNIVERSITY_TECHNICAL,FULL,B078,,Животноводство,36,RURAL,56,59,57.2,5
2026,UNIVERSITY_TECHNICAL,FULL,B078,,Животноводство,501,GENERAL,57,90,64.7,13
2026,UNIVERSITY_TECHNICAL,FULL,B078,,Животноводство,501,RURAL,53,57,54.9,7
2026,UNIVERSITY_TECHNICAL,FULL,B079,,Лесное хозяйство,2,GENERAL,81,94,86.0,13
2026,UNIVERSITY_TECHNICAL,FULL,B079,,Лесное хозяйство,2,RURAL,78,81,79.3,7
2026,UNIVERSITY_TECHNICAL,FULL,B079,,Лесное хозяйство,11,GENERAL,72,80,74.3,19
2026,UNIVERSITY_TECHNICAL,FULL,B079,,Лесное хозяйство,11,RURAL,69,72,70.6,11
2026,UNIVERSITY_TECHNICAL,FULL,B079,,Лесное хозяйство,24,GENERAL,82,91,86.5,6
2026,UNIVERSITY_TECHNICAL,FULL,B079,,Лесное хозяйство,24,RURAL,77,79,78.0,4
2026,UNIVERSITY_TECHNICAL,FULL,B079,,Лесное хозяйство,35,GENERAL,73,87,77.2,10
2026,UNIVERSITY_TECHNICAL,FULL,B079,,Лесное хозяйство,35,RURAL,72,73,72.2,5
2026,UNIVERSITY_TECHNICAL,FULL,B079,,Лесное хозяйство,38,GENERAL,76,78,77.0,3
2026,UNIVERSITY_TECHNICAL,FULL,B079,,Лесное хозяйство,38,RURAL,73,74,73.5,2
2026,UNIVERSITY_TECHNICAL,FULL,B079,,Лесное хозяйство,501,GENERAL,76,84,79.7,6
2026,UNIVERSITY_TECHNICAL,FULL,B079,,Лесное хозяйство,501,RURAL,72,73,72.2,4
2026,UNIVERSITY_TECHNICAL,FULL,B080,,Рыбное хозяйство,2,GENERAL,67,73,68.8,6
2026,UNIVERSITY_TECHNICAL,FULL,B080,,Рыбное хозяйство,2,RURAL,60,63,61.2,4
2026,UNIVERSITY_TECHNICAL,FULL,B080,,Рыбное хозяйство,10,GENERAL,50,72,55.5,10
2026,UNIVERSITY_TECHNICAL,FULL,B080,,Рыбное хозяйство,24,GENERAL,65,69,67.3,6
2026,UNIVERSITY_TECHNICAL,FULL,B080,,Рыбное хозяйство,24,RURAL,61,63,62.2,4
2026,UNIVERSITY_TECHNICAL,FULL,B080,,Рыбное хозяйство,501,GENERAL,60,65,61.0,6
2026,UNIVERSITY_TECHNICAL,FULL,B080,,Рыбное хозяйство,501,RURAL,53,55,54.0,4
2026,UNIVERSITY_TECHNICAL,FULL,B082,,Водные ресурсы и водопользования,12,GENERAL,57,73,62.4,10
2026,UNIVERSITY_TECHNICAL,FULL,B082,,Водные ресурсы и водопользования,12,RURAL,56,57,56.2,5
2026,UNIVERSITY_TECHNICAL,FULL,B082,,Водные ресурсы и водопользования,34,GENERAL,63,79,68.9,13
2026,UNIVERSITY_TECHNICAL,FULL,B082,,Водные ресурсы и водопользования,34,RURAL,58,61,59.7,7
2026,UNIVERSITY_TECHNICAL,FULL,B082,,Водные ресурсы и водопользования,529,GENERAL,54,73,58.9,63
2026,UNIVERSITY_TECHNICAL,FULL,B082,,Водные ресурсы и водопользования,529,RURAL,50,53,51.6,12
2026,UNIVERSITY_TECHNICAL,FULL,B083,,Ветеринария,2,GENERAL,78,122,85.6,65
2026,UNIVERSITY_TECHNICAL,FULL,B083,,Ветеринария,2,RURAL,68,78,72.0,35
2026,UNIVERSITY_TECHNICAL,FULL,B083,,Ветеринария,24,GENERAL,77,117,86.6,45
2026,UNIVERSITY_TECHNICAL,FULL,B083,,Ветеринария,24,RURAL,71,77,73.6,25
2026,UNIVERSITY_TECHNICAL,FULL,B083,,Ветеринария,36,GENERAL,70,91,76.2,13
2026,UNIVERSITY_TECHNICAL,FULL,B083,,Ветеринария,36,RURAL,62,68,65.7,7
2026,UNIVERSITY_TECHNICAL,FULL,B083,,Ветеринария,501,GENERAL,59,78,64.7,78
2026,UNIVERSITY_TECHNICAL,FULL,B083,,Ветеринария,501,RURAL,53,59,55.7,42
2026,UNIVERSITY_TECHNICAL,FULL,B126,,Транспортное строительство,12,GENERAL,64,91,70.0,13
2026,UNIVERSITY_TECHNICAL,FULL,B126,,Транспортное строительство,12,RURAL,56,62,58.3,7
2026,UNIVERSITY_TECHNICAL,FULL,B126,,Транспортное строительство,32,GENERAL,79,84,80.8,6
2026,UNIVERSITY_TECHNICAL,FULL,B126,,Транспортное строительство,32,RURAL,64,76,68.8,4
2026,UNIVERSITY_TECHNICAL,FULL,B126,,Транспортное строительство,38,GENERAL,67,72,69.3,6
2026,UNIVERSITY_TECHNICAL,FULL,B126,,Транспортное строительство,38,RURAL,59,64,61.2,4
2026,UNIVERSITY_TECHNICAL,FULL,B162,,Теплоэнергетика,38,GENERAL,73,95,81.0,6
2026,UNIVERSITY_TECHNICAL,FULL,B162,,Теплоэнергетика,38,RURAL,66,68,67.2,4
2026,UNIVERSITY_TECHNICAL,FULL,B171,,Металлургия,5,GENERAL,71,83,73.6,10
2026,UNIVERSITY_TECHNICAL,FULL,B171,,Металлургия,12,GENERAL,63,76,67.6,15
2026,UNIVERSITY_TECHNICAL,FULL,B171,,Металлургия,33,GENERAL,56,76,61.8,5
2026,UNIVERSITY_TECHNICAL,FULL,B171,,Металлургия,38,GENERAL,69,74,71.0,5
2026,UNIVERSITY_TECHNICAL,FULL,B176,,Гидротехническое строительство и управление водными ресурсами,529,GENERAL,65,85,70.6,5
2026,UNIVERSITY_TECHNICAL,FULL,B183,,Агроинженерия,2,GENERAL,79,105,84.1,13
2026,UNIVERSITY_TECHNICAL,FULL,B183,,Агроинженерия,2,RURAL,67,76,69.9,7
2026,UNIVERSITY_TECHNICAL,FULL,B183,,Агроинженерия,24,GENERAL,68,90,73.2,13
2026,UNIVERSITY_TECHNICAL,FULL,B183,,Агроинженерия,24,RURAL,64,68,65.4,7
2026,UNIVERSITY_TECHNICAL,FULL,B183,,Агроинженерия,34,GENERAL,59,69,62.0,10
2026,UNIVERSITY_TECHNICAL,FULL,B183,,Агроинженерия,34,RURAL,55,58,56.2,5
2026,UNIVERSITY_TECHNICAL,FULL,B183,,Агроинженерия,35,GENERAL,67,121,80.8,10
2026,UNIVERSITY_TECHNICAL,FULL,B183,,Агроинженерия,35,RURAL,57,66,60.2,5
2026,UNIVERSITY_TECHNICAL,FULL,B183,,Агроинженерия,36,GENERAL,73,117,91.8,6
2026,UNIVERSITY_TECHNICAL,FULL,B183,,Агроинженерия,36,RURAL,59,61,60.2,4
2026,WESTERN_REGIONS,FULL,B001,,Педагогика и психология,7,GENERAL,81,99,91.0,5
2026,WESTERN_REGIONS,FULL,B001,,Педагогика и психология,16,GENERAL,75,75,75.0,1
2026,WESTERN_REGIONS,FULL,B001,,Педагогика и психология,25,GENERAL,75,100,83.9,15
2026,WESTERN_REGIONS,FULL,B001,,Педагогика и психология,31,GENERAL,83,86,84.5,2
2026,WESTERN_REGIONS,FULL,B001,,Педагогика и психология,517,GENERAL,77,77,77.0,1
2026,WESTERN_REGIONS,FULL,B002,,Дошкольное обучение и воспитание,7,GENERAL,75,80,76.5,16
2026,WESTERN_REGIONS,FULL,B002,,Дошкольное обучение и воспитание,8,GENERAL,76,76,76.0,1
2026,WESTERN_REGIONS,FULL,B002,,Дошкольное обучение и воспитание,16,GENERAL,77,80,78.5,2
2026,WESTERN_REGIONS,FULL,B002,,Дошкольное обучение и воспитание,25,GENERAL,84,85,84.5,2
2026,WESTERN_REGIONS,FULL,B002,,Дошкольное обучение и воспитание,35,GENERAL,75,75,75.0,1
2026,WESTERN_REGIONS,FULL,B002,,Дошкольное обучение и воспитание,36,GENERAL,84,84,84.0,1
2026,WESTERN_REGIONS,FULL,B003,,Педагогика и методика начального обучения,7,GENERAL,80,114,86.6,16
2026,WESTERN_REGIONS,FULL,B003,,Педагогика и методика начального обучения,16,GENERAL,75,78,76.5,2
2026,WESTERN_REGIONS,FULL,B003,,Педагогика и методика начального обучения,25,GENERAL,88,107,97.0,12
2026,WESTERN_REGIONS,FULL,B003,,Педагогика и методика начального обучения,31,GENERAL,80,87,83.5,2
2026,WESTERN_REGIONS,FULL,B003,,Педагогика и методика начального обучения,35,GENERAL,76,76,76.0,1
2026,WESTERN_REGIONS,FULL,B003,,Педагогика и методика начального обучения,36,GENERAL,75,75,75.0,1
2026,WESTERN_REGIONS,FULL,B003,,Педагогика и методика начального обучения,517,GENERAL,76,77,76.8,4
2026,WESTERN_REGIONS,FULL,B005,,Подготовка учителей физической культуры,7,GENERAL,106,118,110.3,3
2026,WESTERN_REGIONS,FULL,B005,,Подготовка учителей физической культуры,7,RURAL,100,100,100.0,1
2026,WESTERN_REGIONS,FULL,B005,,Подготовка учителей физической культуры,8,RURAL,90,99,92.1,7
2026,WESTERN_REGIONS,FULL,B005,,Подготовка учителей физической культуры,14,GENERAL,111,121,115.4,7
2026,WESTERN_REGIONS,FULL,B005,,Подготовка учителей физической культуры,16,GENERAL,112,130,117.3,13
2026,WESTERN_REGIONS,FULL,B005,,Подготовка учителей физической культуры,16,RURAL,90,104,95.8,6
2026,WESTERN_REGIONS,FULL,B005,,Подготовка учителей физической культуры,20,GENERAL,114,129,120.3,13
2026,WESTERN_REGIONS,FULL,B005,,Подготовка учителей физической культуры,31,GENERAL,124,124,124.0,1
2026,WESTERN_REGIONS,FULL,B005,,Подготовка учителей физической культуры,36,GENERAL,112,112,112.0,1
2026,WESTERN_REGIONS,FULL,B005,,Подготовка учителей физической культуры,517,GENERAL,112,117,114.6,5
2026,WESTERN_REGIONS,FULL,B005,,Подготовка учителей физической культуры,527,GENERAL,112,126,119.6,28
2026,WESTERN_REGIONS,FULL,B006,,Подготовка учителей музыки,7,GENERAL,113,126,119.5,2
2026,WESTERN_REGIONS,FULL,B006,,Подготовка учителей музыки,8,GENERAL,109,109,109.0,1
2026,WESTERN_REGIONS,FULL,B006,,Подготовка учителей музыки,16,GENERAL,109,123,114.2,4
2026,WESTERN_REGIONS,FULL,B006,,Подготовка учителей музыки,517,GENERAL,116,122,118.0,5
2026,WESTERN_REGIONS,FULL,B009,,Подготовка учителей математики,7,GENERAL,94,121,105.5,26
2026,WESTERN_REGIONS,FULL,B009,,Подготовка учителей математики,7,RURAL,90,90,90.0,1
2026,WESTERN_REGIONS,FULL,B009,,Подготовка учителей математики,8,RURAL,81,81,81.0,1
2026,WESTERN_REGIONS,FULL,B009,,Подготовка учителей математики,16,GENERAL,104,104,104.0,1
2026,WESTERN_REGIONS,FULL,B009,,Подготовка учителей математики,25,GENERAL,94,119,100.9,17
2026,WESTERN_REGIONS,FULL,B009,,Подготовка учителей математики,25,RURAL,83,90,85.6,5
2026,WESTERN_REGIONS,FULL,B009,,Подготовка учителей математики,35,RURAL,80,84,82.0,2
2026,WESTERN_REGIONS,FULL,B009,,Подготовка учителей математики,36,RURAL,79,79,79.0,1
2026,WESTERN_REGIONS,FULL,B009,,Подготовка учителей математики,173,GENERAL,92,95,93.5,2
2026,WESTERN_REGIONS,FULL,B009,,Подготовка учителей математики,173,RURAL,77,83,78.5,4
2026,WESTERN_REGIONS,FULL,B010,,Подготовка учителей физики,16,GENERAL,102,102,102.0,1
2026,WESTERN_REGIONS,FULL,B010,,Подготовка учителей физики,25,GENERAL,82,95,87.3,6
2026,WESTERN_REGIONS,FULL,B010,,Подготовка учителей физики,31,GENERAL,89,89,89.0,1
2026,WESTERN_REGIONS,FULL,B010,,Подготовка учителей физики,35,GENERAL,75,75,75.0,1
2026,WESTERN_REGIONS,FULL,B011,,Подготовка учителей информатики,7,GENERAL,76,91,82.1,8
2026,WESTERN_REGIONS,FULL,B011,,Подготовка учителей информатики,16,GENERAL,82,82,82.0,1
2026,WESTERN_REGIONS,FULL,B011,,Подготовка учителей информатики,25,GENERAL,81,92,84.4,5
2026,WESTERN_REGIONS,FULL,B012,,Подготовка учителей химии,7,GENERAL,90,106,96.8,10
2026,WESTERN_REGIONS,FULL,B012,,Подготовка учителей химии,7,RURAL,90,90,90.0,1
2026,WESTERN_REGIONS,FULL,B012,,Подготовка учителей химии,16,RURAL,82,82,82.0,1
2026,WESTERN_REGIONS,FULL,B012,,Подготовка учителей химии,25,GENERAL,94,126,105.9,13
2026,WESTERN_REGIONS,FULL,B012,,Подготовка учителей химии,25,RURAL,82,90,85.1,10
2026,WESTERN_REGIONS,FULL,B012,,Подготовка учителей химии,31,GENERAL,90,96,93.8,4
2026,WESTERN_REGIONS,FULL,B012,,Подготовка учителей химии,31,RURAL,86,86,86.0,2
2026,WESTERN_REGIONS,FULL,B013,,Подготовка учителей биологии,7,GENERAL,91,117,99.1,11
2026,WESTERN_REGIONS,FULL,B013,,Подготовка учителей биологии,8,RURAL,77,77,77.0,1
2026,WESTERN_REGIONS,FULL,B013,,Подготовка учителей биологии,16,RURAL,78,85,81.5,2
2026,WESTERN_REGIONS,FULL,B013,,Подготовка учителей биологии,25,GENERAL,91,113,97.2,18
2026,WESTERN_REGIONS,FULL,B013,,Подготовка учителей биологии,25,RURAL,82,88,85.2,8
2026,WESTERN_REGIONS,FULL,B013,,Подготовка учителей биологии,31,GENERAL,89,90,89.3,3
2026,WESTERN_REGIONS,FULL,B013,,Подготовка учителей биологии,31,RURAL,77,88,81.7,7
2026,WESTERN_REGIONS,FULL,B013,,Подготовка учителей биологии,35,GENERAL,89,89,89.0,2
2026,WESTERN_REGIONS,FULL,B013,,Подготовка учителей биологии,36,RURAL,83,83,83.0,1
2026,WESTERN_REGIONS,FULL,B014,,Подготовка учителей географии,7,GENERAL,90,104,98.5,10
2026,WESTERN_REGIONS,FULL,B014,,Подготовка учителей географии,16,GENERAL,88,93,90.5,4
2026,WESTERN_REGIONS,FULL,B014,,Подготовка учителей географии,16,RURAL,77,85,81.6,5
2026,WESTERN_REGIONS,FULL,B014,,Подготовка учителей географии,25,GENERAL,88,106,94.6,11
2026,WESTERN_REGIONS,FULL,B014,,Подготовка учителей географии,25,RURAL,83,86,84.5,2
2026,WESTERN_REGIONS,FULL,B014,,Подготовка учителей географии,31,GENERAL,89,98,92.3,3
2026,WESTERN_REGIONS,FULL,B014,,Подготовка учителей географии,31,RURAL,80,80,80.0,1
2026,WESTERN_REGIONS,FULL,B014,,Подготовка учителей географии,35,GENERAL,91,91,91.0,1
2026,WESTERN_REGIONS,FULL,B014,,Подготовка учителей географии,35,RURAL,80,80,80.0,1
2026,WESTERN_REGIONS,FULL,B014,,Подготовка учителей географии,141,RURAL,75,83,79.4,5
2026,WESTERN_REGIONS,FULL,B015,,Подготовка учителей по гуманитарным предметам,7,GENERAL,85,125,105.7,15
2026,WESTERN_REGIONS,FULL,B015,,Подготовка учителей по гуманитарным предметам,8,GENERAL,89,89,89.0,1
2026,WESTERN_REGIONS,FULL,B015,,Подготовка учителей по гуманитарным предметам,25,GENERAL,76,133,103.2,13
2026,WESTERN_REGIONS,FULL,B015,,Подготовка учителей по гуманитарным предметам,35,GENERAL,83,107,92.8,6
2026,WESTERN_REGIONS,FULL,B015,,Подготовка учителей по гуманитарным предметам,35,RURAL,76,76,76.0,1
2026,WESTERN_REGIONS,FULL,B015,,Подготовка учителей по гуманитарным предметам,42,GENERAL,82,94,87.7,3
2026,WESTERN_REGIONS,FULL,B015,,Подготовка учителей по гуманитарным предметам,141,GENERAL,80,87,83.5,2
2026,WESTERN_REGIONS,FULL,B015,,Подготовка учителей по гуманитарным предметам,158,GENERAL,85,85,85.0,1
2026,WESTERN_REGIONS,FULL,B016,,Подготовка учителей казахского языка и литературы,7,GENERAL,112,134,119.6,25
2026,WESTERN_REGIONS,FULL,B016,,Подготовка учителей казахского языка и литературы,7,RURAL,98,111,104.4,17
2026,WESTERN_REGIONS,FULL,B016,,Подготовка учителей казахского языка и литературы,8,RURAL,91,108,98.4,8
2026,WESTERN_REGIONS,FULL,B016,,Подготовка учителей казахского языка и литературы,16,GENERAL,113,120,116.2,5
2026,WESTERN_REGIONS,FULL,B016,,Подготовка учителей казахского языка и литературы,16,RURAL,78,110,96.8,24
2026,WESTERN_REGIONS,FULL,B016,,Подготовка учителей казахского языка и литературы,25,GENERAL,112,138,119.3,49
2026,WESTERN_REGIONS,FULL,B016,,Подготовка учителей казахского языка и литературы,25,RURAL,86,110,100.2,24
2026,WESTERN_REGIONS,FULL,B016,,Подготовка учителей казахского языка и литературы,35,GENERAL,113,114,113.3,3
2026,WESTERN_REGIONS,FULL,B016,,Подготовка учителей казахского языка и литературы,35,RURAL,82,110,96.8,5
2026,WESTERN_REGIONS,FULL,B016,,Подготовка учителей казахского языка и литературы,36,RURAL,91,111,103.7,3
2026,WESTERN_REGIONS,FULL,B016,,Подготовка учителей казахского языка и литературы,40,GENERAL,114,114,114.0,1
2026,WESTERN_REGIONS,FULL,B016,,Подготовка учителей казахского языка и литературы,40,RURAL,102,109,106.5,4
2026,WESTERN_REGIONS,FULL,B016,,Подготовка учителей казахского языка и литературы,42,GENERAL,115,115,115.0,1
2026,WESTERN_REGIONS,FULL,B016,,Подготовка учителей казахского языка и литературы,141,RURAL,101,106,104.0,3
2026,WESTERN_REGIONS,FULL,B016,,Подготовка учителей казахского языка и литературы,153,RURAL,95,95,95.0,1
2026,WESTERN_REGIONS,FULL,B016,,Подготовка учителей казахского языка и литературы,517,GENERAL,112,119,115.3,3
2026,WESTERN_REGIONS,FULL,B016,,Подготовка учителей казахского языка и литературы,517,RURAL,96,96,96.0,1
2026,WESTERN_REGIONS,FULL,B017,,Подготовка учителей русского языка и литературы,7,GENERAL,81,90,86.7,3
2026,WESTERN_REGIONS,FULL,B017,,Подготовка учителей русского языка и литературы,16,GENERAL,75,104,88.5,4
2026,WESTERN_REGIONS,FULL,B017,,Подготовка учителей русского языка и литературы,25,GENERAL,81,119,97.6,11
2026,WESTERN_REGIONS,FULL,B017,,Подготовка учителей русского языка и литературы,35,GENERAL,78,78,78.0,1
2026,WESTERN_REGIONS,FULL,B018,,Подготовка учителей иностранного языка,7,GENERAL,105,126,115.3,24
2026,WESTERN_REGIONS,FULL,B018,,Подготовка учителей иностранного языка,7,RURAL,95,98,96.7,3
2026,WESTERN_REGIONS,FULL,B018,,Подготовка учителей иностранного языка,8,RURAL,96,97,96.7,3
2026,WESTERN_REGIONS,FULL,B018,,Подготовка учителей иностранного языка,16,GENERAL,105,112,107.4,5
2026,WESTERN_REGIONS,FULL,B018,,Подготовка учителей иностранного языка,16,RURAL,95,103,99.5,4
2026,WESTERN_REGIONS,FULL,B018,,Подготовка учителей иностранного языка,23,GENERAL,107,132,117.8,9
2026,WESTERN_REGIONS,FULL,B018,,Подготовка учителей иностранного языка,23,RURAL,100,100,100.0,1
2026,WESTERN_REGIONS,FULL,B018,,Подготовка учителей иностранного языка,25,GENERAL,105,131,116.2,32
2026,WESTERN_REGIONS,FULL,B018,,Подготовка учителей иностранного языка,25,RURAL,90,105,97.0,29
2026,WESTERN_REGIONS,FULL,B018,,Подготовка учителей иностранного языка,35,GENERAL,109,110,109.5,2
2026,WESTERN_REGIONS,FULL,B018,,Подготовка учителей иностранного языка,35,RURAL,89,105,95.7,6
2026,WESTERN_REGIONS,FULL,B018,,Подготовка учителей иностранного языка,36,RURAL,99,99,99.0,1
2026,WESTERN_REGIONS,FULL,B018,,Подготовка учителей иностранного языка,42,RURAL,96,96,96.0,1
2026,WESTERN_REGIONS,FULL,B018,,Подготовка учителей иностранного языка,141,RURAL,92,92,92.0,1
2026,WESTERN_REGIONS,FULL,B018,,Подготовка учителей иностранного языка,517,RURAL,89,98,93.5,4
2026,WESTERN_REGIONS,FULL,B020,,Специальная педагогика,7,GENERAL,102,126,111.5,8
2026,WESTERN_REGIONS,FULL,B020,,Специальная педагогика,7,RURAL,96,100,98.0,2
2026,WESTERN_REGIONS,FULL,B020,,Специальная педагогика,25,GENERAL,100,118,105.4,9
2026,WESTERN_REGIONS,FULL,B020,,Специальная педагогика,25,RURAL,94,100,96.8,8
2026,WESTERN_REGIONS,FULL,B020,,Специальная педагогика,36,GENERAL,100,100,100.0,1
2026,WESTERN_REGIONS,FULL,B050,,Биологические и смежные науки,24,GENERAL,72,89,76.6,16
2026,WESTERN_REGIONS,FULL,B050,,Биологические и смежные науки,29,GENERAL,81,88,84.3,6
2026,WESTERN_REGIONS,FULL,B050,,Биологические и смежные науки,31,GENERAL,71,81,75.5,8
2026,WESTERN_REGIONS,FULL,B050,,Биологические и смежные науки,49,GENERAL,72,79,75.4,11
2026,WESTERN_REGIONS,FULL,B051,,Окружающая среда,16,GENERAL,70,74,71.7,7
2026,WESTERN_REGIONS,FULL,B051,,Окружающая среда,16,RURAL,67,68,67.3,3
2026,WESTERN_REGIONS,FULL,B051,,Окружающая среда,24,GENERAL,69,78,72.1,14
2026,WESTERN_REGIONS,FULL,B051,,Окружающая среда,24,RURAL,67,68,67.6,8
2026,WESTERN_REGIONS,FULL,B051,,Окружающая среда,29,GENERAL,87,90,88.5,2
2026,WESTERN_REGIONS,FULL,B051,,Окружающая среда,31,GENERAL,70,71,70.3,3
2026,WESTERN_REGIONS,FULL,B051,,Окружающая среда,31,RURAL,67,69,68.0,2
2026,WESTERN_REGIONS,FULL,B051,,Окружающая среда,35,GENERAL,78,79,78.5,2
2026,WESTERN_REGIONS,FULL,B051,,Окружающая среда,35,RURAL,67,67,67.0,2
2026,WESTERN_REGIONS,FULL,B051,,Окружающая среда,42,RURAL,67,67,67.0,1
2026,WESTERN_REGIONS,FULL,B051,,Окружающая среда,122,GENERAL,77,77,77.0,1
2026,WESTERN_REGIONS,FULL,B052,,Наука о земле,16,GENERAL,71,79,74.8,5
2026,WESTERN_REGIONS,FULL,B052,,Наука о земле,29,GENERAL,81,113,88.3,24
2026,WESTERN_REGIONS,FULL,B052,,Наука о земле,31,GENERAL,69,94,77.4,8
2026,WESTERN_REGIONS,FULL,B053,,Химия,11,GENERAL,68,68,68.0,1
2026,WESTERN_REGIONS,FULL,B053,,Химия,16,GENERAL,66,89,72.6,8
2026,WESTERN_REGIONS,FULL,B053,,Химия,31,GENERAL,66,105,75.9,19
2026,WESTERN_REGIONS,FULL,B054,,Физика,12,GENERAL,54,54,54.0,2
2026,WESTERN_REGIONS,FULL,B054,,Физика,31,GENERAL,65,65,65.0,2
2026,WESTERN_REGIONS,FULL,B054,,Физика,35,GENERAL,50,61,56.2,12
2026,WESTERN_REGIONS,FULL,B054,,Физика,36,GENERAL,50,61,55.5,2
2026,WESTERN_REGIONS,FULL,B055,,Математика и статистика,31,GENERAL,69,74,72.0,5
2026,WESTERN_REGIONS,FULL,B055,,Математика и статистика,173,GENERAL,67,89,76.4,15
2026,WESTERN_REGIONS,FULL,B057,,Информационные технологии,11,GENERAL,53,53,53.0,1
2026,WESTERN_REGIONS,FULL,B057,,Информационные технологии,12,GENERAL,62,66,64.0,2
2026,WESTERN_REGIONS,FULL,B057,,Информационные технологии,16,GENERAL,52,67,59.2,12
2026,WESTERN_REGIONS,FULL,B057,,Информационные технологии,24,GENERAL,67,71,69.0,2
2026,WESTERN_REGIONS,FULL,B057,,Информационные технологии,25,GENERAL,70,95,76.9,7
2026,WESTERN_REGIONS,FULL,B057,,Информационные технологии,29,GENERAL,80,104,87.7,25
2026,WESTERN_REGIONS,FULL,B057,,Информационные технологии,32,GENERAL,77,77,77.0,1
2026,WESTERN_REGIONS,FULL,B057,,Информационные технологии,33,GENERAL,53,63,56.2,6
2026,WESTERN_REGIONS,FULL,B057,,Информационные технологии,35,GENERAL,55,60,57.8,5
2026,WESTERN_REGIONS,FULL,B057,,Информационные технологии,49,GENERAL,50,83,57.9,48
2026,WESTERN_REGIONS,FULL,B057,,Информационные технологии,83,GENERAL,75,77,76.0,4
2026,WESTERN_REGIONS,FULL,B057,,Информационные технологии,122,GENERAL,50,58,54.5,4
2026,WESTERN_REGIONS,FULL,B057,,Информационные технологии,160,GENERAL,51,85,65.9,15
2026,WESTERN_REGIONS,FULL,B057,,Информационные технологии,173,GENERAL,50,92,62.7,21
2026,WESTERN_REGIONS,FULL,B057,,Информационные технологии,184,GENERAL,55,102,67.5,82
2026,WESTERN_REGIONS,FULL,B057,,Информационные технологии,522,GENERAL,100,133,113.9,45
2026,WESTERN_REGIONS,FULL,B058,,Информационная безопасность,32,GENERAL,61,75,67.3,7
2026,WESTERN_REGIONS,FULL,B058,,Информационная безопасность,522,GENERAL,93,121,101.8,26
2026,WESTERN_REGIONS,FULL,B059,,Коммуникации и коммуникационные технологии,22,GENERAL,65,78,70.9,13
2026,WESTERN_REGIONS,FULL,B059,,Коммуникации и коммуникационные технологии,29,GENERAL,83,101,92.0,2
2026,WESTERN_REGIONS,FULL,B059,,Коммуникации и коммуникационные технологии,31,GENERAL,66,66,66.0,1
2026,WESTERN_REGIONS,FULL,B059,,Коммуникации и коммуникационные технологии,32,GENERAL,52,68,60.2,5
2026,WESTERN_REGIONS,FULL,B059,,Коммуникации и коммуникационные технологии,49,GENERAL,50,71,56.3,37
2026,WESTERN_REGIONS,FULL,B059,,Коммуникации и коммуникационные технологии,522,GENERAL,88,122,103.3,3
2026,WESTERN_REGIONS,FULL,B060,,Химическая инженерия и процессы,31,GENERAL,65,101,73.3,14
2026,WESTERN_REGIONS,FULL,B060,,Химическая инженерия и процессы,32,GENERAL,51,79,60.0,37
2026,WESTERN_REGIONS,FULL,B060,,Химическая инженерия и процессы,33,GENERAL,50,64,59.3,11
2026,WESTERN_REGIONS,FULL,B060,,Химическая инженерия и процессы,38,GENERAL,52,65,56.2,4
2026,WESTERN_REGIONS,FULL,B062,,Электротехника и электроэнергетика,12,GENERAL,54,54,54.0,1
2026,WESTERN_REGIONS,FULL,B062,,Электротехника и электроэнергетика,24,GENERAL,67,77,71.5,4
2026,WESTERN_REGIONS,FULL,B062,,Электротехника и электроэнергетика,29,GENERAL,84,102,91.2,8
2026,WESTERN_REGIONS,FULL,B062,,Электротехника и электроэнергетика,32,GENERAL,55,69,62.0,4
2026,WESTERN_REGIONS,FULL,B062,,Электротехника и электроэнергетика,33,GENERAL,51,60,53.7,10
2026,WESTERN_REGIONS,FULL,B062,,Электротехника и электроэнергетика,160,GENERAL,50,71,57.8,18
2026,WESTERN_REGIONS,FULL,B062,,Электротехника и электроэнергетика,522,GENERAL,78,124,94.0,3
2026,WESTERN_REGIONS,FULL,B063,,Электротехника и автоматизация,24,GENERAL,68,94,75.5,4
2026,WESTERN_REGIONS,FULL,B063,,Электротехника и автоматизация,29,GENERAL,80,109,89.6,22
2026,WESTERN_REGIONS,FULL,B063,,Электротехника и автоматизация,32,GENERAL,56,71,62.9,12
2026,WESTERN_REGIONS,FULL,B063,,Электротехника и автоматизация,33,GENERAL,50,66,54.8,8
2026,WESTERN_REGIONS,FULL,B063,,Электротехника и автоматизация,38,GENERAL,63,63,63.0,1
2026,WESTERN_REGIONS,FULL,B063,,Электротехника и автоматизация,522,GENERAL,77,135,98.5,34
2026,WESTERN_REGIONS,FULL,B064,,Механика и металлообработка,24,GENERAL,75,75,75.0,1
2026,WESTERN_REGIONS,FULL,B064,,Механика и металлообработка,29,GENERAL,85,129,107.0,2
2026,WESTERN_REGIONS,FULL,B064,,Механика и металлообработка,32,GENERAL,50,77,54.5,10
2026,WESTERN_REGIONS,FULL,B064,,Механика и металлообработка,35,GENERAL,60,60,60.0,1
2026,WESTERN_REGIONS,FULL,B064,,Механика и металлообработка,160,GENERAL,50,62,53.8,10
2026,WESTERN_REGIONS,FULL,B065,,Транспортная техника и технологии,24,GENERAL,66,66,66.0,2
2026,WESTERN_REGIONS,FULL,B065,,Транспортная техника и технологии,29,GENERAL,99,99,99.0,1
2026,WESTERN_REGIONS,FULL,B065,,Транспортная техника и технологии,32,GENERAL,55,55,55.0,1
2026,WESTERN_REGIONS,FULL,B065,,Транспортная техника и технологии,33,GENERAL,50,54,51.8,5
2026,WESTERN_REGIONS,FULL,B065,,Транспортная техника и технологии,35,GENERAL,51,59,54.0,4
2026,WESTERN_REGIONS,FULL,B065,,Транспортная техника и технологии,36,GENERAL,50,51,50.5,2
2026,WESTERN_REGIONS,FULL,B065,,Транспортная техника и технологии,39,GENERAL,55,55,55.0,1
2026,WESTERN_REGIONS,FULL,B065,,Транспортная техника и технологии,160,GENERAL,50,61,55.1,10
2026,WESTERN_REGIONS,FULL,B067,,Воздушный транспорт и технологии,29,GENERAL,84,84,84.0,1
2026,WESTERN_REGIONS,FULL,B067,,Воздушный транспорт и технологии,157,GENERAL,65,100,76.5,47
2026,WESTERN_REGIONS,FULL,B068,,Производство продуктов питания,11,GENERAL,64,67,65.0,3
2026,WESTERN_REGIONS,FULL,B068,,Производство продуктов питания,24,GENERAL,65,74,68.4,16
2026,WESTERN_REGIONS,FULL,B068,,Производство продуктов питания,33,GENERAL,50,65,59.8,8
2026,WESTERN_REGIONS,FULL,B068,,Производство продуктов питания,35,GENERAL,50,72,60.1,8
2026,WESTERN_REGIONS,FULL,B068,,Производство продуктов питания,38,GENERAL,65,65,65.0,1
2026,WESTERN_REGIONS,FULL,B068,,Производство продуктов питания,42,GENERAL,65,65,65.0,1
2026,WESTERN_REGIONS,FULL,B068,,Производство продуктов питания,122,GENERAL,52,71,63.5,11
2026,WESTERN_REGIONS,FULL,B069,,"Производство материалов (стекло, бумага, пластик, дерево)",22,GENERAL,50,60,54.0,8
2026,WESTERN_REGIONS,FULL,B071,,Горное дело и добыча полезных ископаемых,12,GENERAL,58,58,58.0,1
2026,WESTERN_REGIONS,FULL,B071,,Горное дело и добыча полезных ископаемых,14,GENERAL,51,51,51.0,1
2026,WESTERN_REGIONS,FULL,B071,,Горное дело и добыча полезных ископаемых,29,GENERAL,81,83,82.0,2
2026,WESTERN_REGIONS,FULL,B071,,Горное дело и добыча полезных ископаемых,32,GENERAL,59,59,59.0,1
2026,WESTERN_REGIONS,FULL,B071,,Горное дело и добыча полезных ископаемых,33,GENERAL,54,54,54.0,2
2026,WESTERN_REGIONS,FULL,B071,,Горное дело и добыча полезных ископаемых,35,GENERAL,50,57,53.4,5
2026,WESTERN_REGIONS,FULL,B072,,Технология фармацевтического производства,29,GENERAL,87,87,87.0,1
2026,WESTERN_REGIONS,FULL,B072,,Технология фармацевтического производства,33,GENERAL,50,76,61.3,52
2026,WESTERN_REGIONS,FULL,B073,,Архитектура,22,GENERAL,120,128,123.5,10
2026,WESTERN_REGIONS,FULL,B073,,Архитектура,29,GENERAL,81,118,93.1,8
2026,WESTERN_REGIONS,FULL,B074,,"Градостроительство, строительные работы и гражданское строительство",12,GENERAL,52,52,52.0,1
2026,WESTERN_REGIONS,FULL,B074,,"Градостроительство, строительные работы и гражданское строительство",22,GENERAL,86,128,97.9,11
2026,WESTERN_REGIONS,FULL,B074,,"Градостроительство, строительные работы и гражданское строительство",29,GENERAL,80,101,86.9,19
2026,WESTERN_REGIONS,FULL,B074,,"Градостроительство, строительные работы и гражданское строительство",32,GENERAL,57,69,63.0,7
2026,WESTERN_REGIONS,FULL,B074,,"Градостроительство, строительные работы и гражданское строительство",33,GENERAL,53,74,59.2,6
2026,WESTERN_REGIONS,FULL,B074,,"Градостроительство, строительные работы и гражданское строительство",35,GENERAL,50,78,61.6,8
2026,WESTERN_REGIONS,FULL,B075,,Кадастр и землеустройство,12,GENERAL,52,67,57.7,7
2026,WESTERN_REGIONS,FULL,B075,,Кадастр и землеустройство,22,GENERAL,85,111,93.6,10
2026,WESTERN_REGIONS,FULL,B075,,Кадастр и землеустройство,24,GENERAL,65,85,72.6,30
2026,WESTERN_REGIONS,FULL,B075,,Кадастр и землеустройство,29,GENERAL,81,118,94.2,40
2026,WESTERN_REGIONS,FULL,B075,,Кадастр и землеустройство,32,GENERAL,56,100,68.6,24
2026,WESTERN_REGIONS,FULL,B076,,"Стандартизация, сертификация и метрология (по отраслям)",24,GENERAL,66,77,70.8,4
2026,WESTERN_REGIONS,FULL,B076,,"Стандартизация, сертификация и метрология (по отраслям)",33,GENERAL,51,51,51.0,1
2026,WESTERN_REGIONS,FULL,B076,,"Стандартизация, сертификация и метрология (по отраслям)",122,GENERAL,52,52,52.0,1
2026,WESTERN_REGIONS,FULL,B126,,Транспортное строительство,12,GENERAL,52,52,52.0,1
2026,WESTERN_REGIONS,FULL,B126,,Транспортное строительство,22,GENERAL,51,73,58.5,21
2026,WESTERN_REGIONS,FULL,B126,,Транспортное строительство,32,GENERAL,51,67,55.5,6
2026,WESTERN_REGIONS,FULL,B126,,Транспортное строительство,32,RURAL,50,50,50.0,1
2026,WESTERN_REGIONS,FULL,B167,,Летная эксплуатация летательных аппаратов и двигателей,157,GENERAL,86,112,94.4,9
2026,WESTERN_REGIONS,SHORT,B003,,Педагогика и методика начального обучения,31,GENERAL,37,37,37.0,1
2026,WESTERN_REGIONS,SHORT,B018,,Подготовка учителей иностранного языка,14,GENERAL,36,36,36.0,1
