year,section,form,programCode,programTag,programName,universityCode,quota,minScore,maxScore,avgScore,grantCount
2024,GENERAL,FULL,B001,,Педагогика и психология,7,EMERGENCY_REGIONS,84,84,84.0,1
2024,GENERAL,FULL,B001,,Педагогика и психология,7,GENERAL,99,124,108.0,3
2024,GENERAL,FULL,B001,,Педагогика и психология,7,RURAL,90,97,93.0,5
2024,GENERAL,FULL,B001,,Педагогика и психология,13,EMERGENCY_REGIONS,91,94,92.0,4
2024,GENERAL,FULL,B001,,Педагогика и психология,13,GENERAL,99,123,107.6,34
2024,GENERAL,FULL,B001,,Педагогика и психология,13,RURAL,90,99,93.8,16
2024,GENERAL,FULL,B001,,Педагогика и психология,16,EMERGENCY_REGIONS,81,84,83.0,5
2024,GENERAL,FULL,B001,,Педагогика и психология,25,EMERGENCY_REGIONS,87,92,89.5,2
2024,GENERAL,FULL,B001,,Педагогика и психология,25,GENERAL,99,121,105.3,11
2024,GENERAL,FULL,B001,,Педагогика и психология,25,RURAL,90,99,92.6,11
2024,GENERAL,FULL,B001,,Педагогика и психология,36,EMERGENCY_REGIONS,81,84,82.2,5
2024,GENERAL,FULL,B001,,Педагогика и психология,45,GENERAL,99,118,108.5,2
2024,GENERAL,FULL,B001,,Педагогика и психология,45,RURAL,97,97,97.0,1
2024,GENERAL,FULL,B001,,Педагогика и психология,158,EMERGENCY_REGIONS,88,88,88.0,1
2024,GENERAL,FULL,B001,,Педагогика и психология,302,EMERGENCY_REGIONS,83,83,83.0,1
2024,GENERAL,FULL,B001,,Педагогика и психология,302,GENERAL,100,136,112.0,15
2024,GENERAL,FULL,B001,,Педагогика и психология,302,RURAL,91,97,94.3,3
2024,GENERAL,FULL,B001,,Педагогика и психология,517,RURAL,91,91,91.0,1
2024,GENERAL,FULL,B002,,Дошкольное обучение и воспитание,7,GENERAL,75,92,82.0,42
2024,GENERAL,FULL,B002,,Дошкольное обучение и воспитание,13,GENERAL,80,102,87.7,37
2024,GENERAL,FULL,B002,,Дошкольное обучение и воспитание,25,GENERAL,75,99,81.2,232
2024,GENERAL,FULL,B002,,Дошкольное обучение и воспитание,34,GENERAL,75,77,76.0,5
2024,GENERAL,FULL,B002,,Дошкольное обучение и воспитание,40,GENERAL,78,78,78.0,1
2024,GENERAL,FULL,B002,,Дошкольное обучение и воспитание,45,GENERAL,76,92,81.2,13
2024,GENERAL,FULL,B002,,Дошкольное обучение и воспитание,47,GENERAL,75,103,80.4,9
2024,GENERAL,FULL,B002,,Дошкольное обучение и воспитание,143,GENERAL,76,88,82.0,2
2024,GENERAL,FULL,B002,,Дошкольное обучение и воспитание,158,GENERAL,76,76,76.0,1
2024,GENERAL,FULL,B002,,Дошкольное обучение и воспитание,185,GENERAL,75,84,78.4,18
2024,GENERAL,FULL,B002,,Дошкольное обучение и воспитание,196,GENERAL,75,77,75.8,5
2024,GENERAL,FULL,B002,,Дошкольное обучение и воспитание,223,GENERAL,79,80,79.5,2
2024,GENERAL,FULL,B002,,Дошкольное обучение и воспитание,302,GENERAL,76,96,84.1,7
2024,GENERAL,FULL,B003,,Педагогика и методика начального обучения,5,EMERGENCY_REGIONS,75,83,78.0,22
2024,GENERAL,FULL,B003,,Педагогика и методика начального обучения,7,EMERGENCY_REGIONS,77,85,81.0,2
2024,GENERAL,FULL,B003,,Педагогика и методика начального обучения,7,GENERAL,100,130,106.4,14
2024,GENERAL,FULL,B003,,Педагогика и методика начального обучения,7,RURAL,93,100,96.8,6
2024,GENERAL,FULL,B003,,Педагогика и методика начального обучения,16,EMERGENCY_REGIONS,75,78,76.8,5
2024,GENERAL,FULL,B003,,Педагогика и методика начального обучения,25,EMERGENCY_REGIONS,77,99,85.7,15
2024,GENERAL,FULL,B003,,Педагогика и методика начального обучения,25,GENERAL,100,129,108.3,115
2024,GENERAL,FULL,B003,,Педагогика и методика начального обучения,25,RURAL,91,100,94.9,90
2024,GENERAL,FULL,B003,,Педагогика и методика начального обучения,45,GENERAL,101,116,110.3,3
2024,GENERAL,FULL,B003,,Педагогика и методика начального обучения,45,RURAL,92,97,95.4,5
2024,GENERAL,FULL,B003,,Педагогика и методика начального обучения,47,EMERGENCY_REGIONS,78,84,81.2,4
2024,GENERAL,FULL,B003,,Педагогика и методика начального обучения,47,GENERAL,100,100,100.0,1
2024,GENERAL,FULL,B003,,Педагогика и методика начального обучения,47,RURAL,91,91,91.0,1
2024,GENERAL,FULL,B003,,Педагогика и методика начального обучения,145,EMERGENCY_REGIONS,84,84,84.0,1
2024,GENERAL,FULL,B003,,Педагогика и методика начального обучения,158,EMERGENCY_REGIONS,78,78,78.0,1
2024,GENERAL,FULL,B003,,Педагогика и методика начального обучения,185,EMERGENCY_REGIONS,75,82,77.8,9
2024,GENERAL,FULL,B003,,Педагогика и методика начального обучения,302,EMERGENCY_REGIONS,87,87,87.0,1
2024,GENERAL,FULL,B003,,Педагогика и методика начального обучения,302,GENERAL,101,126,108.0,9
2024,GENERAL,FULL,B003,,Педагогика и методика начального обучения,302,RURAL,95,96,95.3,3
2024,GENERAL,FULL,B004,,Подготовка учителей начальной военной подготовки,7,GENERAL,121,128,123.3,17
2024,GENERAL,FULL,B004,,Подготовка учителей начальной военной подготовки,7,RURAL,120,120,120.0,7
2024,GENERAL,FULL,B004,,Подготовка учителей начальной военной подготовки,15,GENERAL,121,121,121.0,1
2024,GENERAL,FULL,B004,,Подготовка учителей начальной военной подготовки,16,EMERGENCY_REGIONS,118,120,119.0,3
2024,GENERAL,FULL,B004,,Подготовка учителей начальной военной подготовки,16,GENERAL,121,126,123.8,9
2024,GENERAL,FULL,B004,,Подготовка учителей начальной военной подготовки,16,RURAL,120,120,120.0,2
2024,GENERAL,FULL,B004,,Подготовка учителей начальной военной подготовки,34,GENERAL,121,125,122.4,5
2024,GENERAL,FULL,B004,,Подготовка учителей начальной военной подготовки,34,RURAL,119,120,119.7,3
2024,GENERAL,FULL,B004,,Подготовка учителей начальной военной подготовки,36,EMERGENCY_REGIONS,118,119,118.3,3
2024,GENERAL,FULL,B004,,Подготовка учителей начальной военной подготовки,36,GENERAL,121,121,121.0,1
2024,GENERAL,FULL,B004,,Подготовка учителей начальной военной подготовки,45,EMERGENCY_REGIONS,118,118,118.0,1
2024,GENERAL,FULL,B004,,Подготовка учителей начальной военной подготовки,45,GENERAL,121,123,122.0,5
2024,GENERAL,FULL,B004,,Подготовка учителей начальной военной подготовки,158,EMERGENCY_REGIONS,119,119,119.0,1
2024,GENERAL,FULL,B004,,Подготовка учителей начальной военной подготовки,158,GENERAL,122,122,122.0,1
2024,GENERAL,FULL,B004,,Подготовка учителей начальной военной подготовки,196,GENERAL,121,125,122.8,5
2024,GENERAL,FULL,B004,,Подготовка учителей начальной военной подготовки,196,RURAL,120,120,120.0,1
2024,GENERAL,FULL,B004,,Подготовка учителей начальной военной подготовки,501,GENERAL,122,124,122.8,5
2024,GENERAL,FULL,B004,,Подготовка учителей начальной военной подготовки,501,RURAL,120,120,120.0,1
2024,GENERAL,FULL,B005,,Подготовка учителей физической культуры,5,EMERGENCY_REGIONS,123,124,123.7,3
2024,GENERAL,FULL,B005,,Подготовка учителей физической культуры,5,GENERAL,129,129,129.0,1
2024,GENERAL,FULL,B005,,Подготовка учителей физической культуры,7,GENERAL,127,130,128.5,2
2024,GENERAL,FULL,B005,,Подготовка учителей физической культуры,7,RURAL,125,125,125.0,3
2024,GENERAL,FULL,B005,,Подготовка учителей физической культуры,11,GENERAL,126,127,126.5,2
2024,GENERAL,FULL,B005,,Подготовка учителей физической культуры,13,EMERGENCY_REGIONS,124,125,124.2,6
2024,GENERAL,FULL,B005,,Подготовка учителей физической культуры,13,GENERAL,125,130,127.2,10
2024,GENERAL,FULL,B005,,Подготовка учителей физической культуры,13,RURAL,125,125,125.0,3
2024,GENERAL,FULL,B005,,Подготовка учителей физической культуры,16,EMERGENCY_REGIONS,123,125,124.0,6
2024,GENERAL,FULL,B005,,Подготовка учителей физической культуры,16,GENERAL,126,128,126.9,7
2024,GENERAL,FULL,B005,,Подготовка учителей физической культуры,16,RURAL,125,125,125.0,3
2024,GENERAL,FULL,B005,,Подготовка учителей физической культуры,20,EMERGENCY_REGIONS,124,124,124.0,1
2024,GENERAL,FULL,B005,,Подготовка учителей физической культуры,20,GENERAL,125,130,126.6,33
2024,GENERAL,FULL,B005,,Подготовка учителей физической культуры,20,RURAL,124,125,124.7,19
2024,GENERAL,FULL,B005,,Подготовка учителей физической культуры,25,GENERAL,125,127,125.8,5
2024,GENERAL,FULL,B005,,Подготовка учителей физической культуры,31,GENERAL,127,127,127.0,1
2024,GENERAL,FULL,B005,,Подготовка учителей физической культуры,31,RURAL,125,125,125.0,1
2024,GENERAL,FULL,B005,,Подготовка учителей физической культуры,34,GENERAL,126,128,126.8,13
2024,GENERAL,FULL,B005,,Подготовка учителей физической культуры,34,RURAL,124,125,124.7,9
2024,GENERAL,FULL,B005,,Подготовка учителей физической культуры,35,EMERGENCY_REGIONS,123,124,123.5,2
2024,GENERAL,FULL,B005,,Подготовка учителей физической культуры,35,RURAL,124,125,124.5,2
2024,GENERAL,FULL,B005,,Подготовка учителей физической культуры,36,EMERGENCY_REGIONS,124,124,124.0,2
2024,GENERAL,FULL,B005,,Подготовка учителей физической культуры,37,GENERAL,125,128,126.1,9
2024,GENERAL,FULL,B005,,Подготовка учителей физической культуры,37,RURAL,124,125,124.7,3
2024,GENERAL,FULL,B005,,Подготовка учителей физической культуры,40,EMERGENCY_REGIONS,124,124,124.0,5
2024,GENERAL,FULL,B005,,Подготовка учителей физической культуры,40,GENERAL,126,126,126.0,1
2024,GENERAL,FULL,B005,,Подготовка учителей физической культуры,40,RURAL,124,125,124.5,2
2024,GENERAL,FULL,B005,,Подготовка учителей физической культуры,43,GENERAL,126,126,126.0,1
2024,GENERAL,FULL,B005,,Подготовка учителей физической культуры,45,GENERAL,125,130,127.2,8
2024,GENERAL,FULL,B005,,Подготовка учителей физической культуры,45,RURAL,124,125,124.7,3
2024,GENERAL,FULL,B005,,Подготовка учителей физической культуры,143,GENERAL,126,126,126.0,2
2024,GENERAL,FULL,B005,,Подготовка учителей физической культуры,143,RURAL,124,125,124.5,2
2024,GENERAL,FULL,B005,,Подготовка учителей физической культуры,158,EMERGENCY_REGIONS,124,124,124.0,1
2024,GENERAL,FULL,B005,,Подготовка учителей физической культуры,158,RURAL,124,124,124.0,1
2024,GENERAL,FULL,B005,,Подготовка учителей физической культуры,196,GENERAL,125,127,125.8,6
2024,GENERAL,FULL,B005,,Подготовка учителей физической культуры,196,RURAL,124,125,124.7,3
2024,GENERAL,FULL,B005,,Подготовка учителей физической культуры,223,GENERAL,128,128,128.0,1
2024,GENERAL,FULL,B005,,Подготовка учителей физической культуры,501,EMERGENCY_REGIONS,124,124,124.0,5
2024,GENERAL,FULL,B005,,Подготовка учителей физической культуры,501,GENERAL,127,127,127.0,1
2024,GENERAL,FULL,B005,,Подготовка учителей физической культуры,517,GENERAL,125,126,125.5,2
2024,GENERAL,FULL,B006,,Подготовка учителей музыки,5,EMERGENCY_REGIONS,118,118,118.0,1
2024,GENERAL,FULL,B006,,Подготовка учителей музыки,7,GENERAL,121,129,124.2,6
2024,GENERAL,FULL,B006,,Подготовка учителей музыки,7,RURAL,119,119,119.0,2
2024,GENERAL,FULL,B006,,Подготовка учителей музыки,8,EMERGENCY_REGIONS,117,118,117.5,2
2024,GENERAL,FULL,B006,,Подготовка учителей музыки,16,EMERGENCY_REGIONS,118,118,118.0,1
2024,GENERAL,FULL,B006,,Подготовка учителей музыки,16,RURAL,119,120,119.5,2
2024,GENERAL,FULL,B006,,Подготовка учителей музыки,25,EMERGENCY_REGIONS,120,120,120.0,1
2024,GENERAL,FULL,B006,,Подготовка учителей музыки,25,GENERAL,121,127,122.5,17
2024,GENERAL,FULL,B006,,Подготовка учителей музыки,25,RURAL,119,120,119.2,5
2024,GENERAL,FULL,B006,,Подготовка учителей музыки,34,RURAL,120,120,120.0,1
2024,GENERAL,FULL,B006,,Подготовка учителей музыки,36,EMERGENCY_REGIONS,117,120,118.7,6
2024,GENERAL,FULL,B006,,Подготовка учителей музыки,36,RURAL,119,119,119.0,1
2024,GENERAL,FULL,B006,,Подготовка учителей музыки,37,GENERAL,121,123,122.0,4
2024,GENERAL,FULL,B006,,Подготовка учителей музыки,40,EMERGENCY_REGIONS,118,120,119.0,4
2024,GENERAL,FULL,B006,,Подготовка учителей музыки,40,GENERAL,122,123,122.5,2
2024,GENERAL,FULL,B006,,Подготовка учителей музыки,43,GENERAL,121,121,121.0,1
2024,GENERAL,FULL,B006,,Подготовка учителей музыки,43,RURAL,119,120,119.5,2
2024,GENERAL,FULL,B006,,Подготовка учителей музыки,45,GENERAL,121,128,123.0,17
2024,GENERAL,FULL,B006,,Подготовка учителей музыки,45,RURAL,120,121,120.5,4
2024,GENERAL,FULL,B006,,Подготовка учителей музыки,143,GENERAL,122,127,124.0,3
2024,GENERAL,FULL,B006,,Подготовка учителей музыки,143,RURAL,119,120,119.5,2
2024,GENERAL,FULL,B006,,Подготовка учителей музыки,185,GENERAL,121,126,122.3,10
2024,GENERAL,FULL,B006,,Подготовка учителей музыки,196,GENERAL,123,123,123.0,2
2024,GENERAL,FULL,B006,,Подготовка учителей музыки,196,RURAL,119,120,119.4,5
2024,GENERAL,FULL,B006,,Подготовка учителей музыки,202,GENERAL,123,123,123.0,1
2024,GENERAL,FULL,B006,,Подготовка учителей музыки,305,GENERAL,123,123,123.0,1
2024,GENERAL,FULL,B006,,Подготовка учителей музыки,305,RURAL,120,121,120.5,2
2024,GENERAL,FULL,B007,,Подготовка учителей художественного труда и черчения,7,GENERAL,124,127,125.2,8
2024,GENERAL,FULL,B007,,Подготовка учителей художественного труда и черчения,16,EMERGENCY_REGIONS,121,121,121.0,1
2024,GENERAL,FULL,B007,,Подготовка учителей художественного труда и черчения,16,GENERAL,121,123,122.0,3
2024,GENERAL,FULL,B007,,Подготовка учителей художественного труда и черчения,25,GENERAL,122,127,124.0,11
2024,GENERAL,FULL,B007,,Подготовка учителей художественного труда и черчения,25,RURAL,121,121,121.0,1
2024,GENERAL,FULL,B007,,Подготовка учителей художественного труда и черчения,34,GENERAL,124,124,124.0,1
2024,GENERAL,FULL,B007,,Подготовка учителей художественного труда и черчения,36,GENERAL,121,121,121.0,1
2024,GENERAL,FULL,B007,,Подготовка учителей художественного труда и черчения,37,GENERAL,122,123,122.4,5
2024,GENERAL,FULL,B007,,Подготовка учителей художественного труда и черчения,42,GENERAL,122,122,122.0,1
2024,GENERAL,FULL,B007,,Подготовка учителей художественного труда и черчения,45,GENERAL,121,127,124.1,7
2024,GENERAL,FULL,B007,,Подготовка учителей художественного труда и черчения,45,RURAL,121,121,121.0,1
2024,GENERAL,FULL,B007,,Подготовка учителей художественного труда и черчения,143,GENERAL,121,127,123.4,8
2024,GENERAL,FULL,B007,,Подготовка учителей художественного труда и черчения,196,GENERAL,121,125,123.2,5
2024,GENERAL,FULL,B007,,Подготовка учителей художественного труда и черчения,223,GENERAL,123,123,123.0,1
2024,GENERAL,FULL,B007,,Подготовка учителей художественного труда и черчения,517,GENERAL,121,121,121.0,1
2024,GENERAL,FULL,B008,,Подготовка учителей основы права и экономики,31,GENERAL,82,93,86.8,15
2024,GENERAL,FULL,B008,,Подготовка учителей основы права и экономики,31,RURAL,77,82,78.7,7
2024,GENERAL,FULL,B008,,Подготовка учителей основы права и экономики,196,GENERAL,82,94,86.1,23
2024,GENERAL,FULL,B008,,Подготовка учителей основы права и экономики,196,RURAL,75,82,78.0,11
2024,GENERAL,FULL,B008,,Подготовка учителей основы права и экономики,517,GENERAL,82,92,85.0,10
2024,GENERAL,FULL,B008,,Подготовка учителей основы права и экономики,517,RURAL,76,81,78.5,4
2024,GENERAL,FULL,B009,,Подготовка учителей математики,5,EMERGENCY_REGIONS,96,102,98.8,12
2024,GENERAL,FULL,B009,,Подготовка учителей математики,7,EMERGENCY_REGIONS,99,118,108.7,23
2024,GENERAL,FULL,B009,,Подготовка учителей математики,7,GENERAL,123,138,128.0,33
2024,GENERAL,FULL,B009,,Подготовка учителей математики,7,RURAL,112,123,117.4,48
2024,GENERAL,FULL,B009,,Подготовка учителей математики,13,EMERGENCY_REGIONS,110,122,114.8,22
2024,GENERAL,FULL,B009,,Подготовка учителей математики,13,GENERAL,123,138,127.4,79
2024,GENERAL,FULL,B009,,Подготовка учителей математики,13,RURAL,112,123,116.9,66
2024,GENERAL,FULL,B009,,Подготовка учителей математики,25,EMERGENCY_REGIONS,96,122,106.9,27
2024,GENERAL,FULL,B009,,Подготовка учителей математики,25,GENERAL,123,133,126.3,20
2024,GENERAL,FULL,B009,,Подготовка учителей математики,25,RURAL,112,123,116.2,45
2024,GENERAL,FULL,B009,,Подготовка учителей математики,185,EMERGENCY_REGIONS,96,102,99.2,8
2024,GENERAL,FULL,B009,,Подготовка учителей математики,302,EMERGENCY_REGIONS,122,123,122.5,2
2024,GENERAL,FULL,B009,,Подготовка учителей математики,302,GENERAL,123,138,128.0,98
2024,GENERAL,FULL,B009,,Подготовка учителей математики,302,RURAL,120,121,120.6,7
2024,GENERAL,FULL,B010,,Подготовка учителей физики,7,EMERGENCY_REGIONS,106,106,106.0,1
2024,GENERAL,FULL,B010,,Подготовка учителей физики,7,GENERAL,110,122,114.0,14
2024,GENERAL,FULL,B010,,Подготовка учителей физики,7,RURAL,108,110,109.3,6
2024,GENERAL,FULL,B010,,Подготовка учителей физики,13,GENERAL,110,128,117.0,44
2024,GENERAL,FULL,B010,,Подготовка учителей физики,25,EMERGENCY_REGIONS,104,106,105.0,2
2024,GENERAL,FULL,B010,,Подготовка учителей физики,25,GENERAL,110,125,115.1,37
2024,GENERAL,FULL,B010,,Подготовка учителей физики,25,RURAL,108,109,108.5,4
2024,GENERAL,FULL,B010,,Подготовка учителей физики,196,GENERAL,110,111,110.2,4
2024,GENERAL,FULL,B010,,Подготовка учителей физики,302,EMERGENCY_REGIONS,107,110,108.5,2
2024,GENERAL,FULL,B010,,Подготовка учителей физики,302,GENERAL,108,128,117.1,36
2024,GENERAL,FULL,B010,,Подготовка учителей физики,302,RURAL,109,109,109.0,1
2024,GENERAL,FULL,B011,,Подготовка учителей информатики,5,EMERGENCY_REGIONS,77,77,77.0,1
2024,GENERAL,FULL,B011,,Подготовка учителей информатики,7,EMERGENCY_REGIONS,80,88,83.6,5
2024,GENERAL,FULL,B011,,Подготовка учителей информатики,7,GENERAL,91,122,100.8,42
2024,GENERAL,FULL,B011,,Подготовка учителей информатики,7,RURAL,77,91,83.8,36
2024,GENERAL,FULL,B011,,Подготовка учителей информатики,13,EMERGENCY_REGIONS,90,91,90.7,3
2024,GENERAL,FULL,B011,,Подготовка учителей информатики,13,GENERAL,91,131,100.8,119
2024,GENERAL,FULL,B011,,Подготовка учителей информатики,13,RURAL,90,91,90.5,2
2024,GENERAL,FULL,B011,,Подготовка учителей информатики,25,EMERGENCY_REGIONS,78,86,82.4,5
2024,GENERAL,FULL,B011,,Подготовка учителей информатики,25,GENERAL,91,120,101.3,74
2024,GENERAL,FULL,B011,,Подготовка учителей информатики,25,RURAL,77,90,84.0,49
2024,GENERAL,FULL,B011,,Подготовка учителей информатики,45,GENERAL,91,107,99.7,3
2024,GENERAL,FULL,B011,,Подготовка учителей информатики,45,RURAL,78,87,82.6,5
2024,GENERAL,FULL,B011,,Подготовка учителей информатики,185,EMERGENCY_REGIONS,76,81,79.0,6
2024,GENERAL,FULL,B011,,Подготовка учителей информатики,185,GENERAL,92,93,92.5,2
2024,GENERAL,FULL,B011,,Подготовка учителей информатики,185,RURAL,77,83,79.3,6
2024,GENERAL,FULL,B011,,Подготовка учителей информатики,196,GENERAL,92,93,92.8,4
2024,GENERAL,FULL,B011,,Подготовка учителей информатики,302,GENERAL,100,131,109.3,83
2024,GENERAL,FULL,B012,,Подготовка учителей химии,5,EMERGENCY_REGIONS,85,95,88.3,20
2024,GENERAL,FULL,B012,,Подготовка учителей химии,5,GENERAL,101,101,101.0,1
2024,GENERAL,FULL,B012,,Подготовка учителей химии,7,EMERGENCY_REGIONS,85,99,92.2,8
2024,GENERAL,FULL,B012,,Подготовка учителей химии,7,GENERAL,86,123,107.4,59
2024,GENERAL,FULL,B012,,Подготовка учителей химии,7,RURAL,91,100,95.1,29
2024,GENERAL,FULL,B012,,Подготовка учителей химии,10,EMERGENCY_REGIONS,88,88,88.0,1
2024,GENERAL,FULL,B012,,Подготовка учителей химии,16,EMERGENCY_REGIONS,85,89,86.3,6
2024,GENERAL,FULL,B012,,Подготовка учителей химии,25,EMERGENCY_REGIONS,85,98,90.6,15
2024,GENERAL,FULL,B012,,Подготовка учителей химии,25,GENERAL,100,132,107.1,85
2024,GENERAL,FULL,B012,,Подготовка учителей химии,25,RURAL,91,100,95.3,64
2024,GENERAL,FULL,B012,,Подготовка учителей химии,37,GENERAL,100,104,102.3,6
2024,GENERAL,FULL,B012,,Подготовка учителей химии,37,RURAL,92,94,93.5,4
2024,GENERAL,FULL,B012,,Подготовка учителей химии,45,GENERAL,100,109,103.2,5
2024,GENERAL,FULL,B012,,Подготовка учителей химии,45,RURAL,92,96,93.7,3
2024,GENERAL,FULL,B012,,Подготовка учителей химии,185,EMERGENCY_REGIONS,85,98,92.6,10
2024,GENERAL,FULL,B012,,Подготовка учителей химии,185,GENERAL,100,108,103.1,15
2024,GENERAL,FULL,B012,,Подготовка учителей химии,185,RURAL,92,94,92.9,7
2024,GENERAL,FULL,B012,,Подготовка учителей химии,302,GENERAL,100,133,110.5,69
2024,GENERAL,FULL,B013,,Подготовка учителей биологии,5,EMERGENCY_REGIONS,86,91,88.3,15
2024,GENERAL,FULL,B013,,Подготовка учителей биологии,7,EMERGENCY_REGIONS,86,96,92.0,11
2024,GENERAL,FULL,B013,,Подготовка учителей биологии,7,GENERAL,96,117,102.3,48
2024,GENERAL,FULL,B013,,Подготовка учителей биологии,7,RURAL,91,96,93.3,18
2024,GENERAL,FULL,B013,,Подготовка учителей биологии,25,EMERGENCY_REGIONS,86,96,90.1,27
2024,GENERAL,FULL,B013,,Подготовка учителей биологии,25,GENERAL,95,125,102.2,153
2024,GENERAL,FULL,B013,,Подготовка учителей биологии,25,RURAL,91,96,93.2,102
2024,GENERAL,FULL,B013,,Подготовка учителей биологии,31,RURAL,91,91,91.0,1
2024,GENERAL,FULL,B013,,Подготовка учителей биологии,45,GENERAL,99,107,103.0,2
2024,GENERAL,FULL,B013,,Подготовка учителей биологии,45,RURAL,95,95,95.0,1
2024,GENERAL,FULL,B013,,Подготовка учителей биологии,185,EMERGENCY_REGIONS,88,93,89.8,17
2024,GENERAL,FULL,B013,,Подготовка учителей биологии,185,GENERAL,97,103,99.8,14
2024,GENERAL,FULL,B013,,Подготовка учителей биологии,185,RURAL,91,93,92.0,7
2024,GENERAL,FULL,B014,,Подготовка учителей географии,5,EMERGENCY_REGIONS,92,95,93.8,4
2024,GENERAL,FULL,B014,,Подготовка учителей географии,7,EMERGENCY_REGIONS,92,103,97.1,9
2024,GENERAL,FULL,B014,,Подготовка учителей географии,7,GENERAL,105,121,109.2,36
2024,GENERAL,FULL,B014,,Подготовка учителей географии,7,RURAL,101,104,102.4,17
2024,GENERAL,FULL,B014,,Подготовка учителей географии,13,EMERGENCY_REGIONS,95,101,98.0,8
2024,GENERAL,FULL,B014,,Подготовка учителей географии,13,GENERAL,105,130,113.4,64
2024,GENERAL,FULL,B014,,Подготовка учителей географии,13,RURAL,101,105,102.5,12
2024,GENERAL,FULL,B014,,Подготовка учителей географии,25,EMERGENCY_REGIONS,92,98,95.2,5
2024,GENERAL,FULL,B014,,Подготовка учителей географии,25,GENERAL,105,131,110.1,43
2024,GENERAL,FULL,B014,,Подготовка учителей географии,25,RURAL,100,104,102.4,22
2024,GENERAL,FULL,B014,,Подготовка учителей географии,185,EMERGENCY_REGIONS,91,95,92.7,3
2024,GENERAL,FULL,B015,,Подготовка учителей по гуманитарным предметам,5,EMERGENCY_REGIONS,101,113,105.1,10
2024,GENERAL,FULL,B015,,Подготовка учителей по гуманитарным предметам,5,GENERAL,115,117,116.0,2
2024,GENERAL,FULL,B015,,Подготовка учителей по гуманитарным предметам,7,EMERGENCY_REGIONS,101,113,105.8,12
2024,GENERAL,FULL,B015,,Подготовка учителей по гуманитарным предметам,7,GENERAL,114,134,121.4,42
2024,GENERAL,FULL,B015,,Подготовка учителей по гуманитарным предметам,7,RURAL,109,114,111.0,20
2024,GENERAL,FULL,B015,,Подготовка учителей по гуманитарным предметам,25,EMERGENCY_REGIONS,107,110,108.5,2
2024,GENERAL,FULL,B015,,Подготовка учителей по гуманитарным предметам,25,GENERAL,114,133,120.6,21
2024,GENERAL,FULL,B015,,Подготовка учителей по гуманитарным предметам,25,RURAL,108,114,111.1,15
2024,GENERAL,FULL,B015,,Подготовка учителей по гуманитарным предметам,37,GENERAL,117,117,117.0,1
2024,GENERAL,FULL,B015,,Подготовка учителей по гуманитарным предметам,37,RURAL,109,109,109.0,1
2024,GENERAL,FULL,B015,,Подготовка учителей по гуманитарным предметам,47,EMERGENCY_REGIONS,106,106,106.0,1
2024,GENERAL,FULL,B015,,Подготовка учителей по гуманитарным предметам,185,EMERGENCY_REGIONS,103,106,104.0,3
2024,GENERAL,FULL,B015,,Подготовка учителей по гуманитарным предметам,185,GENERAL,116,118,116.7,3
2024,GENERAL,FULL,B015,,Подготовка учителей по гуманитарным предметам,185,RURAL,109,113,111.5,6
2024,GENERAL,FULL,B015,,Подготовка учителей по гуманитарным предметам,302,EMERGENCY_REGIONS,104,104,104.0,1
2024,GENERAL,FULL,B015,,Подготовка учителей по гуманитарным предметам,302,GENERAL,115,133,122.8,46
2024,GENERAL,FULL,B015,,Подготовка учителей по гуманитарным предметам,302,RURAL,109,113,110.9,9
2024,GENERAL,FULL,B016,,Подготовка учителей казахского языка и литературы,5,EMERGENCY_REGIONS,104,112,108.0,12
2024,GENERAL,FULL,B016,,Подготовка учителей казахского языка и литературы,7,EMERGENCY_REGIONS,107,121,110.5,6
2024,GENERAL,FULL,B016,,Подготовка учителей казахского языка и литературы,7,GENERAL,121,136,125.8,33
2024,GENERAL,FULL,B016,,Подготовка учителей казахского языка и литературы,7,RURAL,117,121,118.4,15
2024,GENERAL,FULL,B016,,Подготовка учителей казахского языка и литературы,13,EMERGENCY_REGIONS,105,121,112.1,23
2024,GENERAL,FULL,B016,,Подготовка учителей казахского языка и литературы,13,GENERAL,122,136,126.5,84
2024,GENERAL,FULL,B016,,Подготовка учителей казахского языка и литературы,13,RURAL,116,121,119.1,34
2024,GENERAL,FULL,B016,,Подготовка учителей казахского языка и литературы,25,EMERGENCY_REGIONS,108,121,114.2,20
2024,GENERAL,FULL,B016,,Подготовка учителей казахского языка и литературы,25,GENERAL,122,136,126.3,93
2024,GENERAL,FULL,B016,,Подготовка учителей казахского языка и литературы,25,RURAL,116,121,118.7,65
2024,GENERAL,FULL,B016,,Подготовка учителей казахского языка и литературы,45,GENERAL,126,128,127.0,2
2024,GENERAL,FULL,B016,,Подготовка учителей казахского языка и литературы,45,RURAL,117,120,118.5,2
2024,GENERAL,FULL,B016,,Подготовка учителей казахского языка и литературы,47,EMERGENCY_REGIONS,115,115,115.0,1
2024,GENERAL,FULL,B016,,Подготовка учителей казахского языка и литературы,185,EMERGENCY_REGIONS,105,115,109.3,6
2024,GENERAL,FULL,B016,,Подготовка учителей казахского языка и литературы,302,EMERGENCY_REGIONS,119,119,119.0,1
2024,GENERAL,FULL,B016,,Подготовка учителей казахского языка и литературы,302,GENERAL,122,137,128.6,43
2024,GENERAL,FULL,B016,,Подготовка учителей казахского языка и литературы,302,RURAL,116,121,118.4,5
2024,GENERAL,FULL,B017,,Подготовка учителей русского языка и литературы,5,EMERGENCY_REGIONS,75,82,77.6,7
2024,GENERAL,FULL,B017,,Подготовка учителей русского языка и литературы,5,GENERAL,83,88,84.5,4
2024,GENERAL,FULL,B017,,Подготовка учителей русского языка и литературы,5,RURAL,75,82,78.8,12
2024,GENERAL,FULL,B017,,Подготовка учителей русского языка и литературы,7,GENERAL,82,129,96.7,64
2024,GENERAL,FULL,B017,,Подготовка учителей русского языка и литературы,7,RURAL,76,82,79.2,5
2024,GENERAL,FULL,B017,,Подготовка учителей русского языка и литературы,10,EMERGENCY_REGIONS,78,78,78.0,1
2024,GENERAL,FULL,B017,,Подготовка учителей русского языка и литературы,10,RURAL,75,77,75.7,3
2024,GENERAL,FULL,B017,,Подготовка учителей русского языка и литературы,13,GENERAL,90,131,107.5,69
2024,GENERAL,FULL,B017,,Подготовка учителей русского языка и литературы,25,EMERGENCY_REGIONS,79,80,79.5,2
2024,GENERAL,FULL,B017,,Подготовка учителей русского языка и литературы,25,GENERAL,82,131,100.0,149
2024,GENERAL,FULL,B017,,Подготовка учителей русского языка и литературы,25,RURAL,75,82,77.7,12
2024,GENERAL,FULL,B017,,Подготовка учителей русского языка и литературы,31,GENERAL,83,94,88.3,9
2024,GENERAL,FULL,B017,,Подготовка учителей русского языка и литературы,31,RURAL,77,81,79.0,2
2024,GENERAL,FULL,B017,,Подготовка учителей русского языка и литературы,35,RURAL,75,78,76.3,3
2024,GENERAL,FULL,B017,,Подготовка учителей русского языка и литературы,36,EMERGENCY_REGIONS,76,82,78.8,6
2024,GENERAL,FULL,B017,,Подготовка учителей русского языка и литературы,36,GENERAL,84,96,86.9,12
2024,GENERAL,FULL,B017,,Подготовка учителей русского языка и литературы,36,RURAL,77,81,78.8,4
2024,GENERAL,FULL,B017,,Подготовка учителей русского языка и литературы,37,GENERAL,86,93,89.0,4
2024,GENERAL,FULL,B017,,Подготовка учителей русского языка и литературы,37,RURAL,76,76,76.0,1
2024,GENERAL,FULL,B017,,Подготовка учителей русского языка и литературы,40,EMERGENCY_REGIONS,76,79,77.6,5
2024,GENERAL,FULL,B017,,Подготовка учителей русского языка и литературы,40,GENERAL,83,84,83.5,2
2024,GENERAL,FULL,B017,,Подготовка учителей русского языка и литературы,40,RURAL,75,81,78.0,5
2024,GENERAL,FULL,B017,,Подготовка учителей русского языка и литературы,45,GENERAL,82,106,92.6,9
2024,GENERAL,FULL,B017,,Подготовка учителей русского языка и литературы,153,RURAL,75,75,75.0,1
2024,GENERAL,FULL,B017,,Подготовка учителей русского языка и литературы,185,EMERGENCY_REGIONS,77,77,77.0,1
2024,GENERAL,FULL,B017,,Подготовка учителей русского языка и литературы,185,GENERAL,83,89,85.7,10
2024,GENERAL,FULL,B017,,Подготовка учителей русского языка и литературы,185,RURAL,75,82,78.6,5
2024,GENERAL,FULL,B017,,Подготовка учителей русского языка и литературы,196,GENERAL,83,88,84.8,5
2024,GENERAL,FULL,B017,,Подготовка учителей русского языка и литературы,196,RURAL,80,82,81.0,2
2024,GENERAL,FULL,B017,,Подготовка учителей русского языка и литературы,517,GENERAL,83,83,83.0,1
2024,GENERAL,FULL,B018,,Подготовка учителей иностранного языка,5,EMERGENCY_REGIONS,113,114,113.5,2
2024,GENERAL,FULL,B018,,Подготовка учителей иностранного языка,7,EMERGENCY_REGIONS,112,118,115.2,9
2024,GENERAL,FULL,B018,,Подготовка учителей иностранного языка,7,GENERAL,122,126,123.3,22
2024,GENERAL,FULL,B018,,Подготовка учителей иностранного языка,7,RURAL,115,122,118.3,26
2024,GENERAL,FULL,B018,,Подготовка учителей иностранного языка,13,EMERGENCY_REGIONS,112,122,116.1,48
2024,GENERAL,FULL,B018,,Подготовка учителей иностранного языка,13,GENERAL,122,136,125.9,130
2024,GENERAL,FULL,B018,,Подготовка учителей иностранного языка,13,RURAL,115,122,118.9,59
2024,GENERAL,FULL,B018,,Подготовка учителей иностранного языка,23,EMERGENCY_REGIONS,113,121,117.2,4
2024,GENERAL,FULL,B018,,Подготовка учителей иностранного языка,23,GENERAL,122,131,124.6,24
2024,GENERAL,FULL,B018,,Подготовка учителей иностранного языка,23,RURAL,115,122,118.8,33
2024,GENERAL,FULL,B018,,Подготовка учителей иностранного языка,25,EMERGENCY_REGIONS,112,122,114.5,11
2024,GENERAL,FULL,B018,,Подготовка учителей иностранного языка,25,GENERAL,122,131,124.3,55
2024,GENERAL,FULL,B018,,Подготовка учителей иностранного языка,25,RURAL,115,122,118.3,66
2024,GENERAL,FULL,B018,,Подготовка учителей иностранного языка,35,EMERGENCY_REGIONS,114,114,114.0,1
2024,GENERAL,FULL,B018,,Подготовка учителей иностранного языка,37,GENERAL,123,124,123.3,3
2024,GENERAL,FULL,B018,,Подготовка учителей иностранного языка,40,EMERGENCY_REGIONS,114,122,117.3,3
2024,GENERAL,FULL,B018,,Подготовка учителей иностранного языка,40,GENERAL,123,124,123.5,2
2024,GENERAL,FULL,B018,,Подготовка учителей иностранного языка,40,RURAL,121,121,121.0,1
2024,GENERAL,FULL,B018,,Подготовка учителей иностранного языка,45,GENERAL,126,128,126.7,3
2024,GENERAL,FULL,B018,,Подготовка учителей иностранного языка,45,RURAL,120,120,120.0,1
2024,GENERAL,FULL,B018,,Подготовка учителей иностранного языка,185,EMERGENCY_REGIONS,113,115,113.4,7
2024,GENERAL,FULL,B018,,Подготовка учителей иностранного языка,302,GENERAL,125,140,129.0,158
2024,GENERAL,FULL,B019,,Подготовка социальных педагогов,7,GENERAL,76,94,82.4,25
2024,GENERAL,FULL,B019,,Подготовка социальных педагогов,13,GENERAL,80,110,87.0,26
2024,GENERAL,FULL,B019,,Подготовка социальных педагогов,25,GENERAL,75,98,80.9,79
2024,GENERAL,FULL,B019,,Подготовка социальных педагогов,196,GENERAL,75,78,77.0,7
2024,GENERAL,FULL,B019,,Подготовка социальных педагогов,302,GENERAL,75,102,85.7,15
2024,GENERAL,FULL,B020,,Специальная педагогика,5,EMERGENCY_REGIONS,78,85,81.6,14
2024,GENERAL,FULL,B020,,Специальная педагогика,7,EMERGENCY_REGIONS,80,91,85.9,9
2024,GENERAL,FULL,B020,,Специальная педагогика,7,GENERAL,94,121,100.6,24
2024,GENERAL,FULL,B020,,Специальная педагогика,7,RURAL,87,92,89.8,12
2024,GENERAL,FULL,B020,,Специальная педагогика,25,EMERGENCY_REGIONS,79,93,86.3,15
2024,GENERAL,FULL,B020,,Специальная педагогика,25,GENERAL,93,128,101.6,109
2024,GENERAL,FULL,B020,,Специальная педагогика,25,RURAL,87,93,89.8,60
2024,GENERAL,FULL,B020,,Специальная педагогика,36,EMERGENCY_REGIONS,78,78,78.0,1
2024,GENERAL,FULL,B020,,Специальная педагогика,45,GENERAL,94,119,100.3,7
2024,GENERAL,FULL,B020,,Специальная педагогика,45,RURAL,88,93,90.5,2
2024,GENERAL,FULL,B021,,Исполнительское искусство,10,EMERGENCY_REGIONS,121,121,121.0,1
2024,GENERAL,FULL,B021,,Исполнительское искусство,16,EMERGENCY_REGIONS,120,121,120.7,3
2024,GENERAL,FULL,B021,,Исполнительское искусство,16,GENERAL,123,126,124.7,7
2024,GENERAL,FULL,B021,,Исполнительское искусство,34,GENERAL,123,125,124.2,4
2024,GENERAL,FULL,B021,,Исполнительское искусство,37,GENERAL,124,126,124.5,4
2024,GENERAL,FULL,B021,,Исполнительское искусство,38,GENERAL,126,126,126.0,1
2024,GENERAL,FULL,B023,,"Режиссура, арт-менеджмент",83,EMERGENCY_REGIONS,114,114,114.0,1
2024,GENERAL,FULL,B023,,"Режиссура, арт-менеджмент",83,GENERAL,127,127,127.0,1
2024,GENERAL,FULL,B023,,"Режиссура, арт-менеджмент",93,GENERAL,118,128,122.8,17
2024,GENERAL,FULL,B027,,Театральное искусство,16,EMERGENCY_REGIONS,118,120,119.4,5
2024,GENERAL,FULL,B027,,Театральное искусство,16,GENERAL,121,127,123.3,10
2024,GENERAL,FULL,B027,,Театральное искусство,37,GENERAL,121,128,123.5,4
2024,GENERAL,FULL,B027,,Театральное искусство,38,GENERAL,124,124,124.0,1
2024,GENERAL,FULL,B027,,Театральное искусство,45,GENERAL,122,127,123.9,10
2024,GENERAL,FULL,B027,,Театральное искусство,93,EMERGENCY_REGIONS,118,118,118.0,1
2024,GENERAL,FULL,B027,,Театральное искусство,93,GENERAL,121,124,122.8,4
2024,GENERAL,FULL,B028,,Хореография,5,EMERGENCY_REGIONS,122,123,122.5,2
2024,GENERAL,FULL,B028,,Хореография,7,EMERGENCY_REGIONS,121,122,121.5,2
2024,GENERAL,FULL,B028,,Хореография,7,GENERAL,124,129,125.7,6
2024,GENERAL,FULL,B028,,Хореография,16,EMERGENCY_REGIONS,123,124,123.7,3
2024,GENERAL,FULL,B028,,Хореография,16,GENERAL,125,125,125.0,3
2024,GENERAL,FULL,B028,,Хореография,25,EMERGENCY_REGIONS,122,122,122.0,1
2024,GENERAL,FULL,B028,,Хореография,25,GENERAL,124,128,126.1,12
2024,GENERAL,FULL,B028,,Хореография,34,GENERAL,125,125,125.0,2
2024,GENERAL,FULL,B028,,Хореография,37,GENERAL,124,128,126.3,3
2024,GENERAL,FULL,B028,,Хореография,43,GENERAL,125,125,125.0,1
2024,GENERAL,FULL,B028,,Хореография,45,GENERAL,124,128,126.2,5
2024,GENERAL,FULL,B029,,Аудиовизуальные средства и медиа производство,7,GENERAL,124,124,124.0,1
2024,GENERAL,FULL,B029,,Аудиовизуальные средства и медиа производство,13,EMERGENCY_REGIONS,110,122,116.7,12
2024,GENERAL,FULL,B029,,Аудиовизуальные средства и медиа производство,13,GENERAL,122,130,125.0,30
2024,GENERAL,FULL,B029,,Аудиовизуальные средства и медиа производство,27,EMERGENCY_REGIONS,114,122,119.2,6
2024,GENERAL,FULL,B029,,Аудиовизуальные средства и медиа производство,27,GENERAL,122,128,125.0,40
2024,GENERAL,FULL,B029,,Аудиовизуальные средства и медиа производство,93,GENERAL,124,126,125.0,3
2024,GENERAL,FULL,B030,,Изобразительное искусство,7,GENERAL,115,129,120.1,11
2024,GENERAL,FULL,B030,,Изобразительное искусство,31,GENERAL,92,126,112.7,7
2024,GENERAL,FULL,B030,,Изобразительное искусство,45,GENERAL,112,127,119.5,18
2024,GENERAL,FULL,B031,,"Мода, дизайн",5,EMERGENCY_REGIONS,122,123,122.3,3
2024,GENERAL,FULL,B031,,"Мода, дизайн",7,GENERAL,125,129,126.7,15
2024,GENERAL,FULL,B031,,"Мода, дизайн",10,GENERAL,128,128,128.0,1
2024,GENERAL,FULL,B031,,"Мода, дизайн",13,EMERGENCY_REGIONS,122,124,123.3,3
2024,GENERAL,FULL,B031,,"Мода, дизайн",13,GENERAL,125,130,126.7,21
2024,GENERAL,FULL,B031,,"Мода, дизайн",15,GENERAL,129,129,129.0,1
2024,GENERAL,FULL,B031,,"Мода, дизайн",16,EMERGENCY_REGIONS,122,125,123.5,8
2024,GENERAL,FULL,B031,,"Мода, дизайн",16,GENERAL,125,127,125.7,3
2024,GENERAL,FULL,B031,,"Мода, дизайн",22,EMERGENCY_REGIONS,122,124,123.0,3
2024,GENERAL,FULL,B031,,"Мода, дизайн",22,GENERAL,125,130,126.7,54
2024,GENERAL,FULL,B031,,"Мода, дизайн",27,GENERAL,125,129,127.0,4
2024,GENERAL,FULL,B031,,"Мода, дизайн",29,EMERGENCY_REGIONS,122,122,122.0,1
2024,GENERAL,FULL,B031,,"Мода, дизайн",29,GENERAL,125,128,126.5,2
2024,GENERAL,FULL,B031,,"Мода, дизайн",31,GENERAL,125,125,125.0,1
2024,GENERAL,FULL,B031,,"Мода, дизайн",34,GENERAL,125,126,125.5,2
2024,GENERAL,FULL,B031,,"Мода, дизайн",35,EMERGENCY_REGIONS,122,124,122.5,4
2024,GENERAL,FULL,B031,,"Мода, дизайн",37,GENERAL,125,125,125.0,1
2024,GENERAL,FULL,B031,,"Мода, дизайн",38,GENERAL,125,128,126.7,3
2024,GENERAL,FULL,B031,,"Мода, дизайн",39,EMERGENCY_REGIONS,124,124,124.0,1
2024,GENERAL,FULL,B031,,"Мода, дизайн",40,EMERGENCY_REGIONS,124,124,124.0,1
2024,GENERAL,FULL,B031,,"Мода, дизайн",40,GENERAL,127,127,127.0,1
2024,GENERAL,FULL,B031,,"Мода, дизайн",43,GENERAL,127,128,127.5,2
2024,GENERAL,FULL,B031,,"Мода, дизайн",45,GENERAL,125,130,126.2,13
2024,GENERAL,FULL,B031,,"Мода, дизайн",53,EMERGENCY_REGIONS,122,124,123.3,3
2024,GENERAL,FULL,B031,,"Мода, дизайн",53,GENERAL,125,128,126.4,8
2024,GENERAL,FULL,B031,,"Мода, дизайн",143,GENERAL,125,125,125.0,1
2024,GENERAL,FULL,B031,,"Мода, дизайн",154,GENERAL,125,125,125.0,1
2024,GENERAL,FULL,B031,,"Мода, дизайн",158,EMERGENCY_REGIONS,122,122,122.0,1
2024,GENERAL,FULL,B031,,"Мода, дизайн",160,GENERAL,125,125,125.0,1
2024,GENERAL,FULL,B031,,"Мода, дизайн",182,EMERGENCY_REGIONS,123,124,123.2,4
2024,GENERAL,FULL,B031,,"Мода, дизайн",182,GENERAL,127,128,127.5,2
2024,GENERAL,FULL,B031,,"Мода, дизайн",185,EMERGENCY_REGIONS,122,123,122.5,2
2024,GENERAL,FULL,B031,,"Мода, дизайн",185,GENERAL,127,127,127.0,1
2024,GENERAL,FULL,B031,,"Мода, дизайн",196,GENERAL,125,129,127.0,2
2024,GENERAL,FULL,B032,,Философия и этика,7,EMERGENCY_REGIONS,80,90,83.1,8
2024,GENERAL,FULL,B032,,Философия и этика,7,GENERAL,94,105,98.5,20
2024,GENERAL,FULL,B032,,Философия и этика,13,EMERGENCY_REGIONS,91,93,92.0,2
2024,GENERAL,FULL,B032,,Философия и этика,13,GENERAL,94,105,98.3,25
2024,GENERAL,FULL,B032,,Философия и этика,27,EMERGENCY_REGIONS,82,93,88.5,8
2024,GENERAL,FULL,B032,,Философия и этика,27,GENERAL,94,116,99.7,42
2024,GENERAL,FULL,B032,,Философия и этика,31,EMERGENCY_REGIONS,83,87,84.6,5
2024,GENERAL,FULL,B032,,Философия и этика,31,GENERAL,94,102,98.4,5
2024,GENERAL,FULL,B032,,Философия и этика,37,EMERGENCY_REGIONS,91,91,91.0,1
2024,GENERAL,FULL,B032,,Философия и этика,37,GENERAL,98,99,98.5,2
2024,GENERAL,FULL,B032,,Философия и этика,45,GENERAL,94,100,96.0,3
2024,GENERAL,FULL,B033,,Религия и теология,7,GENERAL,126,126,126.0,1
2024,GENERAL,FULL,B033,,Религия и теология,7,RURAL,120,123,121.9,7
2024,GENERAL,FULL,B033,,Религия и теология,10,EMERGENCY_REGIONS,111,121,116.0,9
2024,GENERAL,FULL,B033,,Религия и теология,11,GENERAL,125,125,125.0,1
2024,GENERAL,FULL,B033,,Религия и теология,11,RURAL,121,122,121.3,3
2024,GENERAL,FULL,B033,,Религия и теология,13,EMERGENCY_REGIONS,113,121,118.0,5
2024,GENERAL,FULL,B033,,Религия и теология,13,GENERAL,125,126,125.8,4
2024,GENERAL,FULL,B033,,Религия и теология,27,GENERAL,125,127,126.0,6
2024,GENERAL,FULL,B033,,Религия и теология,27,RURAL,121,124,122.4,11
2024,GENERAL,FULL,B033,,Религия и теология,31,RURAL,122,122,122.0,2
2024,GENERAL,FULL,B033,,Религия и теология,35,EMERGENCY_REGIONS,113,114,113.5,2
2024,GENERAL,FULL,B033,,Религия и теология,37,GENERAL,125,127,125.4,7
2024,GENERAL,FULL,B033,,Религия и теология,37,RURAL,121,124,122.8,12
2024,GENERAL,FULL,B033,,Религия и теология,45,RURAL,123,123,123.0,1
2024,GENERAL,FULL,B033,,Религия и теология,503,EMERGENCY_REGIONS,112,124,119.6,38
2024,GENERAL,FULL,B033,,Религия и теология,503,GENERAL,125,130,126.5,102
2024,GENERAL,FULL,B033,,Религия и теология,503,RURAL,121,125,122.5,59
2024,GENERAL,FULL,B034,,История,7,EMERGENCY_REGIONS,97,97,97.0,1
2024,GENERAL,FULL,B034,,История,7,GENERAL,112,117,114.5,2
2024,GENERAL,FULL,B034,,История,13,EMERGENCY_REGIONS,100,106,102.3,12
2024,GENERAL,FULL,B034,,История,13,GENERAL,108,131,115.7,40
2024,GENERAL,FULL,B034,,История,16,EMERGENCY_REGIONS,101,101,101.0,1
2024,GENERAL,FULL,B034,,История,25,EMERGENCY_REGIONS,100,100,100.0,1
2024,GENERAL,FULL,B034,,История,25,GENERAL,113,113,113.0,1
2024,GENERAL,FULL,B034,,История,27,EMERGENCY_REGIONS,97,105,101.0,4
2024,GENERAL,FULL,B034,,История,27,GENERAL,107,133,115.3,37
2024,GENERAL,FULL,B034,,История,36,GENERAL,120,120,120.0,1
2024,GENERAL,FULL,B035,,Тюркология,13,EMERGENCY_REGIONS,106,115,109.3,6
2024,GENERAL,FULL,B035,,Тюркология,13,GENERAL,117,122,118.5,11
2024,GENERAL,FULL,B035,,Тюркология,27,EMERGENCY_REGIONS,106,114,110.0,2
2024,GENERAL,FULL,B035,,Тюркология,27,GENERAL,117,124,118.9,16
2024,GENERAL,FULL,B035,,Тюркология,37,GENERAL,117,120,118.6,5
2024,GENERAL,FULL,B036,,Переводческое дело,5,GENERAL,125,125,125.0,1
2024,GENERAL,FULL,B036,,Переводческое дело,13,EMERGENCY_REGIONS,115,124,119.4,14
2024,GENERAL,FULL,B036,,Переводческое дело,13,GENERAL,124,136,127.2,6
2024,GENERAL,FULL,B036,,Переводческое дело,22,EMERGENCY_REGIONS,115,115,115.0,1
2024,GENERAL,FULL,B036,,Переводческое дело,22,GENERAL,125,125,125.0,1
2024,GENERAL,FULL,B036,,Переводческое дело,23,GENERAL,124,132,126.3,6
2024,GENERAL,FULL,B036,,Переводческое дело,25,GENERAL,127,127,127.0,1
2024,GENERAL,FULL,B036,,Переводческое дело,27,EMERGENCY_REGIONS,115,122,118.8,8
2024,GENERAL,FULL,B036,,Переводческое дело,27,GENERAL,124,131,125.5,11
2024,GENERAL,FULL,B036,,Переводческое дело,37,GENERAL,129,129,129.0,1
2024,GENERAL,FULL,B036,,Переводческое дело,38,GENERAL,124,124,124.0,1
2024,GENERAL,FULL,B036,,Переводческое дело,174,GENERAL,125,138,127.9,104
2024,GENERAL,FULL,B036,,Переводческое дело,184,GENERAL,124,124,124.0,1
2024,GENERAL,FULL,B036,,Переводческое дело,185,EMERGENCY_REGIONS,115,123,119.2,4
2024,GENERAL,FULL,B036,,Переводческое дело,185,GENERAL,124,124,124.0,1
2024,GENERAL,FULL,B036,,Переводческое дело,302,EMERGENCY_REGIONS,120,123,121.3,14
2024,GENERAL,FULL,B036,,Переводческое дело,302,GENERAL,124,137,125.8,31
2024,GENERAL,FULL,B037,,Филология,5,EMERGENCY_REGIONS,100,111,103.9,7
2024,GENERAL,FULL,B037,,Филология,5,GENERAL,124,127,125.5,2
2024,GENERAL,FULL,B037,,Филология,7,EMERGENCY_REGIONS,98,98,98.0,2
2024,GENERAL,FULL,B037,,Филология,7,GENERAL,120,120,120.0,1
2024,GENERAL,FULL,B037,,Филология,13,EMERGENCY_REGIONS,99,117,108.2,9
2024,GENERAL,FULL,B037,,Филология,13,GENERAL,119,139,125.7,29
2024,GENERAL,FULL,B037,,Филология,25,EMERGENCY_REGIONS,118,119,118.5,2
2024,GENERAL,FULL,B037,,Филология,25,GENERAL,119,131,122.4,11
2024,GENERAL,FULL,B037,,Филология,27,EMERGENCY_REGIONS,98,118,108.5,8
2024,GENERAL,FULL,B037,,Филология,27,GENERAL,119,137,126.1,71
2024,GENERAL,FULL,B037,,Филология,31,GENERAL,122,122,122.0,1
2024,GENERAL,FULL,B037,,Филология,36,EMERGENCY_REGIONS,98,105,101.5,2
2024,GENERAL,FULL,B037,,Филология,38,GENERAL,125,125,125.0,1
2024,GENERAL,FULL,B037,,Филология,184,EMERGENCY_REGIONS,102,102,102.0,1
2024,GENERAL,FULL,B037,,Филология,302,GENERAL,121,137,129.4,12
2024,GENERAL,FULL,B037,,Филология,503,EMERGENCY_REGIONS,99,99,99.0,1
2024,GENERAL,FULL,B038,,Социология,7,GENERAL,111,115,113.0,2
2024,GENERAL,FULL,B038,,Социология,13,EMERGENCY_REGIONS,99,107,102.1,17
2024,GENERAL,FULL,B038,,Социология,13,GENERAL,107,118,111.6,42
2024,GENERAL,FULL,B038,,Социология,16,EMERGENCY_REGIONS,107,107,107.0,1
2024,GENERAL,FULL,B038,,Социология,16,GENERAL,108,108,108.0,1
2024,GENERAL,FULL,B038,,Социология,21,EMERGENCY_REGIONS,101,105,103.0,5
2024,GENERAL,FULL,B038,,Социология,21,GENERAL,107,118,110.9,35
2024,GENERAL,FULL,B038,,Социология,25,EMERGENCY_REGIONS,100,100,100.0,2
2024,GENERAL,FULL,B038,,Социология,25,GENERAL,108,118,112.1,10
2024,GENERAL,FULL,B038,,Социология,27,EMERGENCY_REGIONS,104,104,104.0,1
2024,GENERAL,FULL,B038,,Социология,27,GENERAL,108,116,110.2,13
2024,GENERAL,FULL,B038,,Социология,31,GENERAL,110,110,110.0,1
2024,GENERAL,FULL,B039,,Культурология,7,GENERAL,116,118,117.3,3
2024,GENERAL,FULL,B039,,Культурология,13,EMERGENCY_REGIONS,107,113,110.4,5
2024,GENERAL,FULL,B039,,Культурология,13,GENERAL,115,121,117.6,13
2024,GENERAL,FULL,B039,,Культурология,27,EMERGENCY_REGIONS,108,111,109.5,2
2024,GENERAL,FULL,B039,,Культурология,27,GENERAL,115,125,117.6,12
2024,GENERAL,FULL,B040,,Политология,7,GENERAL,119,119,119.0,1
2024,GENERAL,FULL,B040,,Политология,13,EMERGENCY_REGIONS,110,118,112.7,15
2024,GENERAL,FULL,B040,,Политология,13,GENERAL,118,126,121.0,43
2024,GENERAL,FULL,B040,,Политология,21,EMERGENCY_REGIONS,110,117,113.5,10
2024,GENERAL,FULL,B040,,Политология,21,GENERAL,118,132,121.3,46
2024,GENERAL,FULL,B040,,Политология,27,EMERGENCY_REGIONS,111,112,111.5,2
2024,GENERAL,FULL,B040,,Политология,27,GENERAL,118,129,121.7,29
2024,GENERAL,FULL,B040,,Политология,31,GENERAL,119,119,119.0,1
2024,GENERAL,FULL,B040,,Политология,38,EMERGENCY_REGIONS,110,110,110.0,1
2024,GENERAL,FULL,B040,,Политология,93,GENERAL,127,129,128.0,2
2024,GENERAL,FULL,B041,,Психология,5,EMERGENCY_REGIONS,94,94,94.0,1
2024,GENERAL,FULL,B041,,Психология,7,GENERAL,100,111,106.2,4
2024,GENERAL,FULL,B041,,Психология,11,GENERAL,105,105,105.0,1
2024,GENERAL,FULL,B041,,Психология,13,EMERGENCY_REGIONS,95,99,97.0,9
2024,GENERAL,FULL,B041,,Психология,13,GENERAL,99,130,108.3,57
2024,GENERAL,FULL,B041,,Психология,16,EMERGENCY_REGIONS,87,87,87.0,1
2024,GENERAL,FULL,B041,,Психология,21,GENERAL,100,132,110.1,40
2024,GENERAL,FULL,B041,,Психология,25,EMERGENCY_REGIONS,88,93,90.9,7
2024,GENERAL,FULL,B041,,Психология,25,GENERAL,99,137,106.7,24
2024,GENERAL,FULL,B041,,Психология,27,EMERGENCY_REGIONS,90,98,94.5,6
2024,GENERAL,FULL,B041,,Психология,27,GENERAL,99,129,108.7,30
2024,GENERAL,FULL,B041,,Психология,31,EMERGENCY_REGIONS,99,99,99.0,1
2024,GENERAL,FULL,B041,,Психология,31,GENERAL,101,107,104.0,2
2024,GENERAL,FULL,B041,,Психология,35,EMERGENCY_REGIONS,94,96,95.0,2
2024,GENERAL,FULL,B041,,Психология,36,EMERGENCY_REGIONS,87,96,90.7,7
2024,GENERAL,FULL,B041,,Психология,36,GENERAL,108,108,108.0,1
2024,GENERAL,FULL,B041,,Психология,38,GENERAL,100,102,101.0,2
2024,GENERAL,FULL,B041,,Психология,45,GENERAL,101,105,103.0,2
2024,GENERAL,FULL,B041,,Психология,69,GENERAL,100,105,103.0,3
2024,GENERAL,FULL,B041,,Психология,79,GENERAL,115,115,115.0,1
2024,GENERAL,FULL,B041,,Психология,93,EMERGENCY_REGIONS,87,87,87.0,1
2024,GENERAL,FULL,B041,,Психология,122,GENERAL,102,108,105.0,2
2024,GENERAL,FULL,B041,,Психология,174,GENERAL,120,136,125.8,12
2024,GENERAL,FULL,B041,,Психология,184,EMERGENCY_REGIONS,88,94,91.0,2
2024,GENERAL,FULL,B041,,Психология,184,GENERAL,102,109,105.5,2
2024,GENERAL,FULL,B041,,Психология,185,EMERGENCY_REGIONS,87,95,91.8,9
2024,GENERAL,FULL,B041,,Психология,185,GENERAL,106,106,106.0,1
2024,GENERAL,FULL,B042,,Журналистика и репортерское дело,10,EMERGENCY_REGIONS,121,127,124.7,3
2024,GENERAL,FULL,B042,,Журналистика и репортерское дело,10,GENERAL,128,128,128.0,2
2024,GENERAL,FULL,B042,,Журналистика и репортерское дело,11,RURAL,123,124,123.5,2
2024,GENERAL,FULL,B042,,Журналистика и репортерское дело,13,EMERGENCY_REGIONS,123,127,124.8,10
2024,GENERAL,FULL,B042,,Журналистика и репортерское дело,13,GENERAL,127,130,128.3,39
2024,GENERAL,FULL,B042,,Журналистика и репортерское дело,13,RURAL,123,127,124.2,10
2024,GENERAL,FULL,B042,,Журналистика и репортерское дело,15,EMERGENCY_REGIONS,121,121,121.0,1
2024,GENERAL,FULL,B042,,Журналистика и репортерское дело,15,GENERAL,127,127,127.0,2
2024,GENERAL,FULL,B042,,Журналистика и репортерское дело,15,RURAL,123,125,123.8,4
2024,GENERAL,FULL,B042,,Журналистика и репортерское дело,22,GENERAL,127,127,127.0,1
2024,GENERAL,FULL,B042,,Журналистика и репортерское дело,23,EMERGENCY_REGIONS,121,121,121.0,1
2024,GENERAL,FULL,B042,,Журналистика и репортерское дело,27,EMERGENCY_REGIONS,121,126,123.3,9
2024,GENERAL,FULL,B042,,Журналистика и репортерское дело,27,GENERAL,127,130,128.3,29
2024,GENERAL,FULL,B042,,Журналистика и репортерское дело,27,RURAL,123,127,124.9,37
2024,GENERAL,FULL,B042,,Журналистика и репортерское дело,31,GENERAL,129,130,129.3,3
2024,GENERAL,FULL,B042,,Журналистика и репортерское дело,31,RURAL,123,126,124.3,3
2024,GENERAL,FULL,B042,,Журналистика и репортерское дело,34,GENERAL,127,127,127.0,1
2024,GENERAL,FULL,B042,,Журналистика и репортерское дело,36,EMERGENCY_REGIONS,121,126,122.9,7
2024,GENERAL,FULL,B042,,Журналистика и репортерское дело,36,GENERAL,129,129,129.0,1
2024,GENERAL,FULL,B042,,Журналистика и репортерское дело,36,RURAL,125,125,125.0,1
2024,GENERAL,FULL,B042,,Журналистика и репортерское дело,37,GENERAL,127,127,127.0,1
2024,GENERAL,FULL,B042,,Журналистика и репортерское дело,37,RURAL,125,125,125.0,1
2024,GENERAL,FULL,B042,,Журналистика и репортерское дело,38,GENERAL,127,127,127.0,1
2024,GENERAL,FULL,B042,,Журналистика и репортерское дело,38,RURAL,124,127,125.5,2
2024,GENERAL,FULL,B042,,Журналистика и репортерское дело,40,EMERGENCY_REGIONS,120,127,122.8,10
2024,GENERAL,FULL,B042,,Журналистика и репортерское дело,40,GENERAL,128,128,128.0,2
2024,GENERAL,FULL,B042,,Журналистика и репортерское дело,40,RURAL,123,126,124.0,3
2024,GENERAL,FULL,B042,,Журналистика и репортерское дело,43,GENERAL,129,130,129.5,2
2024,GENERAL,FULL,B042,,Журналистика и репортерское дело,43,RURAL,123,123,123.0,2
2024,GENERAL,FULL,B042,,Журналистика и репортерское дело,45,GENERAL,128,129,128.3,3
2024,GENERAL,FULL,B042,,Журналистика и репортерское дело,45,RURAL,123,126,124.2,9
2024,GENERAL,FULL,B042,,Журналистика и репортерское дело,69,GENERAL,128,129,128.3,3
2024,GENERAL,FULL,B042,,Журналистика и репортерское дело,69,RURAL,123,124,123.3,3
2024,GENERAL,FULL,B042,,Журналистика и репортерское дело,83,EMERGENCY_REGIONS,121,121,121.0,1
2024,GENERAL,FULL,B042,,Журналистика и репортерское дело,83,GENERAL,129,129,129.0,1
2024,GENERAL,FULL,B042,,Журналистика и репортерское дело,93,GENERAL,130,130,130.0,1
2024,GENERAL,FULL,B042,,Журналистика и репортерское дело,93,RURAL,126,126,126.0,1
2024,GENERAL,FULL,B042,,Журналистика и репортерское дело,174,EMERGENCY_REGIONS,121,125,123.2,4
2024,GENERAL,FULL,B042,,Журналистика и репортерское дело,174,GENERAL,127,128,127.3,3
2024,GENERAL,FULL,B042,,Журналистика и репортерское дело,190,GENERAL,127,130,128.5,4
2024,GENERAL,FULL,B042,,Журналистика и репортерское дело,190,RURAL,123,124,123.3,3
2024,GENERAL,FULL,B042,,Журналистика и репортерское дело,302,EMERGENCY_REGIONS,122,122,122.0,1
2024,GENERAL,FULL,B042,,Журналистика и репортерское дело,302,GENERAL,127,130,128.6,16
2024,GENERAL,FULL,B042,,Журналистика и репортерское дело,302,RURAL,123,127,125.3,3
2024,GENERAL,FULL,B042,,Журналистика и репортерское дело,522,EMERGENCY_REGIONS,127,127,127.0,1
2024,GENERAL,FULL,B042,,Журналистика и репортерское дело,522,GENERAL,127,130,128.5,2
2024,GENERAL,FULL,B042,,Журналистика и репортерское дело,522,RURAL,126,126,126.0,1
2024,GENERAL,FULL,B043,,"Библиотечное дело, обработка информации и архивное дело",16,EMERGENCY_REGIONS,90,95,92.2,9
2024,GENERAL,FULL,B043,,"Библиотечное дело, обработка информации и архивное дело",25,EMERGENCY_REGIONS,88,98,94.6,5
2024,GENERAL,FULL,B043,,"Библиотечное дело, обработка информации и архивное дело",25,GENERAL,111,119,114.7,26
2024,GENERAL,FULL,B043,,"Библиотечное дело, обработка информации и архивное дело",25,RURAL,103,110,106.7,18
2024,GENERAL,FULL,B043,,"Библиотечное дело, обработка информации и архивное дело",27,EMERGENCY_REGIONS,90,103,96.5,2
2024,GENERAL,FULL,B043,,"Библиотечное дело, обработка информации и архивное дело",27,GENERAL,112,118,114.7,17
2024,GENERAL,FULL,B043,,"Библиотечное дело, обработка информации и архивное дело",27,RURAL,104,110,107.2,11
2024,GENERAL,FULL,B043,,"Библиотечное дело, обработка информации и архивное дело",36,EMERGENCY_REGIONS,94,96,95.0,2
2024,GENERAL,FULL,B043,,"Библиотечное дело, обработка информации и архивное дело",36,GENERAL,118,118,118.0,1
2024,GENERAL,FULL,B043,,"Библиотечное дело, обработка информации и архивное дело",38,RURAL,104,104,104.0,1
2024,GENERAL,FULL,B043,,"Библиотечное дело, обработка информации и архивное дело",45,RURAL,106,106,106.0,2
2024,GENERAL,FULL,B044,,Менеджмент и управление,7,RURAL,117,117,117.0,1
2024,GENERAL,FULL,B044,,Менеджмент и управление,13,EMERGENCY_REGIONS,113,125,116.1,8
2024,GENERAL,FULL,B044,,Менеджмент и управление,13,GENERAL,126,137,129.7,11
2024,GENERAL,FULL,B044,,Менеджмент и управление,13,RURAL,115,124,119.0,17
2024,GENERAL,FULL,B044,,Менеджмент и управление,15,GENERAL,131,131,131.0,1
2024,GENERAL,FULL,B044,,Менеджмент и управление,16,EMERGENCY_REGIONS,117,117,117.0,1
2024,GENERAL,FULL,B044,,Менеджмент и управление,21,EMERGENCY_REGIONS,113,125,119.1,10
2024,GENERAL,FULL,B044,,Менеджмент и управление,21,GENERAL,126,134,129.4,19
2024,GENERAL,FULL,B044,,Менеджмент и управление,21,RURAL,114,125,119.1,27
2024,GENERAL,FULL,B044,,Менеджмент и управление,23,RURAL,119,119,119.0,1
2024,GENERAL,FULL,B044,,Менеджмент и управление,27,EMERGENCY_REGIONS,113,122,116.3,3
2024,GENERAL,FULL,B044,,Менеджмент и управление,27,GENERAL,126,138,128.5,10
2024,GENERAL,FULL,B044,,Менеджмент и управление,27,RURAL,114,122,118.3,18
2024,GENERAL,FULL,B044,,Менеджмент и управление,29,EMERGENCY_REGIONS,118,118,118.0,1
2024,GENERAL,FULL,B044,,Менеджмент и управление,34,RURAL,115,115,115.0,1
2024,GENERAL,FULL,B044,,Менеджмент и управление,37,GENERAL,126,134,130.0,2
2024,GENERAL,FULL,B044,,Менеджмент и управление,37,RURAL,118,118,118.0,1
2024,GENERAL,FULL,B044,,Менеджмент и управление,83,GENERAL,131,131,131.0,2
2024,GENERAL,FULL,B044,,Менеджмент и управление,83,RURAL,115,117,116.2,5
2024,GENERAL,FULL,B044,,Менеджмент и управление,140,EMERGENCY_REGIONS,114,114,114.0,1
2024,GENERAL,FULL,B044,,Менеджмент и управление,160,GENERAL,127,127,127.0,1
2024,GENERAL,FULL,B044,,Менеджмент и управление,174,EMERGENCY_REGIONS,120,125,122.5,15
2024,GENERAL,FULL,B044,,Менеджмент и управление,174,GENERAL,126,137,130.2,42
2024,GENERAL,FULL,B044,,Менеджмент и управление,174,RURAL,122,125,123.5,4
2024,GENERAL,FULL,B044,,Менеджмент и управление,302,EMERGENCY_REGIONS,114,125,120.6,11
2024,GENERAL,FULL,B044,,Менеджмент и управление,302,GENERAL,126,137,128.9,15
2024,GENERAL,FULL,B044,,Менеджмент и управление,302,RURAL,114,124,118.7,17
2024,GENERAL,FULL,B044,,Менеджмент и управление,421,EMERGENCY_REGIONS,113,124,118.5,4
2024,GENERAL,FULL,B044,,Менеджмент и управление,421,GENERAL,126,139,130.3,21
2024,GENERAL,FULL,B044,,Менеджмент и управление,421,RURAL,117,125,121.6,7
2024,GENERAL,FULL,B044,,Менеджмент и управление,522,EMERGENCY_REGIONS,115,119,117.5,4
2024,GENERAL,FULL,B044,,Менеджмент и управление,522,GENERAL,127,132,129.8,4
2024,GENERAL,FULL,B044,,Менеджмент и управление,522,RURAL,115,119,117.0,3
2024,GENERAL,FULL,B045,,Аудит и налогообложение,5,EMERGENCY_REGIONS,110,115,112.5,2
2024,GENERAL,FULL,B045,,Аудит и налогообложение,5,RURAL,114,114,114.0,1
2024,GENERAL,FULL,B045,,Аудит и налогообложение,7,RURAL,113,113,113.0,1
2024,GENERAL,FULL,B045,,Аудит и налогообложение,10,EMERGENCY_REGIONS,112,119,115.5,2
2024,GENERAL,FULL,B045,,Аудит и налогообложение,13,EMERGENCY_REGIONS,110,118,112.2,12
2024,GENERAL,FULL,B045,,Аудит и налогообложение,13,GENERAL,121,125,123.0,7
2024,GENERAL,FULL,B045,,Аудит и налогообложение,13,RURAL,113,119,114.9,9
2024,GENERAL,FULL,B045,,Аудит и налогообложение,21,EMERGENCY_REGIONS,111,116,113.5,2
2024,GENERAL,FULL,B045,,Аудит и налогообложение,21,GENERAL,121,131,124.9,10
2024,GENERAL,FULL,B045,,Аудит и налогообложение,21,RURAL,113,118,115.1,8
2024,GENERAL,FULL,B045,,Аудит и налогообложение,27,EMERGENCY_REGIONS,111,121,116.0,2
2024,GENERAL,FULL,B045,,Аудит и налогообложение,27,GENERAL,121,128,122.9,12
2024,GENERAL,FULL,B045,,Аудит и налогообложение,27,RURAL,114,119,116.5,8
2024,GENERAL,FULL,B045,,Аудит и налогообложение,34,RURAL,116,116,116.0,1
2024,GENERAL,FULL,B045,,Аудит и налогообложение,36,EMERGENCY_REGIONS,111,111,111.0,1
2024,GENERAL,FULL,B045,,Аудит и налогообложение,36,GENERAL,126,126,126.0,1
2024,GENERAL,FULL,B045,,Аудит и налогообложение,37,RURAL,116,117,116.3,3
2024,GENERAL,FULL,B045,,Аудит и налогообложение,38,GENERAL,121,121,121.0,2
2024,GENERAL,FULL,B045,,Аудит и налогообложение,69,RURAL,115,118,116.5,2
2024,GENERAL,FULL,B045,,Аудит и налогообложение,83,RURAL,113,116,114.0,3
2024,GENERAL,FULL,B045,,Аудит и налогообложение,140,EMERGENCY_REGIONS,110,110,110.0,1
2024,GENERAL,FULL,B045,,Аудит и налогообложение,174,EMERGENCY_REGIONS,121,121,121.0,1
2024,GENERAL,FULL,B045,,Аудит и налогообложение,174,GENERAL,121,136,127.9,9
2024,GENERAL,FULL,B045,,Аудит и налогообложение,174,RURAL,121,121,121.0,1
2024,GENERAL,FULL,B045,,Аудит и налогообложение,184,EMERGENCY_REGIONS,111,111,111.0,1
2024,GENERAL,FULL,B045,,Аудит и налогообложение,302,EMERGENCY_REGIONS,111,118,114.0,3
2024,GENERAL,FULL,B045,,Аудит и налогообложение,302,GENERAL,124,133,128.0,6
2024,GENERAL,FULL,B045,,Аудит и налогообложение,302,RURAL,114,118,115.4,5
2024,GENERAL,FULL,B045,,Аудит и налогообложение,421,EMERGENCY_REGIONS,118,118,118.0,1
2024,GENERAL,FULL,B045,,Аудит и налогообложение,421,GENERAL,121,138,126.9,14
2024,GENERAL,FULL,B045,,Аудит и налогообложение,421,RURAL,114,121,117.1,7
2024,GENERAL,FULL,B045,,Аудит и налогообложение,501,GENERAL,122,122,122.0,1
2024,GENERAL,FULL,B046,,"Финансы, экономика, банковское и страховое дело",5,EMERGENCY_REGIONS,112,112,112.0,1
2024,GENERAL,FULL,B046,,"Финансы, экономика, банковское и страховое дело",5,GENERAL,127,128,127.5,2
2024,GENERAL,FULL,B046,,"Финансы, экономика, банковское и страховое дело",12,GENERAL,123,123,123.0,1
2024,GENERAL,FULL,B046,,"Финансы, экономика, банковское и страховое дело",13,EMERGENCY_REGIONS,112,121,115.7,36
2024,GENERAL,FULL,B046,,"Финансы, экономика, банковское и страховое дело",13,GENERAL,122,136,125.9,18
2024,GENERAL,FULL,B046,,"Финансы, экономика, банковское и страховое дело",16,GENERAL,122,122,122.0,1
2024,GENERAL,FULL,B046,,"Финансы, экономика, банковское и страховое дело",21,EMERGENCY_REGIONS,112,112,112.0,1
2024,GENERAL,FULL,B046,,"Финансы, экономика, банковское и страховое дело",21,GENERAL,122,134,127.9,15
2024,GENERAL,FULL,B046,,"Финансы, экономика, банковское и страховое дело",22,EMERGENCY_REGIONS,114,114,114.0,1
2024,GENERAL,FULL,B046,,"Финансы, экономика, банковское и страховое дело",22,GENERAL,122,122,122.0,1
2024,GENERAL,FULL,B046,,"Финансы, экономика, банковское и страховое дело",27,EMERGENCY_REGIONS,112,121,115.6,5
2024,GENERAL,FULL,B046,,"Финансы, экономика, банковское и страховое дело",27,GENERAL,122,132,124.3,15
2024,GENERAL,FULL,B046,,"Финансы, экономика, банковское и страховое дело",35,EMERGENCY_REGIONS,112,112,112.0,1
2024,GENERAL,FULL,B046,,"Финансы, экономика, банковское и страховое дело",37,GENERAL,124,124,124.0,1
2024,GENERAL,FULL,B046,,"Финансы, экономика, банковское и страховое дело",69,GENERAL,122,127,124.0,3
2024,GENERAL,FULL,B046,,"Финансы, экономика, банковское и страховое дело",83,EMERGENCY_REGIONS,115,115,115.0,1
2024,GENERAL,FULL,B046,,"Финансы, экономика, банковское и страховое дело",83,GENERAL,122,138,125.6,9
2024,GENERAL,FULL,B046,,"Финансы, экономика, банковское и страховое дело",174,EMERGENCY_REGIONS,120,121,120.5,4
2024,GENERAL,FULL,B046,,"Финансы, экономика, банковское и страховое дело",174,GENERAL,121,140,128.0,121
2024,GENERAL,FULL,B046,,"Финансы, экономика, банковское и страховое дело",185,EMERGENCY_REGIONS,114,114,114.0,1
2024,GENERAL,FULL,B046,,"Финансы, экономика, банковское и страховое дело",302,EMERGENCY_REGIONS,113,120,115.4,11
2024,GENERAL,FULL,B046,,"Финансы, экономика, банковское и страховое дело",302,GENERAL,121,134,126.5,46
2024,GENERAL,FULL,B046,,"Финансы, экономика, банковское и страховое дело",421,EMERGENCY_REGIONS,112,119,115.7,11
2024,GENERAL,FULL,B046,,"Финансы, экономика, банковское и страховое дело",421,GENERAL,122,140,127.4,57
2024,GENERAL,FULL,B047,,Маркетинг и реклама,21,EMERGENCY_REGIONS,110,116,113.6,8
2024,GENERAL,FULL,B047,,Маркетинг и реклама,21,GENERAL,119,129,121.1,18
2024,GENERAL,FULL,B047,,Маркетинг и реклама,27,GENERAL,118,125,121.3,3
2024,GENERAL,FULL,B047,,Маркетинг и реклама,31,GENERAL,119,120,119.5,2
2024,GENERAL,FULL,B047,,Маркетинг и реклама,36,EMERGENCY_REGIONS,117,117,117.0,1
2024,GENERAL,FULL,B047,,Маркетинг и реклама,38,GENERAL,118,118,118.0,1
2024,GENERAL,FULL,B047,,Маркетинг и реклама,45,GENERAL,119,119,119.0,1
2024,GENERAL,FULL,B047,,Маркетинг и реклама,69,GENERAL,121,121,121.0,1
2024,GENERAL,FULL,B047,,Маркетинг и реклама,83,EMERGENCY_REGIONS,110,111,110.5,2
2024,GENERAL,FULL,B047,,Маркетинг и реклама,83,GENERAL,118,123,120.1,8
2024,GENERAL,FULL,B047,,Маркетинг и реклама,173,EMERGENCY_REGIONS,112,112,112.0,1
2024,GENERAL,FULL,B047,,Маркетинг и реклама,174,GENERAL,120,133,123.4,13
2024,GENERAL,FULL,B047,,Маркетинг и реклама,185,EMERGENCY_REGIONS,110,111,110.5,2
2024,GENERAL,FULL,B047,,Маркетинг и реклама,185,GENERAL,119,119,119.0,1
2024,GENERAL,FULL,B047,,Маркетинг и реклама,302,EMERGENCY_REGIONS,110,112,111.0,2
2024,GENERAL,FULL,B047,,Маркетинг и реклама,302,GENERAL,118,124,120.4,11
2024,GENERAL,FULL,B047,,Маркетинг и реклама,421,EMERGENCY_REGIONS,110,118,114.0,2
2024,GENERAL,FULL,B047,,Маркетинг и реклама,421,GENERAL,119,131,121.5,12
2024,GENERAL,FULL,B048,,Трудовые навыки,21,EMERGENCY_REGIONS,108,110,108.8,5
2024,GENERAL,FULL,B048,,Трудовые навыки,21,GENERAL,114,125,116.9,20
2024,GENERAL,FULL,B049,,Право,13,EMERGENCY_REGIONS,115,122,117.7,12
2024,GENERAL,FULL,B049,,Право,13,GENERAL,122,129,125.1,9
2024,GENERAL,FULL,B049,,Право,21,EMERGENCY_REGIONS,115,119,116.7,3
2024,GENERAL,FULL,B049,,Право,21,GENERAL,130,130,130.0,1
2024,GENERAL,FULL,B049,,Право,27,EMERGENCY_REGIONS,116,121,118.2,5
2024,GENERAL,FULL,B049,,Право,27,GENERAL,122,133,126.0,30
2024,GENERAL,FULL,B049,,Право,31,EMERGENCY_REGIONS,117,117,117.0,1
2024,GENERAL,FULL,B049,,Право,31,GENERAL,123,123,123.0,1
2024,GENERAL,FULL,B049,,Право,35,EMERGENCY_REGIONS,117,117,117.0,1
2024,GENERAL,FULL,B049,,Право,79,EMERGENCY_REGIONS,116,116,116.0,1
2024,GENERAL,FULL,B049,,Право,174,EMERGENCY_REGIONS,120,122,121.1,7
2024,GENERAL,FULL,B049,,Право,174,GENERAL,122,137,127.3,71
2024,GENERAL,FULL,B049,,Право,302,GENERAL,123,130,126.3,3
2024,GENERAL,FULL,B050,,Биологические и смежные науки,2,EMERGENCY_REGIONS,69,79,73.5,29
2024,GENERAL,FULL,B050,,Биологические и смежные науки,2,GENERAL,80,130,86.9,69
2024,GENERAL,FULL,B050,,Биологические и смежные науки,5,EMERGENCY_REGIONS,69,79,72.8,46
2024,GENERAL,FULL,B050,,Биологические и смежные науки,5,GENERAL,79,81,80.2,10
2024,GENERAL,FULL,B050,,Биологические и смежные науки,7,EMERGENCY_REGIONS,69,77,73.7,9
2024,GENERAL,FULL,B050,,Биологические и смежные науки,7,GENERAL,79,99,86.1,39
2024,GENERAL,FULL,B050,,Биологические и смежные науки,11,GENERAL,80,102,87.8,4
2024,GENERAL,FULL,B050,,Биологические и смежные науки,13,GENERAL,90,136,99.1,109
2024,GENERAL,FULL,B050,,Биологические и смежные науки,24,EMERGENCY_REGIONS,69,76,72.5,2
2024,GENERAL,FULL,B050,,Биологические и смежные науки,24,GENERAL,83,86,84.5,2
2024,GENERAL,FULL,B050,,Биологические и смежные науки,25,EMERGENCY_REGIONS,69,78,74.3,24
2024,GENERAL,FULL,B050,,Биологические и смежные науки,25,GENERAL,79,101,85.7,206
2024,GENERAL,FULL,B050,,Биологические и смежные науки,27,EMERGENCY_REGIONS,71,79,75.8,9
2024,GENERAL,FULL,B050,,Биологические и смежные науки,27,GENERAL,79,138,92.3,312
2024,GENERAL,FULL,B050,,Биологические и смежные науки,29,EMERGENCY_REGIONS,69,79,74.8,4
2024,GENERAL,FULL,B050,,Биологические и смежные науки,29,GENERAL,79,99,85.7,13
2024,GENERAL,FULL,B050,,Биологические и смежные науки,30,EMERGENCY_REGIONS,71,78,73.6,5
2024,GENERAL,FULL,B050,,Биологические и смежные науки,30,GENERAL,80,110,88.1,44
2024,GENERAL,FULL,B050,,Биологические и смежные науки,31,EMERGENCY_REGIONS,69,79,73.0,5
2024,GENERAL,FULL,B050,,Биологические и смежные науки,31,GENERAL,79,97,86.1,16
2024,GENERAL,FULL,B050,,Биологические и смежные науки,37,EMERGENCY_REGIONS,74,74,74.0,1
2024,GENERAL,FULL,B050,,Биологические и смежные науки,37,GENERAL,79,101,86.5,40
2024,GENERAL,FULL,B050,,Биологические и смежные науки,43,GENERAL,80,98,86.0,8
2024,GENERAL,FULL,B050,,Биологические и смежные науки,49,GENERAL,82,98,88.7,3
2024,GENERAL,FULL,B050,,Биологические и смежные науки,53,EMERGENCY_REGIONS,75,76,75.3,3
2024,GENERAL,FULL,B050,,Биологические и смежные науки,53,GENERAL,80,95,83.8,6
2024,GENERAL,FULL,B050,,Биологические и смежные науки,182,EMERGENCY_REGIONS,70,77,74.2,4
2024,GENERAL,FULL,B050,,Биологические и смежные науки,182,GENERAL,82,107,89.2,6
2024,GENERAL,FULL,B050,,Биологические и смежные науки,185,EMERGENCY_REGIONS,69,79,73.9,24
2024,GENERAL,FULL,B050,,Биологические и смежные науки,185,GENERAL,79,108,86.0,86
2024,GENERAL,FULL,B050,,Биологические и смежные науки,196,GENERAL,80,93,86.3,20
2024,GENERAL,FULL,B051,,Окружающая среда,2,EMERGENCY_REGIONS,67,72,69.7,13
2024,GENERAL,FULL,B051,,Окружающая среда,2,GENERAL,72,103,77.9,58
2024,GENERAL,FULL,B051,,Окружающая среда,3,EMERGENCY_REGIONS,68,68,68.0,1
2024,GENERAL,FULL,B051,,Окружающая среда,3,GENERAL,73,73,73.0,2
2024,GENERAL,FULL,B051,,Окружающая среда,5,EMERGENCY_REGIONS,67,72,69.4,31
2024,GENERAL,FULL,B051,,Окружающая среда,5,GENERAL,72,73,72.9,8
2024,GENERAL,FULL,B051,,Окружающая среда,7,EMERGENCY_REGIONS,67,71,69.3,6
2024,GENERAL,FULL,B051,,Окружающая среда,7,GENERAL,72,93,77.2,38
2024,GENERAL,FULL,B051,,Окружающая среда,11,GENERAL,72,106,78.1,25
2024,GENERAL,FULL,B051,,Окружающая среда,13,GENERAL,85,127,93.5,47
2024,GENERAL,FULL,B051,,Окружающая среда,15,GENERAL,72,76,73.5,6
2024,GENERAL,FULL,B051,,Окружающая среда,16,EMERGENCY_REGIONS,67,71,69.3,10
2024,GENERAL,FULL,B051,,Окружающая среда,16,GENERAL,74,85,80.2,4
2024,GENERAL,FULL,B051,,Окружающая среда,21,GENERAL,80,109,90.2,33
2024,GENERAL,FULL,B051,,Окружающая среда,24,EMERGENCY_REGIONS,69,69,69.0,1
2024,GENERAL,FULL,B051,,Окружающая среда,24,GENERAL,73,86,76.9,14
2024,GENERAL,FULL,B051,,Окружающая среда,27,EMERGENCY_REGIONS,69,72,70.7,3
2024,GENERAL,FULL,B051,,Окружающая среда,27,GENERAL,72,112,81.8,73
2024,GENERAL,FULL,B051,,Окружающая среда,29,GENERAL,73,92,83.9,24
2024,GENERAL,FULL,B051,,Окружающая среда,31,EMERGENCY_REGIONS,70,70,70.0,1
2024,GENERAL,FULL,B051,,Окружающая среда,31,GENERAL,73,93,77.9,32
2024,GENERAL,FULL,B051,,Окружающая среда,34,GENERAL,72,84,74.2,13
2024,GENERAL,FULL,B051,,Окружающая среда,35,EMERGENCY_REGIONS,67,67,67.0,2
2024,GENERAL,FULL,B051,,Окружающая среда,36,EMERGENCY_REGIONS,67,72,69.3,17
2024,GENERAL,FULL,B051,,Окружающая среда,36,GENERAL,72,72,72.0,1
2024,GENERAL,FULL,B051,,Окружающая среда,37,GENERAL,72,89,76.0,19
2024,GENERAL,FULL,B051,,Окружающая среда,38,GENERAL,72,73,72.8,4
2024,GENERAL,FULL,B051,,Окружающая среда,40,EMERGENCY_REGIONS,67,72,69.8,16
2024,GENERAL,FULL,B051,,Окружающая среда,40,GENERAL,72,98,78.8,13
2024,GENERAL,FULL,B051,,Окружающая среда,43,GENERAL,72,91,75.2,19
2024,GENERAL,FULL,B051,,Окружающая среда,45,GENERAL,72,91,76.3,29
2024,GENERAL,FULL,B051,,Окружающая среда,53,EMERGENCY_REGIONS,68,68,68.0,1
2024,GENERAL,FULL,B051,,Окружающая среда,53,GENERAL,72,92,78.2,12
2024,GENERAL,FULL,B051,,Окружающая среда,122,GENERAL,73,81,76.8,6
2024,GENERAL,FULL,B051,,Окружающая среда,145,EMERGENCY_REGIONS,72,72,72.0,1
2024,GENERAL,FULL,B051,,Окружающая среда,146,GENERAL,73,75,74.0,2
2024,GENERAL,FULL,B051,,Окружающая среда,158,EMERGENCY_REGIONS,67,70,68.8,4
2024,GENERAL,FULL,B051,,Окружающая среда,158,GENERAL,73,78,75.5,2
2024,GENERAL,FULL,B051,,Окружающая среда,182,EMERGENCY_REGIONS,72,72,72.0,1
2024,GENERAL,FULL,B051,,Окружающая среда,182,GENERAL,72,84,77.5,16
2024,GENERAL,FULL,B051,,Окружающая среда,185,EMERGENCY_REGIONS,67,71,69.6,13
2024,GENERAL,FULL,B051,,Окружающая среда,185,GENERAL,72,111,78.9,63
2024,GENERAL,FULL,B051,,Окружающая среда,501,EMERGENCY_REGIONS,67,71,68.7,6
2024,GENERAL,FULL,B051,,Окружающая среда,501,GENERAL,78,127,93.5,4
2024,GENERAL,FULL,B052,,Наука о земле,5,EMERGENCY_REGIONS,55,66,59.3,29
2024,GENERAL,FULL,B052,,Наука о земле,5,GENERAL,67,82,74.5,27
2024,GENERAL,FULL,B052,,Наука о земле,7,EMERGENCY_REGIONS,65,66,65.5,2
2024,GENERAL,FULL,B052,,Наука о земле,7,GENERAL,67,113,79.4,98
2024,GENERAL,FULL,B052,,Наука о земле,11,GENERAL,68,119,80.1,14
2024,GENERAL,FULL,B052,,Наука о земле,13,GENERAL,95,120,102.5,119
2024,GENERAL,FULL,B052,,Наука о земле,16,EMERGENCY_REGIONS,51,64,58.6,12
2024,GENERAL,FULL,B052,,Наука о земле,16,GENERAL,68,104,83.9,9
2024,GENERAL,FULL,B052,,Наука о земле,27,GENERAL,75,118,90.4,193
2024,GENERAL,FULL,B052,,Наука о земле,29,GENERAL,67,83,74.2,84
2024,GENERAL,FULL,B052,,Наука о земле,31,EMERGENCY_REGIONS,56,59,57.5,2
2024,GENERAL,FULL,B052,,Наука о земле,31,GENERAL,68,112,80.0,28
2024,GENERAL,FULL,B052,,Наука о земле,38,GENERAL,68,83,75.1,14
2024,GENERAL,FULL,B052,,Наука о земле,43,GENERAL,68,118,80.3,14
2024,GENERAL,FULL,B052,,Наука о земле,45,GENERAL,67,77,71.5,29
2024,GENERAL,FULL,B052,,Наука о земле,185,EMERGENCY_REGIONS,60,66,62.5,12
2024,GENERAL,FULL,B052,,Наука о земле,185,GENERAL,67,110,81.9,222
2024,GENERAL,FULL,B053,,Химия,5,EMERGENCY_REGIONS,55,69,62.6,94
2024,GENERAL,FULL,B053,,Химия,5,GENERAL,69,75,71.9,28
2024,GENERAL,FULL,B053,,Химия,7,EMERGENCY_REGIONS,65,68,66.0,5
2024,GENERAL,FULL,B053,,Химия,7,GENERAL,69,109,77.0,172
2024,GENERAL,FULL,B053,,Химия,10,EMERGENCY_REGIONS,50,58,54.1,22
2024,GENERAL,FULL,B053,,Химия,11,EMERGENCY_REGIONS,57,57,57.0,1
2024,GENERAL,FULL,B053,,Химия,11,GENERAL,69,102,77.3,32
2024,GENERAL,FULL,B053,,Химия,13,GENERAL,90,134,98.7,58
2024,GENERAL,FULL,B053,,Химия,16,EMERGENCY_REGIONS,50,69,60.5,69
2024,GENERAL,FULL,B053,,Химия,16,GENERAL,69,90,75.1,33
2024,GENERAL,FULL,B053,,Химия,25,EMERGENCY_REGIONS,65,69,66.8,20
2024,GENERAL,FULL,B053,,Химия,25,GENERAL,69,102,77.0,501
2024,GENERAL,FULL,B053,,Химия,27,GENERAL,80,138,92.2,141
2024,GENERAL,FULL,B053,,Химия,31,EMERGENCY_REGIONS,57,62,60.2,5
2024,GENERAL,FULL,B053,,Химия,31,GENERAL,69,95,74.9,39
2024,GENERAL,FULL,B053,,Химия,38,GENERAL,71,75,73.2,6
2024,GENERAL,FULL,B053,,Химия,43,EMERGENCY_REGIONS,52,52,52.0,1
2024,GENERAL,FULL,B053,,Химия,43,GENERAL,69,110,78.3,39
2024,GENERAL,FULL,B053,,Химия,45,GENERAL,69,86,76.7,44
2024,GENERAL,FULL,B054,,Физика,5,EMERGENCY_REGIONS,55,64,58.3,9
2024,GENERAL,FULL,B054,,Физика,5,GENERAL,65,76,69.6,19
2024,GENERAL,FULL,B054,,Физика,7,GENERAL,65,106,77.1,188
2024,GENERAL,FULL,B054,,Физика,11,GENERAL,66,87,73.9,15
2024,GENERAL,FULL,B054,,Физика,13,GENERAL,90,123,98.4,77
2024,GENERAL,FULL,B054,,Физика,25,GENERAL,65,112,79.9,478
2024,GENERAL,FULL,B054,,Физика,27,GENERAL,70,127,85.3,201
2024,GENERAL,FULL,B054,,Физика,31,GENERAL,65,107,77.5,47
2024,GENERAL,FULL,B054,,Физика,37,GENERAL,65,104,77.2,37
2024,GENERAL,FULL,B054,,Физика,38,GENERAL,67,74,71.0,4
2024,GENERAL,FULL,B054,,Физика,43,GENERAL,65,90,76.0,20
2024,GENERAL,FULL,B054,,Физика,45,GENERAL,64,84,70.7,46
2024,GENERAL,FULL,B054,,Физика,223,GENERAL,79,87,82.7,3
2024,GENERAL,FULL,B055,,Математика и статистика,5,EMERGENCY_REGIONS,55,87,71.7,74
2024,GENERAL,FULL,B055,,Математика и статистика,7,EMERGENCY_REGIONS,67,91,78.9,29
2024,GENERAL,FULL,B055,,Математика и статистика,7,GENERAL,92,122,100.1,174
2024,GENERAL,FULL,B055,,Математика и статистика,10,EMERGENCY_REGIONS,50,53,52.0,3
2024,GENERAL,FULL,B055,,Математика и статистика,11,GENERAL,93,108,99.5,6
2024,GENERAL,FULL,B055,,Математика и статистика,13,GENERAL,105,132,111.0,94
2024,GENERAL,FULL,B055,,Математика и статистика,21,GENERAL,100,125,107.2,73
2024,GENERAL,FULL,B055,,Математика и статистика,27,EMERGENCY_REGIONS,90,91,90.7,3
2024,GENERAL,FULL,B055,,Математика и статистика,27,GENERAL,92,127,103.7,324
2024,GENERAL,FULL,B055,,Математика и статистика,31,EMERGENCY_REGIONS,64,91,78.2,4
2024,GENERAL,FULL,B055,,Математика и статистика,31,GENERAL,92,107,98.6,11
2024,GENERAL,FULL,B055,,Математика и статистика,37,EMERGENCY_REGIONS,74,74,74.0,1
2024,GENERAL,FULL,B055,,Математика и статистика,37,GENERAL,93,115,100.9,30
2024,GENERAL,FULL,B055,,Математика и статистика,43,GENERAL,93,107,98.6,8
2024,GENERAL,FULL,B055,,Математика и статистика,45,GENERAL,92,97,94.9,12
2024,GENERAL,FULL,B055,,Математика и статистика,154,EMERGENCY_REGIONS,57,71,62.3,3
2024,GENERAL,FULL,B055,,Математика и статистика,154,GENERAL,104,104,104.0,1
2024,GENERAL,FULL,B055,,Математика и статистика,173,EMERGENCY_REGIONS,51,92,73.0,22
2024,GENERAL,FULL,B055,,Математика и статистика,173,GENERAL,92,105,97.2,20
2024,GENERAL,FULL,B055,,Математика и статистика,223,EMERGENCY_REGIONS,75,75,75.0,1
2024,GENERAL,FULL,B055,,Математика и статистика,302,GENERAL,110,139,119.3,99
2024,GENERAL,FULL,B056,,Механика,13,GENERAL,87,130,97.7,19
2024,GENERAL,FULL,B056,,Механика,27,GENERAL,70,127,84.0,48
2024,GENERAL,FULL,B056,,Механика,31,GENERAL,56,81,63.0,11
2024,GENERAL,FULL,B057,,Информационные технологии,2,EMERGENCY_REGIONS,62,98,73.8,62
2024,GENERAL,FULL,B057,,Информационные технологии,2,GENERAL,112,112,112.0,1
2024,GENERAL,FULL,B057,,Информационные технологии,2,RURAL,69,97,79.9,94
2024,GENERAL,FULL,B057,,Информационные технологии,3,EMERGENCY_REGIONS,82,82,82.0,1
2024,GENERAL,FULL,B057,,Информационные технологии,3,GENERAL,116,121,118.5,2
2024,GENERAL,FULL,B057,,Информационные технологии,3,RURAL,69,102,79.4,11
2024,GENERAL,FULL,B057,,Информационные технологии,5,EMERGENCY_REGIONS,62,103,71.0,70
2024,GENERAL,FULL,B057,,Информационные технологии,5,GENERAL,111,115,113.3,3
2024,GENERAL,FULL,B057,,Информационные технологии,5,RURAL,69,108,76.9,24
2024,GENERAL,FULL,B057,,Информационные технологии,7,EMERGENCY_REGIONS,65,67,66.0,3
2024,GENERAL,FULL,B057,,Информационные технологии,7,RURAL,69,107,76.0,60
2024,GENERAL,FULL,B057,,Информационные технологии,9,EMERGENCY_REGIONS,64,109,75.7,9
2024,GENERAL,FULL,B057,,Информационные технологии,9,RURAL,81,81,81.0,1
2024,GENERAL,FULL,B057,,Информационные технологии,11,RURAL,69,102,83.0,3
2024,GENERAL,FULL,B057,,Информационные технологии,12,EMERGENCY_REGIONS,84,84,84.0,1
2024,GENERAL,FULL,B057,,Информационные технологии,12,GENERAL,112,120,116.0,4
2024,GENERAL,FULL,B057,,Информационные технологии,12,RURAL,72,108,87.9,16
2024,GENERAL,FULL,B057,,Информационные технологии,13,EMERGENCY_REGIONS,101,110,105.6,34
2024,GENERAL,FULL,B057,,Информационные технологии,13,GENERAL,110,130,116.5,140
2024,GENERAL,FULL,B057,,Информационные технологии,13,RURAL,100,110,104.5,43
2024,GENERAL,FULL,B057,,Информационные технологии,15,GENERAL,129,129,129.0,1
2024,GENERAL,FULL,B057,,Информационные технологии,15,RURAL,71,92,79.8,4
2024,GENERAL,FULL,B057,,Информационные технологии,16,EMERGENCY_REGIONS,62,103,69.5,22
2024,GENERAL,FULL,B057,,Информационные технологии,16,GENERAL,112,119,115.5,2
2024,GENERAL,FULL,B057,,Информационные технологии,16,RURAL,70,94,80.1,10
2024,GENERAL,FULL,B057,,Информационные технологии,19,EMERGENCY_REGIONS,62,78,69.3,12
2024,GENERAL,FULL,B057,,Информационные технологии,19,RURAL,69,92,75.5,35
2024,GENERAL,FULL,B057,,Информационные технологии,21,EMERGENCY_REGIONS,105,108,106.1,7
2024,GENERAL,FULL,B057,,Информационные технологии,21,GENERAL,111,133,115.3,55
2024,GENERAL,FULL,B057,,Информационные технологии,21,RURAL,105,110,107.2,26
2024,GENERAL,FULL,B057,,Информационные технологии,24,EMERGENCY_REGIONS,77,77,77.0,1
2024,GENERAL,FULL,B057,,Информационные технологии,24,RURAL,69,87,73.7,7
2024,GENERAL,FULL,B057,,Информационные технологии,25,EMERGENCY_REGIONS,67,96,82.4,7
2024,GENERAL,FULL,B057,,Информационные технологии,25,GENERAL,112,112,112.0,1
2024,GENERAL,FULL,B057,,Информационные технологии,25,RURAL,69,106,80.9,73
2024,GENERAL,FULL,B057,,Информационные технологии,27,EMERGENCY_REGIONS,90,109,97.3,19
2024,GENERAL,FULL,B057,,Информационные технологии,27,GENERAL,111,129,116.5,25
2024,GENERAL,FULL,B057,,Информационные технологии,27,RURAL,90,110,98.1,87
2024,GENERAL,FULL,B057,,Информационные технологии,29,EMERGENCY_REGIONS,75,107,87.8,39
2024,GENERAL,FULL,B057,,Информационные технологии,29,GENERAL,111,135,117.1,16
2024,GENERAL,FULL,B057,,Информационные технологии,29,RURAL,75,110,85.7,208
2024,GENERAL,FULL,B057,,Информационные технологии,31,EMERGENCY_REGIONS,71,71,71.0,1
2024,GENERAL,FULL,B057,,Информационные технологии,31,RURAL,71,105,82.2,20
2024,GENERAL,FULL,B057,,Информационные технологии,32,GENERAL,110,118,112.7,7
2024,GENERAL,FULL,B057,,Информационные технологии,32,RURAL,70,101,80.0,22
2024,GENERAL,FULL,B057,,Информационные технологии,35,EMERGENCY_REGIONS,63,106,74.9,16
2024,GENERAL,FULL,B057,,Информационные технологии,35,GENERAL,112,118,115.3,3
2024,GENERAL,FULL,B057,,Информационные технологии,35,RURAL,70,95,81.4,14
2024,GENERAL,FULL,B057,,Информационные технологии,36,EMERGENCY_REGIONS,62,104,81.5,47
2024,GENERAL,FULL,B057,,Информационные технологии,36,GENERAL,111,123,115.8,6
2024,GENERAL,FULL,B057,,Информационные технологии,36,RURAL,70,109,86.5,16
2024,GENERAL,FULL,B057,,Информационные технологии,37,GENERAL,120,121,120.5,2
2024,GENERAL,FULL,B057,,Информационные технологии,37,RURAL,73,97,80.8,12
2024,GENERAL,FULL,B057,,Информационные технологии,38,GENERAL,111,132,118.0,5
2024,GENERAL,FULL,B057,,Информационные технологии,38,RURAL,71,98,79.3,10
2024,GENERAL,FULL,B057,,Информационные технологии,39,EMERGENCY_REGIONS,63,79,71.2,4
2024,GENERAL,FULL,B057,,Информационные технологии,42,RURAL,71,100,87.5,8
2024,GENERAL,FULL,B057,,Информационные технологии,43,RURAL,69,100,77.9,16
2024,GENERAL,FULL,B057,,Информационные технологии,45,GENERAL,113,119,116.3,3
2024,GENERAL,FULL,B057,,Информационные технологии,45,RURAL,69,106,77.3,51
2024,GENERAL,FULL,B057,,Информационные технологии,49,EMERGENCY_REGIONS,63,88,71.8,18
2024,GENERAL,FULL,B057,,Информационные технологии,49,GENERAL,116,121,118.5,2
2024,GENERAL,FULL,B057,,Информационные технологии,49,RURAL,69,91,77.5,23
2024,GENERAL,FULL,B057,,Информационные технологии,53,EMERGENCY_REGIONS,64,101,74.6,11
2024,GENERAL,FULL,B057,,Информационные технологии,53,RURAL,69,102,75.8,52
2024,GENERAL,FULL,B057,,Информационные технологии,57,EMERGENCY_REGIONS,70,106,81.9,11
2024,GENERAL,FULL,B057,,Информационные технологии,57,GENERAL,112,117,115.3,3
2024,GENERAL,FULL,B057,,Информационные технологии,57,RURAL,70,107,77.6,50
2024,GENERAL,FULL,B057,,Информационные технологии,69,EMERGENCY_REGIONS,71,92,80.6,5
2024,GENERAL,FULL,B057,,Информационные технологии,69,RURAL,69,108,81.7,13
2024,GENERAL,FULL,B057,,Информационные технологии,79,RURAL,74,92,83.0,2
2024,GENERAL,FULL,B057,,Информационные технологии,82,GENERAL,114,114,114.0,1
2024,GENERAL,FULL,B057,,Информационные технологии,82,RURAL,75,75,75.0,1
2024,GENERAL,FULL,B057,,Информационные технологии,83,EMERGENCY_REGIONS,68,107,85.2,8
2024,GENERAL,FULL,B057,,Информационные технологии,83,GENERAL,111,121,117.4,5
2024,GENERAL,FULL,B057,,Информационные технологии,83,RURAL,69,105,80.5,19
2024,GENERAL,FULL,B057,,Информационные технологии,93,EMERGENCY_REGIONS,70,104,79.0,4
2024,GENERAL,FULL,B057,,Информационные технологии,93,GENERAL,120,120,120.0,1
2024,GENERAL,FULL,B057,,Информационные технологии,93,RURAL,73,87,78.7,6
2024,GENERAL,FULL,B057,,Информационные технологии,122,RURAL,77,77,77.0,1
2024,GENERAL,FULL,B057,,Информационные технологии,140,EMERGENCY_REGIONS,64,102,75.6,7
2024,GENERAL,FULL,B057,,Информационные технологии,140,RURAL,74,98,85.7,3
2024,GENERAL,FULL,B057,,Информационные технологии,141,EMERGENCY_REGIONS,83,83,83.0,1
2024,GENERAL,FULL,B057,,Информационные технологии,141,RURAL,70,79,74.4,8
2024,GENERAL,FULL,B057,,Информационные технологии,143,RURAL,69,69,69.0,1
2024,GENERAL,FULL,B057,,Информационные технологии,146,RURAL,81,81,81.0,1
2024,GENERAL,FULL,B057,,Информационные технологии,147,EMERGENCY_REGIONS,77,77,77.0,1
2024,GENERAL,FULL,B057,,Информационные технологии,153,GENERAL,111,111,111.0,1
2024,GENERAL,FULL,B057,,Информационные технологии,153,RURAL,73,73,73.0,1
2024,GENERAL,FULL,B057,,Информационные технологии,154,RURAL,69,69,69.0,1
2024,GENERAL,FULL,B057,,Информационные технологии,158,EMERGENCY_REGIONS,62,79,68.4,5
2024,GENERAL,FULL,B057,,Информационные технологии,160,EMERGENCY_REGIONS,67,94,77.0,12
2024,GENERAL,FULL,B057,,Информационные технологии,160,RURAL,69,102,77.9,34
2024,GENERAL,FULL,B057,,Информационные технологии,162,EMERGENCY_REGIONS,67,67,67.0,1
2024,GENERAL,FULL,B057,,Информационные технологии,162,RURAL,74,74,74.0,1
2024,GENERAL,FULL,B057,,Информационные технологии,173,EMERGENCY_REGIONS,62,107,75.8,21
2024,GENERAL,FULL,B057,,Информационные технологии,173,GENERAL,119,119,119.0,1
2024,GENERAL,FULL,B057,,Информационные технологии,173,RURAL,71,107,81.2,11
2024,GENERAL,FULL,B057,,Информационные технологии,182,EMERGENCY_REGIONS,62,97,73.7,19
2024,GENERAL,FULL,B057,,Информационные технологии,182,GENERAL,111,131,120.3,3
2024,GENERAL,FULL,B057,,Информационные технологии,182,RURAL,70,83,76.3,6
2024,GENERAL,FULL,B057,,Информационные технологии,184,EMERGENCY_REGIONS,63,95,76.4,17
2024,GENERAL,FULL,B057,,Информационные технологии,184,RURAL,69,80,74.2,6
2024,GENERAL,FULL,B057,,Информационные технологии,185,EMERGENCY_REGIONS,63,103,79.8,97
2024,GENERAL,FULL,B057,,Информационные технологии,185,GENERAL,111,115,113.3,3
2024,GENERAL,FULL,B057,,Информационные технологии,185,RURAL,69,105,82.5,129
2024,GENERAL,FULL,B057,,Информационные технологии,190,EMERGENCY_REGIONS,80,109,94.6,89
2024,GENERAL,FULL,B057,,Информационные технологии,190,GENERAL,110,129,115.2,95
2024,GENERAL,FULL,B057,,Информационные технологии,190,RURAL,80,110,94.6,315
2024,GENERAL,FULL,B057,,Информационные технологии,198,EMERGENCY_REGIONS,62,66,63.2,4
2024,GENERAL,FULL,B057,,Информационные технологии,198,RURAL,84,84,84.0,1
2024,GENERAL,FULL,B057,,Информационные технологии,199,EMERGENCY_REGIONS,67,81,74.0,2
2024,GENERAL,FULL,B057,,Информационные технологии,223,RURAL,78,78,78.0,1
2024,GENERAL,FULL,B057,,Информационные технологии,302,GENERAL,120,140,125.5,284
2024,GENERAL,FULL,B057,,Информационные технологии,421,EMERGENCY_REGIONS,110,110,110.0,3
2024,GENERAL,FULL,B057,,Информационные технологии,421,GENERAL,110,139,118.8,870
2024,GENERAL,FULL,B057,,Информационные технологии,421,RURAL,110,110,110.0,10
2024,GENERAL,FULL,B057,,Информационные технологии,501,EMERGENCY_REGIONS,63,92,71.8,21
2024,GENERAL,FULL,B057,,Информационные технологии,501,GENERAL,112,112,112.0,1
2024,GENERAL,FULL,B057,,Информационные технологии,501,RURAL,70,86,76.0,3
2024,GENERAL,FULL,B057,,Информационные технологии,522,EMERGENCY_REGIONS,80,110,98.4,236
2024,GENERAL,FULL,B057,,Информационные технологии,522,GENERAL,110,140,118.6,636
2024,GENERAL,FULL,B057,,Информационные технологии,522,RURAL,82,110,97.9,89
2024,GENERAL,FULL,B058,,Информационная безопасность,9,EMERGENCY_REGIONS,50,72,57.0,75
2024,GENERAL,FULL,B058,,Информационная безопасность,9,GENERAL,76,81,79.3,3
2024,GENERAL,FULL,B058,,Информационная безопасность,13,GENERAL,100,124,105.6,124
2024,GENERAL,FULL,B058,,Информационная безопасность,21,GENERAL,100,119,104.8,132
2024,GENERAL,FULL,B058,,Информационная безопасность,27,GENERAL,90,126,98.3,162
2024,GENERAL,FULL,B058,,Информационная безопасность,29,EMERGENCY_REGIONS,75,75,75.0,2
2024,GENERAL,FULL,B058,,Информационная безопасность,29,GENERAL,76,114,85.2,546
2024,GENERAL,FULL,B058,,Информационная безопасность,32,EMERGENCY_REGIONS,50,74,57.7,64
2024,GENERAL,FULL,B058,,Информационная безопасность,32,GENERAL,76,111,86.7,154
2024,GENERAL,FULL,B058,,Информационная безопасность,34,EMERGENCY_REGIONS,50,60,55.1,18
2024,GENERAL,FULL,B058,,Информационная безопасность,57,EMERGENCY_REGIONS,70,74,72.2,9
2024,GENERAL,FULL,B058,,Информационная безопасность,57,GENERAL,76,110,83.6,147
2024,GENERAL,FULL,B058,,Информационная безопасность,190,GENERAL,80,126,93.5,715
2024,GENERAL,FULL,B058,,Информационная безопасность,522,GENERAL,80,136,99.0,801
2024,GENERAL,FULL,B059,,Коммуникации и коммуникационные технологии,2,EMERGENCY_REGIONS,51,51,51.0,1
2024,GENERAL,FULL,B059,,Коммуникации и коммуникационные технологии,2,GENERAL,51,107,67.0,260
2024,GENERAL,FULL,B059,,Коммуникации и коммуникационные технологии,2,RURAL,50,50,50.0,2
2024,GENERAL,FULL,B059,,Коммуникации и коммуникационные технологии,12,GENERAL,51,105,69.4,16
2024,GENERAL,FULL,B059,,Коммуникации и коммуникационные технологии,12,RURAL,50,50,50.0,1
2024,GENERAL,FULL,B059,,Коммуникации и коммуникационные технологии,13,GENERAL,90,119,98.5,42
2024,GENERAL,FULL,B059,,Коммуникации и коммуникационные технологии,19,EMERGENCY_REGIONS,51,51,51.0,1
2024,GENERAL,FULL,B059,,Коммуникации и коммуникационные технологии,19,GENERAL,51,96,60.3,163
2024,GENERAL,FULL,B059,,Коммуникации и коммуникационные технологии,19,RURAL,50,51,50.4,5
2024,GENERAL,FULL,B059,,Коммуникации и коммуникационные технологии,22,GENERAL,51,91,62.3,71
2024,GENERAL,FULL,B059,,Коммуникации и коммуникационные технологии,22,RURAL,50,50,50.0,2
2024,GENERAL,FULL,B059,,Коммуникации и коммуникационные технологии,27,GENERAL,70,123,82.7,75
2024,GENERAL,FULL,B059,,Коммуникации и коммуникационные технологии,29,GENERAL,70,111,80.9,48
2024,GENERAL,FULL,B059,,Коммуникации и коммуникационные технологии,31,GENERAL,56,74,64.3,19
2024,GENERAL,FULL,B059,,Коммуникации и коммуникационные технологии,32,GENERAL,52,96,64.1,27
2024,GENERAL,FULL,B059,,Коммуникации и коммуникационные технологии,32,RURAL,50,50,50.0,2
2024,GENERAL,FULL,B059,,Коммуникации и коммуникационные технологии,38,GENERAL,52,92,63.5,17
2024,GENERAL,FULL,B059,,Коммуникации и коммуникационные технологии,38,RURAL,51,51,51.0,1
2024,GENERAL,FULL,B059,,Коммуникации и коммуникационные технологии,40,GENERAL,51,100,67.4,9
2024,GENERAL,FULL,B059,,Коммуникации и коммуникационные технологии,43,GENERAL,51,88,66.4,15
2024,GENERAL,FULL,B059,,Коммуникации и коммуникационные технологии,45,GENERAL,52,103,64.7,72
2024,GENERAL,FULL,B059,,Коммуникации и коммуникационные технологии,45,RURAL,51,51,51.0,1
2024,GENERAL,FULL,B059,,Коммуникации и коммуникационные технологии,49,GENERAL,51,82,60.6,50
2024,GENERAL,FULL,B059,,Коммуникации и коммуникационные технологии,49,RURAL,50,51,50.3,3
2024,GENERAL,FULL,B059,,Коммуникации и коммуникационные технологии,57,GENERAL,70,116,86.3,22
2024,GENERAL,FULL,B059,,Коммуникации и коммуникационные технологии,93,GENERAL,51,73,59.5,41
2024,GENERAL,FULL,B059,,Коммуникации и коммуникационные технологии,93,RURAL,50,50,50.0,1
2024,GENERAL,FULL,B059,,Коммуникации и коммуникационные технологии,162,GENERAL,52,69,57.4,10
2024,GENERAL,FULL,B059,,Коммуникации и коммуникационные технологии,162,RURAL,51,51,51.0,1
2024,GENERAL,FULL,B059,,Коммуникации и коммуникационные технологии,190,GENERAL,60,119,74.1,41
2024,GENERAL,FULL,B059,,Коммуникации и коммуникационные технологии,202,GENERAL,63,63,63.0,1
2024,GENERAL,FULL,B059,,Коммуникации и коммуникационные технологии,522,GENERAL,70,138,94.3,113
2024,GENERAL,FULL,B060,,Химическая инженерия и процессы,27,GENERAL,72,108,86.7,19
2024,GENERAL,FULL,B060,,Химическая инженерия и процессы,29,GENERAL,65,97,76.3,10
2024,GENERAL,FULL,B060,,Химическая инженерия и процессы,31,GENERAL,55,89,74.2,5
2024,GENERAL,FULL,B060,,Химическая инженерия и процессы,53,GENERAL,50,72,57.1,16
2024,GENERAL,FULL,B060,,Химическая инженерия и процессы,146,GENERAL,50,50,50.0,1
2024,GENERAL,FULL,B060,,Химическая инженерия и процессы,182,GENERAL,53,89,65.7,11
2024,GENERAL,FULL,B060,,Химическая инженерия и процессы,421,GENERAL,87,140,110.7,44
2024,GENERAL,FULL,B060,,Химическая инженерия и процессы,501,GENERAL,53,79,61.4,10
2024,GENERAL,FULL,B061,,Материаловедение и технологии,27,GENERAL,65,94,73.0,21
2024,GENERAL,FULL,B061,,Материаловедение и технологии,29,GENERAL,65,93,75.9,7
2024,GENERAL,FULL,B061,,Материаловедение и технологии,32,GENERAL,50,60,54.6,7
2024,GENERAL,FULL,B061,,Материаловедение и технологии,33,GENERAL,50,52,51.0,2
2024,GENERAL,FULL,B061,,Материаловедение и технологии,43,GENERAL,55,63,59.3,3
2024,GENERAL,FULL,B061,,Материаловедение и технологии,45,GENERAL,52,74,59.3,13
2024,GENERAL,FULL,B061,,Материаловедение и технологии,57,GENERAL,79,79,79.0,1
2024,GENERAL,FULL,B061,,Материаловедение и технологии,421,GENERAL,70,135,95.7,111
2024,GENERAL,FULL,B062,,Электротехника и энергетика,2,EMERGENCY_REGIONS,50,57,53.5,31
2024,GENERAL,FULL,B062,,Электротехника и энергетика,2,GENERAL,57,102,67.7,337
2024,GENERAL,FULL,B062,,Электротехника и энергетика,2,RURAL,50,57,53.3,56
2024,GENERAL,FULL,B062,,Электротехника и энергетика,3,GENERAL,59,63,61.6,5
2024,GENERAL,FULL,B062,,Электротехника и энергетика,3,RURAL,50,57,53.3,20
2024,GENERAL,FULL,B062,,Электротехника и энергетика,5,EMERGENCY_REGIONS,55,56,55.6,5
2024,GENERAL,FULL,B062,,Электротехника и энергетика,5,GENERAL,57,81,65.8,84
2024,GENERAL,FULL,B062,,Электротехника и энергетика,5,RURAL,55,57,55.8,11
2024,GENERAL,FULL,B062,,Электротехника и энергетика,9,EMERGENCY_REGIONS,50,52,51.0,5
2024,GENERAL,FULL,B062,,Электротехника и энергетика,9,RURAL,50,51,50.7,3
2024,GENERAL,FULL,B062,,Электротехника и энергетика,12,GENERAL,58,60,59.0,2
2024,GENERAL,FULL,B062,,Электротехника и энергетика,13,GENERAL,85,131,95.0,116
2024,GENERAL,FULL,B062,,Электротехника и энергетика,19,EMERGENCY_REGIONS,50,57,53.0,13
2024,GENERAL,FULL,B062,,Электротехника и энергетика,19,GENERAL,57,108,62.8,130
2024,GENERAL,FULL,B062,,Электротехника и энергетика,19,RURAL,50,57,53.1,121
2024,GENERAL,FULL,B062,,Электротехника и энергетика,24,GENERAL,65,107,76.6,12
2024,GENERAL,FULL,B062,,Электротехника и энергетика,27,GENERAL,70,127,85.6,94
2024,GENERAL,FULL,B062,,Электротехника и энергетика,29,GENERAL,65,124,79.0,148
2024,GENERAL,FULL,B062,,Электротехника и энергетика,31,GENERAL,57,96,66.9,19
2024,GENERAL,FULL,B062,,Электротехника и энергетика,31,RURAL,56,56,56.0,1
2024,GENERAL,FULL,B062,,Электротехника и энергетика,32,GENERAL,57,74,65.9,32
2024,GENERAL,FULL,B062,,Электротехника и энергетика,32,RURAL,50,57,52.9,15
2024,GENERAL,FULL,B062,,Электротехника и энергетика,34,GENERAL,57,68,60.5,17
2024,GENERAL,FULL,B062,,Электротехника и энергетика,34,RURAL,51,57,54.3,12
2024,GENERAL,FULL,B062,,Электротехника и энергетика,36,EMERGENCY_REGIONS,50,50,50.0,1
2024,GENERAL,FULL,B062,,Электротехника и энергетика,36,RURAL,50,50,50.0,1
2024,GENERAL,FULL,B062,,Электротехника и энергетика,37,GENERAL,60,96,72.3,14
2024,GENERAL,FULL,B062,,Электротехника и энергетика,38,GENERAL,58,72,62.9,26
2024,GENERAL,FULL,B062,,Электротехника и энергетика,38,RURAL,52,57,54.7,3
2024,GENERAL,FULL,B062,,Электротехника и энергетика,40,EMERGENCY_REGIONS,52,52,52.0,1
2024,GENERAL,FULL,B062,,Электротехника и энергетика,40,GENERAL,59,103,75.2,13
2024,GENERAL,FULL,B062,,Электротехника и энергетика,40,RURAL,56,56,56.0,2
2024,GENERAL,FULL,B062,,Электротехника и энергетика,43,GENERAL,57,95,65.5,26
2024,GENERAL,FULL,B062,,Электротехника и энергетика,43,RURAL,51,56,53.4,14
2024,GENERAL,FULL,B062,,Электротехника и энергетика,45,GENERAL,57,85,64.0,63
2024,GENERAL,FULL,B062,,Электротехника и энергетика,45,RURAL,50,57,52.7,37
2024,GENERAL,FULL,B062,,Электротехника и энергетика,49,EMERGENCY_REGIONS,51,53,51.7,3
2024,GENERAL,FULL,B062,,Электротехника и энергетика,49,GENERAL,58,72,62.7,29
2024,GENERAL,FULL,B062,,Электротехника и энергетика,49,RURAL,50,57,52.8,13
2024,GENERAL,FULL,B062,,Электротехника и энергетика,57,EMERGENCY_REGIONS,51,57,53.5,11
2024,GENERAL,FULL,B062,,Электротехника и энергетика,57,GENERAL,57,122,69.5,180
2024,GENERAL,FULL,B062,,Электротехника и энергетика,57,RURAL,50,57,52.8,38
2024,GENERAL,FULL,B062,,Электротехника и энергетика,82,GENERAL,75,115,95.7,12
2024,GENERAL,FULL,B062,,Электротехника и энергетика,140,EMERGENCY_REGIONS,50,55,52.0,3
2024,GENERAL,FULL,B062,,Электротехника и энергетика,140,GENERAL,68,68,68.0,1
2024,GENERAL,FULL,B062,,Электротехника и энергетика,140,RURAL,52,52,52.0,1
2024,GENERAL,FULL,B062,,Электротехника и энергетика,141,GENERAL,58,72,65.0,2
2024,GENERAL,FULL,B062,,Электротехника и энергетика,141,RURAL,54,54,54.0,1
2024,GENERAL,FULL,B062,,Электротехника и энергетика,147,GENERAL,78,97,87.5,2
2024,GENERAL,FULL,B062,,Электротехника и энергетика,160,EMERGENCY_REGIONS,51,56,53.5,4
2024,GENERAL,FULL,B062,,Электротехника и энергетика,160,GENERAL,57,115,63.8,92
2024,GENERAL,FULL,B062,,Электротехника и энергетика,160,RURAL,50,57,53.4,34
2024,GENERAL,FULL,B062,,Электротехника и энергетика,162,GENERAL,61,94,70.2,5
2024,GENERAL,FULL,B062,,Электротехника и энергетика,162,RURAL,50,54,51.7,3
2024,GENERAL,FULL,B062,,Электротехника и энергетика,198,EMERGENCY_REGIONS,50,57,53.0,6
2024,GENERAL,FULL,B062,,Электротехника и энергетика,198,GENERAL,62,64,63.5,4
2024,GENERAL,FULL,B062,,Электротехника и энергетика,198,RURAL,53,55,53.6,5
2024,GENERAL,FULL,B062,,Электротехника и энергетика,202,GENERAL,66,92,79.0,2
2024,GENERAL,FULL,B062,,Электротехника и энергетика,318,GENERAL,60,60,60.0,1
2024,GENERAL,FULL,B062,,Электротехника и энергетика,318,RURAL,50,50,50.0,1
2024,GENERAL,FULL,B062,,Электротехника и энергетика,501,EMERGENCY_REGIONS,50,57,52.6,16
2024,GENERAL,FULL,B062,,Электротехника и энергетика,501,GENERAL,58,116,71.1,55
2024,GENERAL,FULL,B062,,Электротехника и энергетика,501,RURAL,50,57,52.8,16
2024,GENERAL,FULL,B063,,Электротехника и автоматизация,2,EMERGENCY_REGIONS,55,73,64.4,47
2024,GENERAL,FULL,B063,,Электротехника и автоматизация,2,GENERAL,74,96,80.2,53
2024,GENERAL,FULL,B063,,Электротехника и автоматизация,5,EMERGENCY_REGIONS,56,67,61.1,37
2024,GENERAL,FULL,B063,,Электротехника и автоматизация,13,GENERAL,90,129,100.2,122
2024,GENERAL,FULL,B063,,Электротехника и автоматизация,19,EMERGENCY_REGIONS,56,72,62.7,18
2024,GENERAL,FULL,B063,,Электротехника и автоматизация,19,GENERAL,80,82,81.0,2
2024,GENERAL,FULL,B063,,Электротехника и автоматизация,24,EMERGENCY_REGIONS,70,70,70.0,1
2024,GENERAL,FULL,B063,,Электротехника и автоматизация,24,GENERAL,96,96,96.0,1
2024,GENERAL,FULL,B063,,Электротехника и автоматизация,27,EMERGENCY_REGIONS,70,73,71.7,6
2024,GENERAL,FULL,B063,,Электротехника и автоматизация,27,GENERAL,74,121,89.5,108
2024,GENERAL,FULL,B063,,Электротехника и автоматизация,29,EMERGENCY_REGIONS,65,74,69.2,21
2024,GENERAL,FULL,B063,,Электротехника и автоматизация,29,GENERAL,74,128,88.7,148
2024,GENERAL,FULL,B063,,Электротехника и автоматизация,31,EMERGENCY_REGIONS,60,60,60.0,1
2024,GENERAL,FULL,B063,,Электротехника и автоматизация,31,GENERAL,76,85,80.2,6
2024,GENERAL,FULL,B063,,Электротехника и автоматизация,37,GENERAL,76,101,87.3,3
2024,GENERAL,FULL,B063,,Электротехника и автоматизация,40,EMERGENCY_REGIONS,57,73,65.3,3
2024,GENERAL,FULL,B063,,Электротехника и автоматизация,40,GENERAL,77,77,77.0,1
2024,GENERAL,FULL,B063,,Электротехника и автоматизация,43,GENERAL,85,113,93.0,5
2024,GENERAL,FULL,B063,,Электротехника и автоматизация,53,EMERGENCY_REGIONS,58,72,62.1,9
2024,GENERAL,FULL,B063,,Электротехника и автоматизация,53,GENERAL,74,112,82.8,9
2024,GENERAL,FULL,B063,,Электротехника и автоматизация,57,EMERGENCY_REGIONS,71,74,72.5,2
2024,GENERAL,FULL,B063,,Электротехника и автоматизация,57,GENERAL,74,109,89.2,50
2024,GENERAL,FULL,B063,,Электротехника и автоматизация,140,GENERAL,75,75,75.0,1
2024,GENERAL,FULL,B063,,Электротехника и автоматизация,182,EMERGENCY_REGIONS,55,73,64.4,16
2024,GENERAL,FULL,B063,,Электротехника и автоматизация,182,GENERAL,74,110,81.0,13
2024,GENERAL,FULL,B063,,Электротехника и автоматизация,198,EMERGENCY_REGIONS,59,71,65.0,3
2024,GENERAL,FULL,B063,,Электротехника и автоматизация,199,GENERAL,89,89,89.0,1
2024,GENERAL,FULL,B063,,Электротехника и автоматизация,416,EMERGENCY_REGIONS,65,65,65.0,1
2024,GENERAL,FULL,B063,,Электротехника и автоматизация,421,GENERAL,110,139,119.8,214
2024,GENERAL,FULL,B063,,Электротехника и автоматизация,522,EMERGENCY_REGIONS,71,74,72.8,4
2024,GENERAL,FULL,B063,,Электротехника и автоматизация,522,GENERAL,74,135,97.3,187
2024,GENERAL,FULL,B064,,Механика и металлообработка,2,GENERAL,50,91,55.9,98
2024,GENERAL,FULL,B064,,Механика и металлообработка,12,GENERAL,50,51,50.2,6
2024,GENERAL,FULL,B064,,Механика и металлообработка,19,GENERAL,50,67,54.7,46
2024,GENERAL,FULL,B064,,Механика и металлообработка,24,GENERAL,65,65,65.0,1
2024,GENERAL,FULL,B064,,Механика и металлообработка,29,GENERAL,65,109,77.5,54
2024,GENERAL,FULL,B064,,Механика и металлообработка,31,GENERAL,56,103,68.9,9
2024,GENERAL,FULL,B064,,Механика и металлообработка,32,GENERAL,50,55,51.8,19
2024,GENERAL,FULL,B064,,Механика и металлообработка,36,GENERAL,51,57,53.8,9
2024,GENERAL,FULL,B064,,Механика и металлообработка,37,GENERAL,55,65,57.0,7
2024,GENERAL,FULL,B064,,Механика и металлообработка,40,GENERAL,50,78,61.0,6
2024,GENERAL,FULL,B064,,Механика и металлообработка,43,GENERAL,50,90,56.6,14
2024,GENERAL,FULL,B064,,Механика и металлообработка,45,GENERAL,50,57,53.1,44
2024,GENERAL,FULL,B064,,Механика и металлообработка,49,GENERAL,50,56,52.2,12
2024,GENERAL,FULL,B064,,Механика и металлообработка,53,GENERAL,50,87,55.7,112
2024,GENERAL,FULL,B064,,Механика и металлообработка,57,GENERAL,60,90,74.1,8
2024,GENERAL,FULL,B064,,Механика и металлообработка,140,GENERAL,50,84,65.2,8
2024,GENERAL,FULL,B064,,Механика и металлообработка,146,GENERAL,55,64,59.2,4
2024,GENERAL,FULL,B064,,Механика и металлообработка,147,GENERAL,59,59,59.0,1
2024,GENERAL,FULL,B064,,Механика и металлообработка,160,GENERAL,50,83,56.7,43
2024,GENERAL,FULL,B064,,Механика и металлообработка,162,GENERAL,51,61,54.1,9
2024,GENERAL,FULL,B064,,Механика и металлообработка,182,GENERAL,50,86,58.9,23
2024,GENERAL,FULL,B064,,Механика и металлообработка,198,GENERAL,51,54,52.5,2
2024,GENERAL,FULL,B064,,Механика и металлообработка,501,GENERAL,51,103,68.1,26
2024,GENERAL,FULL,B065,,Транспортная техника и технологии,2,GENERAL,50,92,59.0,141
2024,GENERAL,FULL,B065,,Транспортная техника и технологии,5,GENERAL,55,55,55.0,1
2024,GENERAL,FULL,B065,,Транспортная техника и технологии,13,GENERAL,80,114,86.1,70
2024,GENERAL,FULL,B065,,Транспортная техника и технологии,19,GENERAL,50,76,56.9,98
2024,GENERAL,FULL,B065,,Транспортная техника и технологии,19,RURAL,50,50,50.0,1
2024,GENERAL,FULL,B065,,Транспортная техника и технологии,24,GENERAL,73,73,73.0,1
2024,GENERAL,FULL,B065,,Транспортная техника и технологии,29,GENERAL,65,94,74.7,36
2024,GENERAL,FULL,B065,,Транспортная техника и технологии,31,GENERAL,55,104,67.3,11
2024,GENERAL,FULL,B065,,Транспортная техника и технологии,32,GENERAL,50,54,52.2,11
2024,GENERAL,FULL,B065,,Транспортная техника и технологии,34,GENERAL,50,52,51.0,2
2024,GENERAL,FULL,B065,,Транспортная техника и технологии,38,GENERAL,50,60,53.5,10
2024,GENERAL,FULL,B065,,Транспортная техника и технологии,40,GENERAL,50,83,65.6,10
2024,GENERAL,FULL,B065,,Транспортная техника и технологии,43,GENERAL,51,67,57.1,10
2024,GENERAL,FULL,B065,,Транспортная техника и технологии,45,GENERAL,50,57,53.6,21
2024,GENERAL,FULL,B065,,Транспортная техника и технологии,57,GENERAL,60,74,66.2,4
2024,GENERAL,FULL,B065,,Транспортная техника и технологии,78,GENERAL,53,71,60.1,8
2024,GENERAL,FULL,B065,,Транспортная техника и технологии,140,GENERAL,50,89,63.3,3
2024,GENERAL,FULL,B065,,Транспортная техника и технологии,147,GENERAL,51,83,67.3,3
2024,GENERAL,FULL,B065,,Транспортная техника и технологии,160,GENERAL,50,84,57.8,39
2024,GENERAL,FULL,B065,,Транспортная техника и технологии,162,GENERAL,50,75,56.5,24
2024,GENERAL,FULL,B065,,Транспортная техника и технологии,198,GENERAL,50,90,60.8,4
2024,GENERAL,FULL,B065,,Транспортная техника и технологии,501,GENERAL,50,70,59.4,17
2024,GENERAL,FULL,B066,,Морской транспорт и технологии,3,GENERAL,50,73,57.5,31
2024,GENERAL,FULL,B066,,Морской транспорт и технологии,421,GENERAL,70,128,92.1,24
2024,GENERAL,FULL,B067,,Воздушный транспорт и технологии,13,GENERAL,85,131,96.2,37
2024,GENERAL,FULL,B067,,Воздушный транспорт и технологии,27,EMERGENCY_REGIONS,71,71,71.0,1
2024,GENERAL,FULL,B067,,Воздушный транспорт и технологии,27,GENERAL,73,119,86.8,30
2024,GENERAL,FULL,B067,,Воздушный транспорт и технологии,29,EMERGENCY_REGIONS,68,71,69.5,2
2024,GENERAL,FULL,B067,,Воздушный транспорт и технологии,29,GENERAL,74,110,83.5,18
2024,GENERAL,FULL,B067,,Воздушный транспорт и технологии,57,GENERAL,96,96,96.0,1
2024,GENERAL,FULL,B067,,Воздушный транспорт и технологии,157,EMERGENCY_REGIONS,65,73,69.3,21
2024,GENERAL,FULL,B067,,Воздушный транспорт и технологии,157,GENERAL,73,129,85.1,260
2024,GENERAL,FULL,B068,,Производство продуктов питания,2,EMERGENCY_REGIONS,50,56,52.7,11
2024,GENERAL,FULL,B068,,Производство продуктов питания,2,GENERAL,57,102,65.8,221
2024,GENERAL,FULL,B068,,Производство продуктов питания,2,RURAL,51,56,53.9,46
2024,GENERAL,FULL,B068,,Производство продуктов питания,5,EMERGENCY_REGIONS,55,56,55.6,5
2024,GENERAL,FULL,B068,,Производство продуктов питания,5,GENERAL,56,71,62.6,100
2024,GENERAL,FULL,B068,,Производство продуктов питания,5,RURAL,55,56,55.5,8
2024,GENERAL,FULL,B068,,Производство продуктов питания,11,GENERAL,56,105,64.5,48
2024,GENERAL,FULL,B068,,Производство продуктов питания,11,RURAL,52,56,53.7,10
2024,GENERAL,FULL,B068,,Производство продуктов питания,24,GENERAL,65,80,69.0,49
2024,GENERAL,FULL,B068,,Производство продуктов питания,27,GENERAL,81,107,91.6,12
2024,GENERAL,FULL,B068,,Производство продуктов питания,34,GENERAL,56,69,60.9,58
2024,GENERAL,FULL,B068,,Производство продуктов питания,34,RURAL,51,56,54.1,15
2024,GENERAL,FULL,B068,,Производство продуктов питания,35,EMERGENCY_REGIONS,52,53,52.7,3
2024,GENERAL,FULL,B068,,Производство продуктов питания,35,GENERAL,57,77,64.0,21
2024,GENERAL,FULL,B068,,Производство продуктов питания,35,RURAL,53,56,54.4,8
2024,GENERAL,FULL,B068,,Производство продуктов питания,38,GENERAL,57,63,59.8,13
2024,GENERAL,FULL,B068,,Производство продуктов питания,38,RURAL,53,55,54.0,7
2024,GENERAL,FULL,B068,,Производство продуктов питания,40,EMERGENCY_REGIONS,51,56,54.0,4
2024,GENERAL,FULL,B068,,Производство продуктов питания,40,GENERAL,56,79,64.2,23
2024,GENERAL,FULL,B068,,Производство продуктов питания,40,RURAL,51,55,53.2,4
2024,GENERAL,FULL,B068,,Производство продуктов питания,43,GENERAL,57,76,62.1,36
2024,GENERAL,FULL,B068,,Производство продуктов питания,43,RURAL,52,56,54.3,10
2024,GENERAL,FULL,B068,,Производство продуктов питания,45,GENERAL,56,77,62.2,74
2024,GENERAL,FULL,B068,,Производство продуктов питания,45,RURAL,51,56,53.7,41
2024,GENERAL,FULL,B068,,Производство продуктов питания,49,EMERGENCY_REGIONS,51,51,51.0,1
2024,GENERAL,FULL,B068,,Производство продуктов питания,49,GENERAL,56,79,63.3,83
2024,GENERAL,FULL,B068,,Производство продуктов питания,49,RURAL,51,56,53.5,21
2024,GENERAL,FULL,B068,,Производство продуктов питания,53,EMERGENCY_REGIONS,50,56,53.2,12
2024,GENERAL,FULL,B068,,Производство продуктов питания,53,GENERAL,56,90,63.5,331
2024,GENERAL,FULL,B068,,Производство продуктов питания,53,RURAL,51,56,53.8,79
2024,GENERAL,FULL,B068,,Производство продуктов питания,122,GENERAL,56,86,64.4,28
2024,GENERAL,FULL,B068,,Производство продуктов питания,122,RURAL,51,56,53.8,6
2024,GENERAL,FULL,B068,,Производство продуктов питания,140,GENERAL,76,76,76.0,1
2024,GENERAL,FULL,B068,,Производство продуктов питания,182,EMERGENCY_REGIONS,52,54,52.7,3
2024,GENERAL,FULL,B068,,Производство продуктов питания,182,GENERAL,56,103,67.6,59
2024,GENERAL,FULL,B068,,Производство продуктов питания,182,RURAL,52,56,54.4,8
2024,GENERAL,FULL,B068,,Производство продуктов питания,501,EMERGENCY_REGIONS,51,55,52.2,4
2024,GENERAL,FULL,B068,,Производство продуктов питания,501,GENERAL,57,84,65.5,21
2024,GENERAL,FULL,B068,,Производство продуктов питания,501,RURAL,54,56,55.0,2
2024,GENERAL,FULL,B069,,"Производство материалов (стекло, бумага, пластик, дерево)",22,GENERAL,50,68,55.5,37
2024,GENERAL,FULL,B069,,"Производство материалов (стекло, бумага, пластик, дерево)",29,GENERAL,68,135,91.7,3
2024,GENERAL,FULL,B070,,"Текстиль: одежда, обувь и кожаные изделия",43,GENERAL,50,57,53.8,4
2024,GENERAL,FULL,B070,,"Текстиль: одежда, обувь и кожаные изделия",45,GENERAL,50,61,54.6,50
2024,GENERAL,FULL,B070,,"Текстиль: одежда, обувь и кожаные изделия",53,GENERAL,50,92,59.5,31
2024,GENERAL,FULL,B070,,"Текстиль: одежда, обувь и кожаные изделия",182,GENERAL,50,86,57.6,15
2024,GENERAL,FULL,B071,,Горное дело и добыча полезных ископаемых,3,GENERAL,50,56,52.0,20
2024,GENERAL,FULL,B071,,Горное дело и добыча полезных ископаемых,5,GENERAL,55,68,59.4,64
2024,GENERAL,FULL,B071,,Горное дело и добыча полезных ископаемых,9,GENERAL,51,52,51.3,3
2024,GENERAL,FULL,B071,,Горное дело и добыча полезных ископаемых,12,GENERAL,50,59,53.6,30
2024,GENERAL,FULL,B071,,Горное дело и добыча полезных ископаемых,29,GENERAL,65,110,77.6,157
2024,GENERAL,FULL,B071,,Горное дело и добыча полезных ископаемых,32,GENERAL,50,75,57.2,189
2024,GENERAL,FULL,B071,,Горное дело и добыча полезных ископаемых,34,GENERAL,50,59,53.9,45
2024,GENERAL,FULL,B071,,Горное дело и добыча полезных ископаемых,35,GENERAL,50,55,52.7,10
2024,GENERAL,FULL,B071,,Горное дело и добыча полезных ископаемых,38,GENERAL,50,58,54.5,27
2024,GENERAL,FULL,B071,,Горное дело и добыча полезных ископаемых,43,GENERAL,50,78,56.1,26
2024,GENERAL,FULL,B071,,Горное дело и добыча полезных ископаемых,45,GENERAL,50,63,54.9,75
2024,GENERAL,FULL,B071,,Горное дело и добыча полезных ископаемых,79,GENERAL,50,98,58.4,89
2024,GENERAL,FULL,B071,,Горное дело и добыча полезных ископаемых,147,GENERAL,53,66,57.4,5
2024,GENERAL,FULL,B071,,Горное дело и добыча полезных ископаемых,182,GENERAL,50,107,63.0,143
2024,GENERAL,FULL,B071,,Горное дело и добыча полезных ископаемых,416,GENERAL,50,54,51.9,20
2024,GENERAL,FULL,B071,,Горное дело и добыча полезных ископаемых,421,GENERAL,75,137,97.3,307
2024,GENERAL,FULL,B071,,Горное дело и добыча полезных ископаемых,501,GENERAL,50,109,64.1,47
2024,GENERAL,FULL,B072,,Технология фармацевтического производства,26,GENERAL,75,122,84.7,294
2024,GENERAL,FULL,B072,,Технология фармацевтического производства,27,GENERAL,80,117,89.3,39
2024,GENERAL,FULL,B072,,Технология фармацевтического производства,29,GENERAL,70,107,75.1,162
2024,GENERAL,FULL,B072,,Технология фармацевтического производства,30,EMERGENCY_REGIONS,50,55,53.2,8
2024,GENERAL,FULL,B072,,Технология фармацевтического производства,30,GENERAL,56,107,70.0,323
2024,GENERAL,FULL,B072,,Технология фармацевтического производства,31,GENERAL,60,97,67.4,240
2024,GENERAL,FULL,B072,,Технология фармацевтического производства,33,EMERGENCY_REGIONS,52,52,52.0,1
2024,GENERAL,FULL,B072,,Технология фармацевтического производства,33,GENERAL,56,69,61.3,138
2024,GENERAL,FULL,B072,,Технология фармацевтического производства,44,GENERAL,60,102,73.2,142
2024,GENERAL,FULL,B072,,Технология фармацевтического производства,45,EMERGENCY_REGIONS,52,52,52.0,1
2024,GENERAL,FULL,B072,,Технология фармацевтического производства,45,GENERAL,56,78,63.8,262
2024,GENERAL,FULL,B073,,Архитектура,2,EMERGENCY_REGIONS,81,87,83.7,3
2024,GENERAL,FULL,B073,,Архитектура,2,GENERAL,88,129,111.2,174
2024,GENERAL,FULL,B073,,Архитектура,12,GENERAL,92,112,102.0,14
2024,GENERAL,FULL,B073,,Архитектура,13,GENERAL,115,129,120.7,210
2024,GENERAL,FULL,B073,,Архитектура,19,EMERGENCY_REGIONS,70,86,78.0,3
2024,GENERAL,FULL,B073,,Архитектура,19,GENERAL,88,125,109.9,62
2024,GENERAL,FULL,B073,,Архитектура,22,EMERGENCY_REGIONS,63,86,77.9,14
2024,GENERAL,FULL,B073,,Архитектура,22,GENERAL,88,130,113.2,591
2024,GENERAL,FULL,B073,,Архитектура,29,GENERAL,88,129,111.2,80
2024,GENERAL,FULL,B073,,Архитектура,32,GENERAL,89,126,116.6,99
2024,GENERAL,FULL,B073,,Архитектура,38,GENERAL,95,127,116.6,44
2024,GENERAL,FULL,B073,,Архитектура,43,GENERAL,89,127,108.4,68
2024,GENERAL,FULL,B073,,Архитектура,45,GENERAL,89,130,113.0,422
2024,GENERAL,FULL,B073,,Архитектура,79,GENERAL,89,128,104.1,14
2024,GENERAL,FULL,B073,,Архитектура,198,EMERGENCY_REGIONS,78,88,83.5,10
2024,GENERAL,FULL,B073,,Архитектура,198,GENERAL,89,125,111.8,116
2024,GENERAL,FULL,B073,,Архитектура,202,GENERAL,94,120,106.7,11
2024,GENERAL,FULL,B074,,"Градостроительство, строительные работы и гражданское строительство",2,EMERGENCY_REGIONS,60,61,60.5,12
2024,GENERAL,FULL,B074,,"Градостроительство, строительные работы и гражданское строительство",2,GENERAL,61,109,72.7,303
2024,GENERAL,FULL,B074,,"Градостроительство, строительные работы и гражданское строительство",5,EMERGENCY_REGIONS,55,61,57.5,19
2024,GENERAL,FULL,B074,,"Градостроительство, строительные работы и гражданское строительство",5,GENERAL,62,65,63.5,8
2024,GENERAL,FULL,B074,,"Градостроительство, строительные работы и гражданское строительство",12,GENERAL,61,68,63.8,17
2024,GENERAL,FULL,B074,,"Градостроительство, строительные работы и гражданское строительство",13,GENERAL,90,138,102.3,223
2024,GENERAL,FULL,B074,,"Градостроительство, строительные работы и гражданское строительство",19,EMERGENCY_REGIONS,51,60,55.8,18
2024,GENERAL,FULL,B074,,"Градостроительство, строительные работы и гражданское строительство",19,GENERAL,61,79,66.1,26
2024,GENERAL,FULL,B074,,"Градостроительство, строительные работы и гражданское строительство",22,EMERGENCY_REGIONS,50,61,56.0,46
2024,GENERAL,FULL,B074,,"Градостроительство, строительные работы и гражданское строительство",22,GENERAL,61,131,76.5,544
2024,GENERAL,FULL,B074,,"Градостроительство, строительные работы и гражданское строительство",27,GENERAL,78,118,91.5,62
2024,GENERAL,FULL,B074,,"Градостроительство, строительные работы и гражданское строительство",29,GENERAL,65,124,81.9,199
2024,GENERAL,FULL,B074,,"Градостроительство, строительные работы и гражданское строительство",32,GENERAL,61,75,67.3,51
2024,GENERAL,FULL,B074,,"Градостроительство, строительные работы и гражданское строительство",34,GENERAL,61,74,67.7,30
2024,GENERAL,FULL,B074,,"Градостроительство, строительные работы и гражданское строительство",35,EMERGENCY_REGIONS,51,59,56.3,9
2024,GENERAL,FULL,B074,,"Градостроительство, строительные работы и гражданское строительство",35,GENERAL,61,61,61.0,1
2024,GENERAL,FULL,B074,,"Градостроительство, строительные работы и гражданское строительство",38,GENERAL,62,77,68.5,22
2024,GENERAL,FULL,B074,,"Градостроительство, строительные работы и гражданское строительство",40,EMERGENCY_REGIONS,50,59,55.7,6
2024,GENERAL,FULL,B074,,"Градостроительство, строительные работы и гражданское строительство",40,GENERAL,63,109,81.2,16
2024,GENERAL,FULL,B074,,"Градостроительство, строительные работы и гражданское строительство",43,GENERAL,62,99,76.4,18
2024,GENERAL,FULL,B074,,"Градостроительство, строительные работы и гражданское строительство",45,GENERAL,61,86,71.7,71
2024,GENERAL,FULL,B074,,"Градостроительство, строительные работы и гражданское строительство",78,EMERGENCY_REGIONS,52,52,52.0,1
2024,GENERAL,FULL,B074,,"Градостроительство, строительные работы и гражданское строительство",78,GENERAL,63,75,69.0,2
2024,GENERAL,FULL,B074,,"Градостроительство, строительные работы и гражданское строительство",79,GENERAL,62,106,72.1,8
2024,GENERAL,FULL,B074,,"Градостроительство, строительные работы и гражданское строительство",147,GENERAL,84,84,84.0,1
2024,GENERAL,FULL,B074,,"Градостроительство, строительные работы и гражданское строительство",162,GENERAL,64,64,64.0,1
2024,GENERAL,FULL,B074,,"Градостроительство, строительные работы и гражданское строительство",198,EMERGENCY_REGIONS,51,59,55.1,10
2024,GENERAL,FULL,B074,,"Градостроительство, строительные работы и гражданское строительство",198,GENERAL,63,75,68.0,4
2024,GENERAL,FULL,B074,,"Градостроительство, строительные работы и гражданское строительство",318,GENERAL,65,65,65.0,1
2024,GENERAL,FULL,B074,,"Градостроительство, строительные работы и гражданское строительство",416,EMERGENCY_REGIONS,51,54,53.0,10
2024,GENERAL,FULL,B074,,"Градостроительство, строительные работы и гражданское строительство",501,EMERGENCY_REGIONS,50,60,54.2,26
2024,GENERAL,FULL,B074,,"Градостроительство, строительные работы и гражданское строительство",501,GENERAL,62,101,72.5,41
2024,GENERAL,FULL,B075,,Кадастр и землеустройство,2,EMERGENCY_REGIONS,64,77,70.4,26
2024,GENERAL,FULL,B075,,Кадастр и землеустройство,2,GENERAL,78,117,91.2,295
2024,GENERAL,FULL,B075,,Кадастр и землеустройство,2,RURAL,71,77,74.2,23
2024,GENERAL,FULL,B075,,Кадастр и землеустройство,3,EMERGENCY_REGIONS,77,77,77.0,1
2024,GENERAL,FULL,B075,,Кадастр и землеустройство,3,GENERAL,78,97,86.8,12
2024,GENERAL,FULL,B075,,Кадастр и землеустройство,3,RURAL,73,75,73.7,3
2024,GENERAL,FULL,B075,,Кадастр и землеустройство,12,GENERAL,77,122,90.2,23
2024,GENERAL,FULL,B075,,Кадастр и землеустройство,12,RURAL,73,76,74.7,3
2024,GENERAL,FULL,B075,,Кадастр и землеустройство,19,EMERGENCY_REGIONS,64,74,69.3,11
2024,GENERAL,FULL,B075,,Кадастр и землеустройство,19,GENERAL,78,117,88.3,98
2024,GENERAL,FULL,B075,,Кадастр и землеустройство,19,RURAL,71,77,74.4,15
2024,GENERAL,FULL,B075,,Кадастр и землеустройство,22,EMERGENCY_REGIONS,69,75,72.2,4
2024,GENERAL,FULL,B075,,Кадастр и землеустройство,22,GENERAL,78,120,92.9,149
2024,GENERAL,FULL,B075,,Кадастр и землеустройство,22,RURAL,72,77,73.8,5
2024,GENERAL,FULL,B075,,Кадастр и землеустройство,24,GENERAL,78,107,88.8,47
2024,GENERAL,FULL,B075,,Кадастр и землеустройство,24,RURAL,72,77,74.1,11
2024,GENERAL,FULL,B075,,Кадастр и землеустройство,27,GENERAL,95,121,103.9,320
2024,GENERAL,FULL,B075,,Кадастр и землеустройство,29,EMERGENCY_REGIONS,67,75,71.7,6
2024,GENERAL,FULL,B075,,Кадастр и землеустройство,29,GENERAL,78,118,90.2,311
2024,GENERAL,FULL,B075,,Кадастр и землеустройство,29,RURAL,71,77,74.4,17
2024,GENERAL,FULL,B075,,Кадастр и землеустройство,32,EMERGENCY_REGIONS,67,67,67.0,1
2024,GENERAL,FULL,B075,,Кадастр и землеустройство,32,GENERAL,78,109,90.9,48
2024,GENERAL,FULL,B075,,Кадастр и землеустройство,32,RURAL,72,72,72.0,1
2024,GENERAL,FULL,B075,,Кадастр и землеустройство,34,GENERAL,78,119,94.4,37
2024,GENERAL,FULL,B075,,Кадастр и землеустройство,34,RURAL,73,76,74.0,3
2024,GENERAL,FULL,B075,,Кадастр и землеустройство,43,EMERGENCY_REGIONS,65,65,65.0,1
2024,GENERAL,FULL,B075,,Кадастр и землеустройство,43,GENERAL,78,110,92.0,27
2024,GENERAL,FULL,B075,,Кадастр и землеустройство,43,RURAL,73,74,73.5,2
2024,GENERAL,FULL,B075,,Кадастр и землеустройство,45,GENERAL,77,120,93.2,99
2024,GENERAL,FULL,B075,,Кадастр и землеустройство,45,RURAL,71,77,73.4,13
2024,GENERAL,FULL,B075,,Кадастр и землеустройство,198,GENERAL,81,98,89.2,4
2024,GENERAL,FULL,B075,,Кадастр и землеустройство,501,EMERGENCY_REGIONS,66,73,68.5,6
2024,GENERAL,FULL,B075,,Кадастр и землеустройство,501,GENERAL,79,107,89.9,14
2024,GENERAL,FULL,B075,,Кадастр и землеустройство,501,RURAL,73,74,73.7,3
2024,GENERAL,FULL,B076,,"Стандартизация, сертификация и метрология (по отраслям)",2,EMERGENCY_REGIONS,50,56,53.4,10
2024,GENERAL,FULL,B076,,"Стандартизация, сертификация и метрология (по отраслям)",2,GENERAL,57,98,69.1,71
2024,GENERAL,FULL,B076,,"Стандартизация, сертификация и метрология (по отраслям)",3,GENERAL,57,83,70.7,13
2024,GENERAL,FULL,B076,,"Стандартизация, сертификация и метрология (по отраслям)",10,EMERGENCY_REGIONS,50,55,52.0,6
2024,GENERAL,FULL,B076,,"Стандартизация, сертификация и метрология (по отраслям)",10,GENERAL,61,76,66.0,3
2024,GENERAL,FULL,B076,,"Стандартизация, сертификация и метрология (по отраслям)",12,GENERAL,61,90,70.8,4
2024,GENERAL,FULL,B076,,"Стандартизация, сертификация и метрология (по отраслям)",13,GENERAL,85,103,89.4,31
2024,GENERAL,FULL,B076,,"Стандартизация, сертификация и метрология (по отраслям)",15,GENERAL,57,86,68.9,17
2024,GENERAL,FULL,B076,,"Стандартизация, сертификация и метрология (по отраслям)",24,GENERAL,67,96,76.5,4
2024,GENERAL,FULL,B076,,"Стандартизация, сертификация и метрология (по отраслям)",27,GENERAL,71,116,85.3,41
2024,GENERAL,FULL,B076,,"Стандартизация, сертификация и метрология (по отраслям)",29,GENERAL,65,99,77.5,20
2024,GENERAL,FULL,B076,,"Стандартизация, сертификация и метрология (по отраслям)",32,GENERAL,59,101,72.1,16
2024,GENERAL,FULL,B076,,"Стандартизация, сертификация и метрология (по отраслям)",33,GENERAL,61,64,62.3,3
2024,GENERAL,FULL,B076,,"Стандартизация, сертификация и метрология (по отраслям)",36,EMERGENCY_REGIONS,55,57,55.7,3
2024,GENERAL,FULL,B076,,"Стандартизация, сертификация и метрология (по отраслям)",36,GENERAL,57,89,67.9,10
2024,GENERAL,FULL,B076,,"Стандартизация, сертификация и метрология (по отраслям)",38,GENERAL,67,74,70.2,4
2024,GENERAL,FULL,B076,,"Стандартизация, сертификация и метрология (по отраслям)",40,GENERAL,61,82,70.5,4
2024,GENERAL,FULL,B076,,"Стандартизация, сертификация и метрология (по отраслям)",43,GENERAL,58,89,72.6,11
2024,GENERAL,FULL,B076,,"Стандартизация, сертификация и метрология (по отраслям)",45,GENERAL,57,90,67.4,38
2024,GENERAL,FULL,B076,,"Стандартизация, сертификация и метрология (по отраслям)",49,EMERGENCY_REGIONS,52,52,52.0,1
2024,GENERAL,FULL,B076,,"Стандартизация, сертификация и метрология (по отраслям)",49,GENERAL,58,71,64.4,9
2024,GENERAL,FULL,B076,,"Стандартизация, сертификация и метрология (по отраслям)",53,EMERGENCY_REGIONS,53,53,53.0,1
2024,GENERAL,FULL,B076,,"Стандартизация, сертификация и метрология (по отраслям)",53,GENERAL,57,90,65.7,27
2024,GENERAL,FULL,B076,,"Стандартизация, сертификация и метрология (по отраслям)",122,GENERAL,68,81,74.5,2
2024,GENERAL,FULL,B076,,"Стандартизация, сертификация и метрология (по отраслям)",140,EMERGENCY_REGIONS,50,50,50.0,1
2024,GENERAL,FULL,B076,,"Стандартизация, сертификация и метрология (по отраслям)",140,GENERAL,62,90,72.7,3
2024,GENERAL,FULL,B076,,"Стандартизация, сертификация и метрология (по отраслям)",182,GENERAL,57,94,68.4,35
2024,GENERAL,FULL,B076,,"Стандартизация, сертификация и метрология (по отраслям)",223,GENERAL,58,86,65.9,13
2024,GENERAL,FULL,B076,,"Стандартизация, сертификация и метрология (по отраслям)",501,EMERGENCY_REGIONS,56,57,56.5,2
2024,GENERAL,FULL,B076,,"Стандартизация, сертификация и метрология (по отраслям)",501,GENERAL,58,95,68.4,11
2024,GENERAL,FULL,B077,,Растениеводство,2,EMERGENCY_REGIONS,50,50,50.0,1
2024,GENERAL,FULL,B077,,Растениеводство,2,GENERAL,50,77,58.8,112
2024,GENERAL,FULL,B077,,Растениеводство,15,GENERAL,52,72,61.4,18
2024,GENERAL,FULL,B077,,Растениеводство,24,GENERAL,50,72,57.8,102
2024,GENERAL,FULL,B077,,Растениеводство,34,GENERAL,51,57,53.9,13
2024,GENERAL,FULL,B077,,Растениеводство,35,GENERAL,50,86,62.1,35
2024,GENERAL,FULL,B077,,Растениеводство,36,GENERAL,50,91,63.0,34
2024,GENERAL,FULL,B077,,Растениеводство,38,GENERAL,52,76,60.1,15
2024,GENERAL,FULL,B077,,Растениеводство,40,GENERAL,51,76,60.5,32
2024,GENERAL,FULL,B077,,Растениеводство,42,GENERAL,51,62,56.9,10
2024,GENERAL,FULL,B077,,Растениеводство,43,GENERAL,50,71,57.3,12
2024,GENERAL,FULL,B077,,Растениеводство,45,GENERAL,50,71,56.6,41
2024,GENERAL,FULL,B077,,Растениеводство,49,GENERAL,50,64,54.5,21
2024,GENERAL,FULL,B077,,Растениеводство,223,GENERAL,50,50,50.0,1
2024,GENERAL,FULL,B078,,Животноводство,2,GENERAL,50,54,52.7,3
2024,GENERAL,FULL,B078,,Животноводство,38,GENERAL,51,73,59.5,11
2024,GENERAL,FULL,B078,,Животноводство,40,GENERAL,54,101,67.3,7
2024,GENERAL,FULL,B078,,Животноводство,42,GENERAL,52,71,59.4,12
2024,GENERAL,FULL,B078,,Животноводство,45,GENERAL,50,53,51.8,4
2024,GENERAL,FULL,B078,,Животноводство,53,GENERAL,50,54,51.5,6
2024,GENERAL,FULL,B079,,Лесное хозяйство,2,EMERGENCY_REGIONS,50,58,53.6,21
2024,GENERAL,FULL,B079,,Лесное хозяйство,2,GENERAL,59,75,64.9,296
2024,GENERAL,FULL,B079,,Лесное хозяйство,2,RURAL,53,59,56.2,52
2024,GENERAL,FULL,B079,,Лесное хозяйство,11,EMERGENCY_REGIONS,57,57,57.0,1
2024,GENERAL,FULL,B079,,Лесное хозяйство,11,GENERAL,59,93,66.0,52
2024,GENERAL,FULL,B079,,Лесное хозяйство,11,RURAL,54,59,56.2,6
2024,GENERAL,FULL,B079,,Лесное хозяйство,12,EMERGENCY_REGIONS,50,50,50.0,1
2024,GENERAL,FULL,B079,,Лесное хозяйство,12,GENERAL,59,77,65.4,27
2024,GENERAL,FULL,B079,,Лесное хозяйство,12,RURAL,53,58,55.0,11
2024,GENERAL,FULL,B079,,Лесное хозяйство,24,EMERGENCY_REGIONS,52,56,54.3,6
2024,GENERAL,FULL,B079,,Лесное хозяйство,24,GENERAL,59,72,65.0,395
2024,GENERAL,FULL,B079,,Лесное хозяйство,24,RURAL,53,59,55.6,80
2024,GENERAL,FULL,B079,,Лесное хозяйство,35,EMERGENCY_REGIONS,50,56,52.5,6
2024,GENERAL,FULL,B079,,Лесное хозяйство,35,GENERAL,59,69,63.1,83
2024,GENERAL,FULL,B079,,Лесное хозяйство,35,RURAL,53,58,55.6,25
2024,GENERAL,FULL,B079,,Лесное хозяйство,38,GENERAL,59,94,65.4,58
2024,GENERAL,FULL,B079,,Лесное хозяйство,38,RURAL,53,58,55.0,3
2024,GENERAL,FULL,B079,,Лесное хозяйство,40,EMERGENCY_REGIONS,50,58,53.4,9
2024,GENERAL,FULL,B079,,Лесное хозяйство,40,GENERAL,59,74,65.6,60
2024,GENERAL,FULL,B079,,Лесное хозяйство,40,RURAL,53,58,55.6,14
2024,GENERAL,FULL,B079,,Лесное хозяйство,42,GENERAL,59,74,64.2,42
2024,GENERAL,FULL,B079,,Лесное хозяйство,42,RURAL,54,58,56.5,18
2024,GENERAL,FULL,B079,,Лесное хозяйство,501,EMERGENCY_REGIONS,50,59,54.7,24
2024,GENERAL,FULL,B079,,Лесное хозяйство,501,GENERAL,59,67,62.0,65
2024,GENERAL,FULL,B079,,Лесное хозяйство,501,RURAL,54,59,56.1,26
2024,GENERAL,FULL,B080,,Рыбное хозяйство,27,GENERAL,52,72,64.2,14
2024,GENERAL,FULL,B082,,Водные ресурсы и водопользования,2,GENERAL,50,77,58.2,20
2024,GENERAL,FULL,B082,,Водные ресурсы и водопользования,12,GENERAL,51,73,58.6,7
2024,GENERAL,FULL,B082,,Водные ресурсы и водопользования,24,GENERAL,50,60,53.8,26
2024,GENERAL,FULL,B082,,Водные ресурсы и водопользования,29,GENERAL,66,77,71.0,6
2024,GENERAL,FULL,B082,,Водные ресурсы и водопользования,34,GENERAL,50,78,59.5,33
2024,GENERAL,FULL,B082,,Водные ресурсы и водопользования,45,GENERAL,50,88,59.4,26
2024,GENERAL,FULL,B083,,Ветеринария,2,GENERAL,51,62,56.9,77
2024,GENERAL,FULL,B083,,Ветеринария,24,GENERAL,50,66,56.0,200
2024,GENERAL,FULL,B083,,Ветеринария,36,GENERAL,50,98,65.6,45
2024,GENERAL,FULL,B083,,Ветеринария,38,GENERAL,50,80,60.2,17
2024,GENERAL,FULL,B083,,Ветеринария,42,GENERAL,50,92,61.5,45
2024,GENERAL,FULL,B083,,Ветеринария,45,GENERAL,50,86,59.4,63
2024,GENERAL,FULL,B083,,Ветеринария,198,GENERAL,53,53,53.0,1
2024,GENERAL,FULL,B083,,Ветеринария,223,GENERAL,50,50,50.0,2
2024,GENERAL,FULL,B083,,Ветеринария,416,GENERAL,50,91,59.8,16
2024,GENERAL,FULL,B090,,Социальная работа,13,GENERAL,86,94,89.5,13
2024,GENERAL,FULL,B090,,Социальная работа,21,GENERAL,80,97,85.6,19
2024,GENERAL,FULL,B090,,Социальная работа,25,EMERGENCY_REGIONS,65,75,69.5,41
2024,GENERAL,FULL,B090,,Социальная работа,25,GENERAL,77,95,81.6,97
2024,GENERAL,FULL,B090,,Социальная работа,25,RURAL,72,77,73.8,102
2024,GENERAL,FULL,B090,,Социальная работа,27,GENERAL,80,91,85.4,23
2024,GENERAL,FULL,B090,,Социальная работа,31,EMERGENCY_REGIONS,63,71,65.9,11
2024,GENERAL,FULL,B090,,Социальная работа,31,GENERAL,78,97,86.9,9
2024,GENERAL,FULL,B090,,Социальная работа,31,RURAL,73,77,74.2,8
2024,GENERAL,FULL,B090,,Социальная работа,34,EMERGENCY_REGIONS,63,64,63.2,4
2024,GENERAL,FULL,B090,,Социальная работа,34,GENERAL,81,89,84.1,8
2024,GENERAL,FULL,B090,,Социальная работа,34,RURAL,72,76,73.9,15
2024,GENERAL,FULL,B090,,Социальная работа,38,GENERAL,78,86,82.2,5
2024,GENERAL,FULL,B090,,Социальная работа,38,RURAL,73,74,73.5,2
2024,GENERAL,FULL,B090,,Социальная работа,45,GENERAL,77,99,81.7,19
2024,GENERAL,FULL,B090,,Социальная работа,45,RURAL,72,75,73.2,16
2024,GENERAL,FULL,B090,,Социальная работа,122,EMERGENCY_REGIONS,67,67,67.0,1
2024,GENERAL,FULL,B090,,Социальная работа,158,EMERGENCY_REGIONS,63,72,66.2,8
2024,GENERAL,FULL,B090,,Социальная работа,158,GENERAL,83,87,85.3,3
2024,GENERAL,FULL,B090,,Социальная работа,158,RURAL,73,76,74.4,5
2024,GENERAL,FULL,B090,,Социальная работа,173,EMERGENCY_REGIONS,63,74,67.2,29
2024,GENERAL,FULL,B090,,Социальная работа,173,GENERAL,77,96,82.5,15
2024,GENERAL,FULL,B090,,Социальная работа,173,RURAL,72,77,74.5,17
2024,GENERAL,FULL,B091,,Туризм,3,GENERAL,114,114,114.0,1
2024,GENERAL,FULL,B091,,Туризм,5,EMERGENCY_REGIONS,100,102,101.0,2
2024,GENERAL,FULL,B091,,Туризм,10,EMERGENCY_REGIONS,101,101,101.0,1
2024,GENERAL,FULL,B091,,Туризм,13,EMERGENCY_REGIONS,99,112,104.9,23
2024,GENERAL,FULL,B091,,Туризм,13,GENERAL,113,130,117.1,59
2024,GENERAL,FULL,B091,,Туризм,16,EMERGENCY_REGIONS,101,110,106.3,3
2024,GENERAL,FULL,B091,,Туризм,20,EMERGENCY_REGIONS,101,101,101.0,1
2024,GENERAL,FULL,B091,,Туризм,21,EMERGENCY_REGIONS,100,112,107.0,12
2024,GENERAL,FULL,B091,,Туризм,21,GENERAL,113,134,119.1,58
2024,GENERAL,FULL,B091,,Туризм,22,EMERGENCY_REGIONS,106,106,106.0,1
2024,GENERAL,FULL,B091,,Туризм,22,GENERAL,114,114,114.0,1
2024,GENERAL,FULL,B091,,Туризм,25,EMERGENCY_REGIONS,103,110,106.5,4
2024,GENERAL,FULL,B091,,Туризм,25,GENERAL,113,122,116.8,6
2024,GENERAL,FULL,B091,,Туризм,27,EMERGENCY_REGIONS,101,111,104.6,8
2024,GENERAL,FULL,B091,,Туризм,27,GENERAL,113,134,118.8,17
2024,GENERAL,FULL,B091,,Туризм,35,GENERAL,118,118,118.0,1
2024,GENERAL,FULL,B091,,Туризм,43,GENERAL,117,117,117.0,1
2024,GENERAL,FULL,B091,,Туризм,45,GENERAL,113,113,113.0,1
2024,GENERAL,FULL,B091,,Туризм,69,EMERGENCY_REGIONS,107,107,107.0,1
2024,GENERAL,FULL,B091,,Туризм,69,GENERAL,119,119,119.0,1
2024,GENERAL,FULL,B091,,Туризм,83,EMERGENCY_REGIONS,99,103,101.3,3
2024,GENERAL,FULL,B091,,Туризм,83,GENERAL,113,135,117.8,16
2024,GENERAL,FULL,B091,,Туризм,93,EMERGENCY_REGIONS,104,104,104.0,2
2024,GENERAL,FULL,B091,,Туризм,173,EMERGENCY_REGIONS,99,99,99.0,3
2024,GENERAL,FULL,B091,,Туризм,173,GENERAL,117,117,117.0,1
2024,GENERAL,FULL,B091,,Туризм,174,GENERAL,120,136,126.6,121
2024,GENERAL,FULL,B091,,Туризм,182,EMERGENCY_REGIONS,107,107,107.0,2
2024,GENERAL,FULL,B091,,Туризм,182,GENERAL,124,124,124.0,1
2024,GENERAL,FULL,B092,,Досуг,5,EMERGENCY_REGIONS,114,121,117.6,5
2024,GENERAL,FULL,B092,,Досуг,5,GENERAL,126,126,126.0,1
2024,GENERAL,FULL,B092,,Досуг,5,RURAL,121,122,121.5,2
2024,GENERAL,FULL,B092,,Досуг,7,GENERAL,129,129,129.0,1
2024,GENERAL,FULL,B092,,Досуг,7,RURAL,120,121,120.3,3
2024,GENERAL,FULL,B092,,Досуг,16,EMERGENCY_REGIONS,116,120,117.0,9
2024,GENERAL,FULL,B092,,Досуг,16,GENERAL,122,129,124.1,11
2024,GENERAL,FULL,B092,,Досуг,16,RURAL,120,120,120.0,1
2024,GENERAL,FULL,B092,,Досуг,25,GENERAL,122,129,124.4,28
2024,GENERAL,FULL,B092,,Досуг,25,RURAL,120,121,120.4,23
2024,GENERAL,FULL,B092,,Досуг,31,GENERAL,127,127,127.0,1
2024,GENERAL,FULL,B092,,Досуг,36,EMERGENCY_REGIONS,115,121,118.1,11
2024,GENERAL,FULL,B092,,Досуг,36,GENERAL,122,126,123.0,5
2024,GENERAL,FULL,B092,,Досуг,36,RURAL,120,120,120.0,1
2024,GENERAL,FULL,B092,,Досуг,40,EMERGENCY_REGIONS,114,120,117.2,6
2024,GENERAL,FULL,B092,,Досуг,40,GENERAL,122,128,124.7,3
2024,GENERAL,FULL,B092,,Досуг,43,GENERAL,122,125,122.8,18
2024,GENERAL,FULL,B092,,Досуг,43,RURAL,120,121,120.7,7
2024,GENERAL,FULL,B092,,Досуг,45,GENERAL,122,127,123.9,36
2024,GENERAL,FULL,B092,,Досуг,45,RURAL,120,122,120.8,23
2024,GENERAL,FULL,B092,,Досуг,158,EMERGENCY_REGIONS,115,119,117.0,2
2024,GENERAL,FULL,B093,,Ресторанное дело и гостиничный бизнес,3,EMERGENCY_REGIONS,97,97,97.0,1
2024,GENERAL,FULL,B093,,Ресторанное дело и гостиничный бизнес,3,RURAL,99,99,99.0,1
2024,GENERAL,FULL,B093,,Ресторанное дело и гостиничный бизнес,7,EMERGENCY_REGIONS,88,88,88.0,1
2024,GENERAL,FULL,B093,,Ресторанное дело и гостиничный бизнес,7,GENERAL,113,113,113.0,1
2024,GENERAL,FULL,B093,,Ресторанное дело и гостиничный бизнес,7,RURAL,96,100,97.5,4
2024,GENERAL,FULL,B093,,Ресторанное дело и гостиничный бизнес,13,EMERGENCY_REGIONS,91,107,97.7,16
2024,GENERAL,FULL,B093,,Ресторанное дело и гостиничный бизнес,13,GENERAL,110,126,114.1,51
2024,GENERAL,FULL,B093,,Ресторанное дело и гостиничный бизнес,13,RURAL,95,110,101.2,25
2024,GENERAL,FULL,B093,,Ресторанное дело и гостиничный бизнес,20,EMERGENCY_REGIONS,89,90,89.5,2
2024,GENERAL,FULL,B093,,Ресторанное дело и гостиничный бизнес,21,EMERGENCY_REGIONS,100,107,102.3,3
2024,GENERAL,FULL,B093,,Ресторанное дело и гостиничный бизнес,21,GENERAL,110,127,115.5,35
2024,GENERAL,FULL,B093,,Ресторанное дело и гостиничный бизнес,21,RURAL,100,109,104.0,14
2024,GENERAL,FULL,B093,,Ресторанное дело и гостиничный бизнес,23,EMERGENCY_REGIONS,89,89,89.0,2
2024,GENERAL,FULL,B093,,Ресторанное дело и гостиничный бизнес,23,GENERAL,111,115,113.0,2
2024,GENERAL,FULL,B093,,Ресторанное дело и гостиничный бизнес,23,RURAL,95,109,101.2,4
2024,GENERAL,FULL,B093,,Ресторанное дело и гостиничный бизнес,27,EMERGENCY_REGIONS,91,107,97.2,5
2024,GENERAL,FULL,B093,,Ресторанное дело и гостиничный бизнес,27,GENERAL,110,127,113.5,19
2024,GENERAL,FULL,B093,,Ресторанное дело и гостиничный бизнес,27,RURAL,96,110,101.2,21
2024,GENERAL,FULL,B093,,Ресторанное дело и гостиничный бизнес,31,EMERGENCY_REGIONS,88,88,88.0,1
2024,GENERAL,FULL,B093,,Ресторанное дело и гостиничный бизнес,31,RURAL,99,99,99.0,1
2024,GENERAL,FULL,B093,,Ресторанное дело и гостиничный бизнес,36,EMERGENCY_REGIONS,94,94,94.0,1
2024,GENERAL,FULL,B093,,Ресторанное дело и гостиничный бизнес,36,GENERAL,112,113,112.5,2
2024,GENERAL,FULL,B093,,Ресторанное дело и гостиничный бизнес,36,RURAL,98,100,99.0,2
2024,GENERAL,FULL,B093,,Ресторанное дело и гостиничный бизнес,37,EMERGENCY_REGIONS,94,94,94.0,1
2024,GENERAL,FULL,B093,,Ресторанное дело и гостиничный бизнес,37,RURAL,107,107,107.0,1
2024,GENERAL,FULL,B093,,Ресторанное дело и гостиничный бизнес,45,GENERAL,119,119,119.0,1
2024,GENERAL,FULL,B093,,Ресторанное дело и гостиничный бизнес,45,RURAL,98,98,98.0,1
2024,GENERAL,FULL,B093,,Ресторанное дело и гостиничный бизнес,53,EMERGENCY_REGIONS,97,97,97.0,1
2024,GENERAL,FULL,B093,,Ресторанное дело и гостиничный бизнес,53,GENERAL,111,111,111.0,1
2024,GENERAL,FULL,B093,,Ресторанное дело и гостиничный бизнес,53,RURAL,99,99,99.0,1
2024,GENERAL,FULL,B093,,Ресторанное дело и гостиничный бизнес,69,EMERGENCY_REGIONS,89,109,95.8,6
2024,GENERAL,FULL,B093,,Ресторанное дело и гостиничный бизнес,69,GENERAL,111,123,118.2,4
2024,GENERAL,FULL,B093,,Ресторанное дело и гостиничный бизнес,69,RURAL,99,106,102.9,7
2024,GENERAL,FULL,B093,,Ресторанное дело и гостиничный бизнес,83,EMERGENCY_REGIONS,92,108,96.0,6
2024,GENERAL,FULL,B093,,Ресторанное дело и гостиничный бизнес,83,GENERAL,110,127,115.9,27
2024,GENERAL,FULL,B093,,Ресторанное дело и гостиничный бизнес,83,RURAL,96,109,101.2,15
2024,GENERAL,FULL,B093,,Ресторанное дело и гостиничный бизнес,93,EMERGENCY_REGIONS,88,94,91.0,2
2024,GENERAL,FULL,B093,,Ресторанное дело и гостиничный бизнес,93,GENERAL,112,112,112.0,1
2024,GENERAL,FULL,B093,,Ресторанное дело и гостиничный бизнес,93,RURAL,96,105,102.5,4
2024,GENERAL,FULL,B093,,Ресторанное дело и гостиничный бизнес,122,GENERAL,111,111,111.0,1
2024,GENERAL,FULL,B093,,Ресторанное дело и гостиничный бизнес,160,EMERGENCY_REGIONS,99,99,99.0,1
2024,GENERAL,FULL,B093,,Ресторанное дело и гостиничный бизнес,160,GENERAL,112,112,112.0,1
2024,GENERAL,FULL,B093,,Ресторанное дело и гостиничный бизнес,160,RURAL,98,101,99.5,2
2024,GENERAL,FULL,B093,,Ресторанное дело и гостиничный бизнес,182,EMERGENCY_REGIONS,87,98,92.7,6
2024,GENERAL,FULL,B093,,Ресторанное дело и гостиничный бизнес,182,GENERAL,110,113,111.3,3
2024,GENERAL,FULL,B093,,Ресторанное дело и гостиничный бизнес,182,RURAL,96,96,96.0,1
2024,GENERAL,FULL,B093,,Ресторанное дело и гостиничный бизнес,184,EMERGENCY_REGIONS,88,100,93.8,5
2024,GENERAL,FULL,B093,,Ресторанное дело и гостиничный бизнес,184,GENERAL,111,111,111.0,1
2024,GENERAL,FULL,B093,,Ресторанное дело и гостиничный бизнес,184,RURAL,99,99,99.0,1
2024,GENERAL,FULL,B094,,Санитарно-профилактические мероприятия,3,GENERAL,89,89,89.0,1
2024,GENERAL,FULL,B094,,Санитарно-профилактические мероприятия,3,RURAL,65,67,66.0,3
2024,GENERAL,FULL,B094,,Санитарно-профилактические мероприятия,11,GENERAL,76,76,76.0,1
2024,GENERAL,FULL,B094,,Санитарно-профилактические мероприятия,11,RURAL,65,74,68.2,4
2024,GENERAL,FULL,B094,,Санитарно-профилактические мероприятия,12,GENERAL,75,112,86.5,6
2024,GENERAL,FULL,B094,,Санитарно-профилактические мероприятия,12,RURAL,65,70,67.5,2
2024,GENERAL,FULL,B094,,Санитарно-профилактические мероприятия,15,GENERAL,75,105,84.0,5
2024,GENERAL,FULL,B094,,Санитарно-профилактические мероприятия,15,RURAL,67,73,69.8,5
2024,GENERAL,FULL,B094,,Санитарно-профилактические мероприятия,19,EMERGENCY_REGIONS,57,75,62.4,5
2024,GENERAL,FULL,B094,,Санитарно-профилактические мероприятия,19,RURAL,67,68,67.5,2
2024,GENERAL,FULL,B094,,Санитарно-профилактические мероприятия,24,GENERAL,86,86,86.0,1
2024,GENERAL,FULL,B094,,Санитарно-профилактические мероприятия,24,RURAL,68,75,71.5,2
2024,GENERAL,FULL,B094,,Санитарно-профилактические мероприятия,27,GENERAL,76,98,84.1,10
2024,GENERAL,FULL,B094,,Санитарно-профилактические мероприятия,27,RURAL,67,72,69.8,4
2024,GENERAL,FULL,B094,,Санитарно-профилактические мероприятия,29,GENERAL,76,90,82.0,5
2024,GENERAL,FULL,B094,,Санитарно-профилактические мероприятия,29,RURAL,65,73,69.0,2
2024,GENERAL,FULL,B094,,Санитарно-профилактические мероприятия,31,GENERAL,76,89,81.0,4
2024,GENERAL,FULL,B094,,Санитарно-профилактические мероприятия,32,GENERAL,77,104,88.6,5
2024,GENERAL,FULL,B094,,Санитарно-профилактические мероприятия,34,GENERAL,79,92,84.0,6
2024,GENERAL,FULL,B094,,Санитарно-профилактические мероприятия,34,RURAL,65,73,70.3,3
2024,GENERAL,FULL,B094,,Санитарно-профилактические мероприятия,38,GENERAL,83,83,83.0,1
2024,GENERAL,FULL,B094,,Санитарно-профилактические мероприятия,38,RURAL,66,66,66.0,2
2024,GENERAL,FULL,B094,,Санитарно-профилактические мероприятия,39,EMERGENCY_REGIONS,59,67,63.0,2
2024,GENERAL,FULL,B094,,Санитарно-профилактические мероприятия,39,GENERAL,85,85,85.0,1
2024,GENERAL,FULL,B094,,Санитарно-профилактические мероприятия,42,GENERAL,75,75,75.0,1
2024,GENERAL,FULL,B094,,Санитарно-профилактические мероприятия,42,RURAL,69,69,69.0,1
2024,GENERAL,FULL,B094,,Санитарно-профилактические мероприятия,45,GENERAL,84,100,94.0,3
2024,GENERAL,FULL,B094,,Санитарно-профилактические мероприятия,45,RURAL,65,74,70.2,6
2024,GENERAL,FULL,B094,,Санитарно-профилактические мероприятия,57,GENERAL,77,106,91.5,2
2024,GENERAL,FULL,B094,,Санитарно-профилактические мероприятия,57,RURAL,65,70,67.5,2
2024,GENERAL,FULL,B094,,Санитарно-профилактические мероприятия,158,EMERGENCY_REGIONS,56,62,59.0,2
2024,GENERAL,FULL,B094,,Санитарно-профилактические мероприятия,158,GENERAL,78,81,79.3,3
2024,GENERAL,FULL,B094,,Санитарно-профилактические мероприятия,158,RURAL,66,66,66.0,1
2024,GENERAL,FULL,B094,,Санитарно-профилактические мероприятия,182,EMERGENCY_REGIONS,59,74,66.5,2
2024,GENERAL,FULL,B094,,Санитарно-профилактические мероприятия,182,GENERAL,78,110,94.0,2
2024,GENERAL,FULL,B094,,Санитарно-профилактические мероприятия,182,RURAL,67,67,67.0,1
2024,GENERAL,FULL,B094,,Санитарно-профилактические мероприятия,198,EMERGENCY_REGIONS,56,60,58.8,4
2024,GENERAL,FULL,B094,,Санитарно-профилактические мероприятия,198,RURAL,69,69,69.0,1
2024,GENERAL,FULL,B094,,Санитарно-профилактические мероприятия,501,EMERGENCY_REGIONS,55,68,59.9,12
2024,GENERAL,FULL,B094,,Санитарно-профилактические мероприятия,501,GENERAL,75,80,77.0,3
2024,GENERAL,FULL,B094,,Санитарно-профилактические мероприятия,501,RURAL,67,74,71.0,6
2024,GENERAL,FULL,B095,,Транспортные услуги,2,EMERGENCY_REGIONS,108,108,108.0,1
2024,GENERAL,FULL,B095,,Транспортные услуги,5,RURAL,111,111,111.0,1
2024,GENERAL,FULL,B095,,Транспортные услуги,9,EMERGENCY_REGIONS,111,111,111.0,1
2024,GENERAL,FULL,B095,,Транспортные услуги,12,GENERAL,118,118,118.0,1
2024,GENERAL,FULL,B095,,Транспортные услуги,13,EMERGENCY_REGIONS,109,117,111.3,14
2024,GENERAL,FULL,B095,,Транспортные услуги,13,GENERAL,117,123,118.6,21
2024,GENERAL,FULL,B095,,Транспортные услуги,13,RURAL,109,113,110.5,14
2024,GENERAL,FULL,B095,,Транспортные услуги,19,GENERAL,118,118,118.0,1
2024,GENERAL,FULL,B095,,Транспортные услуги,19,RURAL,110,111,110.2,4
2024,GENERAL,FULL,B095,,Транспортные услуги,27,EMERGENCY_REGIONS,109,112,110.3,7
2024,GENERAL,FULL,B095,,Транспортные услуги,27,GENERAL,117,129,119.6,30
2024,GENERAL,FULL,B095,,Транспортные услуги,27,RURAL,110,114,111.6,13
2024,GENERAL,FULL,B095,,Транспортные услуги,29,GENERAL,118,119,118.5,2
2024,GENERAL,FULL,B095,,Транспортные услуги,29,RURAL,109,112,110.3,3
2024,GENERAL,FULL,B095,,Транспортные услуги,31,RURAL,110,112,111.0,2
2024,GENERAL,FULL,B095,,Транспортные услуги,42,GENERAL,117,117,117.0,1
2024,GENERAL,FULL,B095,,Транспортные услуги,43,RURAL,111,111,111.0,1
2024,GENERAL,FULL,B095,,Транспортные услуги,45,RURAL,112,112,112.0,1
2024,GENERAL,FULL,B095,,Транспортные услуги,69,EMERGENCY_REGIONS,108,110,108.7,3
2024,GENERAL,FULL,B095,,Транспортные услуги,69,GENERAL,117,123,119.2,5
2024,GENERAL,FULL,B095,,Транспортные услуги,69,RURAL,110,115,111.8,4
2024,GENERAL,FULL,B095,,Транспортные услуги,82,GENERAL,117,118,117.5,2
2024,GENERAL,FULL,B095,,Транспортные услуги,83,GENERAL,117,129,119.7,15
2024,GENERAL,FULL,B095,,Транспортные услуги,83,RURAL,109,114,111.6,5
2024,GENERAL,FULL,B095,,Транспортные услуги,157,EMERGENCY_REGIONS,108,108,108.0,1
2024,GENERAL,FULL,B098,,Спорт,20,GENERAL,110,126,118.1,175
2024,GENERAL,FULL,B098,,Спорт,27,GENERAL,95,125,116.1,28
2024,GENERAL,FULL,B126,,Транспортное строительство,12,GENERAL,51,60,53.4,12
2024,GENERAL,FULL,B126,,Транспортное строительство,19,GENERAL,50,69,56.5,26
2024,GENERAL,FULL,B126,,Транспортное строительство,32,GENERAL,60,80,70.0,2
2024,GENERAL,FULL,B126,,Транспортное строительство,38,GENERAL,75,85,80.0,2
2024,GENERAL,FULL,B126,,Транспортное строительство,78,GENERAL,58,62,60.3,3
2024,GENERAL,FULL,B134,,Археология и этнология,13,EMERGENCY_REGIONS,94,96,95.0,5
2024,GENERAL,FULL,B134,,Археология и этнология,13,GENERAL,98,112,101.9,15
2024,GENERAL,FULL,B134,,Археология и этнология,27,EMERGENCY_REGIONS,87,93,90.0,2
2024,GENERAL,FULL,B134,,Археология и этнология,27,GENERAL,99,110,103.2,12
2024,GENERAL,FULL,B134,,Археология и этнология,31,GENERAL,103,104,103.5,2
2024,GENERAL,FULL,B134,,Археология и этнология,38,EMERGENCY_REGIONS,86,86,86.0,1
2024,GENERAL,FULL,B134,,Археология и этнология,38,GENERAL,98,98,98.0,1
2024,GENERAL,FULL,B134,,Археология и этнология,45,GENERAL,100,103,101.5,2
2024,GENERAL,FULL,B135,,Востоковедение,13,EMERGENCY_REGIONS,116,121,117.7,9
2024,GENERAL,FULL,B135,,Востоковедение,13,GENERAL,121,128,123.0,29
2024,GENERAL,FULL,B135,,Востоковедение,23,EMERGENCY_REGIONS,116,117,116.5,2
2024,GENERAL,FULL,B135,,Востоковедение,23,GENERAL,121,121,121.0,5
2024,GENERAL,FULL,B135,,Востоковедение,27,EMERGENCY_REGIONS,116,119,117.0,3
2024,GENERAL,FULL,B135,,Востоковедение,27,GENERAL,121,130,122.8,22
2024,GENERAL,FULL,B140,,Международные отношения и дипломатия,13,EMERGENCY_REGIONS,126,129,127.5,2
2024,GENERAL,FULL,B140,,Международные отношения и дипломатия,13,GENERAL,131,131,131.0,2
2024,GENERAL,FULL,B140,,Международные отношения и дипломатия,27,GENERAL,130,137,132.9,8
2024,GENERAL,FULL,B140,,Международные отношения и дипломатия,83,GENERAL,131,131,131.0,1
2024,GENERAL,FULL,B140,,Международные отношения и дипломатия,174,EMERGENCY_REGIONS,126,130,128.0,16
2024,GENERAL,FULL,B140,,Международные отношения и дипломатия,174,GENERAL,130,138,132.9,68
2024,GENERAL,FULL,B140,,Международные отношения и дипломатия,302,EMERGENCY_REGIONS,127,128,127.5,2
2024,GENERAL,FULL,B140,,Международные отношения и дипломатия,302,GENERAL,130,140,133.3,9
2024,GENERAL,FULL,B145,,Государственный аудит,13,EMERGENCY_REGIONS,109,111,110.0,3
2024,GENERAL,FULL,B145,,Государственный аудит,13,GENERAL,120,122,120.9,7
2024,GENERAL,FULL,B145,,Государственный аудит,13,RURAL,111,116,112.3,6
2024,GENERAL,FULL,B165,,Магистральные сети и инфраструктура,19,GENERAL,50,69,55.5,44
2024,GENERAL,FULL,B165,,Магистральные сети и инфраструктура,29,GENERAL,66,84,71.6,9
2024,GENERAL,FULL,B166,,Транспортные сооружения,19,GENERAL,50,70,56.4,28
2024,GENERAL,FULL,B166,,Транспортные сооружения,29,GENERAL,73,73,73.0,1
2024,GENERAL,FULL,B167,,Летная эксплуатация летательных аппаратов и двигателей,157,EMERGENCY_REGIONS,85,90,88.0,5
2024,GENERAL,FULL,B167,,Летная эксплуатация летательных аппаратов и двигателей,157,GENERAL,92,133,105.4,209
2024,GENERAL,FULL,B175,,Водоснабжение и водоотведение,43,GENERAL,50,80,62.5,11
2024,GENERAL,FULL,B176,,Гидротехническое строительство и управление водными ресурсами,43,EMERGENCY_REGIONS,51,51,51.0,1
2024,GENERAL,FULL,B176,,Гидротехническое строительство и управление водными ресурсами,43,GENERAL,55,115,67.9,24
2024,GENERAL,FULL,B183,,Агроинженерия,2,GENERAL,50,65,55.2,70
2024,GENERAL,FULL,B183,,Агроинженерия,24,GENERAL,50,60,54.2,47
2024,GENERAL,FULL,B183,,Агроинженерия,34,GENERAL,50,52,51.0,2
2024,GENERAL,FULL,B183,,Агроинженерия,36,GENERAL,51,84,60.2,8
2024,GENERAL,FULL,B183,,Агроинженерия,45,GENERAL,51,70,56.8,16
2024,GENERAL,FULL,B183,,Агроинженерия,140,GENERAL,53,53,53.0,1
2024,GENERAL,FULL,B183,,Агроинженерия,501,GENERAL,50,84,58.4,5
2024,GENERAL,SHORT,B001,,Педагогика и психология,7,EMERGENCY_REGIONS,39,39,39.0,1
2024,GENERAL,SHORT,B001,,Педагогика и психология,7,GENERAL,40,46,42.3,3
2024,GENERAL,SHORT,B001,,Педагогика и психология,16,GENERAL,41,41,41.0,1
2024,GENERAL,SHORT,B001,,Педагогика и психология,25,GENERAL,41,46,42.0,9
2024,GENERAL,SHORT,B001,,Педагогика и психология,34,GENERAL,41,41,41.0,2
2024,GENERAL,SHORT,B001,,Педагогика и психология,36,EMERGENCY_REGIONS,39,39,39.0,3
2024,GENERAL,SHORT,B001,,Педагогика и психология,36,GENERAL,43,49,46.7,3
2024,GENERAL,SHORT,B001,,Педагогика и психология,40,GENERAL,45,45,45.0,1
2024,GENERAL,SHORT,B001,,Педагогика и психология,45,EMERGENCY_REGIONS,39,39,39.0,1
2024,GENERAL,SHORT,B001,,Педагогика и психология,47,GENERAL,42,42,42.0,1
2024,GENERAL,SHORT,B001,,Педагогика и психология,116,GENERAL,40,40,40.0,1
2024,GENERAL,SHORT,B001,,Педагогика и психология,141,GENERAL,41,41,41.0,1
2024,GENERAL,SHORT,B001,,Педагогика и психология,145,EMERGENCY_REGIONS,38,38,38.0,1
2024,GENERAL,SHORT,B001,,Педагогика и психология,302,GENERAL,40,40,40.0,1
2024,GENERAL,SHORT,B001,,Педагогика и психология,517,GENERAL,42,42,42.0,1
2024,GENERAL,SHORT,B002,,Дошкольное обучение и воспитание,7,GENERAL,36,40,37.5,4
2024,GENERAL,SHORT,B002,,Дошкольное обучение и воспитание,10,GENERAL,35,39,36.7,3
2024,GENERAL,SHORT,B002,,Дошкольное обучение и воспитание,11,GENERAL,39,39,39.0,1
2024,GENERAL,SHORT,B002,,Дошкольное обучение и воспитание,16,GENERAL,35,35,35.0,1
2024,GENERAL,SHORT,B002,,Дошкольное обучение и воспитание,25,GENERAL,35,47,38.3,11
2024,GENERAL,SHORT,B002,,Дошкольное обучение и воспитание,34,GENERAL,35,46,38.2,31
2024,GENERAL,SHORT,B002,,Дошкольное обучение и воспитание,35,GENERAL,35,44,38.0,6
2024,GENERAL,SHORT,B002,,Дошкольное обучение и воспитание,36,GENERAL,35,49,40.5,20
2024,GENERAL,SHORT,B002,,Дошкольное обучение и воспитание,40,GENERAL,36,36,36.0,1
2024,GENERAL,SHORT,B002,,Дошкольное обучение и воспитание,116,GENERAL,35,41,39.2,4
2024,GENERAL,SHORT,B002,,Дошкольное обучение и воспитание,141,GENERAL,42,42,42.0,1
2024,GENERAL,SHORT,B002,,Дошкольное обучение и воспитание,185,GENERAL,35,44,38.0,7
2024,GENERAL,SHORT,B002,,Дошкольное обучение и воспитание,517,GENERAL,35,38,36.2,5
2024,GENERAL,SHORT,B003,,Педагогика и методика начального обучения,5,RURAL,38,38,38.0,1
2024,GENERAL,SHORT,B003,,Педагогика и методика начального обучения,7,GENERAL,42,45,43.5,2
2024,GENERAL,SHORT,B003,,Педагогика и методика начального обучения,10,EMERGENCY_REGIONS,40,40,40.0,1
2024,GENERAL,SHORT,B003,,Педагогика и методика начального обучения,11,GENERAL,45,45,45.0,1
2024,GENERAL,SHORT,B003,,Педагогика и методика начального обучения,15,GENERAL,44,50,47.0,2
2024,GENERAL,SHORT,B003,,Педагогика и методика начального обучения,16,EMERGENCY_REGIONS,42,42,42.0,2
2024,GENERAL,SHORT,B003,,Педагогика и методика начального обучения,25,EMERGENCY_REGIONS,40,40,40.0,2
2024,GENERAL,SHORT,B003,,Педагогика и методика начального обучения,25,GENERAL,43,49,45.2,9
2024,GENERAL,SHORT,B003,,Педагогика и методика начального обучения,31,GENERAL,43,45,44.0,4
2024,GENERAL,SHORT,B003,,Педагогика и методика начального обучения,34,GENERAL,43,48,44.9,11
2024,GENERAL,SHORT,B003,,Педагогика и методика начального обучения,35,GENERAL,45,45,45.0,1
2024,GENERAL,SHORT,B003,,Педагогика и методика начального обучения,36,EMERGENCY_REGIONS,40,42,41.1,10
2024,GENERAL,SHORT,B003,,Педагогика и методика начального обучения,36,GENERAL,43,53,46.2,15
2024,GENERAL,SHORT,B003,,Педагогика и методика начального обучения,40,EMERGENCY_REGIONS,40,40,40.0,1
2024,GENERAL,SHORT,B003,,Педагогика и методика начального обучения,40,GENERAL,47,48,47.7,3
2024,GENERAL,SHORT,B003,,Педагогика и методика начального обучения,43,GENERAL,45,49,47.0,2
2024,GENERAL,SHORT,B003,,Педагогика и методика начального обучения,47,GENERAL,45,45,45.0,1
2024,GENERAL,SHORT,B003,,Педагогика и методика начального обучения,141,GENERAL,45,45,45.0,1
2024,GENERAL,SHORT,B003,,Педагогика и методика начального обучения,153,GENERAL,43,47,45.0,2
2024,GENERAL,SHORT,B003,,Педагогика и методика начального обучения,185,GENERAL,42,47,44.4,5
2024,GENERAL,SHORT,B003,,Педагогика и методика начального обучения,223,GENERAL,45,45,45.0,1
2024,GENERAL,SHORT,B003,,Педагогика и методика начального обучения,302,GENERAL,44,44,44.0,1
2024,GENERAL,SHORT,B003,,Педагогика и методика начального обучения,517,GENERAL,42,43,42.5,2
2024,GENERAL,SHORT,B005,,Подготовка учителей физической культуры,7,GENERAL,50,54,52.0,4
2024,GENERAL,SHORT,B005,,Подготовка учителей физической культуры,15,GENERAL,48,48,48.0,1
2024,GENERAL,SHORT,B005,,Подготовка учителей физической культуры,16,EMERGENCY_REGIONS,43,47,44.7,3
2024,GENERAL,SHORT,B005,,Подготовка учителей физической культуры,20,GENERAL,47,55,49.4,7
2024,GENERAL,SHORT,B005,,Подготовка учителей физической культуры,20,RURAL,47,47,47.0,1
2024,GENERAL,SHORT,B005,,Подготовка учителей физической культуры,25,GENERAL,52,52,52.0,1
2024,GENERAL,SHORT,B005,,Подготовка учителей физической культуры,31,GENERAL,47,54,49.5,4
2024,GENERAL,SHORT,B005,,Подготовка учителей физической культуры,34,GENERAL,49,52,50.2,4
2024,GENERAL,SHORT,B005,,Подготовка учителей физической культуры,35,EMERGENCY_REGIONS,44,44,44.0,1
2024,GENERAL,SHORT,B005,,Подготовка учителей физической культуры,36,EMERGENCY_REGIONS,44,46,44.8,4
2024,GENERAL,SHORT,B005,,Подготовка учителей физической культуры,36,GENERAL,48,51,49.5,2
2024,GENERAL,SHORT,B005,,Подготовка учителей физической культуры,40,GENERAL,47,47,47.0,1
2024,GENERAL,SHORT,B005,,Подготовка учителей физической культуры,42,GENERAL,49,49,49.0,1
2024,GENERAL,SHORT,B005,,Подготовка учителей физической культуры,153,GENERAL,47,49,48.0,2
2024,GENERAL,SHORT,B005,,Подготовка учителей физической культуры,153,RURAL,40,43,41.5,2
2024,GENERAL,SHORT,B005,,Подготовка учителей физической культуры,158,GENERAL,47,49,48.3,3
2024,GENERAL,SHORT,B005,,Подготовка учителей физической культуры,501,EMERGENCY_REGIONS,44,46,45.0,2
2024,GENERAL,SHORT,B005,,Подготовка учителей физической культуры,501,GENERAL,50,52,51.0,2
2024,GENERAL,SHORT,B005,,Подготовка учителей физической культуры,517,GENERAL,47,49,48.0,2
2024,GENERAL,SHORT,B005,,Подготовка учителей физической культуры,527,GENERAL,47,50,49.0,3
2024,GENERAL,SHORT,B006,,Подготовка учителей музыки,7,GENERAL,51,51,51.0,1
2024,GENERAL,SHORT,B006,,Подготовка учителей музыки,25,GENERAL,47,49,48.0,3
2024,GENERAL,SHORT,B006,,Подготовка учителей музыки,34,GENERAL,46,51,48.5,2
2024,GENERAL,SHORT,B006,,Подготовка учителей музыки,36,EMERGENCY_REGIONS,45,45,45.0,1
2024,GENERAL,SHORT,B006,,Подготовка учителей музыки,40,EMERGENCY_REGIONS,41,41,41.0,1
2024,GENERAL,SHORT,B006,,Подготовка учителей музыки,40,GENERAL,46,46,46.0,1
2024,GENERAL,SHORT,B006,,Подготовка учителей музыки,517,GENERAL,46,46,46.0,1
2024,GENERAL,SHORT,B007,,Подготовка учителей художественного труда и черчения,7,GENERAL,47,51,49.0,3
2024,GENERAL,SHORT,B007,,Подготовка учителей художественного труда и черчения,16,EMERGENCY_REGIONS,40,43,41.5,2
2024,GENERAL,SHORT,B007,,Подготовка учителей художественного труда и черчения,16,GENERAL,44,55,48.2,4
2024,GENERAL,SHORT,B007,,Подготовка учителей художественного труда и черчения,25,GENERAL,47,47,47.0,1
2024,GENERAL,SHORT,B007,,Подготовка учителей художественного труда и черчения,34,GENERAL,45,56,50.3,7
2024,GENERAL,SHORT,B007,,Подготовка учителей художественного труда и черчения,35,EMERGENCY_REGIONS,43,43,43.0,1
2024,GENERAL,SHORT,B007,,Подготовка учителей художественного труда и черчения,35,GENERAL,49,49,49.0,1
2024,GENERAL,SHORT,B007,,Подготовка учителей художественного труда и черчения,196,GENERAL,44,44,44.0,1
2024,GENERAL,SHORT,B009,,Подготовка учителей математики,3,GENERAL,36,39,37.5,2
2024,GENERAL,SHORT,B009,,Подготовка учителей математики,25,GENERAL,36,57,47.4,15
2024,GENERAL,SHORT,B009,,Подготовка учителей математики,34,GENERAL,37,60,43.2,8
2024,GENERAL,SHORT,B009,,Подготовка учителей математики,43,GENERAL,35,60,49.2,4
2024,GENERAL,SHORT,B009,,Подготовка учителей математики,223,GENERAL,48,52,49.7,3
2024,GENERAL,SHORT,B010,,Подготовка учителей физики,34,GENERAL,35,44,39.4,9
2024,GENERAL,SHORT,B011,,Подготовка учителей информатики,25,GENERAL,35,42,38.5,4
2024,GENERAL,SHORT,B011,,Подготовка учителей информатики,34,GENERAL,35,53,40.6,17
2024,GENERAL,SHORT,B011,,Подготовка учителей информатики,35,GENERAL,38,41,39.5,2
2024,GENERAL,SHORT,B011,,Подготовка учителей информатики,185,GENERAL,36,46,41.3,9
2024,GENERAL,SHORT,B011,,Подготовка учителей информатики,302,GENERAL,44,44,44.0,1
2024,GENERAL,SHORT,B013,,Подготовка учителей биологии,15,GENERAL,36,36,36.0,1
2024,GENERAL,SHORT,B014,,Подготовка учителей географии,15,GENERAL,41,41,41.0,1
2024,GENERAL,SHORT,B014,,Подготовка учителей географии,145,GENERAL,38,38,38.0,1
2024,GENERAL,SHORT,B016,,Подготовка учителей казахского языка и литературы,5,EMERGENCY_REGIONS,37,37,37.0,2
2024,GENERAL,SHORT,B016,,Подготовка учителей казахского языка и литературы,5,GENERAL,39,48,43.5,2
2024,GENERAL,SHORT,B016,,Подготовка учителей казахского языка и литературы,7,GENERAL,39,49,43.4,8
2024,GENERAL,SHORT,B016,,Подготовка учителей казахского языка и литературы,10,EMERGENCY_REGIONS,36,36,36.0,1
2024,GENERAL,SHORT,B016,,Подготовка учителей казахского языка и литературы,25,EMERGENCY_REGIONS,39,39,39.0,1
2024,GENERAL,SHORT,B016,,Подготовка учителей казахского языка и литературы,25,GENERAL,39,55,43.8,12
2024,GENERAL,SHORT,B016,,Подготовка учителей казахского языка и литературы,34,EMERGENCY_REGIONS,37,37,37.0,1
2024,GENERAL,SHORT,B016,,Подготовка учителей казахского языка и литературы,34,GENERAL,41,44,42.2,6
2024,GENERAL,SHORT,B016,,Подготовка учителей казахского языка и литературы,35,EMERGENCY_REGIONS,37,39,38.0,2
2024,GENERAL,SHORT,B016,,Подготовка учителей казахского языка и литературы,35,GENERAL,41,46,42.7,3
2024,GENERAL,SHORT,B016,,Подготовка учителей казахского языка и литературы,40,EMERGENCY_REGIONS,37,38,37.5,2
2024,GENERAL,SHORT,B016,,Подготовка учителей казахского языка и литературы,45,GENERAL,40,40,40.0,1
2024,GENERAL,SHORT,B016,,Подготовка учителей казахского языка и литературы,116,GENERAL,39,49,41.8,4
2024,GENERAL,SHORT,B016,,Подготовка учителей казахского языка и литературы,141,GENERAL,44,44,44.0,1
2024,GENERAL,SHORT,B016,,Подготовка учителей казахского языка и литературы,185,EMERGENCY_REGIONS,39,39,39.0,1
2024,GENERAL,SHORT,B016,,Подготовка учителей казахского языка и литературы,185,GENERAL,41,48,43.3,3
2024,GENERAL,SHORT,B017,,Подготовка учителей русского языка и литературы,3,GENERAL,42,46,44.2,4
2024,GENERAL,SHORT,B017,,Подготовка учителей русского языка и литературы,8,GENERAL,41,47,44.0,2
2024,GENERAL,SHORT,B017,,Подготовка учителей русского языка и литературы,10,EMERGENCY_REGIONS,38,39,38.5,2
2024,GENERAL,SHORT,B017,,Подготовка учителей русского языка и литературы,10,GENERAL,43,43,43.0,1
2024,GENERAL,SHORT,B017,,Подготовка учителей русского языка и литературы,11,GENERAL,52,52,52.0,1
2024,GENERAL,SHORT,B017,,Подготовка учителей русского языка и литературы,15,GENERAL,53,53,53.0,1
2024,GENERAL,SHORT,B017,,Подготовка учителей русского языка и литературы,16,EMERGENCY_REGIONS,38,39,38.2,4
2024,GENERAL,SHORT,B017,,Подготовка учителей русского языка и литературы,16,GENERAL,40,47,43.0,5
2024,GENERAL,SHORT,B017,,Подготовка учителей русского языка и литературы,25,GENERAL,41,53,46.2,9
2024,GENERAL,SHORT,B017,,Подготовка учителей русского языка и литературы,34,GENERAL,40,50,45.3,13
2024,GENERAL,SHORT,B017,,Подготовка учителей русского языка и литературы,35,EMERGENCY_REGIONS,37,40,38.5,2
2024,GENERAL,SHORT,B017,,Подготовка учителей русского языка и литературы,40,EMERGENCY_REGIONS,35,39,37.0,2
2024,GENERAL,SHORT,B017,,Подготовка учителей русского языка и литературы,153,GENERAL,43,48,46.0,3
2024,GENERAL,SHORT,B017,,Подготовка учителей русского языка и литературы,517,GENERAL,50,50,50.0,1
2024,GENERAL,SHORT,B018,,Подготовка учителей иностранного языка,7,GENERAL,60,60,60.0,1
2024,GENERAL,SHORT,B018,,Подготовка учителей иностранного языка,7,RURAL,45,45,45.0,1
2024,GENERAL,SHORT,B018,,Подготовка учителей иностранного языка,23,GENERAL,62,65,63.0,3
2024,GENERAL,SHORT,B018,,Подготовка учителей иностранного языка,25,EMERGENCY_REGIONS,57,58,57.5,2
2024,GENERAL,SHORT,B018,,Подготовка учителей иностранного языка,25,GENERAL,59,63,60.7,6
2024,GENERAL,SHORT,B018,,Подготовка учителей иностранного языка,25,RURAL,36,37,36.5,2
2024,GENERAL,SHORT,B018,,Подготовка учителей иностранного языка,31,GENERAL,63,63,63.0,1
2024,GENERAL,SHORT,B018,,Подготовка учителей иностранного языка,34,GENERAL,60,62,61.0,2
2024,GENERAL,SHORT,B018,,Подготовка учителей иностранного языка,35,GENERAL,64,69,66.0,3
2024,GENERAL,SHORT,B018,,Подготовка учителей иностранного языка,36,EMERGENCY_REGIONS,57,58,57.8,4
2024,GENERAL,SHORT,B018,,Подготовка учителей иностранного языка,36,GENERAL,60,61,60.5,2
2024,GENERAL,SHORT,B018,,Подготовка учителей иностранного языка,185,EMERGENCY_REGIONS,58,58,58.0,1
2024,GENERAL,SHORT,B018,,Подготовка учителей иностранного языка,185,GENERAL,60,64,62.7,6
2024,GENERAL,SHORT,B018,,Подготовка учителей иностранного языка,196,RURAL,38,38,38.0,1
2024,GENERAL,SHORT,B018,,Подготовка учителей иностранного языка,302,EMERGENCY_REGIONS,57,59,58.0,2
2024,GENERAL,SHORT,B018,,Подготовка учителей иностранного языка,302,GENERAL,60,69,63.0,9
2024,GENERAL,SHORT,B018,,Подготовка учителей иностранного языка,416,EMERGENCY_REGIONS,57,57,57.0,1
2024,GENERAL,SHORT,B018,,Подготовка учителей иностранного языка,517,GENERAL,62,68,65.3,3
2024,GENERAL,SHORT,B020,,Специальная педагогика,7,GENERAL,38,39,38.5,2
2024,GENERAL,SHORT,B028,,Хореография,25,EMERGENCY_REGIONS,37,37,37.0,1
2024,GENERAL,SHORT,B028,,Хореография,34,GENERAL,46,51,47.5,4
2024,GENERAL,SHORT,B029,,Аудиовизуальные средства и медиа производство,7,GENERAL,30,56,40.0,7
2024,GENERAL,SHORT,B030,,Изобразительное искусство,7,GENERAL,46,46,46.0,1
2024,GENERAL,SHORT,B030,,Изобразительное искусство,45,GENERAL,41,41,41.0,1
2024,GENERAL,SHORT,B031,,"Мода, дизайн",7,GENERAL,48,48,48.0,1
2024,GENERAL,SHORT,B031,,"Мода, дизайн",22,GENERAL,48,58,50.9,14
2024,GENERAL,SHORT,B031,,"Мода, дизайн",35,EMERGENCY_REGIONS,41,44,42.5,2
2024,GENERAL,SHORT,B031,,"Мода, дизайн",35,GENERAL,48,48,48.0,1
2024,GENERAL,SHORT,B031,,"Мода, дизайн",38,GENERAL,48,48,48.0,1
2024,GENERAL,SHORT,B031,,"Мода, дизайн",53,EMERGENCY_REGIONS,44,44,44.0,1
2024,GENERAL,SHORT,B031,,"Мода, дизайн",53,GENERAL,48,54,50.3,3
2024,GENERAL,SHORT,B031,,"Мода, дизайн",79,GENERAL,50,50,50.0,1
2024,GENERAL,SHORT,B031,,"Мода, дизайн",158,EMERGENCY_REGIONS,45,45,45.0,1
2024,GENERAL,SHORT,B031,,"Мода, дизайн",182,GENERAL,52,52,52.0,1
2024,GENERAL,SHORT,B031,,"Мода, дизайн",185,GENERAL,51,61,56.0,2
2024,GENERAL,SHORT,B033,,Религия и теология,37,RURAL,43,45,44.0,3
2024,GENERAL,SHORT,B033,,Религия и теология,503,EMERGENCY_REGIONS,35,41,38.0,3
2024,GENERAL,SHORT,B033,,Религия и теология,503,GENERAL,45,52,48.4,16
2024,GENERAL,SHORT,B033,,Религия и теология,503,RURAL,42,45,43.6,8
2024,GENERAL,SHORT,B036,,Переводческое дело,7,GENERAL,55,55,55.0,1
2024,GENERAL,SHORT,B036,,Переводческое дело,23,EMERGENCY_REGIONS,45,50,47.5,2
2024,GENERAL,SHORT,B036,,Переводческое дело,23,GENERAL,54,67,57.1,11
2024,GENERAL,SHORT,B036,,Переводческое дело,31,GENERAL,55,59,56.7,3
2024,GENERAL,SHORT,B036,,Переводческое дело,36,EMERGENCY_REGIONS,40,48,43.8,4
2024,GENERAL,SHORT,B036,,Переводческое дело,47,GENERAL,59,59,59.0,1
2024,GENERAL,SHORT,B036,,Переводческое дело,93,GENERAL,58,66,62.0,2
2024,GENERAL,SHORT,B036,,Переводческое дело,184,GENERAL,55,64,60.0,4
2024,GENERAL,SHORT,B036,,Переводческое дело,302,GENERAL,58,59,58.5,2
2024,GENERAL,SHORT,B041,,Психология,16,GENERAL,37,37,37.0,1
2024,GENERAL,SHORT,B041,,Психология,25,GENERAL,37,37,37.0,2
2024,GENERAL,SHORT,B041,,Психология,36,EMERGENCY_REGIONS,28,28,28.0,1
2024,GENERAL,SHORT,B041,,Психология,36,GENERAL,35,35,35.0,1
2024,GENERAL,SHORT,B041,,Психология,38,GENERAL,33,41,36.7,3
2024,GENERAL,SHORT,B041,,Психология,122,GENERAL,35,35,35.0,1
2024,GENERAL,SHORT,B041,,Психология,184,GENERAL,38,38,38.0,1
2024,GENERAL,SHORT,B042,,Журналистика и репортерское дело,38,GENERAL,40,40,40.0,1
2024,GENERAL,SHORT,B042,,Журналистика и репортерское дело,153,GENERAL,62,62,62.0,1
2024,GENERAL,SHORT,B043,,"Библиотечное дело, обработка информации и архивное дело",16,GENERAL,31,31,31.0,1
2024,GENERAL,SHORT,B043,,"Библиотечное дело, обработка информации и архивное дело",25,GENERAL,25,30,26.8,5
2024,GENERAL,SHORT,B050,,Биологические и смежные науки,29,GENERAL,43,43,43.0,1
2024,GENERAL,SHORT,B057,,Информационные технологии,2,EMERGENCY_REGIONS,25,33,28.0,3
2024,GENERAL,SHORT,B057,,Информационные технологии,2,GENERAL,39,48,42.0,5
2024,GENERAL,SHORT,B057,,Информационные технологии,3,GENERAL,40,52,46.0,2
2024,GENERAL,SHORT,B057,,Информационные технологии,9,EMERGENCY_REGIONS,28,30,28.8,4
2024,GENERAL,SHORT,B057,,Информационные технологии,12,GENERAL,44,44,44.0,1
2024,GENERAL,SHORT,B057,,Информационные технологии,15,GENERAL,41,41,41.0,1
2024,GENERAL,SHORT,B057,,Информационные технологии,16,EMERGENCY_REGIONS,32,32,32.0,1
2024,GENERAL,SHORT,B057,,Информационные технологии,16,GENERAL,41,41,41.0,1
2024,GENERAL,SHORT,B057,,Информационные технологии,24,GENERAL,39,39,39.0,1
2024,GENERAL,SHORT,B057,,Информационные технологии,24,RURAL,31,31,31.0,1
2024,GENERAL,SHORT,B057,,Информационные технологии,25,GENERAL,41,43,42.0,3
2024,GENERAL,SHORT,B057,,Информационные технологии,29,EMERGENCY_REGIONS,26,29,27.7,3
2024,GENERAL,SHORT,B057,,Информационные технологии,29,GENERAL,40,62,46.5,19
2024,GENERAL,SHORT,B057,,Информационные технологии,29,RURAL,25,37,31.0,2
2024,GENERAL,SHORT,B057,,Информационные технологии,31,GENERAL,45,45,45.0,1
2024,GENERAL,SHORT,B057,,Информационные технологии,32,GENERAL,41,49,45.1,9
2024,GENERAL,SHORT,B057,,Информационные технологии,33,GENERAL,39,39,39.0,1
2024,GENERAL,SHORT,B057,,Информационные технологии,36,EMERGENCY_REGIONS,25,37,32.4,9
2024,GENERAL,SHORT,B057,,Информационные технологии,36,GENERAL,38,53,43.5,10
2024,GENERAL,SHORT,B057,,Информационные технологии,38,GENERAL,38,55,42.9,14
2024,GENERAL,SHORT,B057,,Информационные технологии,40,EMERGENCY_REGIONS,25,32,29.1,7
2024,GENERAL,SHORT,B057,,Информационные технологии,40,GENERAL,40,48,44.4,5
2024,GENERAL,SHORT,B057,,Информационные технологии,43,GENERAL,38,56,45.3,6
2024,GENERAL,SHORT,B057,,Информационные технологии,45,GENERAL,41,44,42.5,2
2024,GENERAL,SHORT,B057,,Информационные технологии,49,EMERGENCY_REGIONS,35,35,35.0,1
2024,GENERAL,SHORT,B057,,Информационные технологии,49,GENERAL,43,50,46.7,3
2024,GENERAL,SHORT,B057,,Информационные технологии,53,GENERAL,42,42,42.0,1
2024,GENERAL,SHORT,B057,,Информационные технологии,53,RURAL,33,33,33.0,1
2024,GENERAL,SHORT,B057,,Информационные технологии,57,EMERGENCY_REGIONS,32,32,32.0,1
2024,GENERAL,SHORT,B057,,Информационные технологии,57,GENERAL,39,50,44.9,7
2024,GENERAL,SHORT,B057,,Информационные технологии,79,GENERAL,47,47,47.0,1
2024,GENERAL,SHORT,B057,,Информационные технологии,83,GENERAL,39,58,48.6,7
2024,GENERAL,SHORT,B057,,Информационные технологии,93,GENERAL,40,48,44.2,10
2024,GENERAL,SHORT,B057,,Информационные технологии,122,GENERAL,40,40,40.0,1
2024,GENERAL,SHORT,B057,,Информационные технологии,140,EMERGENCY_REGIONS,28,38,31.2,4
2024,GENERAL,SHORT,B057,,Информационные технологии,140,GENERAL,42,42,42.0,1
2024,GENERAL,SHORT,B057,,Информационные технологии,141,GENERAL,46,46,46.0,1
2024,GENERAL,SHORT,B057,,Информационные технологии,145,EMERGENCY_REGIONS,27,27,27.0,1
2024,GENERAL,SHORT,B057,,Информационные технологии,147,GENERAL,40,40,40.0,1
2024,GENERAL,SHORT,B057,,Информационные технологии,158,EMERGENCY_REGIONS,34,34,34.0,1
2024,GENERAL,SHORT,B057,,Информационные технологии,160,GENERAL,45,45,45.0,2
2024,GENERAL,SHORT,B057,,Информационные технологии,173,GENERAL,38,49,42.6,5
2024,GENERAL,SHORT,B057,,Информационные технологии,182,EMERGENCY_REGIONS,29,35,31.6,5
2024,GENERAL,SHORT,B057,,Информационные технологии,182,GENERAL,38,44,40.8,6
2024,GENERAL,SHORT,B057,,Информационные технологии,184,GENERAL,38,59,42.1,23
2024,GENERAL,SHORT,B057,,Информационные технологии,185,EMERGENCY_REGIONS,26,38,29.8,4
2024,GENERAL,SHORT,B057,,Информационные технологии,185,GENERAL,39,54,45.4,18
2024,GENERAL,SHORT,B057,,Информационные технологии,190,EMERGENCY_REGIONS,25,33,30.3,6
2024,GENERAL,SHORT,B057,,Информационные технологии,190,GENERAL,38,56,44.6,47
2024,GENERAL,SHORT,B057,,Информационные технологии,198,EMERGENCY_REGIONS,31,37,34.0,3
2024,GENERAL,SHORT,B057,,Информационные технологии,198,GENERAL,45,45,45.0,1
2024,GENERAL,SHORT,B057,,Информационные технологии,416,EMERGENCY_REGIONS,26,37,30.3,3
2024,GENERAL,SHORT,B057,,Информационные технологии,416,GENERAL,46,46,46.0,1
2024,GENERAL,SHORT,B057,,Информационные технологии,501,GENERAL,44,44,44.0,1
2024,GENERAL,SHORT,B057,,Информационные технологии,522,GENERAL,44,66,51.2,22
2024,GENERAL,SHORT,B058,,Информационная безопасность,29,GENERAL,25,53,31.1,32
2024,GENERAL,SHORT,B058,,Информационная безопасность,32,GENERAL,25,45,34.0,21
2024,GENERAL,SHORT,B058,,Информационная безопасность,57,GENERAL,27,41,32.6,8
2024,GENERAL,SHORT,B058,,Информационная безопасность,190,GENERAL,25,48,35.2,24
2024,GENERAL,SHORT,B058,,Информационная безопасность,522,GENERAL,37,59,46.2,6
2024,GENERAL,SHORT,B059,,Коммуникации и коммуникационные технологии,19,GENERAL,25,26,25.5,4
2024,GENERAL,SHORT,B059,,Коммуникации и коммуникационные технологии,29,GENERAL,34,34,34.0,1
2024,GENERAL,SHORT,B059,,Коммуникации и коммуникационные технологии,40,GENERAL,34,34,34.0,1
2024,GENERAL,SHORT,B059,,Коммуникации и коммуникационные технологии,49,GENERAL,26,30,28.0,2
2024,GENERAL,SHORT,B059,,Коммуникации и коммуникационные технологии,57,GENERAL,26,37,32.0,5
2024,GENERAL,SHORT,B059,,Коммуникации и коммуникационные технологии,93,GENERAL,29,29,29.0,1
2024,GENERAL,SHORT,B060,,Химическая инженерия и процессы,3,GENERAL,28,28,28.0,1
2024,GENERAL,SHORT,B060,,Химическая инженерия и процессы,9,GENERAL,29,37,33.0,2
2024,GENERAL,SHORT,B060,,Химическая инженерия и процессы,38,GENERAL,26,40,31.0,11
2024,GENERAL,SHORT,B060,,Химическая инженерия и процессы,43,GENERAL,29,29,29.0,2
2024,GENERAL,SHORT,B060,,Химическая инженерия и процессы,45,GENERAL,26,26,26.0,1
2024,GENERAL,SHORT,B060,,Химическая инженерия и процессы,182,GENERAL,25,25,25.0,2
2024,GENERAL,SHORT,B061,,Материаловедение и технологии,32,GENERAL,26,26,26.0,1
2024,GENERAL,SHORT,B062,,Электротехника и энергетика,9,GENERAL,25,36,31.6,5
2024,GENERAL,SHORT,B062,,Электротехника и энергетика,12,GENERAL,25,31,28.8,6
2024,GENERAL,SHORT,B062,,Электротехника и энергетика,19,GENERAL,27,33,30.0,2
2024,GENERAL,SHORT,B062,,Электротехника и энергетика,24,GENERAL,25,31,28.3,3
2024,GENERAL,SHORT,B062,,Электротехника и энергетика,29,GENERAL,25,41,33.3,13
2024,GENERAL,SHORT,B062,,Электротехника и энергетика,32,GENERAL,25,43,31.8,8
2024,GENERAL,SHORT,B062,,Электротехника и энергетика,33,GENERAL,25,33,28.0,4
2024,GENERAL,SHORT,B062,,Электротехника и энергетика,34,GENERAL,26,26,26.0,1
2024,GENERAL,SHORT,B062,,Электротехника и энергетика,36,EMERGENCY_REGIONS,25,25,25.0,1
2024,GENERAL,SHORT,B062,,Электротехника и энергетика,36,GENERAL,25,43,33.6,19
2024,GENERAL,SHORT,B062,,Электротехника и энергетика,37,GENERAL,25,35,29.3,3
2024,GENERAL,SHORT,B062,,Электротехника и энергетика,38,GENERAL,27,46,32.3,17
2024,GENERAL,SHORT,B062,,Электротехника и энергетика,39,GENERAL,28,51,40.8,4
2024,GENERAL,SHORT,B062,,Электротехника и энергетика,40,GENERAL,30,30,30.0,1
2024,GENERAL,SHORT,B062,,Электротехника и энергетика,43,GENERAL,25,25,25.0,1
2024,GENERAL,SHORT,B062,,Электротехника и энергетика,45,GENERAL,25,25,25.0,1
2024,GENERAL,SHORT,B062,,Электротехника и энергетика,49,GENERAL,30,30,30.0,1
2024,GENERAL,SHORT,B062,,Электротехника и энергетика,57,GENERAL,25,46,32.9,19
2024,GENERAL,SHORT,B062,,Электротехника и энергетика,140,GENERAL,28,36,32.0,2
2024,GENERAL,SHORT,B062,,Электротехника и энергетика,146,GENERAL,37,43,39.3,3
2024,GENERAL,SHORT,B062,,Электротехника и энергетика,147,GENERAL,26,37,30.5,8
2024,GENERAL,SHORT,B062,,Электротехника и энергетика,162,GENERAL,28,32,30.0,2
2024,GENERAL,SHORT,B062,,Электротехника и энергетика,198,GENERAL,26,26,26.0,1
2024,GENERAL,SHORT,B062,,Электротехника и энергетика,501,GENERAL,25,30,26.5,4
2024,GENERAL,SHORT,B063,,Электротехника и автоматизация,2,GENERAL,25,31,28.0,2
2024,GENERAL,SHORT,B063,,Электротехника и автоматизация,9,GENERAL,27,27,27.0,1
2024,GENERAL,SHORT,B063,,Электротехника и автоматизация,12,GENERAL,29,29,29.0,1
2024,GENERAL,SHORT,B063,,Электротехника и автоматизация,19,GENERAL,36,36,36.0,1
2024,GENERAL,SHORT,B063,,Электротехника и автоматизация,29,GENERAL,25,40,32.0,3
2024,GENERAL,SHORT,B063,,Электротехника и автоматизация,33,GENERAL,27,43,32.0,7
2024,GENERAL,SHORT,B063,,Электротехника и автоматизация,38,GENERAL,30,30,30.0,1
2024,GENERAL,SHORT,B063,,Электротехника и автоматизация,39,GENERAL,28,36,32.8,4
2024,GENERAL,SHORT,B063,,Электротехника и автоматизация,45,GENERAL,30,42,34.2,4
2024,GENERAL,SHORT,B063,,Электротехника и автоматизация,57,GENERAL,25,39,29.1,8
2024,GENERAL,SHORT,B063,,Электротехника и автоматизация,140,GENERAL,29,36,32.5,2
2024,GENERAL,SHORT,B063,,Электротехника и автоматизация,182,GENERAL,29,29,29.0,1
2024,GENERAL,SHORT,B063,,Электротехника и автоматизация,416,GENERAL,26,26,26.0,1
2024,GENERAL,SHORT,B064,,Механика и металлообработка,12,GENERAL,35,35,35.0,1
2024,GENERAL,SHORT,B064,,Механика и металлообработка,32,GENERAL,33,45,36.8,4
2024,GENERAL,SHORT,B064,,Механика и металлообработка,33,GENERAL,25,43,34.2,10
2024,GENERAL,SHORT,B064,,Механика и металлообработка,36,GENERAL,27,44,36.0,26
2024,GENERAL,SHORT,B064,,Механика и металлообработка,38,GENERAL,25,42,34.9,18
2024,GENERAL,SHORT,B064,,Механика и металлообработка,40,GENERAL,26,36,30.7,3
2024,GENERAL,SHORT,B064,,Механика и металлообработка,53,GENERAL,25,25,25.0,1
2024,GENERAL,SHORT,B064,,Механика и металлообработка,140,GENERAL,29,30,29.5,2
2024,GENERAL,SHORT,B064,,Механика и металлообработка,147,GENERAL,35,38,36.5,2
2024,GENERAL,SHORT,B064,,Механика и металлообработка,182,GENERAL,29,30,29.5,2
2024,GENERAL,SHORT,B065,,Транспортная техника и технологии,3,GENERAL,25,25,25.0,1
2024,GENERAL,SHORT,B065,,Транспортная техника и технологии,12,GENERAL,25,40,32.1,12
2024,GENERAL,SHORT,B065,,Транспортная техника и технологии,19,GENERAL,25,33,29.1,16
2024,GENERAL,SHORT,B065,,Транспортная техника и технологии,24,GENERAL,25,31,27.0,4
2024,GENERAL,SHORT,B065,,Транспортная техника и технологии,29,GENERAL,36,36,36.0,1
2024,GENERAL,SHORT,B065,,Транспортная техника и технологии,31,GENERAL,33,33,33.0,1
2024,GENERAL,SHORT,B065,,Транспортная техника и технологии,32,GENERAL,29,33,31.0,2
2024,GENERAL,SHORT,B065,,Транспортная техника и технологии,33,GENERAL,26,26,26.0,1
2024,GENERAL,SHORT,B065,,Транспортная техника и технологии,36,GENERAL,25,44,30.8,18
2024,GENERAL,SHORT,B065,,Транспортная техника и технологии,38,GENERAL,25,39,31.3,6
2024,GENERAL,SHORT,B065,,Транспортная техника и технологии,40,GENERAL,26,30,28.0,2
2024,GENERAL,SHORT,B065,,Транспортная техника и технологии,45,GENERAL,29,29,29.0,1
2024,GENERAL,SHORT,B065,,Транспортная техника и технологии,78,GENERAL,29,29,29.0,2
2024,GENERAL,SHORT,B065,,Транспортная техника и технологии,147,GENERAL,27,28,27.7,3
2024,GENERAL,SHORT,B065,,Транспортная техника и технологии,162,GENERAL,25,32,29.0,3
2024,GENERAL,SHORT,B065,,Транспортная техника и технологии,198,GENERAL,28,30,28.8,4
2024,GENERAL,SHORT,B067,,Воздушный транспорт и технологии,157,GENERAL,25,41,34.0,31
2024,GENERAL,SHORT,B068,,Производство продуктов питания,2,GENERAL,27,33,30.0,2
2024,GENERAL,SHORT,B068,,Производство продуктов питания,36,GENERAL,25,29,27.0,2
2024,GENERAL,SHORT,B068,,Производство продуктов питания,38,GENERAL,26,26,26.0,1
2024,GENERAL,SHORT,B068,,Производство продуктов питания,45,GENERAL,31,31,31.0,1
2024,GENERAL,SHORT,B068,,Производство продуктов питания,49,GENERAL,26,26,26.0,1
2024,GENERAL,SHORT,B068,,Производство продуктов питания,53,GENERAL,25,29,26.6,5
2024,GENERAL,SHORT,B068,,Производство продуктов питания,182,GENERAL,27,27,27.0,1
2024,GENERAL,SHORT,B070,,"Текстиль: одежда, обувь и кожаные изделия",53,GENERAL,33,33,33.0,1
2024,GENERAL,SHORT,B070,,"Текстиль: одежда, обувь и кожаные изделия",182,GENERAL,25,28,26.3,3
2024,GENERAL,SHORT,B071,,Горное дело и добыча полезных ископаемых,12,GENERAL,25,25,25.0,1
2024,GENERAL,SHORT,B071,,Горное дело и добыча полезных ископаемых,32,GENERAL,28,39,33.3,6
2024,GENERAL,SHORT,B073,,Архитектура,12,GENERAL,32,51,43.2,4
2024,GENERAL,SHORT,B073,,Архитектура,22,GENERAL,26,61,41.2,94
2024,GENERAL,SHORT,B073,,Архитектура,29,GENERAL,33,58,44.7,13
2024,GENERAL,SHORT,B073,,Архитектура,32,GENERAL,39,43,41.7,3
2024,GENERAL,SHORT,B073,,Архитектура,38,GENERAL,38,38,38.0,1
2024,GENERAL,SHORT,B073,,Архитектура,45,GENERAL,33,43,36.4,5
2024,GENERAL,SHORT,B073,,Архитектура,79,GENERAL,34,54,43.8,6
2024,GENERAL,SHORT,B074,,"Градостроительство, строительные работы и гражданское строительство",2,GENERAL,33,40,36.3,3
2024,GENERAL,SHORT,B074,,"Градостроительство, строительные работы и гражданское строительство",5,GENERAL,30,41,36.7,3
2024,GENERAL,SHORT,B074,,"Градостроительство, строительные работы и гражданское строительство",9,GENERAL,29,30,29.5,2
2024,GENERAL,SHORT,B074,,"Градостроительство, строительные работы и гражданское строительство",12,GENERAL,25,35,28.2,8
2024,GENERAL,SHORT,B074,,"Градостроительство, строительные работы и гражданское строительство",19,GENERAL,28,35,30.5,6
2024,GENERAL,SHORT,B074,,"Градостроительство, строительные работы и гражданское строительство",22,GENERAL,25,53,32.5,60
2024,GENERAL,SHORT,B074,,"Градостроительство, строительные работы и гражданское строительство",29,GENERAL,29,46,35.7,11
2024,GENERAL,SHORT,B074,,"Градостроительство, строительные работы и гражданское строительство",32,GENERAL,27,42,33.5,13
2024,GENERAL,SHORT,B074,,"Градостроительство, строительные работы и гражданское строительство",33,GENERAL,28,36,31.0,3
2024,GENERAL,SHORT,B074,,"Градостроительство, строительные работы и гражданское строительство",34,GENERAL,28,34,30.0,4
2024,GENERAL,SHORT,B074,,"Градостроительство, строительные работы и гражданское строительство",38,GENERAL,25,42,32.2,18
2024,GENERAL,SHORT,B074,,"Градостроительство, строительные работы и гражданское строительство",39,GENERAL,26,37,30.3,3
2024,GENERAL,SHORT,B074,,"Градостроительство, строительные работы и гражданское строительство",40,GENERAL,32,44,36.0,5
2024,GENERAL,SHORT,B074,,"Градостроительство, строительные работы и гражданское строительство",43,GENERAL,25,25,25.0,1
2024,GENERAL,SHORT,B074,,"Градостроительство, строительные работы и гражданское строительство",45,GENERAL,26,33,29.8,8
2024,GENERAL,SHORT,B074,,"Градостроительство, строительные работы и гражданское строительство",78,GENERAL,26,33,29.0,5
2024,GENERAL,SHORT,B074,,"Градостроительство, строительные работы и гражданское строительство",79,GENERAL,32,42,36.3,3
2024,GENERAL,SHORT,B074,,"Градостроительство, строительные работы и гражданское строительство",198,GENERAL,25,35,28.9,8
2024,GENERAL,SHORT,B074,,"Градостроительство, строительные работы и гражданское строительство",501,GENERAL,25,51,38.7,3
2024,GENERAL,SHORT,B075,,Кадастр и землеустройство,19,GENERAL,26,45,32.7,3
2024,GENERAL,SHORT,B075,,Кадастр и землеустройство,24,GENERAL,25,37,32.2,4
2024,GENERAL,SHORT,B075,,Кадастр и землеустройство,43,GENERAL,28,42,32.5,4
2024,GENERAL,SHORT,B075,,Кадастр и землеустройство,501,GENERAL,27,27,27.0,1
2024,GENERAL,SHORT,B076,,"Стандартизация, сертификация и метрология (по отраслям)",2,GENERAL,28,28,28.0,1
2024,GENERAL,SHORT,B076,,"Стандартизация, сертификация и метрология (по отраслям)",29,GENERAL,27,27,27.0,1
2024,GENERAL,SHORT,B076,,"Стандартизация, сертификация и метрология (по отраслям)",36,GENERAL,26,26,26.0,1
2024,GENERAL,SHORT,B076,,"Стандартизация, сертификация и метрология (по отраслям)",49,GENERAL,26,30,28.0,2
2024,GENERAL,SHORT,B076,,"Стандартизация, сертификация и метрология (по отраслям)",53,GENERAL,26,32,28.8,6
2024,GENERAL,SHORT,B076,,"Стандартизация, сертификация и метрология (по отраслям)",140,GENERAL,27,27,27.0,1
2024,GENERAL,SHORT,B077,,Растениеводство,36,GENERAL,28,40,32.3,7
2024,GENERAL,SHORT,B079,,Лесное хозяйство,2,GENERAL,27,27,27.0,1
2024,GENERAL,SHORT,B079,,Лесное хозяйство,24,GENERAL,25,29,26.9,8
2024,GENERAL,SHORT,B082,,Водные ресурсы и водопользования,24,GENERAL,35,35,35.0,1
2024,GENERAL,SHORT,B083,,Ветеринария,2,GENERAL,28,50,41.7,3
2024,GENERAL,SHORT,B083,,Ветеринария,24,GENERAL,30,56,41.4,23
2024,GENERAL,SHORT,B083,,Ветеринария,36,GENERAL,30,54,38.6,5
2024,GENERAL,SHORT,B083,,Ветеринария,38,GENERAL,30,38,34.0,2
2024,GENERAL,SHORT,B083,,Ветеринария,45,GENERAL,26,31,28.7,3
2024,GENERAL,SHORT,B083,,Ветеринария,198,GENERAL,25,43,34.8,6
2024,GENERAL,SHORT,B083,,Ветеринария,501,GENERAL,29,36,31.2,5
2024,GENERAL,SHORT,B091,,Туризм,20,GENERAL,31,36,33.3,3
2024,GENERAL,SHORT,B091,,Туризм,23,GENERAL,31,38,33.7,3
2024,GENERAL,SHORT,B091,,Туризм,49,GENERAL,32,34,33.0,2
2024,GENERAL,SHORT,B091,,Туризм,53,GENERAL,35,36,35.5,2
2024,GENERAL,SHORT,B091,,Туризм,83,GENERAL,35,38,36.5,2
2024,GENERAL,SHORT,B091,,Туризм,93,GENERAL,30,34,31.3,6
2024,GENERAL,SHORT,B091,,Туризм,122,GENERAL,37,37,37.0,1
2024,GENERAL,SHORT,B091,,Туризм,145,GENERAL,41,41,41.0,1
2024,GENERAL,SHORT,B091,,Туризм,153,GENERAL,37,43,40.0,2
2024,GENERAL,SHORT,B091,,Туризм,160,GENERAL,32,32,32.0,1
2024,GENERAL,SHORT,B091,,Туризм,182,GENERAL,35,40,37.2,4
2024,GENERAL,SHORT,B091,,Туризм,184,GENERAL,27,49,34.7,12
2024,GENERAL,SHORT,B093,,Ресторанное дело и гостиничный бизнес,20,GENERAL,33,33,33.0,1
2024,GENERAL,SHORT,B093,,Ресторанное дело и гостиничный бизнес,23,GENERAL,42,42,42.0,1
2024,GENERAL,SHORT,B093,,Ресторанное дело и гостиничный бизнес,38,GENERAL,47,47,47.0,1
2024,GENERAL,SHORT,B093,,Ресторанное дело и гостиничный бизнес,53,GENERAL,25,44,34.3,7
2024,GENERAL,SHORT,B093,,Ресторанное дело и гостиничный бизнес,69,GENERAL,34,34,34.0,1
2024,GENERAL,SHORT,B093,,Ресторанное дело и гостиничный бизнес,83,GENERAL,40,46,43.0,2
2024,GENERAL,SHORT,B093,,Ресторанное дело и гостиничный бизнес,122,GENERAL,28,41,36.3,6
2024,GENERAL,SHORT,B093,,Ресторанное дело и гостиничный бизнес,153,GENERAL,34,35,34.5,2
2024,GENERAL,SHORT,B093,,Ресторанное дело и гостиничный бизнес,182,GENERAL,27,38,32.4,9
2024,GENERAL,SHORT,B093,,Ресторанное дело и гостиничный бизнес,184,GENERAL,30,40,34.2,5
2024,GENERAL,SHORT,B095,,Транспортные услуги,2,GENERAL,29,29,29.0,1
2024,GENERAL,SHORT,B095,,Транспортные услуги,19,EMERGENCY_REGIONS,29,29,29.0,1
2024,GENERAL,SHORT,B095,,Транспортные услуги,19,GENERAL,29,36,30.9,19
2024,GENERAL,SHORT,B095,,Транспортные услуги,29,GENERAL,31,45,35.5,4
2024,GENERAL,SHORT,B095,,Транспортные услуги,32,GENERAL,29,31,30.0,3
2024,GENERAL,SHORT,B095,,Транспортные услуги,38,GENERAL,32,32,32.0,2
2024,GENERAL,SHORT,B095,,Транспортные услуги,43,GENERAL,29,29,29.0,1
2024,GENERAL,SHORT,B095,,Транспортные услуги,45,GENERAL,29,29,29.0,1
2024,GENERAL,SHORT,B095,,Транспортные услуги,78,GENERAL,31,31,31.0,1
2024,GENERAL,SHORT,B095,,Транспортные услуги,140,EMERGENCY_REGIONS,25,27,25.8,6
2024,GENERAL,SHORT,B095,,Транспортные услуги,140,GENERAL,29,36,31.2,5
2024,GENERAL,SHORT,B095,,Транспортные услуги,157,GENERAL,29,34,31.2,4
2024,GENERAL,SHORT,B095,,Транспортные услуги,160,GENERAL,32,32,32.0,1
2024,GENERAL,SHORT,B095,,Транспортные услуги,162,GENERAL,29,29,29.0,1
2024,GENERAL,SHORT,B162,,Теплоэнергетика,2,GENERAL,26,34,30.0,2
2024,GENERAL,SHORT,B162,,Теплоэнергетика,12,GENERAL,26,36,31.0,5
2024,GENERAL,SHORT,B162,,Теплоэнергетика,24,GENERAL,26,26,26.0,1
2024,GENERAL,SHORT,B162,,Теплоэнергетика,32,GENERAL,32,39,36.5,4
2024,GENERAL,SHORT,B162,,Теплоэнергетика,33,GENERAL,27,32,29.5,2
2024,GENERAL,SHORT,B162,,Теплоэнергетика,38,GENERAL,31,38,34.5,2
2024,GENERAL,SHORT,B162,,Теплоэнергетика,147,GENERAL,25,31,28.0,2
2024,GENERAL,SHORT,B171,,Металлургия,33,GENERAL,25,25,25.0,1
2024,GENERAL,SHORT,B171,,Металлургия,38,GENERAL,25,34,29.0,4
2024,GENERAL,SHORT,B271,,Нефтегазовое дело,29,EMERGENCY_REGIONS,25,25,25.0,1
2024,GENERAL,SHORT,B271,,Нефтегазовое дело,29,GENERAL,28,37,31.3,6
2024,GENERAL,SHORT,B271,,Нефтегазовое дело,38,GENERAL,25,47,31.8,27
2024,GENERAL,SHORT,B271,,Нефтегазовое дело,45,GENERAL,32,32,32.0,1
2024,GENERAL,SHORT,B271,,Нефтегазовое дело,182,GENERAL,26,33,30.4,8
2024,GENERAL,SHORT,B271,,Нефтегазовое дело,198,GENERAL,31,35,33.0,3
2024,GENERAL,SHORT,B271,,Нефтегазовое дело,501,GENERAL,27,34,30.5,2
2024,HEALTH_MINISTRY,FULL,B084,,Сестринское дело,1,GENERAL,107,109,108.0,2
2024,HEALTH_MINISTRY,FULL,B084,,Сестринское дело,1,RURAL,100,100,100.0,1
2024,HEALTH_MINISTRY,FULL,B084,,Сестринское дело,4,GENERAL,98,100,99.0,2
2024,HEALTH_MINISTRY,FULL,B084,,Сестринское дело,4,RURAL,93,93,93.0,1
2024,HEALTH_MINISTRY,FULL,B084,,Сестринское дело,26,GENERAL,95,97,96.0,2
2024,HEALTH_MINISTRY,FULL,B084,,Сестринское дело,26,RURAL,92,92,92.0,1
2024,HEALTH_MINISTRY,FULL,B084,,Сестринское дело,30,GENERAL,96,100,97.3,3
2024,HEALTH_MINISTRY,FULL,B084,,Сестринское дело,41,GENERAL,97,100,98.5,2
2024,HEALTH_MINISTRY,FULL,B084,,Сестринское дело,41,RURAL,93,93,93.0,1
2024,HEALTH_MINISTRY,FULL,B084,,Сестринское дело,80,GENERAL,99,104,101.5,2
2024,HEALTH_MINISTRY,FULL,B084,,Сестринское дело,80,RURAL,92,95,94.0,3
2024,HEALTH_MINISTRY,FULL,B085,,Фармация,1,GENERAL,125,127,126.0,3
2024,HEALTH_MINISTRY,FULL,B085,,Фармация,1,RURAL,109,109,109.0,1
2024,HEALTH_MINISTRY,FULL,B085,,Фармация,4,GENERAL,107,110,108.3,3
2024,HEALTH_MINISTRY,FULL,B085,,Фармация,4,RURAL,98,102,100.0,2
2024,HEALTH_MINISTRY,FULL,B085,,Фармация,26,GENERAL,124,130,127.0,6
2024,HEALTH_MINISTRY,FULL,B085,,Фармация,26,RURAL,107,124,115.0,4
2024,HEALTH_MINISTRY,FULL,B085,,Фармация,27,GENERAL,124,135,129.5,2
2024,HEALTH_MINISTRY,FULL,B085,,Фармация,27,RURAL,120,120,120.0,1
2024,HEALTH_MINISTRY,FULL,B085,,Фармация,30,GENERAL,109,121,113.6,5
2024,HEALTH_MINISTRY,FULL,B085,,Фармация,30,RURAL,99,100,99.5,2
2024,HEALTH_MINISTRY,FULL,B085,,Фармация,41,GENERAL,106,127,114.6,5
2024,HEALTH_MINISTRY,FULL,B085,,Фармация,80,GENERAL,106,121,111.6,8
2024,HEALTH_MINISTRY,FULL,B085,,Фармация,80,RURAL,97,103,99.8,8
2024,HEALTH_MINISTRY,FULL,B089,,Общественное здоровье,1,GENERAL,122,127,124.7,3
2024,HEALTH_MINISTRY,FULL,B089,,Общественное здоровье,1,RURAL,106,122,114.0,2
2024,HEALTH_MINISTRY,FULL,B089,,Общественное здоровье,4,GENERAL,100,118,105.2,5
2024,HEALTH_MINISTRY,FULL,B089,,Общественное здоровье,4,RURAL,93,99,95.3,3
2024,HEALTH_MINISTRY,FULL,B089,,Общественное здоровье,26,GENERAL,125,134,128.7,3
2024,HEALTH_MINISTRY,FULL,B089,,Общественное здоровье,26,RURAL,96,97,96.5,2
2024,HEALTH_MINISTRY,FULL,B089,,Общественное здоровье,27,GENERAL,112,117,113.8,5
2024,HEALTH_MINISTRY,FULL,B089,,Общественное здоровье,27,RURAL,100,102,101.0,3
2024,HEALTH_MINISTRY,FULL,B089,,Общественное здоровье,30,GENERAL,100,109,103.9,8
2024,HEALTH_MINISTRY,FULL,B089,,Общественное здоровье,30,RURAL,94,98,95.8,4
2024,HEALTH_MINISTRY,FULL,B089,,Общественное здоровье,41,GENERAL,101,121,107.0,8
2024,HEALTH_MINISTRY,FULL,B089,,Общественное здоровье,41,RURAL,94,97,96.0,4
2024,HEALTH_MINISTRY,FULL,BM086,,Медицина,1,GENERAL,123,140,129.1,270
2024,HEALTH_MINISTRY,FULL,BM086,,Медицина,1,RURAL,113,123,117.1,146
2024,HEALTH_MINISTRY,FULL,BM086,,Медицина,4,GENERAL,111,134,117.0,121
2024,HEALTH_MINISTRY,FULL,BM086,,Медицина,4,RURAL,101,110,105.7,49
2024,HEALTH_MINISTRY,FULL,BM086,,Медицина,26,GENERAL,124,140,129.5,145
2024,HEALTH_MINISTRY,FULL,BM086,,Медицина,26,RURAL,115,124,119.1,79
2024,HEALTH_MINISTRY,FULL,BM086,,Медицина,30,GENERAL,111,133,117.2,270
2024,HEALTH_MINISTRY,FULL,BM086,,Медицина,30,RURAL,101,111,105.8,150
2024,HEALTH_MINISTRY,FULL,BM086,,Медицина,37,GENERAL,124,135,127.8,15
2024,HEALTH_MINISTRY,FULL,BM086,,Медицина,37,RURAL,116,122,117.6,8
2024,HEALTH_MINISTRY,FULL,BM086,,Медицина,41,GENERAL,111,132,117.5,74
2024,HEALTH_MINISTRY,FULL,BM086,,Медицина,41,RURAL,101,110,104.4,21
2024,HEALTH_MINISTRY,FULL,BM086,,Медицина,80,GENERAL,111,134,115.4,125
2024,HEALTH_MINISTRY,FULL,BM086,,Медицина,80,RURAL,101,111,105.8,98
2024,HEALTH_MINISTRY,FULL,BM087,,Стоматология,4,RURAL,133,133,133.0,2
2024,HEALTH_MINISTRY,FULL,BM087,,Стоматология,27,GENERAL,138,138,138.0,1
2024,HEALTH_MINISTRY,FULL,BM087,,Стоматология,27,RURAL,130,130,130.0,1
2024,HEALTH_MINISTRY,FULL,BM087,,Стоматология,30,GENERAL,135,137,136.2,5
2024,HEALTH_MINISTRY,FULL,BM087,,Стоматология,37,GENERAL,135,135,135.0,1
2024,HEALTH_MINISTRY,FULL,BM087,,Стоматология,37,RURAL,129,129,129.0,1
2024,HEALTH_MINISTRY,FULL,BM087,,Стоматология,41,RURAL,134,134,134.0,1
2024,HEALTH_MINISTRY,FULL,BM087,,Стоматология,80,GENERAL,137,137,137.0,2
2024,HEALTH_MINISTRY,FULL,BM087,,Стоматология,80,RURAL,132,133,132.5,2
2024,HEALTH_MINISTRY,FULL,BM088,,Педиатрия,1,GENERAL,117,127,120.1,45
2024,HEALTH_MINISTRY,FULL,BM088,,Педиатрия,1,RURAL,108,117,111.0,25
2024,HEALTH_MINISTRY,FULL,BM088,,Педиатрия,4,GENERAL,105,114,107.8,49
2024,HEALTH_MINISTRY,FULL,BM088,,Педиатрия,4,RURAL,96,102,98.7,24
2024,HEALTH_MINISTRY,FULL,BM088,,Педиатрия,26,GENERAL,111,125,116.3,85
2024,HEALTH_MINISTRY,FULL,BM088,,Педиатрия,26,RURAL,100,110,106.1,46
2024,HEALTH_MINISTRY,FULL,BM088,,Педиатрия,30,GENERAL,104,120,107.5,122
2024,HEALTH_MINISTRY,FULL,BM088,,Педиатрия,30,RURAL,96,101,98.6,73
2024,HEALTH_MINISTRY,FULL,BM088,,Педиатрия,41,GENERAL,105,111,107.3,23
2024,HEALTH_MINISTRY,FULL,BM088,,Педиатрия,41,RURAL,98,101,99.8,8
2024,HEALTH_MINISTRY,FULL,BM089,,Медико-профилактическое дело,1,GENERAL,111,124,116.5,12
2024,HEALTH_MINISTRY,FULL,BM089,,Медико-профилактическое дело,1,RURAL,97,111,102.5,6
2024,HEALTH_MINISTRY,FULL,BM089,,Медико-профилактическое дело,26,GENERAL,108,125,110.5,12
2024,HEALTH_MINISTRY,FULL,BM089,,Медико-профилактическое дело,26,RURAL,95,100,97.6,7
2024,HEALTH_MINISTRY,FULL,BM089,,Медико-профилактическое дело,30,GENERAL,98,109,101.7,41
2024,HEALTH_MINISTRY,FULL,BM089,,Медико-профилактическое дело,30,RURAL,92,98,94.4,22
2024,RURAL_RELOCATION,FULL,B001,,Педагогика и психология,31,GENERAL,77,84,80.4,11
2024,RURAL_RELOCATION,FULL,B001,,Педагогика и психология,158,GENERAL,78,78,78.0,1
2024,RURAL_RELOCATION,FULL,B003,,Педагогика и методика начального обучения,11,GENERAL,75,81,78.0,4
2024,RURAL_RELOCATION,FULL,B003,,Педагогика и методика начального обучения,31,GENERAL,78,87,82.4,28
2024,RURAL_RELOCATION,FULL,B003,,Педагогика и методика начального обучения,35,GENERAL,75,84,78.1,26
2024,RURAL_RELOCATION,FULL,B003,,Педагогика и методика начального обучения,36,GENERAL,75,75,75.0,1
2024,RURAL_RELOCATION,FULL,B003,,Педагогика и методика начального обучения,158,GENERAL,88,88,88.0,1
2024,RURAL_RELOCATION,FULL,B003,,Педагогика и методика начального обучения,517,GENERAL,75,75,75.0,1
2024,RURAL_RELOCATION,FULL,B009,,Подготовка учителей математики,11,GENERAL,76,86,80.2,12
2024,RURAL_RELOCATION,FULL,B009,,Подготовка учителей математики,31,GENERAL,77,104,88.1,138
2024,RURAL_RELOCATION,FULL,B009,,Подготовка учителей математики,35,GENERAL,75,93,82.6,66
2024,RURAL_RELOCATION,FULL,B009,,Подготовка учителей математики,36,GENERAL,83,83,83.0,1
2024,RURAL_RELOCATION,FULL,B009,,Подготовка учителей математики,42,GENERAL,75,89,82.0,10
2024,RURAL_RELOCATION,FULL,B009,,Подготовка учителей математики,517,GENERAL,75,86,79.6,5
2024,RURAL_RELOCATION,FULL,B010,,Подготовка учителей физики,31,GENERAL,77,93,82.4,11
2024,RURAL_RELOCATION,FULL,B010,,Подготовка учителей физики,35,GENERAL,75,75,75.0,4
2024,RURAL_RELOCATION,FULL,B012,,Подготовка учителей химии,31,GENERAL,77,90,83.0,58
2024,RURAL_RELOCATION,FULL,B012,,Подготовка учителей химии,35,GENERAL,75,82,78.2,24
2024,RURAL_RELOCATION,FULL,B013,,Подготовка учителей биологии,11,GENERAL,75,75,75.0,2
2024,RURAL_RELOCATION,FULL,B013,,Подготовка учителей биологии,31,GENERAL,77,90,82.5,62
2024,RURAL_RELOCATION,FULL,B013,,Подготовка учителей биологии,35,GENERAL,75,85,78.8,28
2024,RURAL_RELOCATION,FULL,B013,,Подготовка учителей биологии,36,GENERAL,75,75,75.0,1
2024,RURAL_RELOCATION,FULL,B014,,Подготовка учителей географии,11,GENERAL,75,83,79.4,5
2024,RURAL_RELOCATION,FULL,B014,,Подготовка учителей географии,31,GENERAL,77,96,84.6,37
2024,RURAL_RELOCATION,FULL,B014,,Подготовка учителей географии,35,GENERAL,76,90,83.0,23
2024,RURAL_RELOCATION,FULL,B014,,Подготовка учителей географии,36,GENERAL,76,77,76.5,2
2024,RURAL_RELOCATION,FULL,B014,,Подготовка учителей географии,141,GENERAL,76,76,76.0,2
2024,RURAL_RELOCATION,FULL,B014,,Подготовка учителей географии,517,GENERAL,75,89,79.8,6
2024,RURAL_RELOCATION,FULL,B015,,Подготовка учителей по гуманитарным предметам,8,GENERAL,75,77,76.0,3
2024,RURAL_RELOCATION,FULL,B015,,Подготовка учителей по гуманитарным предметам,11,GENERAL,76,93,81.8,10
2024,RURAL_RELOCATION,FULL,B015,,Подготовка учителей по гуманитарным предметам,31,GENERAL,77,99,87.2,93
2024,RURAL_RELOCATION,FULL,B015,,Подготовка учителей по гуманитарным предметам,35,GENERAL,75,95,82.5,44
2024,RURAL_RELOCATION,FULL,B015,,Подготовка учителей по гуманитарным предметам,36,GENERAL,75,83,78.5,4
2024,RURAL_RELOCATION,FULL,B015,,Подготовка учителей по гуманитарным предметам,40,GENERAL,77,81,79.0,2
2024,RURAL_RELOCATION,FULL,B015,,Подготовка учителей по гуманитарным предметам,42,GENERAL,75,90,80.0,6
2024,RURAL_RELOCATION,FULL,B015,,Подготовка учителей по гуманитарным предметам,158,GENERAL,75,90,79.0,6
2024,RURAL_RELOCATION,FULL,B015,,Подготовка учителей по гуманитарным предметам,517,GENERAL,75,84,78.4,10
2024,RURAL_RELOCATION,FULL,B016,,Подготовка учителей казахского языка и литературы,8,GENERAL,77,83,80.0,2
2024,RURAL_RELOCATION,FULL,B016,,Подготовка учителей казахского языка и литературы,11,GENERAL,75,101,86.3,32
2024,RURAL_RELOCATION,FULL,B016,,Подготовка учителей казахского языка и литературы,31,GENERAL,77,110,93.6,217
2024,RURAL_RELOCATION,FULL,B016,,Подготовка учителей казахского языка и литературы,35,GENERAL,75,109,91.4,138
2024,RURAL_RELOCATION,FULL,B016,,Подготовка учителей казахского языка и литературы,36,GENERAL,75,95,86.8,8
2024,RURAL_RELOCATION,FULL,B016,,Подготовка учителей казахского языка и литературы,40,GENERAL,75,84,79.8,4
2024,RURAL_RELOCATION,FULL,B016,,Подготовка учителей казахского языка и литературы,42,GENERAL,75,107,90.2,40
2024,RURAL_RELOCATION,FULL,B016,,Подготовка учителей казахского языка и литературы,141,GENERAL,75,85,80.0,12
2024,RURAL_RELOCATION,FULL,B016,,Подготовка учителей казахского языка и литературы,517,GENERAL,76,102,88.7,16
2024,RURAL_RELOCATION,FULL,B018,,Подготовка учителей иностранного языка,8,GENERAL,75,90,81.3,6
2024,RURAL_RELOCATION,FULL,B018,,Подготовка учителей иностранного языка,11,GENERAL,75,106,87.9,37
2024,RURAL_RELOCATION,FULL,B018,,Подготовка учителей иностранного языка,31,GENERAL,77,114,94.4,505
2024,RURAL_RELOCATION,FULL,B018,,Подготовка учителей иностранного языка,35,GENERAL,75,111,90.4,212
2024,RURAL_RELOCATION,FULL,B018,,Подготовка учителей иностранного языка,36,GENERAL,75,108,89.5,21
2024,RURAL_RELOCATION,FULL,B018,,Подготовка учителей иностранного языка,40,GENERAL,76,111,88.5,17
2024,RURAL_RELOCATION,FULL,B018,,Подготовка учителей иностранного языка,42,GENERAL,75,105,87.9,37
2024,RURAL_RELOCATION,FULL,B018,,Подготовка учителей иностранного языка,141,GENERAL,76,94,82.3,19
2024,RURAL_RELOCATION,FULL,B018,,Подготовка учителей иностранного языка,153,GENERAL,75,104,83.6,12
2024,RURAL_RELOCATION,FULL,B018,,Подготовка учителей иностранного языка,158,GENERAL,75,109,85.8,44
2024,RURAL_RELOCATION,FULL,B018,,Подготовка учителей иностранного языка,517,GENERAL,76,107,92.0,25
2024,RURAL_RELOCATION,FULL,B020,,Специальная педагогика,31,GENERAL,77,81,79.0,6
2024,RURAL_RELOCATION,FULL,B057,,Информационные технологии,11,GENERAL,50,67,55.1,21
2024,RURAL_RELOCATION,FULL,B057,,Информационные технологии,12,GENERAL,50,66,55.4,14
2024,RURAL_RELOCATION,FULL,B057,,Информационные технологии,31,GENERAL,60,69,63.5,58
2024,RURAL_RELOCATION,FULL,B057,,Информационные технологии,33,GENERAL,50,64,54.6,59
2024,RURAL_RELOCATION,FULL,B057,,Информационные технологии,35,GENERAL,53,69,58.7,84
2024,RURAL_RELOCATION,FULL,B057,,Информационные технологии,36,GENERAL,50,59,53.7,10
2024,RURAL_RELOCATION,FULL,B057,,Информационные технологии,38,GENERAL,51,56,53.6,5
2024,RURAL_RELOCATION,FULL,B057,,Информационные технологии,39,GENERAL,50,51,50.5,2
2024,RURAL_RELOCATION,FULL,B057,,Информационные технологии,140,GENERAL,51,62,57.8,5
2024,RURAL_RELOCATION,FULL,B057,,Информационные технологии,141,GENERAL,50,62,55.4,16
2024,RURAL_RELOCATION,FULL,B057,,Информационные технологии,146,GENERAL,58,58,58.0,1
2024,RURAL_RELOCATION,FULL,B058,,Информационная безопасность,32,GENERAL,61,73,64.2,109
2024,RURAL_RELOCATION,FULL,B063,,Электротехника и автоматизация,31,GENERAL,62,62,62.0,1
2024,RURAL_RELOCATION,FULL,B063,,Электротехника и автоматизация,32,GENERAL,52,62,57.0,2
2024,RURAL_RELOCATION,FULL,B068,,Производство продуктов питания,11,GENERAL,50,50,50.0,3
2024,RURAL_RELOCATION,FULL,B072,,Технология фармацевтического производства,33,GENERAL,50,56,52.6,60
2024,RURAL_RELOCATION,FULL,B073,,Архитектура,38,GENERAL,85,87,86.0,2
2024,RURAL_RELOCATION,FULL,B074,,"Градостроительство, строительные работы и гражданское строительство",12,GENERAL,53,60,56.2,5
2024,RURAL_RELOCATION,FULL,B074,,"Градостроительство, строительные работы и гражданское строительство",32,GENERAL,51,60,55.2,5
2024,RURAL_RELOCATION,FULL,B074,,"Градостроительство, строительные работы и гражданское строительство",35,GENERAL,50,60,54.9,7
2024,RURAL_RELOCATION,FULL,B075,,Кадастр и землеустройство,12,GENERAL,51,70,58.5,19
2024,RURAL_RELOCATION,FULL,B079,,Лесное хозяйство,12,GENERAL,50,53,51.0,9
2024,RURAL_RELOCATION,FULL,B079,,Лесное хозяйство,38,GENERAL,50,52,51.0,3
2024,SOCIAL_QUOTA,FULL,B001,,,5,GENERAL,76,76,76.0,1
2024,SOCIAL_QUOTA,FULL,B001,,,7,GENERAL,64,93,78.5,2
2024,SOCIAL_QUOTA,FULL,B001,,,13,GENERAL,73,109,85.3,3
2024,SOCIAL_QUOTA,FULL,B001,,,25,GENERAL,35,35,35.0,1
2024,SOCIAL_QUOTA,FULL,B001,,,36,GENERAL,37,37,37.0,2
2024,SOCIAL_QUOTA,FULL,B001,,,42,GENERAL,75,75,75.0,1
2024,SOCIAL_QUOTA,FULL,B001,,,302,GENERAL,92,92,92.0,1
2024,SOCIAL_QUOTA,FULL,B002,,,13,GENERAL,59,63,61.0,2
2024,SOCIAL_QUOTA,FULL,B002,,,42,GENERAL,71,71,71.0,1
2024,SOCIAL_QUOTA,FULL,B003,,,7,GENERAL,40,94,70.3,3
2024,SOCIAL_QUOTA,FULL,B003,,,15,GENERAL,88,88,88.0,1
2024,SOCIAL_QUOTA,FULL,B003,,,25,GENERAL,82,97,88.7,3
2024,SOCIAL_QUOTA,FULL,B003,,,31,GENERAL,84,86,85.0,2
2024,SOCIAL_QUOTA,FULL,B003,,,40,GENERAL,35,35,35.0,1
2024,SOCIAL_QUOTA,FULL,B003,,,42,GENERAL,72,92,82.0,2
2024,SOCIAL_QUOTA,FULL,B003,,,45,GENERAL,81,81,81.0,1
2024,SOCIAL_QUOTA,FULL,B003,,,47,GENERAL,73,73,73.0,1
2024,SOCIAL_QUOTA,FULL,B003,,,141,GENERAL,36,36,36.0,1
2024,SOCIAL_QUOTA,FULL,B003,,,185,GENERAL,37,37,37.0,1
2024,SOCIAL_QUOTA,FULL,B003,,,196,GENERAL,66,90,76.6,5
2024,SOCIAL_QUOTA,FULL,B003,,,517,GENERAL,64,64,64.0,1
2024,SOCIAL_QUOTA,FULL,B004,,,7,GENERAL,104,120,116.2,9
2024,SOCIAL_QUOTA,FULL,B004,,,15,GENERAL,116,116,116.0,1
2024,SOCIAL_QUOTA,FULL,B004,,,16,GENERAL,116,118,117.0,4
2024,SOCIAL_QUOTA,FULL,B004,,,31,GENERAL,79,119,103.8,8
2024,SOCIAL_QUOTA,FULL,B004,,,34,GENERAL,117,120,118.6,7
2024,SOCIAL_QUOTA,FULL,B004,,,36,GENERAL,101,118,109.5,2
2024,SOCIAL_QUOTA,FULL,B004,,,37,GENERAL,110,120,115.0,2
2024,SOCIAL_QUOTA,FULL,B004,,,43,GENERAL,113,118,116.5,4
2024,SOCIAL_QUOTA,FULL,B004,,,45,GENERAL,110,120,116.8,5
2024,SOCIAL_QUOTA,FULL,B004,,,158,GENERAL,117,120,118.5,2
2024,SOCIAL_QUOTA,FULL,B004,,,196,GENERAL,118,120,119.0,2
2024,SOCIAL_QUOTA,FULL,B004,,,223,GENERAL,119,119,119.0,1
2024,SOCIAL_QUOTA,FULL,B004,,,305,GENERAL,117,118,117.5,2
2024,SOCIAL_QUOTA,FULL,B005,,,3,GENERAL,118,122,120.0,9
2024,SOCIAL_QUOTA,FULL,B005,,,5,GENERAL,75,118,101.0,3
2024,SOCIAL_QUOTA,FULL,B005,,,7,GENERAL,87,124,111.8,52
2024,SOCIAL_QUOTA,FULL,B005,,,8,GENERAL,111,123,118.8,10
2024,SOCIAL_QUOTA,FULL,B005,,,10,GENERAL,95,121,117.6,19
2024,SOCIAL_QUOTA,FULL,B005,,,11,GENERAL,101,123,117.7,28
2024,SOCIAL_QUOTA,FULL,B005,,,13,GENERAL,109,125,118.4,55
2024,SOCIAL_QUOTA,FULL,B005,,,15,GENERAL,35,124,110.3,10
2024,SOCIAL_QUOTA,FULL,B005,,,16,GENERAL,113,123,119.8,33
2024,SOCIAL_QUOTA,FULL,B005,,,20,GENERAL,36,125,118.7,237
2024,SOCIAL_QUOTA,FULL,B005,,,25,GENERAL,115,124,120.0,14
2024,SOCIAL_QUOTA,FULL,B005,,,31,GENERAL,37,123,108.2,34
2024,SOCIAL_QUOTA,FULL,B005,,,34,GENERAL,36,124,118.1,77
2024,SOCIAL_QUOTA,FULL,B005,,,35,GENERAL,111,120,117.8,8
2024,SOCIAL_QUOTA,FULL,B005,,,36,GENERAL,42,123,105.1,9
2024,SOCIAL_QUOTA,FULL,B005,,,37,GENERAL,102,124,118.7,38
2024,SOCIAL_QUOTA,FULL,B005,,,40,GENERAL,108,123,117.4,16
2024,SOCIAL_QUOTA,FULL,B005,,,42,GENERAL,111,127,118.6,15
2024,SOCIAL_QUOTA,FULL,B005,,,43,GENERAL,103,125,116.8,50
2024,SOCIAL_QUOTA,FULL,B005,,,45,GENERAL,94,125,116.3,149
2024,SOCIAL_QUOTA,FULL,B005,,,141,GENERAL,103,121,115.6,11
2024,SOCIAL_QUOTA,FULL,B005,,,143,GENERAL,111,124,118.7,45
2024,SOCIAL_QUOTA,FULL,B005,,,145,GENERAL,119,119,119.0,1
2024,SOCIAL_QUOTA,FULL,B005,,,153,GENERAL,41,122,106.3,6
2024,SOCIAL_QUOTA,FULL,B005,,,158,GENERAL,117,123,119.4,10
2024,SOCIAL_QUOTA,FULL,B005,,,196,GENERAL,45,124,114.7,68
2024,SOCIAL_QUOTA,FULL,B005,,,223,GENERAL,106,124,118.9,12
2024,SOCIAL_QUOTA,FULL,B005,,,305,GENERAL,117,122,120.2,6
2024,SOCIAL_QUOTA,FULL,B005,,,416,GENERAL,87,121,110.2,4
2024,SOCIAL_QUOTA,FULL,B005,,,501,GENERAL,108,121,117.7,6
2024,SOCIAL_QUOTA,FULL,B005,,,517,GENERAL,42,123,107.6,27
2024,SOCIAL_QUOTA,FULL,B005,,,527,GENERAL,108,122,118.0,56
2024,SOCIAL_QUOTA,FULL,B006,,,5,GENERAL,78,78,78.0,1
2024,SOCIAL_QUOTA,FULL,B006,,,7,GENERAL,114,114,114.0,1
2024,SOCIAL_QUOTA,FULL,B006,,,11,GENERAL,112,118,116.6,5
2024,SOCIAL_QUOTA,FULL,B006,,,15,GENERAL,119,119,119.0,1
2024,SOCIAL_QUOTA,FULL,B006,,,25,GENERAL,108,108,108.0,1
2024,SOCIAL_QUOTA,FULL,B006,,,34,GENERAL,115,119,117.0,2
2024,SOCIAL_QUOTA,FULL,B006,,,37,GENERAL,120,120,120.0,1
2024,SOCIAL_QUOTA,FULL,B006,,,40,GENERAL,117,120,118.5,2
2024,SOCIAL_QUOTA,FULL,B006,,,42,GENERAL,113,124,117.5,8
2024,SOCIAL_QUOTA,FULL,B006,,,43,GENERAL,118,120,119.0,2
2024,SOCIAL_QUOTA,FULL,B006,,,45,GENERAL,110,121,118.1,7
2024,SOCIAL_QUOTA,FULL,B006,,,143,GENERAL,118,118,118.0,1
2024,SOCIAL_QUOTA,FULL,B006,,,185,GENERAL,109,121,116.4,8
2024,SOCIAL_QUOTA,FULL,B006,,,196,GENERAL,98,117,108.8,6
2024,SOCIAL_QUOTA,FULL,B006,,,305,GENERAL,115,115,115.0,1
2024,SOCIAL_QUOTA,FULL,B006,,,517,GENERAL,110,120,114.8,16
2024,SOCIAL_QUOTA,FULL,B007,,,5,GENERAL,82,117,96.0,3
2024,SOCIAL_QUOTA,FULL,B007,,,7,GENERAL,111,121,116.5,12
2024,SOCIAL_QUOTA,FULL,B007,,,10,GENERAL,119,119,119.0,1
2024,SOCIAL_QUOTA,FULL,B007,,,11,GENERAL,111,111,111.0,1
2024,SOCIAL_QUOTA,FULL,B007,,,16,GENERAL,83,120,101.5,2
2024,SOCIAL_QUOTA,FULL,B007,,,25,GENERAL,110,121,116.4,9
2024,SOCIAL_QUOTA,FULL,B007,,,31,GENERAL,107,107,107.0,1
2024,SOCIAL_QUOTA,FULL,B007,,,34,GENERAL,100,120,112.0,9
2024,SOCIAL_QUOTA,FULL,B007,,,35,GENERAL,111,117,115.0,3
2024,SOCIAL_QUOTA,FULL,B007,,,37,GENERAL,110,121,115.0,3
2024,SOCIAL_QUOTA,FULL,B007,,,42,GENERAL,116,121,118.0,3
2024,SOCIAL_QUOTA,FULL,B007,,,43,GENERAL,102,102,102.0,1
2024,SOCIAL_QUOTA,FULL,B007,,,45,GENERAL,110,121,117.3,14
2024,SOCIAL_QUOTA,FULL,B007,,,143,GENERAL,117,121,118.6,10
2024,SOCIAL_QUOTA,FULL,B007,,,158,GENERAL,117,117,117.0,1
2024,SOCIAL_QUOTA,FULL,B007,,,185,GENERAL,118,118,118.0,1
2024,SOCIAL_QUOTA,FULL,B007,,,196,GENERAL,110,121,117.1,16
2024,SOCIAL_QUOTA,FULL,B007,,,517,GENERAL,103,121,115.1,10
2024,SOCIAL_QUOTA,FULL,B009,,,3,GENERAL,86,86,86.0,1
2024,SOCIAL_QUOTA,FULL,B009,,,5,GENERAL,94,94,94.0,1
2024,SOCIAL_QUOTA,FULL,B009,,,7,GENERAL,62,109,81.0,33
2024,SOCIAL_QUOTA,FULL,B009,,,11,GENERAL,64,89,78.7,3
2024,SOCIAL_QUOTA,FULL,B009,,,13,GENERAL,60,115,82.3,19
2024,SOCIAL_QUOTA,FULL,B009,,,15,GENERAL,73,73,73.0,1
2024,SOCIAL_QUOTA,FULL,B009,,,25,GENERAL,62,120,87.7,19
2024,SOCIAL_QUOTA,FULL,B009,,,31,GENERAL,84,84,84.0,1
2024,SOCIAL_QUOTA,FULL,B009,,,40,GENERAL,67,69,68.0,2
2024,SOCIAL_QUOTA,FULL,B009,,,45,GENERAL,69,70,69.5,2
2024,SOCIAL_QUOTA,FULL,B009,,,185,GENERAL,79,107,93.4,7
2024,SOCIAL_QUOTA,FULL,B009,,,196,GENERAL,86,110,94.5,4
2024,SOCIAL_QUOTA,FULL,B009,,,302,GENERAL,132,132,132.0,1
2024,SOCIAL_QUOTA,FULL,B009,,,517,GENERAL,60,73,66.2,6
2024,SOCIAL_QUOTA,FULL,B010,,,13,GENERAL,59,111,85.0,2
2024,SOCIAL_QUOTA,FULL,B010,,,25,GENERAL,80,83,81.5,2
2024,SOCIAL_QUOTA,FULL,B011,,,7,GENERAL,94,94,94.0,1
2024,SOCIAL_QUOTA,FULL,B011,,,13,GENERAL,78,89,83.5,2
2024,SOCIAL_QUOTA,FULL,B011,,,25,GENERAL,82,82,82.0,1
2024,SOCIAL_QUOTA,FULL,B011,,,185,GENERAL,68,68,68.0,1
2024,SOCIAL_QUOTA,FULL,B011,,,302,GENERAL,68,100,84.0,2
2024,SOCIAL_QUOTA,FULL,B012,,,7,GENERAL,62,64,63.0,2
2024,SOCIAL_QUOTA,FULL,B012,,,25,GENERAL,71,98,86.2,5
2024,SOCIAL_QUOTA,FULL,B012,,,37,GENERAL,60,93,70.2,4
2024,SOCIAL_QUOTA,FULL,B012,,,45,GENERAL,62,62,62.0,1
2024,SOCIAL_QUOTA,FULL,B012,,,185,GENERAL,75,99,87.5,4
2024,SOCIAL_QUOTA,FULL,B012,,,196,GENERAL,81,87,84.0,2
2024,SOCIAL_QUOTA,FULL,B013,,,7,GENERAL,66,88,77.4,5
2024,SOCIAL_QUOTA,FULL,B013,,,11,GENERAL,60,60,60.0,1
2024,SOCIAL_QUOTA,FULL,B013,,,16,GENERAL,67,67,67.0,1
2024,SOCIAL_QUOTA,FULL,B013,,,25,GENERAL,60,95,73.2,6
2024,SOCIAL_QUOTA,FULL,B013,,,31,GENERAL,62,78,70.0,2
2024,SOCIAL_QUOTA,FULL,B013,,,37,GENERAL,63,63,63.0,1
2024,SOCIAL_QUOTA,FULL,B013,,,40,GENERAL,63,70,66.5,2
2024,SOCIAL_QUOTA,FULL,B013,,,45,GENERAL,63,63,63.0,1
2024,SOCIAL_QUOTA,FULL,B013,,,185,GENERAL,66,89,74.7,3
2024,SOCIAL_QUOTA,FULL,B013,,,196,GENERAL,60,80,69.0,3
2024,SOCIAL_QUOTA,FULL,B013,,,517,GENERAL,60,60,60.0,1
2024,SOCIAL_QUOTA,FULL,B014,,,7,GENERAL,76,80,78.0,2
2024,SOCIAL_QUOTA,FULL,B014,,,10,GENERAL,77,77,77.0,1
2024,SOCIAL_QUOTA,FULL,B014,,,13,GENERAL,86,86,86.0,1
2024,SOCIAL_QUOTA,FULL,B014,,,25,GENERAL,83,89,86.0,2
2024,SOCIAL_QUOTA,FULL,B014,,,31,GENERAL,72,72,72.0,1
2024,SOCIAL_QUOTA,FULL,B014,,,34,GENERAL,76,76,76.0,1
2024,SOCIAL_QUOTA,FULL,B014,,,35,GENERAL,76,76,76.0,1
2024,SOCIAL_QUOTA,FULL,B014,,,185,GENERAL,84,84,84.0,1
2024,SOCIAL_QUOTA,FULL,B014,,,517,GENERAL,72,72,72.0,1
2024,SOCIAL_QUOTA,FULL,B015,,,5,GENERAL,100,100,100.0,1
2024,SOCIAL_QUOTA,FULL,B015,,,7,GENERAL,68,106,86.2,6
2024,SOCIAL_QUOTA,FULL,B015,,,10,GENERAL,90,90,90.0,1
2024,SOCIAL_QUOTA,FULL,B015,,,15,GENERAL,80,80,80.0,1
2024,SOCIAL_QUOTA,FULL,B015,,,25,GENERAL,113,113,113.0,1
2024,SOCIAL_QUOTA,FULL,B015,,,31,GENERAL,73,84,78.5,2
2024,SOCIAL_QUOTA,FULL,B015,,,37,GENERAL,94,94,94.0,1
2024,SOCIAL_QUOTA,FULL,B015,,,45,GENERAL,74,81,77.5,2
2024,SOCIAL_QUOTA,FULL,B015,,,158,GENERAL,79,79,79.0,1
2024,SOCIAL_QUOTA,FULL,B015,,,185,GENERAL,100,100,100.0,1
2024,SOCIAL_QUOTA,FULL,B015,,,302,GENERAL,82,114,95.3,3
2024,SOCIAL_QUOTA,FULL,B016,,,7,GENERAL,61,114,87.5,8
2024,SOCIAL_QUOTA,FULL,B016,,,11,GENERAL,59,59,59.0,1
2024,SOCIAL_QUOTA,FULL,B016,,,13,GENERAL,61,111,84.7,15
2024,SOCIAL_QUOTA,FULL,B016,,,15,GENERAL,65,65,65.0,1
2024,SOCIAL_QUOTA,FULL,B016,,,25,GENERAL,70,115,99.9,17
2024,SOCIAL_QUOTA,FULL,B016,,,31,GENERAL,66,92,75.2,5
2024,SOCIAL_QUOTA,FULL,B016,,,34,GENERAL,83,104,93.5,2
2024,SOCIAL_QUOTA,FULL,B016,,,36,GENERAL,85,106,95.5,2
2024,SOCIAL_QUOTA,FULL,B016,,,42,GENERAL,63,91,75.3,3
2024,SOCIAL_QUOTA,FULL,B016,,,45,GENERAL,70,73,71.5,2
2024,SOCIAL_QUOTA,FULL,B016,,,185,GENERAL,79,87,82.5,4
2024,SOCIAL_QUOTA,FULL,B016,,,196,GENERAL,71,71,71.0,1
2024,SOCIAL_QUOTA,FULL,B016,,,517,GENERAL,68,75,71.8,4
2024,SOCIAL_QUOTA,FULL,B017,,,13,GENERAL,94,94,94.0,1
2024,SOCIAL_QUOTA,FULL,B017,,,16,GENERAL,88,88,88.0,1
2024,SOCIAL_QUOTA,FULL,B017,,,34,GENERAL,69,69,69.0,1
2024,SOCIAL_QUOTA,FULL,B017,,,196,GENERAL,70,82,76.0,2
2024,SOCIAL_QUOTA,FULL,B018,,,3,GENERAL,84,115,94.7,3
2024,SOCIAL_QUOTA,FULL,B018,,,5,GENERAL,81,109,97.9,7
2024,SOCIAL_QUOTA,FULL,B018,,,7,GENERAL,59,116,86.7,38
2024,SOCIAL_QUOTA,FULL,B018,,,11,GENERAL,63,80,74.0,3
2024,SOCIAL_QUOTA,FULL,B018,,,13,GENERAL,59,119,89.6,42
2024,SOCIAL_QUOTA,FULL,B018,,,23,GENERAL,66,120,97.6,11
2024,SOCIAL_QUOTA,FULL,B018,,,25,GENERAL,50,115,88.6,56
2024,SOCIAL_QUOTA,FULL,B018,,,31,GENERAL,40,71,60.8,6
2024,SOCIAL_QUOTA,FULL,B018,,,34,GENERAL,94,98,95.7,3
2024,SOCIAL_QUOTA,FULL,B018,,,35,GENERAL,98,98,98.0,1
2024,SOCIAL_QUOTA,FULL,B018,,,37,GENERAL,59,107,79.5,8
2024,SOCIAL_QUOTA,FULL,B018,,,40,GENERAL,62,84,69.4,5
2024,SOCIAL_QUOTA,FULL,B018,,,42,GENERAL,78,82,80.0,2
2024,SOCIAL_QUOTA,FULL,B018,,,45,GENERAL,66,108,85.2,4
2024,SOCIAL_QUOTA,FULL,B018,,,153,GENERAL,75,75,75.0,1
2024,SOCIAL_QUOTA,FULL,B018,,,158,GENERAL,62,62,62.0,1
2024,SOCIAL_QUOTA,FULL,B018,,,185,GENERAL,38,108,81.7,27
2024,SOCIAL_QUOTA,FULL,B018,,,196,GENERAL,38,114,81.4,10
2024,SOCIAL_QUOTA,FULL,B018,,,302,GENERAL,86,116,95.4,5
2024,SOCIAL_QUOTA,FULL,B018,,,517,GENERAL,63,115,82.6,9
2024,SOCIAL_QUOTA,FULL,B020,,,5,GENERAL,67,67,67.0,1
2024,SOCIAL_QUOTA,FULL,B021,,,10,GENERAL,107,118,112.5,2
2024,SOCIAL_QUOTA,FULL,B021,,,16,GENERAL,120,120,120.0,1
2024,SOCIAL_QUOTA,FULL,B021,,,37,GENERAL,118,119,118.5,2
2024,SOCIAL_QUOTA,FULL,B027,,,37,GENERAL,100,100,100.0,1
2024,SOCIAL_QUOTA,FULL,B027,,,45,GENERAL,112,118,115.0,2
2024,SOCIAL_QUOTA,FULL,B028,,,7,GENERAL,121,121,121.0,2
2024,SOCIAL_QUOTA,FULL,B028,,,25,GENERAL,121,122,121.5,4
2024,SOCIAL_QUOTA,FULL,B028,,,34,GENERAL,120,122,121.3,3
2024,SOCIAL_QUOTA,FULL,B028,,,37,GENERAL,121,124,122.5,2
2024,SOCIAL_QUOTA,FULL,B028,,,43,GENERAL,122,122,122.0,1
2024,SOCIAL_QUOTA,FULL,B028,,,45,GENERAL,120,122,121.4,5
2024,SOCIAL_QUOTA,FULL,B029,,,13,GENERAL,96,125,112.6,7
2024,SOCIAL_QUOTA,FULL,B029,,,27,GENERAL,103,121,115.5,11
2024,SOCIAL_QUOTA,FULL,B031,,,5,GENERAL,100,125,114.3,3
2024,SOCIAL_QUOTA,FULL,B031,,,7,GENERAL,112,126,119.9,13
2024,SOCIAL_QUOTA,FULL,B031,,,10,GENERAL,87,87,87.0,1
2024,SOCIAL_QUOTA,FULL,B031,,,13,GENERAL,91,124,115.7,17
2024,SOCIAL_QUOTA,FULL,B031,,,15,GENERAL,116,123,120.8,4
2024,SOCIAL_QUOTA,FULL,B031,,,22,GENERAL,91,124,116.8,19
2024,SOCIAL_QUOTA,FULL,B031,,,27,GENERAL,113,122,117.5,2
2024,SOCIAL_QUOTA,FULL,B031,,,29,GENERAL,115,115,115.0,1
2024,SOCIAL_QUOTA,FULL,B031,,,31,GENERAL,93,124,111.4,7
2024,SOCIAL_QUOTA,FULL,B031,,,34,GENERAL,103,124,119.1,8
2024,SOCIAL_QUOTA,FULL,B031,,,37,GENERAL,113,124,121.0,7
2024,SOCIAL_QUOTA,FULL,B031,,,38,GENERAL,111,111,111.0,1
2024,SOCIAL_QUOTA,FULL,B031,,,40,GENERAL,114,118,116.0,2
2024,SOCIAL_QUOTA,FULL,B031,,,42,GENERAL,100,123,112.5,4
2024,SOCIAL_QUOTA,FULL,B031,,,43,GENERAL,88,122,105.0,4
2024,SOCIAL_QUOTA,FULL,B031,,,45,GENERAL,94,125,118.2,18
2024,SOCIAL_QUOTA,FULL,B031,,,53,GENERAL,121,125,121.7,6
2024,SOCIAL_QUOTA,FULL,B031,,,143,GENERAL,113,125,120.2,8
2024,SOCIAL_QUOTA,FULL,B031,,,158,GENERAL,34,34,34.0,1
2024,SOCIAL_QUOTA,FULL,B031,,,182,GENERAL,42,124,109.1,10
2024,SOCIAL_QUOTA,FULL,B031,,,185,GENERAL,123,123,123.0,1
2024,SOCIAL_QUOTA,FULL,B031,,,196,GENERAL,107,122,115.0,7
2024,SOCIAL_QUOTA,FULL,B032,,,45,GENERAL,53,53,53.0,1
2024,SOCIAL_QUOTA,FULL,B033,,,7,GENERAL,108,122,117.0,4
2024,SOCIAL_QUOTA,FULL,B033,,,11,GENERAL,117,117,117.0,1
2024,SOCIAL_QUOTA,FULL,B033,,,13,GENERAL,114,117,115.4,5
2024,SOCIAL_QUOTA,FULL,B033,,,27,GENERAL,121,125,123.0,4
2024,SOCIAL_QUOTA,FULL,B033,,,31,GENERAL,96,119,107.0,4
2024,SOCIAL_QUOTA,FULL,B033,,,37,GENERAL,109,122,118.2,4
2024,SOCIAL_QUOTA,FULL,B033,,,45,GENERAL,115,120,117.5,4
2024,SOCIAL_QUOTA,FULL,B033,,,503,GENERAL,32,124,110.8,36
2024,SOCIAL_QUOTA,FULL,B034,,,27,GENERAL,95,95,95.0,1
2024,SOCIAL_QUOTA,FULL,B034,,,31,GENERAL,59,69,64.0,2
2024,SOCIAL_QUOTA,FULL,B034,,,35,GENERAL,63,63,63.0,1
2024,SOCIAL_QUOTA,FULL,B034,,,45,GENERAL,59,72,65.5,2
2024,SOCIAL_QUOTA,FULL,B034,,,185,GENERAL,71,71,71.0,1
2024,SOCIAL_QUOTA,FULL,B036,,,5,GENERAL,60,69,64.5,2
2024,SOCIAL_QUOTA,FULL,B036,,,10,GENERAL,73,73,73.0,1
2024,SOCIAL_QUOTA,FULL,B036,,,13,GENERAL,98,109,102.7,3
2024,SOCIAL_QUOTA,FULL,B036,,,22,GENERAL,71,71,71.0,1
2024,SOCIAL_QUOTA,FULL,B036,,,23,GENERAL,115,115,115.0,1
2024,SOCIAL_QUOTA,FULL,B036,,,25,GENERAL,72,72,72.0,1
2024,SOCIAL_QUOTA,FULL,B036,,,27,GENERAL,88,101,96.0,3
2024,SOCIAL_QUOTA,FULL,B036,,,31,GENERAL,62,62,62.0,1
2024,SOCIAL_QUOTA,FULL,B036,,,35,GENERAL,100,100,100.0,1
2024,SOCIAL_QUOTA,FULL,B036,,,38,GENERAL,62,62,62.0,1
2024,SOCIAL_QUOTA,FULL,B036,,,43,GENERAL,50,62,56.0,2
2024,SOCIAL_QUOTA,FULL,B036,,,45,GENERAL,97,97,97.0,1
2024,SOCIAL_QUOTA,FULL,B036,,,174,GENERAL,97,97,97.0,1
2024,SOCIAL_QUOTA,FULL,B036,,,184,GENERAL,74,74,74.0,1
2024,SOCIAL_QUOTA,FULL,B036,,,196,GENERAL,62,62,62.0,1
2024,SOCIAL_QUOTA,FULL,B036,,,198,GENERAL,53,53,53.0,1
2024,SOCIAL_QUOTA,FULL,B037,,,5,GENERAL,55,55,55.0,1
2024,SOCIAL_QUOTA,FULL,B037,,,7,GENERAL,71,71,71.0,1
2024,SOCIAL_QUOTA,FULL,B037,,,10,GENERAL,58,58,58.0,1
2024,SOCIAL_QUOTA,FULL,B037,,,13,GENERAL,106,106,106.0,1
2024,SOCIAL_QUOTA,FULL,B037,,,36,GENERAL,67,67,67.0,1
2024,SOCIAL_QUOTA,FULL,B037,,,42,GENERAL,65,65,65.0,1
2024,SOCIAL_QUOTA,FULL,B037,,,141,GENERAL,61,61,61.0,1
2024,SOCIAL_QUOTA,FULL,B041,,,10,GENERAL,51,51,51.0,1
2024,SOCIAL_QUOTA,FULL,B041,,,16,GENERAL,50,50,50.0,1
2024,SOCIAL_QUOTA,FULL,B041,,,31,GENERAL,61,61,61.0,1
2024,SOCIAL_QUOTA,FULL,B041,,,35,GENERAL,70,70,70.0,1
2024,SOCIAL_QUOTA,FULL,B041,,,43,GENERAL,54,54,54.0,1
2024,SOCIAL_QUOTA,FULL,B041,,,69,GENERAL,80,80,80.0,1
2024,SOCIAL_QUOTA,FULL,B041,,,184,GENERAL,79,79,79.0,1
2024,SOCIAL_QUOTA,FULL,B041,,,185,GENERAL,67,75,71.0,2
2024,SOCIAL_QUOTA,FULL,B042,,,11,GENERAL,118,122,120.5,4
2024,SOCIAL_QUOTA,FULL,B042,,,13,GENERAL,102,127,116.8,26
2024,SOCIAL_QUOTA,FULL,B042,,,15,GENERAL,115,123,119.9,7
2024,SOCIAL_QUOTA,FULL,B042,,,23,GENERAL,112,123,119.0,3
2024,SOCIAL_QUOTA,FULL,B042,,,27,GENERAL,108,130,120.8,31
2024,SOCIAL_QUOTA,FULL,B042,,,31,GENERAL,106,124,116.1,9
2024,SOCIAL_QUOTA,FULL,B042,,,34,GENERAL,114,123,117.7,3
2024,SOCIAL_QUOTA,FULL,B042,,,37,GENERAL,120,124,122.5,4
2024,SOCIAL_QUOTA,FULL,B042,,,38,GENERAL,110,123,117.2,12
2024,SOCIAL_QUOTA,FULL,B042,,,40,GENERAL,119,119,119.0,2
2024,SOCIAL_QUOTA,FULL,B042,,,43,GENERAL,102,122,113.7,3
2024,SOCIAL_QUOTA,FULL,B042,,,45,GENERAL,98,127,118.2,16
2024,SOCIAL_QUOTA,FULL,B042,,,69,GENERAL,118,123,119.7,3
2024,SOCIAL_QUOTA,FULL,B042,,,83,GENERAL,113,123,119.0,3
2024,SOCIAL_QUOTA,FULL,B042,,,93,GENERAL,121,121,121.0,1
2024,SOCIAL_QUOTA,FULL,B042,,,146,GENERAL,122,122,122.0,1
2024,SOCIAL_QUOTA,FULL,B042,,,174,GENERAL,125,126,125.5,2
2024,SOCIAL_QUOTA,FULL,B042,,,190,GENERAL,118,125,122.7,3
2024,SOCIAL_QUOTA,FULL,B042,,,302,GENERAL,116,126,122.4,10
2024,SOCIAL_QUOTA,FULL,B042,,,522,GENERAL,124,126,124.8,4
2024,SOCIAL_QUOTA,FULL,B044,,,13,GENERAL,76,125,103.6,19
2024,SOCIAL_QUOTA,FULL,B044,,,21,GENERAL,95,125,117.6,10
2024,SOCIAL_QUOTA,FULL,B044,,,27,GENERAL,71,120,90.5,10
2024,SOCIAL_QUOTA,FULL,B044,,,37,GENERAL,111,124,117.5,2
2024,SOCIAL_QUOTA,FULL,B044,,,45,GENERAL,119,119,119.0,1
2024,SOCIAL_QUOTA,FULL,B044,,,69,GENERAL,58,122,99.7,3
2024,SOCIAL_QUOTA,FULL,B044,,,79,GENERAL,60,60,60.0,1
2024,SOCIAL_QUOTA,FULL,B044,,,83,GENERAL,121,121,121.0,1
2024,SOCIAL_QUOTA,FULL,B044,,,140,GENERAL,97,97,97.0,1
2024,SOCIAL_QUOTA,FULL,B044,,,174,GENERAL,120,124,121.7,6
2024,SOCIAL_QUOTA,FULL,B044,,,190,GENERAL,77,77,77.0,1
2024,SOCIAL_QUOTA,FULL,B044,,,302,GENERAL,112,125,116.7,3
2024,SOCIAL_QUOTA,FULL,B044,,,421,GENERAL,73,123,111.9,9
2024,SOCIAL_QUOTA,FULL,B044,,,522,GENERAL,109,120,115.7,3
2024,SOCIAL_QUOTA,FULL,B045,,,13,GENERAL,87,121,107.0,4
2024,SOCIAL_QUOTA,FULL,B045,,,16,GENERAL,101,101,101.0,1
2024,SOCIAL_QUOTA,FULL,B045,,,27,GENERAL,73,119,94.0,4
2024,SOCIAL_QUOTA,FULL,B045,,,32,GENERAL,107,107,107.0,1
2024,SOCIAL_QUOTA,FULL,B045,,,38,GENERAL,80,80,80.0,1
2024,SOCIAL_QUOTA,FULL,B045,,,40,GENERAL,91,91,91.0,1
2024,SOCIAL_QUOTA,FULL,B045,,,83,GENERAL,111,111,111.0,1
2024,SOCIAL_QUOTA,FULL,B045,,,174,GENERAL,120,121,120.5,2
2024,SOCIAL_QUOTA,FULL,B045,,,302,GENERAL,87,119,106.7,3
2024,SOCIAL_QUOTA,FULL,B046,,,2,GENERAL,79,79,79.0,1
2024,SOCIAL_QUOTA,FULL,B046,,,7,GENERAL,70,96,83.0,2
2024,SOCIAL_QUOTA,FULL,B046,,,13,GENERAL,72,120,95.8,11
2024,SOCIAL_QUOTA,FULL,B046,,,21,GENERAL,70,121,109.0,6
2024,SOCIAL_QUOTA,FULL,B046,,,27,GENERAL,72,121,99.5,13
2024,SOCIAL_QUOTA,FULL,B046,,,29,GENERAL,78,78,78.0,1
2024,SOCIAL_QUOTA,FULL,B046,,,35,GENERAL,69,69,69.0,1
2024,SOCIAL_QUOTA,FULL,B046,,,36,GENERAL,58,58,58.0,1
2024,SOCIAL_QUOTA,FULL,B046,,,37,GENERAL,105,105,105.0,1
2024,SOCIAL_QUOTA,FULL,B046,,,43,GENERAL,112,112,112.0,1
2024,SOCIAL_QUOTA,FULL,B046,,,93,GENERAL,101,101,101.0,1
2024,SOCIAL_QUOTA,FULL,B046,,,122,GENERAL,104,104,104.0,1
2024,SOCIAL_QUOTA,FULL,B046,,,174,GENERAL,86,121,114.7,6
2024,SOCIAL_QUOTA,FULL,B046,,,185,GENERAL,74,74,74.0,1
2024,SOCIAL_QUOTA,FULL,B046,,,302,GENERAL,117,121,119.2,4
2024,SOCIAL_QUOTA,FULL,B046,,,421,GENERAL,103,121,118.3,10
2024,SOCIAL_QUOTA,FULL,B047,,,27,GENERAL,88,88,88.0,1
2024,SOCIAL_QUOTA,FULL,B047,,,69,GENERAL,106,106,106.0,1
2024,SOCIAL_QUOTA,FULL,B047,,,185,GENERAL,113,113,113.0,1
2024,SOCIAL_QUOTA,FULL,B047,,,302,GENERAL,118,118,118.0,1
2024,SOCIAL_QUOTA,FULL,B047,,,421,GENERAL,111,111,111.0,1
2024,SOCIAL_QUOTA,FULL,B049,,,13,GENERAL,82,120,106.5,10
2024,SOCIAL_QUOTA,FULL,B049,,,21,GENERAL,97,122,112.7,3
2024,SOCIAL_QUOTA,FULL,B049,,,27,GENERAL,71,122,98.7,10
2024,SOCIAL_QUOTA,FULL,B049,,,31,GENERAL,80,120,96.5,4
2024,SOCIAL_QUOTA,FULL,B049,,,35,GENERAL,75,88,81.5,2
2024,SOCIAL_QUOTA,FULL,B049,,,79,GENERAL,81,119,93.4,5
2024,SOCIAL_QUOTA,FULL,B049,,,83,GENERAL,78,83,80.5,2
2024,SOCIAL_QUOTA,FULL,B049,,,122,GENERAL,107,107,107.0,1
2024,SOCIAL_QUOTA,FULL,B049,,,174,GENERAL,120,122,121.0,6
2024,SOCIAL_QUOTA,FULL,B049,,,302,GENERAL,110,120,116.5,4
2024,SOCIAL_QUOTA,FULL,B050,,,2,GENERAL,42,79,67.1,49
2024,SOCIAL_QUOTA,FULL,B050,,,5,GENERAL,45,78,64.3,11
2024,SOCIAL_QUOTA,FULL,B050,,,7,GENERAL,53,79,70.4,28
2024,SOCIAL_QUOTA,FULL,B050,,,10,GENERAL,54,66,60.0,3
2024,SOCIAL_QUOTA,FULL,B050,,,11,GENERAL,69,76,71.8,4
2024,SOCIAL_QUOTA,FULL,B050,,,13,GENERAL,39,102,61.2,5
2024,SOCIAL_QUOTA,FULL,B050,,,24,GENERAL,44,77,67.0,5
2024,SOCIAL_QUOTA,FULL,B050,,,25,GENERAL,50,79,72.9,90
2024,SOCIAL_QUOTA,FULL,B050,,,27,GENERAL,43,79,70.2,44
2024,SOCIAL_QUOTA,FULL,B050,,,29,GENERAL,34,76,67.6,10
2024,SOCIAL_QUOTA,FULL,B050,,,30,GENERAL,59,78,72.0,14
2024,SOCIAL_QUOTA,FULL,B050,,,31,GENERAL,44,79,65.0,23
2024,SOCIAL_QUOTA,FULL,B050,,,35,GENERAL,52,69,57.2,4
2024,SOCIAL_QUOTA,FULL,B050,,,37,GENERAL,63,78,71.8,17
2024,SOCIAL_QUOTA,FULL,B050,,,38,GENERAL,37,52,45.8,6
2024,SOCIAL_QUOTA,FULL,B050,,,42,GENERAL,49,72,57.4,5
2024,SOCIAL_QUOTA,FULL,B050,,,43,GENERAL,67,79,72.1,7
2024,SOCIAL_QUOTA,FULL,B050,,,45,GENERAL,51,68,56.0,8
2024,SOCIAL_QUOTA,FULL,B050,,,49,GENERAL,53,78,65.7,7
2024,SOCIAL_QUOTA,FULL,B050,,,53,GENERAL,50,75,61.8,24
2024,SOCIAL_QUOTA,FULL,B050,,,141,GENERAL,51,61,53.8,4
2024,SOCIAL_QUOTA,FULL,B050,,,182,GENERAL,61,79,73.5,6
2024,SOCIAL_QUOTA,FULL,B050,,,185,GENERAL,60,78,72.4,24
2024,SOCIAL_QUOTA,FULL,B050,,,196,GENERAL,50,77,67.6,10
2024,SOCIAL_QUOTA,FULL,B050,,,223,GENERAL,57,69,63.0,2
2024,SOCIAL_QUOTA,FULL,B051,,,2,GENERAL,52,72,66.3,34
2024,SOCIAL_QUOTA,FULL,B051,,,3,GENERAL,63,71,68.8,8
2024,SOCIAL_QUOTA,FULL,B051,,,5,GENERAL,57,70,64.0,5
2024,SOCIAL_QUOTA,FULL,B051,,,7,GENERAL,65,72,69.8,26
2024,SOCIAL_QUOTA,FULL,B051,,,10,GENERAL,51,60,56.0,6
2024,SOCIAL_QUOTA,FULL,B051,,,11,GENERAL,53,71,66.8,11
2024,SOCIAL_QUOTA,FULL,B051,,,15,GENERAL,53,72,66.5,4
2024,SOCIAL_QUOTA,FULL,B051,,,16,GENERAL,53,53,53.0,1
2024,SOCIAL_QUOTA,FULL,B051,,,24,GENERAL,68,72,69.8,13
2024,SOCIAL_QUOTA,FULL,B051,,,27,GENERAL,38,92,69.4,24
2024,SOCIAL_QUOTA,FULL,B051,,,29,GENERAL,67,70,68.6,7
2024,SOCIAL_QUOTA,FULL,B051,,,31,GENERAL,56,71,67.9,14
2024,SOCIAL_QUOTA,FULL,B051,,,34,GENERAL,63,72,69.2,13
2024,SOCIAL_QUOTA,FULL,B051,,,35,GENERAL,54,70,65.5,14
2024,SOCIAL_QUOTA,FULL,B051,,,36,GENERAL,52,67,58.3,3
2024,SOCIAL_QUOTA,FULL,B051,,,37,GENERAL,60,72,68.3,11
2024,SOCIAL_QUOTA,FULL,B051,,,38,GENERAL,39,71,58.4,10
2024,SOCIAL_QUOTA,FULL,B051,,,40,GENERAL,55,69,62.2,5
2024,SOCIAL_QUOTA,FULL,B051,,,42,GENERAL,63,65,64.0,2
2024,SOCIAL_QUOTA,FULL,B051,,,43,GENERAL,56,72,67.9,9
2024,SOCIAL_QUOTA,FULL,B051,,,45,GENERAL,53,72,67.2,29
2024,SOCIAL_QUOTA,FULL,B051,,,53,GENERAL,50,72,65.4,17
2024,SOCIAL_QUOTA,FULL,B051,,,122,GENERAL,54,54,54.0,1
2024,SOCIAL_QUOTA,FULL,B051,,,158,GENERAL,70,71,70.5,2
2024,SOCIAL_QUOTA,FULL,B051,,,182,GENERAL,57,71,66.8,6
2024,SOCIAL_QUOTA,FULL,B051,,,185,GENERAL,52,71,68.3,12
2024,SOCIAL_QUOTA,FULL,B051,,,305,GENERAL,59,65,62.0,2
2024,SOCIAL_QUOTA,FULL,B052,,,5,GENERAL,46,46,46.0,1
2024,SOCIAL_QUOTA,FULL,B052,,,7,GENERAL,60,60,60.0,1
2024,SOCIAL_QUOTA,FULL,B052,,,13,GENERAL,55,55,55.0,1
2024,SOCIAL_QUOTA,FULL,B052,,,27,GENERAL,49,75,61.8,5
2024,SOCIAL_QUOTA,FULL,B052,,,29,GENERAL,57,57,57.0,1
2024,SOCIAL_QUOTA,FULL,B052,,,31,GENERAL,52,68,60.0,2
2024,SOCIAL_QUOTA,FULL,B052,,,38,GENERAL,66,66,66.0,1
2024,SOCIAL_QUOTA,FULL,B052,,,45,GENERAL,60,70,64.7,3
2024,SOCIAL_QUOTA,FULL,B052,,,185,GENERAL,33,69,54.3,3
2024,SOCIAL_QUOTA,FULL,B053,,,5,GENERAL,68,68,68.0,1
2024,SOCIAL_QUOTA,FULL,B053,,,7,GENERAL,51,69,65.6,10
2024,SOCIAL_QUOTA,FULL,B053,,,11,GENERAL,56,69,62.5,2
2024,SOCIAL_QUOTA,FULL,B053,,,13,GENERAL,39,71,55.3,3
2024,SOCIAL_QUOTA,FULL,B053,,,25,GENERAL,57,69,67.5,22
2024,SOCIAL_QUOTA,FULL,B053,,,27,GENERAL,63,80,71.5,2
2024,SOCIAL_QUOTA,FULL,B053,,,31,GENERAL,48,68,59.2,4
2024,SOCIAL_QUOTA,FULL,B053,,,38,GENERAL,46,53,49.0,3
2024,SOCIAL_QUOTA,FULL,B053,,,43,GENERAL,56,69,65.8,4
2024,SOCIAL_QUOTA,FULL,B053,,,45,GENERAL,32,68,54.8,6
2024,SOCIAL_QUOTA,FULL,B054,,,5,GENERAL,56,56,56.0,1
2024,SOCIAL_QUOTA,FULL,B054,,,7,GENERAL,54,77,63.2,4
2024,SOCIAL_QUOTA,FULL,B054,,,10,GENERAL,51,51,51.0,1
2024,SOCIAL_QUOTA,FULL,B054,,,12,GENERAL,38,41,39.5,2
2024,SOCIAL_QUOTA,FULL,B054,,,13,GENERAL,45,72,61.2,4
2024,SOCIAL_QUOTA,FULL,B054,,,25,GENERAL,51,76,63.5,2
2024,SOCIAL_QUOTA,FULL,B054,,,27,GENERAL,55,84,72.0,4
2024,SOCIAL_QUOTA,FULL,B054,,,31,GENERAL,44,44,44.0,1
2024,SOCIAL_QUOTA,FULL,B054,,,37,GENERAL,39,63,54.7,3
2024,SOCIAL_QUOTA,FULL,B054,,,45,GENERAL,66,66,66.0,1
2024,SOCIAL_QUOTA,FULL,B055,,,5,GENERAL,62,86,74.5,13
2024,SOCIAL_QUOTA,FULL,B055,,,7,GENERAL,40,92,78.5,136
2024,SOCIAL_QUOTA,FULL,B055,,,10,GENERAL,58,58,58.0,1
2024,SOCIAL_QUOTA,FULL,B055,,,11,GENERAL,62,83,75.2,6
2024,SOCIAL_QUOTA,FULL,B055,,,13,GENERAL,45,76,61.1,7
2024,SOCIAL_QUOTA,FULL,B055,,,27,GENERAL,49,98,82.4,34
2024,SOCIAL_QUOTA,FULL,B055,,,31,GENERAL,47,90,76.7,22
2024,SOCIAL_QUOTA,FULL,B055,,,36,GENERAL,53,53,53.0,1
2024,SOCIAL_QUOTA,FULL,B055,,,37,GENERAL,62,90,77.3,24
2024,SOCIAL_QUOTA,FULL,B055,,,38,GENERAL,44,44,44.0,1
2024,SOCIAL_QUOTA,FULL,B055,,,43,GENERAL,64,90,79.4,18
2024,SOCIAL_QUOTA,FULL,B055,,,45,GENERAL,49,91,75.4,37
2024,SOCIAL_QUOTA,FULL,B055,,,154,GENERAL,87,91,89.0,2
2024,SOCIAL_QUOTA,FULL,B055,,,173,GENERAL,52,79,70.3,13
2024,SOCIAL_QUOTA,FULL,B055,,,302,GENERAL,79,105,91.8,4
2024,SOCIAL_QUOTA,FULL,B056,,,13,GENERAL,96,96,96.0,1
2024,SOCIAL_QUOTA,FULL,B056,,,27,GENERAL,79,79,79.0,1
2024,SOCIAL_QUOTA,FULL,B057,,,2,GENERAL,54,98,73.0,63
2024,SOCIAL_QUOTA,FULL,B057,,,3,GENERAL,57,83,69.8,13
2024,SOCIAL_QUOTA,FULL,B057,,,5,GENERAL,56,78,61.5,4
2024,SOCIAL_QUOTA,FULL,B057,,,7,GENERAL,46,81,65.5,20
2024,SOCIAL_QUOTA,FULL,B057,,,10,GENERAL,54,66,58.7,3
2024,SOCIAL_QUOTA,FULL,B057,,,11,GENERAL,70,70,70.0,1
2024,SOCIAL_QUOTA,FULL,B057,,,12,GENERAL,51,88,65.6,5
2024,SOCIAL_QUOTA,FULL,B057,,,13,GENERAL,39,117,95.2,60
2024,SOCIAL_QUOTA,FULL,B057,,,15,GENERAL,50,94,75.0,5
2024,SOCIAL_QUOTA,FULL,B057,,,16,GENERAL,59,61,60.0,3
2024,SOCIAL_QUOTA,FULL,B057,,,19,GENERAL,52,78,66.1,34
2024,SOCIAL_QUOTA,FULL,B057,,,21,GENERAL,84,113,106.3,26
2024,SOCIAL_QUOTA,FULL,B057,,,24,GENERAL,65,68,66.0,3
2024,SOCIAL_QUOTA,FULL,B057,,,25,GENERAL,66,102,79.4,14
2024,SOCIAL_QUOTA,FULL,B057,,,27,GENERAL,48,108,91.0,60
2024,SOCIAL_QUOTA,FULL,B057,,,29,GENERAL,27,109,84.1,99
2024,SOCIAL_QUOTA,FULL,B057,,,31,GENERAL,42,95,73.0,18
2024,SOCIAL_QUOTA,FULL,B057,,,32,GENERAL,50,108,72.5,13
2024,SOCIAL_QUOTA,FULL,B057,,,33,GENERAL,56,56,56.0,1
2024,SOCIAL_QUOTA,FULL,B057,,,34,GENERAL,29,74,61.9,15
2024,SOCIAL_QUOTA,FULL,B057,,,36,GENERAL,91,91,91.0,1
2024,SOCIAL_QUOTA,FULL,B057,,,37,GENERAL,61,109,78.9,17
2024,SOCIAL_QUOTA,FULL,B057,,,38,GENERAL,26,90,58.9,12
2024,SOCIAL_QUOTA,FULL,B057,,,42,GENERAL,67,67,67.0,1
2024,SOCIAL_QUOTA,FULL,B057,,,43,GENERAL,57,100,75.9,14
2024,SOCIAL_QUOTA,FULL,B057,,,45,GENERAL,31,108,68.3,72
2024,SOCIAL_QUOTA,FULL,B057,,,49,GENERAL,55,88,68.0,18
2024,SOCIAL_QUOTA,FULL,B057,,,53,GENERAL,45,83,66.1,45
2024,SOCIAL_QUOTA,FULL,B057,,,57,GENERAL,71,103,80.0,20
2024,SOCIAL_QUOTA,FULL,B057,,,69,GENERAL,55,107,79.5,15
2024,SOCIAL_QUOTA,FULL,B057,,,78,GENERAL,69,69,69.0,1
2024,SOCIAL_QUOTA,FULL,B057,,,82,GENERAL,70,108,90.8,4
2024,SOCIAL_QUOTA,FULL,B057,,,83,GENERAL,55,110,80.2,20
2024,SOCIAL_QUOTA,FULL,B057,,,93,GENERAL,50,96,74.4,8
2024,SOCIAL_QUOTA,FULL,B057,,,122,GENERAL,51,101,75.5,4
2024,SOCIAL_QUOTA,FULL,B057,,,140,GENERAL,54,54,54.0,1
2024,SOCIAL_QUOTA,FULL,B057,,,141,GENERAL,58,96,78.4,5
2024,SOCIAL_QUOTA,FULL,B057,,,143,GENERAL,67,67,67.0,1
2024,SOCIAL_QUOTA,FULL,B057,,,146,GENERAL,57,57,57.0,1
2024,SOCIAL_QUOTA,FULL,B057,,,160,GENERAL,50,100,68.8,12
2024,SOCIAL_QUOTA,FULL,B057,,,173,GENERAL,33,108,72.9,17
2024,SOCIAL_QUOTA,FULL,B057,,,182,GENERAL,29,96,71.6,16
2024,SOCIAL_QUOTA,FULL,B057,,,184,GENERAL,25,87,64.8,5
2024,SOCIAL_QUOTA,FULL,B057,,,185,GENERAL,31,108,81.8,94
2024,SOCIAL_QUOTA,FULL,B057,,,190,GENERAL,36,110,95.4,182
2024,SOCIAL_QUOTA,FULL,B057,,,223,GENERAL,60,85,76.7,3
2024,SOCIAL_QUOTA,FULL,B057,,,302,GENERAL,53,120,80.2,13
2024,SOCIAL_QUOTA,FULL,B057,,,318,GENERAL,84,84,84.0,1
2024,SOCIAL_QUOTA,FULL,B057,,,416,GENERAL,52,52,52.0,1
2024,SOCIAL_QUOTA,FULL,B057,,,421,GENERAL,54,118,101.1,17
2024,SOCIAL_QUOTA,FULL,B057,,,501,GENERAL,60,85,72.5,2
2024,SOCIAL_QUOTA,FULL,B057,,,522,GENERAL,80,123,98.8,243
2024,SOCIAL_QUOTA,FULL,B058,,,9,GENERAL,66,66,66.0,1
2024,SOCIAL_QUOTA,FULL,B058,,,13,GENERAL,44,84,61.8,11
2024,SOCIAL_QUOTA,FULL,B058,,,21,GENERAL,38,75,56.5,2
2024,SOCIAL_QUOTA,FULL,B058,,,27,GENERAL,83,83,83.0,1
2024,SOCIAL_QUOTA,FULL,B058,,,29,GENERAL,41,81,62.0,11
2024,SOCIAL_QUOTA,FULL,B058,,,32,GENERAL,44,74,64.5,13
2024,SOCIAL_QUOTA,FULL,B058,,,34,GENERAL,59,73,66.5,11
2024,SOCIAL_QUOTA,FULL,B058,,,57,GENERAL,70,73,70.8,17
2024,SOCIAL_QUOTA,FULL,B058,,,190,GENERAL,87,87,87.0,1
2024,SOCIAL_QUOTA,FULL,B058,,,522,GENERAL,86,86,86.0,1
2024,SOCIAL_QUOTA,FULL,B059,,,2,GENERAL,50,50,50.0,1
2024,SOCIAL_QUOTA,FULL,B059,,,13,GENERAL,30,72,48.8,6
2024,SOCIAL_QUOTA,FULL,B059,,,19,GENERAL,59,59,59.0,1
2024,SOCIAL_QUOTA,FULL,B059,,,27,GENERAL,44,67,58.7,3
2024,SOCIAL_QUOTA,FULL,B059,,,29,GENERAL,43,43,43.0,1
2024,SOCIAL_QUOTA,FULL,B059,,,49,GENERAL,50,50,50.0,1
2024,SOCIAL_QUOTA,FULL,B059,,,57,GENERAL,56,56,56.0,1
2024,SOCIAL_QUOTA,FULL,B059,,,522,GENERAL,84,107,96.0,3
2024,SOCIAL_QUOTA,FULL,B060,,,31,GENERAL,57,57,57.0,1
2024,SOCIAL_QUOTA,FULL,B060,,,501,GENERAL,50,50,50.0,1
2024,SOCIAL_QUOTA,FULL,B061,,,27,GENERAL,66,71,68.0,4
2024,SOCIAL_QUOTA,FULL,B062,,,2,GENERAL,42,68,53.2,22
2024,SOCIAL_QUOTA,FULL,B062,,,3,GENERAL,56,56,56.0,1
2024,SOCIAL_QUOTA,FULL,B062,,,5,GENERAL,61,61,61.0,1
2024,SOCIAL_QUOTA,FULL,B062,,,12,GENERAL,42,57,51.0,9
2024,SOCIAL_QUOTA,FULL,B062,,,13,GENERAL,86,86,86.0,1
2024,SOCIAL_QUOTA,FULL,B062,,,19,GENERAL,50,65,53.6,20
2024,SOCIAL_QUOTA,FULL,B062,,,27,GENERAL,51,84,66.9,8
2024,SOCIAL_QUOTA,FULL,B062,,,29,GENERAL,42,67,58.7,3
2024,SOCIAL_QUOTA,FULL,B062,,,31,GENERAL,44,44,44.0,1
2024,SOCIAL_QUOTA,FULL,B062,,,32,GENERAL,50,73,56.0,5
2024,SOCIAL_QUOTA,FULL,B062,,,34,GENERAL,53,57,54.7,3
2024,SOCIAL_QUOTA,FULL,B062,,,38,GENERAL,41,55,46.0,5
2024,SOCIAL_QUOTA,FULL,B062,,,39,GENERAL,35,41,38.0,2
2024,SOCIAL_QUOTA,FULL,B062,,,40,GENERAL,44,44,44.0,1
2024,SOCIAL_QUOTA,FULL,B062,,,43,GENERAL,50,57,55.0,4
2024,SOCIAL_QUOTA,FULL,B062,,,45,GENERAL,50,56,53.2,4
2024,SOCIAL_QUOTA,FULL,B062,,,49,GENERAL,51,51,51.0,1
2024,SOCIAL_QUOTA,FULL,B062,,,57,GENERAL,50,57,53.6,7
2024,SOCIAL_QUOTA,FULL,B062,,,141,GENERAL,56,56,56.0,1
2024,SOCIAL_QUOTA,FULL,B062,,,160,GENERAL,51,57,54.0,7
2024,SOCIAL_QUOTA,FULL,B063,,,2,GENERAL,52,74,63.1,47
2024,SOCIAL_QUOTA,FULL,B063,,,5,GENERAL,57,68,64.5,4
2024,SOCIAL_QUOTA,FULL,B063,,,9,GENERAL,52,58,54.0,4
2024,SOCIAL_QUOTA,FULL,B063,,,13,GENERAL,53,80,64.3,7
2024,SOCIAL_QUOTA,FULL,B063,,,19,GENERAL,50,70,58.8,28
2024,SOCIAL_QUOTA,FULL,B063,,,24,GENERAL,66,69,67.8,4
2024,SOCIAL_QUOTA,FULL,B063,,,27,GENERAL,55,79,69.5,6
2024,SOCIAL_QUOTA,FULL,B063,,,29,GENERAL,54,73,67.3,14
2024,SOCIAL_QUOTA,FULL,B063,,,31,GENERAL,52,67,61.3,6
2024,SOCIAL_QUOTA,FULL,B063,,,32,GENERAL,50,66,59.4,8
2024,SOCIAL_QUOTA,FULL,B063,,,34,GENERAL,50,59,56.0,6
2024,SOCIAL_QUOTA,FULL,B063,,,37,GENERAL,60,65,63.3,3
2024,SOCIAL_QUOTA,FULL,B063,,,38,GENERAL,39,79,59.0,2
2024,SOCIAL_QUOTA,FULL,B063,,,39,GENERAL,42,42,42.0,1
2024,SOCIAL_QUOTA,FULL,B063,,,43,GENERAL,57,57,57.0,1
2024,SOCIAL_QUOTA,FULL,B063,,,45,GENERAL,50,72,59.7,15
2024,SOCIAL_QUOTA,FULL,B063,,,53,GENERAL,35,69,58.5,33
2024,SOCIAL_QUOTA,FULL,B063,,,57,GENERAL,70,74,71.7,3
2024,SOCIAL_QUOTA,FULL,B063,,,147,GENERAL,50,50,50.0,2
2024,SOCIAL_QUOTA,FULL,B063,,,182,GENERAL,51,70,59.0,12
2024,SOCIAL_QUOTA,FULL,B063,,,198,GENERAL,53,53,53.0,1
2024,SOCIAL_QUOTA,FULL,B063,,,199,GENERAL,55,61,58.0,2
2024,SOCIAL_QUOTA,FULL,B063,,,416,GENERAL,52,54,53.2,4
2024,SOCIAL_QUOTA,FULL,B063,,,421,GENERAL,103,119,109.0,3
2024,SOCIAL_QUOTA,FULL,B063,,,522,GENERAL,72,108,84.0,3
2024,SOCIAL_QUOTA,FULL,B064,,,2,GENERAL,58,58,58.0,1
2024,SOCIAL_QUOTA,FULL,B064,,,19,GENERAL,59,59,59.0,1
2024,SOCIAL_QUOTA,FULL,B064,,,29,GENERAL,30,71,55.0,7
2024,SOCIAL_QUOTA,FULL,B064,,,31,GENERAL,51,51,51.0,1
2024,SOCIAL_QUOTA,FULL,B064,,,38,GENERAL,50,50,50.0,1
2024,SOCIAL_QUOTA,FULL,B064,,,42,GENERAL,50,50,50.0,1
2024,SOCIAL_QUOTA,FULL,B064,,,45,GENERAL,49,49,49.0,1
2024,SOCIAL_QUOTA,FULL,B064,,,49,GENERAL,53,55,54.0,2
2024,SOCIAL_QUOTA,FULL,B064,,,53,GENERAL,50,50,50.0,1
2024,SOCIAL_QUOTA,FULL,B064,,,160,GENERAL,52,52,52.0,1
2024,SOCIAL_QUOTA,FULL,B065,,,13,GENERAL,81,81,81.0,1
2024,SOCIAL_QUOTA,FULL,B065,,,29,GENERAL,53,58,55.5,2
2024,SOCIAL_QUOTA,FULL,B065,,,31,GENERAL,47,49,48.0,2
2024,SOCIAL_QUOTA,FULL,B065,,,32,GENERAL,40,40,40.0,1
2024,SOCIAL_QUOTA,FULL,B065,,,198,GENERAL,53,53,53.0,1
2024,SOCIAL_QUOTA,FULL,B067,,,13,GENERAL,50,80,65.0,2
2024,SOCIAL_QUOTA,FULL,B067,,,27,GENERAL,112,112,112.0,1
2024,SOCIAL_QUOTA,FULL,B067,,,157,GENERAL,65,74,69.3,45
2024,SOCIAL_QUOTA,FULL,B068,,,2,GENERAL,42,68,52.9,20
2024,SOCIAL_QUOTA,FULL,B068,,,5,GENERAL,56,56,56.0,1
2024,SOCIAL_QUOTA,FULL,B068,,,11,GENERAL,43,56,50.0,3
2024,SOCIAL_QUOTA,FULL,B068,,,27,GENERAL,44,44,44.0,1
2024,SOCIAL_QUOTA,FULL,B068,,,34,GENERAL,49,56,52.8,12
2024,SOCIAL_QUOTA,FULL,B068,,,35,GENERAL,55,55,55.0,1
2024,SOCIAL_QUOTA,FULL,B068,,,38,GENERAL,55,55,55.0,1
2024,SOCIAL_QUOTA,FULL,B068,,,40,GENERAL,51,54,52.5,2
2024,SOCIAL_QUOTA,FULL,B068,,,42,GENERAL,54,54,54.0,1
2024,SOCIAL_QUOTA,FULL,B068,,,43,GENERAL,50,52,51.0,3
2024,SOCIAL_QUOTA,FULL,B068,,,45,GENERAL,50,55,51.9,11
2024,SOCIAL_QUOTA,FULL,B068,,,49,GENERAL,49,55,51.6,10
2024,SOCIAL_QUOTA,FULL,B068,,,53,GENERAL,49,62,53.4,20
2024,SOCIAL_QUOTA,FULL,B068,,,122,GENERAL,50,55,53.0,3
2024,SOCIAL_QUOTA,FULL,B068,,,182,GENERAL,50,56,53.3,6
2024,SOCIAL_QUOTA,FULL,B070,,,45,GENERAL,52,52,52.0,1
2024,SOCIAL_QUOTA,FULL,B070,,,53,GENERAL,45,50,47.5,2
2024,SOCIAL_QUOTA,FULL,B071,,,12,GENERAL,46,46,46.0,1
2024,SOCIAL_QUOTA,FULL,B071,,,29,GENERAL,64,64,64.0,1
2024,SOCIAL_QUOTA,FULL,B071,,,32,GENERAL,45,47,46.0,2
2024,SOCIAL_QUOTA,FULL,B071,,,33,GENERAL,54,54,54.0,1
2024,SOCIAL_QUOTA,FULL,B071,,,38,GENERAL,47,69,58.0,2
2024,SOCIAL_QUOTA,FULL,B071,,,39,GENERAL,39,58,48.7,3
2024,SOCIAL_QUOTA,FULL,B071,,,147,GENERAL,38,38,38.0,1
2024,SOCIAL_QUOTA,FULL,B071,,,421,GENERAL,62,80,71.0,2
2024,SOCIAL_QUOTA,FULL,B072,,,26,GENERAL,51,67,57.3,6
2024,SOCIAL_QUOTA,FULL,B072,,,27,GENERAL,53,53,53.0,1
2024,SOCIAL_QUOTA,FULL,B072,,,29,GENERAL,36,72,57.7,3
2024,SOCIAL_QUOTA,FULL,B072,,,30,GENERAL,49,61,53.5,25
2024,SOCIAL_QUOTA,FULL,B072,,,31,GENERAL,26,64,46.2,5
2024,SOCIAL_QUOTA,FULL,B072,,,33,GENERAL,55,59,56.8,4
2024,SOCIAL_QUOTA,FULL,B072,,,44,GENERAL,35,64,51.0,5
2024,SOCIAL_QUOTA,FULL,B072,,,45,GENERAL,37,56,52.1,36
2024,SOCIAL_QUOTA,FULL,B073,,,2,GENERAL,73,107,85.1,11
2024,SOCIAL_QUOTA,FULL,B073,,,12,GENERAL,112,112,112.0,1
2024,SOCIAL_QUOTA,FULL,B073,,,13,GENERAL,48,122,98.2,17
2024,SOCIAL_QUOTA,FULL,B073,,,19,GENERAL,54,88,74.1,13
2024,SOCIAL_QUOTA,FULL,B073,,,22,GENERAL,55,99,73.0,50
2024,SOCIAL_QUOTA,FULL,B073,,,29,GENERAL,76,90,83.2,5
2024,SOCIAL_QUOTA,FULL,B073,,,32,GENERAL,74,88,83.0,3
2024,SOCIAL_QUOTA,FULL,B073,,,38,GENERAL,119,119,119.0,1
2024,SOCIAL_QUOTA,FULL,B073,,,43,GENERAL,53,86,76.1,14
2024,SOCIAL_QUOTA,FULL,B073,,,45,GENERAL,65,118,83.5,70
2024,SOCIAL_QUOTA,FULL,B073,,,79,GENERAL,71,88,79.3,3
2024,SOCIAL_QUOTA,FULL,B074,,,2,GENERAL,59,62,60.5,11
2024,SOCIAL_QUOTA,FULL,B074,,,3,GENERAL,50,52,51.0,7
2024,SOCIAL_QUOTA,FULL,B074,,,12,GENERAL,51,61,56.3,7
2024,SOCIAL_QUOTA,FULL,B074,,,13,GENERAL,44,102,68.9,9
2024,SOCIAL_QUOTA,FULL,B074,,,19,GENERAL,50,64,55.9,28
2024,SOCIAL_QUOTA,FULL,B074,,,22,GENERAL,48,67,56.0,115
2024,SOCIAL_QUOTA,FULL,B074,,,27,GENERAL,47,93,70.5,6
2024,SOCIAL_QUOTA,FULL,B074,,,29,GENERAL,48,89,66.8,5
2024,SOCIAL_QUOTA,FULL,B074,,,32,GENERAL,50,60,55.8,12
2024,SOCIAL_QUOTA,FULL,B074,,,34,GENERAL,50,61,55.2,20
2024,SOCIAL_QUOTA,FULL,B074,,,35,GENERAL,56,56,56.0,1
2024,SOCIAL_QUOTA,FULL,B074,,,38,GENERAL,53,61,58.5,4
2024,SOCIAL_QUOTA,FULL,B074,,,40,GENERAL,58,58,58.0,1
2024,SOCIAL_QUOTA,FULL,B074,,,43,GENERAL,51,58,54.4,10
2024,SOCIAL_QUOTA,FULL,B074,,,45,GENERAL,50,61,54.9,34
2024,SOCIAL_QUOTA,FULL,B074,,,78,GENERAL,54,60,57.7,3
2024,SOCIAL_QUOTA,FULL,B074,,,79,GENERAL,53,59,56.2,4
2024,SOCIAL_QUOTA,FULL,B075,,,2,GENERAL,45,77,63.5,62
2024,SOCIAL_QUOTA,FULL,B075,,,3,GENERAL,50,76,61.8,14
2024,SOCIAL_QUOTA,FULL,B075,,,12,GENERAL,52,73,59.7,9
2024,SOCIAL_QUOTA,FULL,B075,,,19,GENERAL,50,77,61.4,83
2024,SOCIAL_QUOTA,FULL,B075,,,22,GENERAL,51,77,64.2,32
2024,SOCIAL_QUOTA,FULL,B075,,,24,GENERAL,65,75,70.0,8
2024,SOCIAL_QUOTA,FULL,B075,,,27,GENERAL,53,70,61.5,4
2024,SOCIAL_QUOTA,FULL,B075,,,29,GENERAL,58,77,69.2,28
2024,SOCIAL_QUOTA,FULL,B075,,,32,GENERAL,47,74,60.3,15
2024,SOCIAL_QUOTA,FULL,B075,,,34,GENERAL,54,76,67.1,11
2024,SOCIAL_QUOTA,FULL,B075,,,43,GENERAL,51,72,61.2,13
2024,SOCIAL_QUOTA,FULL,B075,,,45,GENERAL,24,76,61.1,57
2024,SOCIAL_QUOTA,FULL,B075,,,501,GENERAL,52,62,57.1,8
2024,SOCIAL_QUOTA,FULL,B076,,,2,GENERAL,51,54,52.3,3
2024,SOCIAL_QUOTA,FULL,B076,,,3,GENERAL,51,54,52.0,3
2024,SOCIAL_QUOTA,FULL,B076,,,10,GENERAL,51,51,51.0,1
2024,SOCIAL_QUOTA,FULL,B076,,,15,GENERAL,51,54,52.2,4
2024,SOCIAL_QUOTA,FULL,B076,,,32,GENERAL,56,56,56.0,1
2024,SOCIAL_QUOTA,FULL,B076,,,38,GENERAL,54,54,54.0,1
2024,SOCIAL_QUOTA,FULL,B076,,,43,GENERAL,52,55,53.8,4
2024,SOCIAL_QUOTA,FULL,B076,,,45,GENERAL,48,56,53.1,11
2024,SOCIAL_QUOTA,FULL,B076,,,49,GENERAL,51,55,52.3,3
2024,SOCIAL_QUOTA,FULL,B076,,,53,GENERAL,55,56,55.4,5
2024,SOCIAL_QUOTA,FULL,B076,,,140,GENERAL,53,53,53.0,1
2024,SOCIAL_QUOTA,FULL,B076,,,182,GENERAL,51,57,54.2,5
2024,SOCIAL_QUOTA,FULL,B076,,,223,GENERAL,55,56,55.5,2
2024,SOCIAL_QUOTA,FULL,B077,,,24,GENERAL,44,55,51.3,3
2024,SOCIAL_QUOTA,FULL,B077,,,38,GENERAL,51,51,51.0,1
2024,SOCIAL_QUOTA,FULL,B078,,,24,GENERAL,49,59,53.7,3
2024,SOCIAL_QUOTA,FULL,B078,,,53,GENERAL,44,44,44.0,1
2024,SOCIAL_QUOTA,FULL,B079,,,2,GENERAL,38,59,52.8,27
2024,SOCIAL_QUOTA,FULL,B079,,,11,GENERAL,50,59,54.0,5
2024,SOCIAL_QUOTA,FULL,B079,,,12,GENERAL,51,57,52.8,4
2024,SOCIAL_QUOTA,FULL,B079,,,24,GENERAL,50,66,53.9,36
2024,SOCIAL_QUOTA,FULL,B079,,,35,GENERAL,50,58,53.1,13
2024,SOCIAL_QUOTA,FULL,B079,,,38,GENERAL,51,59,53.0,4
2024,SOCIAL_QUOTA,FULL,B079,,,42,GENERAL,50,58,52.6,13
2024,SOCIAL_QUOTA,FULL,B079,,,501,GENERAL,50,53,51.7,3
2024,SOCIAL_QUOTA,FULL,B080,,,27,GENERAL,67,67,67.0,1
2024,SOCIAL_QUOTA,FULL,B082,,,24,GENERAL,50,53,51.5,2
2024,SOCIAL_QUOTA,FULL,B082,,,29,GENERAL,58,63,60.7,3
2024,SOCIAL_QUOTA,FULL,B083,,,2,GENERAL,47,47,47.0,1
2024,SOCIAL_QUOTA,FULL,B083,,,24,GENERAL,37,63,52.1,7
2024,SOCIAL_QUOTA,FULL,B083,,,38,GENERAL,48,50,49.0,2
2024,SOCIAL_QUOTA,FULL,B083,,,42,GENERAL,47,47,47.0,1
2024,SOCIAL_QUOTA,FULL,B083,,,45,GENERAL,47,47,47.0,1
2024,SOCIAL_QUOTA,FULL,B084,,,30,GENERAL,45,70,57.5,2
2024,SOCIAL_QUOTA,FULL,B084,,,41,GENERAL,82,82,82.0,1
2024,SOCIAL_QUOTA,FULL,B085,,,4,GENERAL,48,79,63.5,2
2024,SOCIAL_QUOTA,FULL,B085,,,30,GENERAL,47,80,58.7,3
2024,SOCIAL_QUOTA,FULL,B085,,,80,GENERAL,52,59,55.5,2
2024,SOCIAL_QUOTA,FULL,B090,,,13,GENERAL,59,60,59.5,2
2024,SOCIAL_QUOTA,FULL,B090,,,21,GENERAL,82,82,82.0,1
2024,SOCIAL_QUOTA,FULL,B090,,,25,GENERAL,58,70,67.2,5
2024,SOCIAL_QUOTA,FULL,B090,,,31,GENERAL,53,69,60.0,4
2024,SOCIAL_QUOTA,FULL,B090,,,38,GENERAL,47,65,53.8,10
2024,SOCIAL_QUOTA,FULL,B090,,,45,GENERAL,52,72,63.3,3
2024,SOCIAL_QUOTA,FULL,B090,,,122,GENERAL,72,72,72.0,1
2024,SOCIAL_QUOTA,FULL,B090,,,173,GENERAL,53,53,53.0,1
2024,SOCIAL_QUOTA,FULL,B091,,,3,GENERAL,54,54,54.0,1
2024,SOCIAL_QUOTA,FULL,B091,,,7,GENERAL,60,86,77.4,5
2024,SOCIAL_QUOTA,FULL,B091,,,11,GENERAL,71,71,71.0,1
2024,SOCIAL_QUOTA,FULL,B091,,,13,GENERAL,57,111,86.7,13
2024,SOCIAL_QUOTA,FULL,B091,,,21,GENERAL,96,110,103.3,3
2024,SOCIAL_QUOTA,FULL,B091,,,23,GENERAL,83,89,86.0,2
2024,SOCIAL_QUOTA,FULL,B091,,,25,GENERAL,67,106,81.8,4
2024,SOCIAL_QUOTA,FULL,B091,,,27,GENERAL,52,100,77.5,13
2024,SOCIAL_QUOTA,FULL,B091,,,31,GENERAL,70,86,78.0,2
2024,SOCIAL_QUOTA,FULL,B091,,,38,GENERAL,59,86,69.7,3
2024,SOCIAL_QUOTA,FULL,B091,,,45,GENERAL,50,89,73.5,4
2024,SOCIAL_QUOTA,FULL,B091,,,53,GENERAL,64,64,64.0,1
2024,SOCIAL_QUOTA,FULL,B091,,,69,GENERAL,63,93,78.0,2
2024,SOCIAL_QUOTA,FULL,B091,,,83,GENERAL,90,90,90.0,1
2024,SOCIAL_QUOTA,FULL,B091,,,93,GENERAL,69,69,69.0,1
2024,SOCIAL_QUOTA,FULL,B091,,,122,GENERAL,96,96,96.0,1
2024,SOCIAL_QUOTA,FULL,B091,,,153,GENERAL,82,82,82.0,1
2024,SOCIAL_QUOTA,FULL,B091,,,160,GENERAL,65,65,65.0,1
2024,SOCIAL_QUOTA,FULL,B091,,,174,GENERAL,81,81,81.0,1
2024,SOCIAL_QUOTA,FULL,B091,,,182,GENERAL,56,74,66.2,4
2024,SOCIAL_QUOTA,FULL,B091,,,184,GENERAL,50,50,50.0,1
2024,SOCIAL_QUOTA,FULL,B092,,,5,GENERAL,84,112,95.7,3
2024,SOCIAL_QUOTA,FULL,B092,,,7,GENERAL,113,121,117.6,5
2024,SOCIAL_QUOTA,FULL,B092,,,16,GENERAL,106,110,108.0,2
2024,SOCIAL_QUOTA,FULL,B092,,,25,GENERAL,107,123,115.6,30
2024,SOCIAL_QUOTA,FULL,B092,,,31,GENERAL,116,121,118.5,2
2024,SOCIAL_QUOTA,FULL,B092,,,40,GENERAL,111,113,112.0,2
2024,SOCIAL_QUOTA,FULL,B092,,,43,GENERAL,106,120,114.3,17
2024,SOCIAL_QUOTA,FULL,B092,,,45,GENERAL,106,122,116.0,86
2024,SOCIAL_QUOTA,FULL,B092,,,158,GENERAL,113,113,113.0,1
2024,SOCIAL_QUOTA,FULL,B093,,,3,GENERAL,104,104,104.0,1
2024,SOCIAL_QUOTA,FULL,B093,,,7,GENERAL,99,99,99.0,1
2024,SOCIAL_QUOTA,FULL,B093,,,13,GENERAL,71,100,90.0,4
2024,SOCIAL_QUOTA,FULL,B093,,,20,GENERAL,72,72,72.0,1
2024,SOCIAL_QUOTA,FULL,B093,,,27,GENERAL,62,91,76.5,2
2024,SOCIAL_QUOTA,FULL,B093,,,31,GENERAL,91,91,91.0,1
2024,SOCIAL_QUOTA,FULL,B093,,,37,GENERAL,49,49,49.0,1
2024,SOCIAL_QUOTA,FULL,B093,,,45,GENERAL,52,52,52.0,1
2024,SOCIAL_QUOTA,FULL,B093,,,53,GENERAL,56,74,65.0,2
2024,SOCIAL_QUOTA,FULL,B093,,,93,GENERAL,92,92,92.0,1
2024,SOCIAL_QUOTA,FULL,B093,,,182,GENERAL,76,78,77.0,2
2024,SOCIAL_QUOTA,FULL,B094,,,12,GENERAL,56,65,60.5,2
2024,SOCIAL_QUOTA,FULL,B094,,,38,GENERAL,59,59,59.0,1
2024,SOCIAL_QUOTA,FULL,B095,,,2,GENERAL,82,98,92.2,4
2024,SOCIAL_QUOTA,FULL,B095,,,5,GENERAL,94,94,94.0,1
2024,SOCIAL_QUOTA,FULL,B095,,,13,GENERAL,62,117,104.9,9
2024,SOCIAL_QUOTA,FULL,B095,,,19,GENERAL,52,76,62.3,3
2024,SOCIAL_QUOTA,FULL,B095,,,27,GENERAL,79,117,105.8,14
2024,SOCIAL_QUOTA,FULL,B095,,,29,GENERAL,62,115,86.4,5
2024,SOCIAL_QUOTA,FULL,B095,,,38,GENERAL,73,73,73.0,1
2024,SOCIAL_QUOTA,FULL,B095,,,43,GENERAL,70,70,70.0,1
2024,SOCIAL_QUOTA,FULL,B095,,,45,GENERAL,64,115,95.8,4
2024,SOCIAL_QUOTA,FULL,B095,,,69,GENERAL,59,103,81.0,2
2024,SOCIAL_QUOTA,FULL,B095,,,93,GENERAL,67,80,73.5,2
2024,SOCIAL_QUOTA,FULL,B095,,,140,GENERAL,76,76,76.0,1
2024,SOCIAL_QUOTA,FULL,B095,,,157,GENERAL,66,111,88.5,2
2024,SOCIAL_QUOTA,FULL,B095,,,160,GENERAL,55,55,55.0,1
2024,SOCIAL_QUOTA,FULL,B095,,,198,GENERAL,76,76,76.0,1
2024,SOCIAL_QUOTA,FULL,B095,,,501,GENERAL,86,86,86.0,1
2024,SOCIAL_QUOTA,FULL,B135,,,13,GENERAL,97,97,97.0,1
2024,SOCIAL_QUOTA,FULL,B135,,,23,GENERAL,109,109,109.0,1
2024,SOCIAL_QUOTA,FULL,B140,,,7,GENERAL,86,86,86.0,1
2024,SOCIAL_QUOTA,FULL,B140,,,13,GENERAL,107,130,118.2,4
2024,SOCIAL_QUOTA,FULL,B140,,,27,GENERAL,124,124,124.0,1
2024,SOCIAL_QUOTA,FULL,B140,,,31,GENERAL,68,68,68.0,1
2024,SOCIAL_QUOTA,FULL,B140,,,93,GENERAL,66,73,69.5,2
2024,SOCIAL_QUOTA,FULL,B140,,,122,GENERAL,77,77,77.0,1
2024,SOCIAL_QUOTA,FULL,B140,,,174,GENERAL,111,130,122.8,4
2024,SOCIAL_QUOTA,FULL,B140,,,185,GENERAL,67,67,67.0,1
2024,SOCIAL_QUOTA,FULL,B140,,,302,GENERAL,105,123,111.5,4
2024,SOCIAL_QUOTA,FULL,B145,,,13,GENERAL,100,100,100.0,1
2024,SOCIAL_QUOTA,FULL,B158,,,13,GENERAL,52,99,92.3,14
2024,SOCIAL_QUOTA,FULL,B158,,,27,GENERAL,56,94,72.8,46
2024,SOCIAL_QUOTA,FULL,B167,,,157,GENERAL,85,91,88.1,19
2024,SOCIAL_QUOTA,FULL,B176,,,43,GENERAL,53,53,53.0,1
2024,SOCIAL_QUOTA,FULL,B183,,,24,GENERAL,57,68,63.0,4
2024,SOCIAL_QUOTA,FULL,BM086,,,4,GENERAL,72,110,101.3,15
2024,SOCIAL_QUOTA,FULL,BM086,,,30,GENERAL,35,111,90.6,44
2024,SOCIAL_QUOTA,FULL,BM086,,,41,GENERAL,48,103,79.7,6
2024,SOCIAL_QUOTA,FULL,BM086,,,80,GENERAL,45,111,81.1,38
2024,SOCIAL_QUOTA,FULL,BM087,,,4,GENERAL,88,130,116.0,23
2024,SOCIAL_QUOTA,FULL,BM087,,,30,GENERAL,41,129,105.0,30
2024,SOCIAL_QUOTA,FULL,BM087,,,41,GENERAL,112,132,121.6,10
2024,SOCIAL_QUOTA,FULL,BM087,,,80,GENERAL,41,126,105.4,29
2024,SOCIAL_QUOTA,FULL,BM088,,,4,GENERAL,71,71,71.0,1
2024,SOCIAL_QUOTA,FULL,BM088,,,30,GENERAL,42,92,66.6,10
2024,SOCIAL_QUOTA,FULL,BM089,,,30,GENERAL,71,71,71.0,1
2024,UNIVERSITY_PEDAGOGICAL,FULL,B001,,Педагогика и психология,3,GENERAL,83,95,87.5,6
2024,UNIVERSITY_PEDAGOGICAL,FULL,B001,,Педагогика и психология,3,RURAL,79,82,80.2,4
2024,UNIVERSITY_PEDAGOGICAL,FULL,B001,,Педагогика и психология,5,EMERGENCY_REGIONS,82,87,84.5,2
2024,UNIVERSITY_PEDAGOGICAL,FULL,B001,,Педагогика и психология,5,GENERAL,90,109,96.5,4
2024,UNIVERSITY_PEDAGOGICAL,FULL,B001,,Педагогика и психология,5,RURAL,79,89,84.2,4
2024,UNIVERSITY_PEDAGOGICAL,FULL,B001,,Педагогика и психология,8,GENERAL,76,78,77.0,3
2024,UNIVERSITY_PEDAGOGICAL,FULL,B001,,Педагогика и психология,10,GENERAL,85,88,86.5,2
2024,UNIVERSITY_PEDAGOGICAL,FULL,B001,,Педагогика и психология,11,GENERAL,84,108,91.0,6
2024,UNIVERSITY_PEDAGOGICAL,FULL,B001,,Педагогика и психология,11,RURAL,78,80,78.8,4
2024,UNIVERSITY_PEDAGOGICAL,FULL,B001,,Педагогика и психология,15,GENERAL,76,85,80.6,7
2024,UNIVERSITY_PEDAGOGICAL,FULL,B001,,Педагогика и психология,16,EMERGENCY_REGIONS,85,86,85.5,2
2024,UNIVERSITY_PEDAGOGICAL,FULL,B001,,Педагогика и психология,16,GENERAL,90,102,94.5,4
2024,UNIVERSITY_PEDAGOGICAL,FULL,B001,,Педагогика и психология,16,RURAL,85,90,87.0,4
2024,UNIVERSITY_PEDAGOGICAL,FULL,B001,,Педагогика и психология,31,EMERGENCY_REGIONS,81,81,81.0,1
2024,UNIVERSITY_PEDAGOGICAL,FULL,B001,,Педагогика и психология,31,GENERAL,92,119,99.4,5
2024,UNIVERSITY_PEDAGOGICAL,FULL,B001,,Педагогика и психология,31,RURAL,84,86,85.0,2
2024,UNIVERSITY_PEDAGOGICAL,FULL,B001,,Педагогика и психология,34,GENERAL,90,99,93.0,6
2024,UNIVERSITY_PEDAGOGICAL,FULL,B001,,Педагогика и психология,34,RURAL,84,87,86.0,4
2024,UNIVERSITY_PEDAGOGICAL,FULL,B001,,Педагогика и психология,35,EMERGENCY_REGIONS,79,86,82.5,2
2024,UNIVERSITY_PEDAGOGICAL,FULL,B001,,Педагогика и психология,35,GENERAL,88,94,90.2,4
2024,UNIVERSITY_PEDAGOGICAL,FULL,B001,,Педагогика и психология,35,RURAL,75,84,77.8,4
2024,UNIVERSITY_PEDAGOGICAL,FULL,B001,,Педагогика и психология,36,EMERGENCY_REGIONS,85,86,85.5,2
2024,UNIVERSITY_PEDAGOGICAL,FULL,B001,,Педагогика и психология,36,GENERAL,90,99,94.2,4
2024,UNIVERSITY_PEDAGOGICAL,FULL,B001,,Педагогика и психология,36,RURAL,83,88,86.2,4
2024,UNIVERSITY_PEDAGOGICAL,FULL,B001,,Педагогика и психология,37,GENERAL,86,102,91.5,8
2024,UNIVERSITY_PEDAGOGICAL,FULL,B001,,Педагогика и психология,37,RURAL,81,86,83.2,4
2024,UNIVERSITY_PEDAGOGICAL,FULL,B001,,Педагогика и психология,42,GENERAL,76,76,76.0,3
2024,UNIVERSITY_PEDAGOGICAL,FULL,B001,,Педагогика и психология,43,GENERAL,88,112,93.8,6
2024,UNIVERSITY_PEDAGOGICAL,FULL,B001,,Педагогика и психология,43,RURAL,79,88,83.0,4
2024,UNIVERSITY_PEDAGOGICAL,FULL,B001,,Педагогика и психология,141,GENERAL,75,98,81.1,14
2024,UNIVERSITY_PEDAGOGICAL,FULL,B001,,Педагогика и психология,185,EMERGENCY_REGIONS,80,81,80.5,2
2024,UNIVERSITY_PEDAGOGICAL,FULL,B001,,Педагогика и психология,185,GENERAL,92,111,97.1,11
2024,UNIVERSITY_PEDAGOGICAL,FULL,B001,,Педагогика и психология,185,RURAL,86,91,88.8,4
2024,UNIVERSITY_PEDAGOGICAL,FULL,B001,,Педагогика и психология,196,GENERAL,86,95,88.2,6
2024,UNIVERSITY_PEDAGOGICAL,FULL,B001,,Педагогика и психология,196,RURAL,84,86,84.8,4
2024,UNIVERSITY_PEDAGOGICAL,FULL,B002,,Дошкольное обучение и воспитание,5,GENERAL,75,87,78.8,16
2024,UNIVERSITY_PEDAGOGICAL,FULL,B002,,Дошкольное обучение и воспитание,10,GENERAL,93,93,93.0,1
2024,UNIVERSITY_PEDAGOGICAL,FULL,B002,,Дошкольное обучение и воспитание,11,GENERAL,77,83,80.6,5
2024,UNIVERSITY_PEDAGOGICAL,FULL,B002,,Дошкольное обучение и воспитание,15,GENERAL,75,85,79.4,11
2024,UNIVERSITY_PEDAGOGICAL,FULL,B002,,Дошкольное обучение и воспитание,16,GENERAL,75,79,76.1,7
2024,UNIVERSITY_PEDAGOGICAL,FULL,B002,,Дошкольное обучение и воспитание,31,GENERAL,77,98,83.8,12
2024,UNIVERSITY_PEDAGOGICAL,FULL,B002,,Дошкольное обучение и воспитание,34,GENERAL,77,95,81.3,26
2024,UNIVERSITY_PEDAGOGICAL,FULL,B002,,Дошкольное обучение и воспитание,34,RURAL,75,77,75.6,11
2024,UNIVERSITY_PEDAGOGICAL,FULL,B002,,Дошкольное обучение и воспитание,35,GENERAL,75,82,78.5,2
2024,UNIVERSITY_PEDAGOGICAL,FULL,B002,,Дошкольное обучение и воспитание,36,GENERAL,75,79,76.7,6
2024,UNIVERSITY_PEDAGOGICAL,FULL,B002,,Дошкольное обучение и воспитание,37,GENERAL,75,90,80.5,23
2024,UNIVERSITY_PEDAGOGICAL,FULL,B002,,Дошкольное обучение и воспитание,42,GENERAL,75,85,79.6,5
2024,UNIVERSITY_PEDAGOGICAL,FULL,B002,,Дошкольное обучение и воспитание,43,GENERAL,75,89,79.8,18
2024,UNIVERSITY_PEDAGOGICAL,FULL,B002,,Дошкольное обучение и воспитание,185,EMERGENCY_REGIONS,79,84,81.5,2
2024,UNIVERSITY_PEDAGOGICAL,FULL,B002,,Дошкольное обучение и воспитание,185,GENERAL,85,96,88.6,10
2024,UNIVERSITY_PEDAGOGICAL,FULL,B002,,Дошкольное обучение и воспитание,185,RURAL,75,81,77.5,4
2024,UNIVERSITY_PEDAGOGICAL,FULL,B002,,Дошкольное обучение и воспитание,196,GENERAL,77,95,82.8,47
2024,UNIVERSITY_PEDAGOGICAL,FULL,B002,,Дошкольное обучение и воспитание,196,RURAL,75,77,75.6,5
2024,UNIVERSITY_PEDAGOGICAL,FULL,B002,,Дошкольное обучение и воспитание,517,GENERAL,75,86,78.7,11
2024,UNIVERSITY_PEDAGOGICAL,FULL,B003,,Педагогика и методика начального обучения,3,EMERGENCY_REGIONS,76,79,77.3,3
2024,UNIVERSITY_PEDAGOGICAL,FULL,B003,,Педагогика и методика начального обучения,3,GENERAL,83,98,88.4,13
2024,UNIVERSITY_PEDAGOGICAL,FULL,B003,,Педагогика и методика начального обучения,3,RURAL,80,82,80.4,9
2024,UNIVERSITY_PEDAGOGICAL,FULL,B003,,Педагогика и методика начального обучения,5,EMERGENCY_REGIONS,83,88,86.0,6
2024,UNIVERSITY_PEDAGOGICAL,FULL,B003,,Педагогика и методика начального обучения,5,GENERAL,92,118,97.2,13
2024,UNIVERSITY_PEDAGOGICAL,FULL,B003,,Педагогика и методика начального обучения,5,RURAL,83,91,87.5,11
2024,UNIVERSITY_PEDAGOGICAL,FULL,B003,,Педагогика и методика начального обучения,8,GENERAL,78,85,80.8,4
2024,UNIVERSITY_PEDAGOGICAL,FULL,B003,,Педагогика и методика начального обучения,10,GENERAL,75,126,84.1,17
2024,UNIVERSITY_PEDAGOGICAL,FULL,B003,,Педагогика и методика начального обучения,11,GENERAL,87,101,92.7,6
2024,UNIVERSITY_PEDAGOGICAL,FULL,B003,,Педагогика и методика начального обучения,11,RURAL,82,85,83.5,4
2024,UNIVERSITY_PEDAGOGICAL,FULL,B003,,Педагогика и методика начального обучения,15,GENERAL,92,119,99.7,10
2024,UNIVERSITY_PEDAGOGICAL,FULL,B003,,Педагогика и методика начального обучения,15,RURAL,86,89,87.6,5
2024,UNIVERSITY_PEDAGOGICAL,FULL,B003,,Педагогика и методика начального обучения,16,EMERGENCY_REGIONS,78,79,78.2,4
2024,UNIVERSITY_PEDAGOGICAL,FULL,B003,,Педагогика и методика начального обучения,16,GENERAL,83,105,98.1,9
2024,UNIVERSITY_PEDAGOGICAL,FULL,B003,,Педагогика и методика начального обучения,16,RURAL,79,83,81.3,7
2024,UNIVERSITY_PEDAGOGICAL,FULL,B003,,Педагогика и методика начального обучения,31,GENERAL,100,126,113.3,6
2024,UNIVERSITY_PEDAGOGICAL,FULL,B003,,Педагогика и методика начального обучения,31,RURAL,87,99,93.5,4
2024,UNIVERSITY_PEDAGOGICAL,FULL,B003,,Педагогика и методика начального обучения,34,GENERAL,88,127,95.4,19
2024,UNIVERSITY_PEDAGOGICAL,FULL,B003,,Педагогика и методика начального обучения,34,RURAL,83,88,86.4,11
2024,UNIVERSITY_PEDAGOGICAL,FULL,B003,,Педагогика и методика начального обучения,35,EMERGENCY_REGIONS,76,84,80.0,4
2024,UNIVERSITY_PEDAGOGICAL,FULL,B003,,Педагогика и методика начального обучения,35,GENERAL,86,107,92.9,9
2024,UNIVERSITY_PEDAGOGICAL,FULL,B003,,Педагогика и методика начального обучения,35,RURAL,85,86,85.1,7
2024,UNIVERSITY_PEDAGOGICAL,FULL,B003,,Педагогика и методика начального обучения,36,EMERGENCY_REGIONS,75,85,78.2,4
2024,UNIVERSITY_PEDAGOGICAL,FULL,B003,,Педагогика и методика начального обучения,36,GENERAL,87,106,94.7,9
2024,UNIVERSITY_PEDAGOGICAL,FULL,B003,,Педагогика и методика начального обучения,36,RURAL,76,87,80.4,7
2024,UNIVERSITY_PEDAGOGICAL,FULL,B003,,Педагогика и методика начального обучения,37,EMERGENCY_REGIONS,85,85,85.0,1
2024,UNIVERSITY_PEDAGOGICAL,FULL,B003,,Педагогика и методика начального обучения,37,GENERAL,92,117,101.3,41
2024,UNIVERSITY_PEDAGOGICAL,FULL,B003,,Педагогика и методика начального обучения,37,RURAL,87,91,89.0,11
2024,UNIVERSITY_PEDAGOGICAL,FULL,B003,,Педагогика и методика начального обучения,42,GENERAL,80,106,88.7,13
2024,UNIVERSITY_PEDAGOGICAL,FULL,B003,,Педагогика и методика начального обучения,42,RURAL,75,80,77.4,7
2024,UNIVERSITY_PEDAGOGICAL,FULL,B003,,Педагогика и методика начального обучения,43,GENERAL,91,101,95.9,13
2024,UNIVERSITY_PEDAGOGICAL,FULL,B003,,Педагогика и методика начального обучения,43,RURAL,83,89,85.1,7
2024,UNIVERSITY_PEDAGOGICAL,FULL,B003,,Педагогика и методика начального обучения,141,GENERAL,75,109,81.7,16
2024,UNIVERSITY_PEDAGOGICAL,FULL,B003,,Педагогика и методика начального обучения,185,EMERGENCY_REGIONS,84,86,85.0,2
2024,UNIVERSITY_PEDAGOGICAL,FULL,B003,,Педагогика и методика начального обучения,185,GENERAL,94,121,101.4,16
2024,UNIVERSITY_PEDAGOGICAL,FULL,B003,,Педагогика и методика начального обучения,185,RURAL,89,93,91.2,4
2024,UNIVERSITY_PEDAGOGICAL,FULL,B003,,Педагогика и методика начального обучения,196,GENERAL,92,114,100.5,24
2024,UNIVERSITY_PEDAGOGICAL,FULL,B003,,Педагогика и методика начального обучения,196,RURAL,90,91,90.3,7
2024,UNIVERSITY_PEDAGOGICAL,FULL,B003,,Педагогика и методика начального обучения,517,GENERAL,81,99,85.1,13
2024,UNIVERSITY_PEDAGOGICAL,FULL,B003,,Педагогика и методика начального обучения,517,RURAL,76,81,78.4,7
2024,UNIVERSITY_PEDAGOGICAL,FULL,B004,,Подготовка учителей начальной военной подготовки,15,GENERAL,121,124,122.6,5
2024,UNIVERSITY_PEDAGOGICAL,FULL,B004,,Подготовка учителей начальной военной подготовки,15,RURAL,118,120,119.0,2
2024,UNIVERSITY_PEDAGOGICAL,FULL,B004,,Подготовка учителей начальной военной подготовки,31,EMERGENCY_REGIONS,114,114,114.0,1
2024,UNIVERSITY_PEDAGOGICAL,FULL,B004,,Подготовка учителей начальной военной подготовки,31,GENERAL,122,128,124.0,5
2024,UNIVERSITY_PEDAGOGICAL,FULL,B004,,Подготовка учителей начальной военной подготовки,31,RURAL,117,118,117.5,2
2024,UNIVERSITY_PEDAGOGICAL,FULL,B004,,Подготовка учителей начальной военной подготовки,36,EMERGENCY_REGIONS,121,121,121.0,1
2024,UNIVERSITY_PEDAGOGICAL,FULL,B004,,Подготовка учителей начальной военной подготовки,36,GENERAL,122,124,123.0,2
2024,UNIVERSITY_PEDAGOGICAL,FULL,B004,,Подготовка учителей начальной военной подготовки,36,RURAL,121,121,121.0,2
2024,UNIVERSITY_PEDAGOGICAL,FULL,B004,,Подготовка учителей начальной военной подготовки,37,GENERAL,121,125,123.7,3
2024,UNIVERSITY_PEDAGOGICAL,FULL,B004,,Подготовка учителей начальной военной подготовки,37,RURAL,113,115,114.0,2
2024,UNIVERSITY_PEDAGOGICAL,FULL,B004,,Подготовка учителей начальной военной подготовки,43,GENERAL,123,125,123.7,3
2024,UNIVERSITY_PEDAGOGICAL,FULL,B004,,Подготовка учителей начальной военной подготовки,43,RURAL,120,122,121.0,2
2024,UNIVERSITY_PEDAGOGICAL,FULL,B004,,Подготовка учителей начальной военной подготовки,517,GENERAL,123,125,124.3,3
2024,UNIVERSITY_PEDAGOGICAL,FULL,B004,,Подготовка учителей начальной военной подготовки,517,RURAL,118,121,119.5,2
2024,UNIVERSITY_PEDAGOGICAL,FULL,B005,,Подготовка учителей физической культуры,3,EMERGENCY_REGIONS,122,122,122.0,1
2024,UNIVERSITY_PEDAGOGICAL,FULL,B005,,Подготовка учителей физической культуры,3,GENERAL,123,126,124.5,2
2024,UNIVERSITY_PEDAGOGICAL,FULL,B005,,Подготовка учителей физической культуры,3,RURAL,123,123,123.0,2
2024,UNIVERSITY_PEDAGOGICAL,FULL,B005,,Подготовка учителей физической культуры,8,EMERGENCY_REGIONS,125,125,125.0,1
2024,UNIVERSITY_PEDAGOGICAL,FULL,B005,,Подготовка учителей физической культуры,8,GENERAL,126,126,126.0,2
2024,UNIVERSITY_PEDAGOGICAL,FULL,B005,,Подготовка учителей физической культуры,8,RURAL,123,125,124.0,2
2024,UNIVERSITY_PEDAGOGICAL,FULL,B005,,Подготовка учителей физической культуры,10,EMERGENCY_REGIONS,122,122,122.0,1
2024,UNIVERSITY_PEDAGOGICAL,FULL,B005,,Подготовка учителей физической культуры,10,GENERAL,123,126,124.5,2
2024,UNIVERSITY_PEDAGOGICAL,FULL,B005,,Подготовка учителей физической культуры,10,RURAL,122,122,122.0,2
2024,UNIVERSITY_PEDAGOGICAL,FULL,B005,,Подготовка учителей физической культуры,11,EMERGENCY_REGIONS,121,121,121.0,1
2024,UNIVERSITY_PEDAGOGICAL,FULL,B005,,Подготовка учителей физической культуры,11,GENERAL,128,129,128.5,2
2024,UNIVERSITY_PEDAGOGICAL,FULL,B005,,Подготовка учителей физической культуры,11,RURAL,124,127,125.5,2
2024,UNIVERSITY_PEDAGOGICAL,FULL,B005,,Подготовка учителей физической культуры,15,EMERGENCY_REGIONS,118,118,118.0,1
2024,UNIVERSITY_PEDAGOGICAL,FULL,B005,,Подготовка учителей физической культуры,15,RURAL,127,128,127.5,2
2024,UNIVERSITY_PEDAGOGICAL,FULL,B005,,Подготовка учителей физической культуры,31,EMERGENCY_REGIONS,98,98,98.0,1
2024,UNIVERSITY_PEDAGOGICAL,FULL,B005,,Подготовка учителей физической культуры,31,RURAL,126,127,126.5,2
2024,UNIVERSITY_PEDAGOGICAL,FULL,B005,,Подготовка учителей физической культуры,36,EMERGENCY_REGIONS,126,126,126.0,1
2024,UNIVERSITY_PEDAGOGICAL,FULL,B005,,Подготовка учителей физической культуры,36,GENERAL,127,128,127.5,2
2024,UNIVERSITY_PEDAGOGICAL,FULL,B005,,Подготовка учителей физической культуры,36,RURAL,124,124,124.0,2
2024,UNIVERSITY_PEDAGOGICAL,FULL,B005,,Подготовка учителей физической культуры,37,EMERGENCY_REGIONS,111,111,111.0,1
2024,UNIVERSITY_PEDAGOGICAL,FULL,B005,,Подготовка учителей физической культуры,37,GENERAL,128,128,128.0,1
2024,UNIVERSITY_PEDAGOGICAL,FULL,B005,,Подготовка учителей физической культуры,37,RURAL,127,128,127.5,2
2024,UNIVERSITY_PEDAGOGICAL,FULL,B005,,Подготовка учителей физической культуры,42,GENERAL,126,126,126.0,1
2024,UNIVERSITY_PEDAGOGICAL,FULL,B005,,Подготовка учителей физической культуры,42,RURAL,122,124,123.0,2
2024,UNIVERSITY_PEDAGOGICAL,FULL,B005,,Подготовка учителей физической культуры,43,EMERGENCY_REGIONS,101,101,101.0,1
2024,UNIVERSITY_PEDAGOGICAL,FULL,B005,,Подготовка учителей физической культуры,43,RURAL,122,122,122.0,2
2024,UNIVERSITY_PEDAGOGICAL,FULL,B005,,Подготовка учителей физической культуры,141,GENERAL,121,123,122.3,3
2024,UNIVERSITY_PEDAGOGICAL,FULL,B005,,Подготовка учителей физической культуры,141,RURAL,121,121,121.0,2
2024,UNIVERSITY_PEDAGOGICAL,FULL,B005,,Подготовка учителей физической культуры,196,GENERAL,127,130,128.7,3
2024,UNIVERSITY_PEDAGOGICAL,FULL,B005,,Подготовка учителей физической культуры,196,RURAL,125,126,125.5,2
2024,UNIVERSITY_PEDAGOGICAL,FULL,B005,,Подготовка учителей физической культуры,517,EMERGENCY_REGIONS,119,119,119.0,1
2024,UNIVERSITY_PEDAGOGICAL,FULL,B005,,Подготовка учителей физической культуры,517,GENERAL,126,126,126.0,1
2024,UNIVERSITY_PEDAGOGICAL,FULL,B005,,Подготовка учителей физической культуры,517,RURAL,124,124,124.0,2
2024,UNIVERSITY_PEDAGOGICAL,FULL,B005,,Подготовка учителей физической культуры,527,EMERGENCY_REGIONS,116,121,118.8,50
2024,UNIVERSITY_PEDAGOGICAL,FULL,B005,,Подготовка учителей физической культуры,527,GENERAL,122,129,124.0,104
2024,UNIVERSITY_PEDAGOGICAL,FULL,B005,,Подготовка учителей физической культуры,527,RURAL,117,122,119.5,88
2024,UNIVERSITY_PEDAGOGICAL,FULL,B006,,Подготовка учителей музыки,5,EMERGENCY_REGIONS,118,118,118.0,1
2024,UNIVERSITY_PEDAGOGICAL,FULL,B006,,Подготовка учителей музыки,5,GENERAL,123,126,124.5,2
2024,UNIVERSITY_PEDAGOGICAL,FULL,B006,,Подготовка учителей музыки,5,RURAL,119,123,121.0,2
2024,UNIVERSITY_PEDAGOGICAL,FULL,B006,,Подготовка учителей музыки,8,EMERGENCY_REGIONS,120,120,120.0,1
2024,UNIVERSITY_PEDAGOGICAL,FULL,B006,,Подготовка учителей музыки,8,GENERAL,120,127,123.5,2
2024,UNIVERSITY_PEDAGOGICAL,FULL,B006,,Подготовка учителей музыки,8,RURAL,116,119,117.5,2
2024,UNIVERSITY_PEDAGOGICAL,FULL,B006,,Подготовка учителей музыки,10,EMERGENCY_REGIONS,110,110,110.0,1
2024,UNIVERSITY_PEDAGOGICAL,FULL,B006,,Подготовка учителей музыки,10,GENERAL,115,117,116.0,2
2024,UNIVERSITY_PEDAGOGICAL,FULL,B006,,Подготовка учителей музыки,10,RURAL,110,115,112.5,2
2024,UNIVERSITY_PEDAGOGICAL,FULL,B006,,Подготовка учителей музыки,11,GENERAL,120,121,120.7,3
2024,UNIVERSITY_PEDAGOGICAL,FULL,B006,,Подготовка учителей музыки,11,RURAL,118,120,119.0,2
2024,UNIVERSITY_PEDAGOGICAL,FULL,B006,,Подготовка учителей музыки,15,GENERAL,120,126,122.0,3
2024,UNIVERSITY_PEDAGOGICAL,FULL,B006,,Подготовка учителей музыки,15,RURAL,114,118,116.0,2
2024,UNIVERSITY_PEDAGOGICAL,FULL,B006,,Подготовка учителей музыки,16,EMERGENCY_REGIONS,121,121,121.0,1
2024,UNIVERSITY_PEDAGOGICAL,FULL,B006,,Подготовка учителей музыки,16,GENERAL,126,127,126.5,2
2024,UNIVERSITY_PEDAGOGICAL,FULL,B006,,Подготовка учителей музыки,16,RURAL,123,123,123.0,2
2024,UNIVERSITY_PEDAGOGICAL,FULL,B006,,Подготовка учителей музыки,34,GENERAL,122,126,123.3,3
2024,UNIVERSITY_PEDAGOGICAL,FULL,B006,,Подготовка учителей музыки,34,RURAL,121,122,121.5,2
2024,UNIVERSITY_PEDAGOGICAL,FULL,B006,,Подготовка учителей музыки,36,EMERGENCY_REGIONS,120,120,120.0,1
2024,UNIVERSITY_PEDAGOGICAL,FULL,B006,,Подготовка учителей музыки,36,GENERAL,123,126,124.5,2
2024,UNIVERSITY_PEDAGOGICAL,FULL,B006,,Подготовка учителей музыки,36,RURAL,121,122,121.5,2
2024,UNIVERSITY_PEDAGOGICAL,FULL,B006,,Подготовка учителей музыки,37,GENERAL,125,126,125.3,3
2024,UNIVERSITY_PEDAGOGICAL,FULL,B006,,Подготовка учителей музыки,37,RURAL,124,124,124.0,2
2024,UNIVERSITY_PEDAGOGICAL,FULL,B006,,Подготовка учителей музыки,42,GENERAL,121,126,123.7,3
2024,UNIVERSITY_PEDAGOGICAL,FULL,B006,,Подготовка учителей музыки,42,RURAL,119,119,119.0,2
2024,UNIVERSITY_PEDAGOGICAL,FULL,B006,,Подготовка учителей музыки,43,GENERAL,123,124,123.3,3
2024,UNIVERSITY_PEDAGOGICAL,FULL,B006,,Подготовка учителей музыки,43,RURAL,121,121,121.0,2
2024,UNIVERSITY_PEDAGOGICAL,FULL,B006,,Подготовка учителей музыки,196,GENERAL,124,128,126.0,3
2024,UNIVERSITY_PEDAGOGICAL,FULL,B006,,Подготовка учителей музыки,196,RURAL,120,123,121.5,2
2024,UNIVERSITY_PEDAGOGICAL,FULL,B006,,Подготовка учителей музыки,517,GENERAL,119,120,119.7,3
2024,UNIVERSITY_PEDAGOGICAL,FULL,B006,,Подготовка учителей музыки,517,RURAL,117,118,117.5,2
2024,UNIVERSITY_PEDAGOGICAL,FULL,B007,,Подготовка учителей художественного труда и черчения,5,EMERGENCY_REGIONS,121,121,121.0,1
2024,UNIVERSITY_PEDAGOGICAL,FULL,B007,,Подготовка учителей художественного труда и черчения,5,GENERAL,122,122,122.0,2
2024,UNIVERSITY_PEDAGOGICAL,FULL,B007,,Подготовка учителей художественного труда и черчения,5,RURAL,109,109,109.0,2
2024,UNIVERSITY_PEDAGOGICAL,FULL,B007,,Подготовка учителей художественного труда и черчения,8,EMERGENCY_REGIONS,117,117,117.0,1
2024,UNIVERSITY_PEDAGOGICAL,FULL,B007,,Подготовка учителей художественного труда и черчения,8,GENERAL,117,125,121.0,2
2024,UNIVERSITY_PEDAGOGICAL,FULL,B007,,Подготовка учителей художественного труда и черчения,8,RURAL,113,114,113.5,2
2024,UNIVERSITY_PEDAGOGICAL,FULL,B007,,Подготовка учителей художественного труда и черчения,10,EMERGENCY_REGIONS,121,121,121.0,1
2024,UNIVERSITY_PEDAGOGICAL,FULL,B007,,Подготовка учителей художественного труда и черчения,10,GENERAL,126,127,126.5,2
2024,UNIVERSITY_PEDAGOGICAL,FULL,B007,,Подготовка учителей художественного труда и черчения,10,RURAL,116,117,116.5,2
2024,UNIVERSITY_PEDAGOGICAL,FULL,B007,,Подготовка учителей художественного труда и черчения,11,EMERGENCY_REGIONS,117,117,117.0,1
2024,UNIVERSITY_PEDAGOGICAL,FULL,B007,,Подготовка учителей художественного труда и черчения,11,GENERAL,121,121,121.0,2
2024,UNIVERSITY_PEDAGOGICAL,FULL,B007,,Подготовка учителей художественного труда и черчения,11,RURAL,117,120,118.5,2
2024,UNIVERSITY_PEDAGOGICAL,FULL,B007,,Подготовка учителей художественного труда и черчения,15,GENERAL,117,123,120.3,3
2024,UNIVERSITY_PEDAGOGICAL,FULL,B007,,Подготовка учителей художественного труда и черчения,15,RURAL,115,117,116.0,2
2024,UNIVERSITY_PEDAGOGICAL,FULL,B007,,Подготовка учителей художественного труда и черчения,16,EMERGENCY_REGIONS,124,124,124.0,1
2024,UNIVERSITY_PEDAGOGICAL,FULL,B007,,Подготовка учителей художественного труда и черчения,16,GENERAL,126,127,126.5,2
2024,UNIVERSITY_PEDAGOGICAL,FULL,B007,,Подготовка учителей художественного труда и черчения,16,RURAL,124,125,124.5,2
2024,UNIVERSITY_PEDAGOGICAL,FULL,B007,,Подготовка учителей художественного труда и черчения,31,GENERAL,119,125,122.7,3
2024,UNIVERSITY_PEDAGOGICAL,FULL,B007,,Подготовка учителей художественного труда и черчения,31,RURAL,112,113,112.5,2
2024,UNIVERSITY_PEDAGOGICAL,FULL,B007,,Подготовка учителей художественного труда и черчения,34,GENERAL,124,125,124.7,3
2024,UNIVERSITY_PEDAGOGICAL,FULL,B007,,Подготовка учителей художественного труда и черчения,34,RURAL,122,122,122.0,2
2024,UNIVERSITY_PEDAGOGICAL,FULL,B007,,Подготовка учителей художественного труда и черчения,35,EMERGENCY_REGIONS,123,123,123.0,1
2024,UNIVERSITY_PEDAGOGICAL,FULL,B007,,Подготовка учителей художественного труда и черчения,35,GENERAL,123,123,123.0,2
2024,UNIVERSITY_PEDAGOGICAL,FULL,B007,,Подготовка учителей художественного труда и черчения,35,RURAL,119,120,119.5,2
2024,UNIVERSITY_PEDAGOGICAL,FULL,B007,,Подготовка учителей художественного труда и черчения,36,EMERGENCY_REGIONS,120,120,120.0,1
2024,UNIVERSITY_PEDAGOGICAL,FULL,B007,,Подготовка учителей художественного труда и черчения,36,GENERAL,123,124,123.5,2
2024,UNIVERSITY_PEDAGOGICAL,FULL,B007,,Подготовка учителей художественного труда и черчения,36,RURAL,117,118,117.5,2
2024,UNIVERSITY_PEDAGOGICAL,FULL,B007,,Подготовка учителей художественного труда и черчения,37,GENERAL,125,127,126.3,3
2024,UNIVERSITY_PEDAGOGICAL,FULL,B007,,Подготовка учителей художественного труда и черчения,37,RURAL,121,121,121.0,2
2024,UNIVERSITY_PEDAGOGICAL,FULL,B007,,Подготовка учителей художественного труда и черчения,42,GENERAL,122,129,125.3,3
2024,UNIVERSITY_PEDAGOGICAL,FULL,B007,,Подготовка учителей художественного труда и черчения,42,RURAL,120,120,120.0,2
2024,UNIVERSITY_PEDAGOGICAL,FULL,B007,,Подготовка учителей художественного труда и черчения,43,GENERAL,121,123,122.0,3
2024,UNIVERSITY_PEDAGOGICAL,FULL,B007,,Подготовка учителей художественного труда и черчения,43,RURAL,117,119,118.0,2
2024,UNIVERSITY_PEDAGOGICAL,FULL,B007,,Подготовка учителей художественного труда и черчения,185,EMERGENCY_REGIONS,83,83,83.0,1
2024,UNIVERSITY_PEDAGOGICAL,FULL,B007,,Подготовка учителей художественного труда и черчения,185,GENERAL,119,125,121.8,5
2024,UNIVERSITY_PEDAGOGICAL,FULL,B007,,Подготовка учителей художественного труда и черчения,185,RURAL,93,117,106.2,4
2024,UNIVERSITY_PEDAGOGICAL,FULL,B007,,Подготовка учителей художественного труда и черчения,196,GENERAL,125,126,125.3,3
2024,UNIVERSITY_PEDAGOGICAL,FULL,B007,,Подготовка учителей художественного труда и черчения,196,RURAL,123,124,123.5,2
2024,UNIVERSITY_PEDAGOGICAL,FULL,B007,,Подготовка учителей художественного труда и черчения,517,GENERAL,122,125,123.3,3
2024,UNIVERSITY_PEDAGOGICAL,FULL,B007,,Подготовка учителей художественного труда и черчения,517,RURAL,122,122,122.0,2
2024,UNIVERSITY_PEDAGOGICAL,FULL,B008,,Подготовка учителей основы права и экономики,31,EMERGENCY_REGIONS,84,86,85.0,2
2024,UNIVERSITY_PEDAGOGICAL,FULL,B008,,Подготовка учителей основы права и экономики,31,GENERAL,94,103,97.7,3
2024,UNIVERSITY_PEDAGOGICAL,FULL,B008,,Подготовка учителей основы права и экономики,31,RURAL,91,93,92.0,4
2024,UNIVERSITY_PEDAGOGICAL,FULL,B008,,Подготовка учителей основы права и экономики,196,GENERAL,95,103,97.5,6
2024,UNIVERSITY_PEDAGOGICAL,FULL,B008,,Подготовка учителей основы права и экономики,196,RURAL,92,95,93.2,4
2024,UNIVERSITY_PEDAGOGICAL,FULL,B008,,Подготовка учителей основы права и экономики,517,EMERGENCY_REGIONS,76,76,76.0,1
2024,UNIVERSITY_PEDAGOGICAL,FULL,B008,,Подготовка учителей основы права и экономики,517,GENERAL,94,128,102.0,5
2024,UNIVERSITY_PEDAGOGICAL,FULL,B008,,Подготовка учителей основы права и экономики,517,RURAL,85,90,87.0,4
2024,UNIVERSITY_PEDAGOGICAL,FULL,B009,,Подготовка учителей математики,3,EMERGENCY_REGIONS,83,104,94.2,6
2024,UNIVERSITY_PEDAGOGICAL,FULL,B009,,Подготовка учителей математики,3,GENERAL,106,125,113.2,13
2024,UNIVERSITY_PEDAGOGICAL,FULL,B009,,Подготовка учителей математики,3,RURAL,92,105,98.0,11
2024,UNIVERSITY_PEDAGOGICAL,FULL,B009,,Подготовка учителей математики,5,EMERGENCY_REGIONS,103,116,109.8,6
2024,UNIVERSITY_PEDAGOGICAL,FULL,B009,,Подготовка учителей математики,5,GENERAL,116,134,122.8,13
2024,UNIVERSITY_PEDAGOGICAL,FULL,B009,,Подготовка учителей математики,5,RURAL,105,113,109.3,11
2024,UNIVERSITY_PEDAGOGICAL,FULL,B009,,Подготовка учителей математики,8,GENERAL,79,103,85.8,20
2024,UNIVERSITY_PEDAGOGICAL,FULL,B009,,Подготовка учителей математики,8,RURAL,75,79,77.0,9
2024,UNIVERSITY_PEDAGOGICAL,FULL,B009,,Подготовка учителей математики,10,EMERGENCY_REGIONS,85,96,90.2,6
2024,UNIVERSITY_PEDAGOGICAL,FULL,B009,,Подготовка учителей математики,10,GENERAL,98,109,102.7,13
2024,UNIVERSITY_PEDAGOGICAL,FULL,B009,,Подготовка учителей математики,10,RURAL,85,92,87.7,11
2024,UNIVERSITY_PEDAGOGICAL,FULL,B009,,Подготовка учителей математики,11,GENERAL,101,136,111.1,19
2024,UNIVERSITY_PEDAGOGICAL,FULL,B009,,Подготовка учителей математики,11,RURAL,88,96,92.9,11
2024,UNIVERSITY_PEDAGOGICAL,FULL,B009,,Подготовка учителей математики,15,GENERAL,97,114,102.7,19
2024,UNIVERSITY_PEDAGOGICAL,FULL,B009,,Подготовка учителей математики,15,RURAL,83,96,89.9,11
2024,UNIVERSITY_PEDAGOGICAL,FULL,B009,,Подготовка учителей математики,16,EMERGENCY_REGIONS,94,105,99.7,6
2024,UNIVERSITY_PEDAGOGICAL,FULL,B009,,Подготовка учителей математики,16,GENERAL,105,128,113.0,13
2024,UNIVERSITY_PEDAGOGICAL,FULL,B009,,Подготовка учителей математики,16,RURAL,95,103,98.5,11
2024,UNIVERSITY_PEDAGOGICAL,FULL,B009,,Подготовка учителей математики,31,EMERGENCY_REGIONS,95,117,103.8,6
2024,UNIVERSITY_PEDAGOGICAL,FULL,B009,,Подготовка учителей математики,31,GENERAL,117,131,123.4,13
2024,UNIVERSITY_PEDAGOGICAL,FULL,B009,,Подготовка учителей математики,31,RURAL,104,112,106.3,11
2024,UNIVERSITY_PEDAGOGICAL,FULL,B009,,Подготовка учителей математики,34,GENERAL,109,127,116.2,19
2024,UNIVERSITY_PEDAGOGICAL,FULL,B009,,Подготовка учителей математики,34,RURAL,104,109,106.5,11
2024,UNIVERSITY_PEDAGOGICAL,FULL,B009,,Подготовка учителей математики,35,EMERGENCY_REGIONS,91,100,94.0,6
2024,UNIVERSITY_PEDAGOGICAL,FULL,B009,,Подготовка учителей математики,35,GENERAL,101,127,106.4,13
2024,UNIVERSITY_PEDAGOGICAL,FULL,B009,,Подготовка учителей математики,35,RURAL,94,100,96.7,11
2024,UNIVERSITY_PEDAGOGICAL,FULL,B009,,Подготовка учителей математики,36,EMERGENCY_REGIONS,92,100,95.8,6
2024,UNIVERSITY_PEDAGOGICAL,FULL,B009,,Подготовка учителей математики,36,GENERAL,102,122,110.2,13
2024,UNIVERSITY_PEDAGOGICAL,FULL,B009,,Подготовка учителей математики,36,RURAL,85,99,90.6,11
2024,UNIVERSITY_PEDAGOGICAL,FULL,B009,,Подготовка учителей математики,37,GENERAL,118,132,123.4,19
2024,UNIVERSITY_PEDAGOGICAL,FULL,B009,,Подготовка учителей математики,37,RURAL,106,116,110.6,11
2024,UNIVERSITY_PEDAGOGICAL,FULL,B009,,Подготовка учителей математики,40,EMERGENCY_REGIONS,81,95,87.2,6
2024,UNIVERSITY_PEDAGOGICAL,FULL,B009,,Подготовка учителей математики,40,GENERAL,95,105,99.8,13
2024,UNIVERSITY_PEDAGOGICAL,FULL,B009,,Подготовка учителей математики,40,RURAL,80,95,87.5,11
2024,UNIVERSITY_PEDAGOGICAL,FULL,B009,,Подготовка учителей математики,42,GENERAL,102,129,111.8,23
2024,UNIVERSITY_PEDAGOGICAL,FULL,B009,,Подготовка учителей математики,42,RURAL,92,100,95.2,12
2024,UNIVERSITY_PEDAGOGICAL,FULL,B009,,Подготовка учителей математики,43,GENERAL,113,125,117.4,19
2024,UNIVERSITY_PEDAGOGICAL,FULL,B009,,Подготовка учителей математики,43,RURAL,98,112,103.5,11
2024,UNIVERSITY_PEDAGOGICAL,FULL,B009,,Подготовка учителей математики,185,EMERGENCY_REGIONS,102,109,104.8,6
2024,UNIVERSITY_PEDAGOGICAL,FULL,B009,,Подготовка учителей математики,185,GENERAL,111,122,116.0,13
2024,UNIVERSITY_PEDAGOGICAL,FULL,B009,,Подготовка учителей математики,185,RURAL,106,109,107.0,11
2024,UNIVERSITY_PEDAGOGICAL,FULL,B009,,Подготовка учителей математики,196,GENERAL,120,134,124.8,12
2024,UNIVERSITY_PEDAGOGICAL,FULL,B009,,Подготовка учителей математики,196,RURAL,109,115,111.9,7
2024,UNIVERSITY_PEDAGOGICAL,FULL,B009,,Подготовка учителей математики,517,GENERAL,107,127,113.9,13
2024,UNIVERSITY_PEDAGOGICAL,FULL,B009,,Подготовка учителей математики,517,RURAL,92,105,99.3,7
2024,UNIVERSITY_PEDAGOGICAL,FULL,B010,,Подготовка учителей физики,3,EMERGENCY_REGIONS,75,84,78.8,4
2024,UNIVERSITY_PEDAGOGICAL,FULL,B010,,Подготовка учителей физики,3,GENERAL,97,113,103.6,9
2024,UNIVERSITY_PEDAGOGICAL,FULL,B010,,Подготовка учителей физики,3,RURAL,82,91,86.4,7
2024,UNIVERSITY_PEDAGOGICAL,FULL,B010,,Подготовка учителей физики,5,EMERGENCY_REGIONS,94,95,94.8,4
2024,UNIVERSITY_PEDAGOGICAL,FULL,B010,,Подготовка учителей физики,5,GENERAL,95,124,104.5,11
2024,UNIVERSITY_PEDAGOGICAL,FULL,B010,,Подготовка учителей физики,5,RURAL,88,94,90.1,8
2024,UNIVERSITY_PEDAGOGICAL,FULL,B010,,Подготовка учителей физики,10,GENERAL,76,109,84.2,16
2024,UNIVERSITY_PEDAGOGICAL,FULL,B010,,Подготовка учителей физики,11,GENERAL,86,108,94.0,13
2024,UNIVERSITY_PEDAGOGICAL,FULL,B010,,Подготовка учителей физики,11,RURAL,79,84,81.1,7
2024,UNIVERSITY_PEDAGOGICAL,FULL,B010,,Подготовка учителей физики,15,GENERAL,77,103,86.2,17
2024,UNIVERSITY_PEDAGOGICAL,FULL,B010,,Подготовка учителей физики,15,RURAL,76,76,76.0,1
2024,UNIVERSITY_PEDAGOGICAL,FULL,B010,,Подготовка учителей физики,16,EMERGENCY_REGIONS,82,88,84.8,4
2024,UNIVERSITY_PEDAGOGICAL,FULL,B010,,Подготовка учителей физики,16,GENERAL,88,98,92.2,9
2024,UNIVERSITY_PEDAGOGICAL,FULL,B010,,Подготовка учителей физики,16,RURAL,85,88,87.0,7
2024,UNIVERSITY_PEDAGOGICAL,FULL,B010,,Подготовка учителей физики,31,EMERGENCY_REGIONS,78,94,86.0,2
2024,UNIVERSITY_PEDAGOGICAL,FULL,B010,,Подготовка учителей физики,31,GENERAL,111,116,113.0,4
2024,UNIVERSITY_PEDAGOGICAL,FULL,B010,,Подготовка учителей физики,31,RURAL,95,104,100.2,4
2024,UNIVERSITY_PEDAGOGICAL,FULL,B010,,Подготовка учителей физики,34,GENERAL,100,107,103.4,13
2024,UNIVERSITY_PEDAGOGICAL,FULL,B010,,Подготовка учителей физики,34,RURAL,96,100,97.9,7
2024,UNIVERSITY_PEDAGOGICAL,FULL,B010,,Подготовка учителей физики,35,EMERGENCY_REGIONS,80,90,83.3,6
2024,UNIVERSITY_PEDAGOGICAL,FULL,B010,,Подготовка учителей физики,35,GENERAL,91,103,93.5,13
2024,UNIVERSITY_PEDAGOGICAL,FULL,B010,,Подготовка учителей физики,35,RURAL,80,88,82.9,11
2024,UNIVERSITY_PEDAGOGICAL,FULL,B010,,Подготовка учителей физики,36,EMERGENCY_REGIONS,77,85,81.0,4
2024,UNIVERSITY_PEDAGOGICAL,FULL,B010,,Подготовка учителей физики,36,GENERAL,87,117,98.6,9
2024,UNIVERSITY_PEDAGOGICAL,FULL,B010,,Подготовка учителей физики,36,RURAL,79,84,81.3,7
2024,UNIVERSITY_PEDAGOGICAL,FULL,B010,,Подготовка учителей физики,37,GENERAL,106,124,112.6,13
2024,UNIVERSITY_PEDAGOGICAL,FULL,B010,,Подготовка учителей физики,37,RURAL,99,104,101.3,7
2024,UNIVERSITY_PEDAGOGICAL,FULL,B010,,Подготовка учителей физики,40,GENERAL,75,123,85.6,14
2024,UNIVERSITY_PEDAGOGICAL,FULL,B010,,Подготовка учителей физики,42,GENERAL,82,113,90.1,21
2024,UNIVERSITY_PEDAGOGICAL,FULL,B010,,Подготовка учителей физики,42,RURAL,75,80,76.9,7
2024,UNIVERSITY_PEDAGOGICAL,FULL,B010,,Подготовка учителей физики,43,GENERAL,97,117,103.7,13
2024,UNIVERSITY_PEDAGOGICAL,FULL,B010,,Подготовка учителей физики,43,RURAL,87,95,91.1,7
2024,UNIVERSITY_PEDAGOGICAL,FULL,B010,,Подготовка учителей физики,185,EMERGENCY_REGIONS,96,101,97.7,3
2024,UNIVERSITY_PEDAGOGICAL,FULL,B010,,Подготовка учителей физики,185,GENERAL,105,119,110.0,7
2024,UNIVERSITY_PEDAGOGICAL,FULL,B010,,Подготовка учителей физики,185,RURAL,96,105,100.0,5
2024,UNIVERSITY_PEDAGOGICAL,FULL,B010,,Подготовка учителей физики,196,GENERAL,112,120,115.2,6
2024,UNIVERSITY_PEDAGOGICAL,FULL,B010,,Подготовка учителей физики,196,RURAL,104,109,105.8,5
2024,UNIVERSITY_PEDAGOGICAL,FULL,B010,,Подготовка учителей физики,517,EMERGENCY_REGIONS,91,91,91.0,1
2024,UNIVERSITY_PEDAGOGICAL,FULL,B010,,Подготовка учителей физики,517,GENERAL,98,125,102.8,12
2024,UNIVERSITY_PEDAGOGICAL,FULL,B010,,Подготовка учителей физики,517,RURAL,81,96,87.1,7
2024,UNIVERSITY_PEDAGOGICAL,FULL,B011,,Подготовка учителей информатики,3,GENERAL,76,105,83.4,18
2024,UNIVERSITY_PEDAGOGICAL,FULL,B011,,Подготовка учителей информатики,5,EMERGENCY_REGIONS,79,89,83.0,4
2024,UNIVERSITY_PEDAGOGICAL,FULL,B011,,Подготовка учителей информатики,5,GENERAL,90,115,98.1,11
2024,UNIVERSITY_PEDAGOGICAL,FULL,B011,,Подготовка учителей информатики,5,RURAL,76,90,85.4,5
2024,UNIVERSITY_PEDAGOGICAL,FULL,B011,,Подготовка учителей информатики,10,GENERAL,76,127,96.1,11
2024,UNIVERSITY_PEDAGOGICAL,FULL,B011,,Подготовка учителей информатики,11,GENERAL,75,106,86.6,20
2024,UNIVERSITY_PEDAGOGICAL,FULL,B011,,Подготовка учителей информатики,15,GENERAL,75,86,80.5,13
2024,UNIVERSITY_PEDAGOGICAL,FULL,B011,,Подготовка учителей информатики,16,EMERGENCY_REGIONS,75,76,75.5,2
2024,UNIVERSITY_PEDAGOGICAL,FULL,B011,,Подготовка учителей информатики,16,GENERAL,77,107,91.5,15
2024,UNIVERSITY_PEDAGOGICAL,FULL,B011,,Подготовка учителей информатики,16,RURAL,75,75,75.0,1
2024,UNIVERSITY_PEDAGOGICAL,FULL,B011,,Подготовка учителей информатики,31,GENERAL,77,111,88.4,20
2024,UNIVERSITY_PEDAGOGICAL,FULL,B011,,Подготовка учителей информатики,34,GENERAL,75,123,90.5,39
2024,UNIVERSITY_PEDAGOGICAL,FULL,B011,,Подготовка учителей информатики,35,GENERAL,75,92,80.6,7
2024,UNIVERSITY_PEDAGOGICAL,FULL,B011,,Подготовка учителей информатики,36,GENERAL,76,116,89.1,8
2024,UNIVERSITY_PEDAGOGICAL,FULL,B011,,Подготовка учителей информатики,37,GENERAL,81,117,92.6,28
2024,UNIVERSITY_PEDAGOGICAL,FULL,B011,,Подготовка учителей информатики,37,RURAL,75,76,75.5,2
2024,UNIVERSITY_PEDAGOGICAL,FULL,B011,,Подготовка учителей информатики,42,GENERAL,76,105,85.8,13
2024,UNIVERSITY_PEDAGOGICAL,FULL,B011,,Подготовка учителей информатики,43,GENERAL,79,100,89.6,18
2024,UNIVERSITY_PEDAGOGICAL,FULL,B011,,Подготовка учителей информатики,43,RURAL,77,77,77.0,1
2024,UNIVERSITY_PEDAGOGICAL,FULL,B011,,Подготовка учителей информатики,185,EMERGENCY_REGIONS,83,92,86.0,3
2024,UNIVERSITY_PEDAGOGICAL,FULL,B011,,Подготовка учителей информатики,185,GENERAL,94,108,99.1,7
2024,UNIVERSITY_PEDAGOGICAL,FULL,B011,,Подготовка учителей информатики,185,RURAL,83,89,86.0,5
2024,UNIVERSITY_PEDAGOGICAL,FULL,B011,,Подготовка учителей информатики,196,GENERAL,95,115,100.5,13
2024,UNIVERSITY_PEDAGOGICAL,FULL,B011,,Подготовка учителей информатики,196,RURAL,82,94,87.0,7
2024,UNIVERSITY_PEDAGOGICAL,FULL,B011,,Подготовка учителей информатики,517,GENERAL,75,118,90.0,20
2024,UNIVERSITY_PEDAGOGICAL,FULL,B012,,Подготовка учителей химии,3,EMERGENCY_REGIONS,77,84,80.0,6
2024,UNIVERSITY_PEDAGOGICAL,FULL,B012,,Подготовка учителей химии,3,GENERAL,87,108,96.5,13
2024,UNIVERSITY_PEDAGOGICAL,FULL,B012,,Подготовка учителей химии,3,RURAL,77,86,80.4,11
2024,UNIVERSITY_PEDAGOGICAL,FULL,B012,,Подготовка учителей химии,5,EMERGENCY_REGIONS,98,101,99.8,4
2024,UNIVERSITY_PEDAGOGICAL,FULL,B012,,Подготовка учителей химии,5,GENERAL,105,116,109.1,8
2024,UNIVERSITY_PEDAGOGICAL,FULL,B012,,Подготовка учителей химии,5,RURAL,89,98,91.4,7
2024,UNIVERSITY_PEDAGOGICAL,FULL,B012,,Подготовка учителей химии,8,GENERAL,77,87,79.6,5
2024,UNIVERSITY_PEDAGOGICAL,FULL,B012,,Подготовка учителей химии,10,EMERGENCY_REGIONS,88,89,88.5,2
2024,UNIVERSITY_PEDAGOGICAL,FULL,B012,,Подготовка учителей химии,10,GENERAL,90,104,100.2,4
2024,UNIVERSITY_PEDAGOGICAL,FULL,B012,,Подготовка учителей химии,10,RURAL,80,86,82.0,4
2024,UNIVERSITY_PEDAGOGICAL,FULL,B012,,Подготовка учителей химии,11,GENERAL,81,106,90.4,17
2024,UNIVERSITY_PEDAGOGICAL,FULL,B012,,Подготовка учителей химии,11,RURAL,75,81,77.3,7
2024,UNIVERSITY_PEDAGOGICAL,FULL,B012,,Подготовка учителей химии,15,GENERAL,76,93,82.6,9
2024,UNIVERSITY_PEDAGOGICAL,FULL,B012,,Подготовка учителей химии,16,EMERGENCY_REGIONS,90,96,92.2,4
2024,UNIVERSITY_PEDAGOGICAL,FULL,B012,,Подготовка учителей химии,16,GENERAL,96,111,103.7,9
2024,UNIVERSITY_PEDAGOGICAL,FULL,B012,,Подготовка учителей химии,16,RURAL,88,92,89.7,7
2024,UNIVERSITY_PEDAGOGICAL,FULL,B012,,Подготовка учителей химии,31,EMERGENCY_REGIONS,82,94,89.3,3
2024,UNIVERSITY_PEDAGOGICAL,FULL,B012,,Подготовка учителей химии,31,GENERAL,96,131,105.2,16
2024,UNIVERSITY_PEDAGOGICAL,FULL,B012,,Подготовка учителей химии,31,RURAL,90,95,91.9,11
2024,UNIVERSITY_PEDAGOGICAL,FULL,B012,,Подготовка учителей химии,34,GENERAL,91,118,101.5,19
2024,UNIVERSITY_PEDAGOGICAL,FULL,B012,,Подготовка учителей химии,34,RURAL,84,89,87.1,11
2024,UNIVERSITY_PEDAGOGICAL,FULL,B012,,Подготовка учителей химии,35,EMERGENCY_REGIONS,78,80,79.2,6
2024,UNIVERSITY_PEDAGOGICAL,FULL,B012,,Подготовка учителей химии,35,GENERAL,87,124,95.4,13
2024,UNIVERSITY_PEDAGOGICAL,FULL,B012,,Подготовка учителей химии,35,RURAL,82,86,83.6,11
2024,UNIVERSITY_PEDAGOGICAL,FULL,B012,,Подготовка учителей химии,36,EMERGENCY_REGIONS,77,81,78.5,4
2024,UNIVERSITY_PEDAGOGICAL,FULL,B012,,Подготовка учителей химии,36,GENERAL,83,113,93.2,15
2024,UNIVERSITY_PEDAGOGICAL,FULL,B012,,Подготовка учителей химии,36,RURAL,75,75,75.0,1
2024,UNIVERSITY_PEDAGOGICAL,FULL,B012,,Подготовка учителей химии,37,EMERGENCY_REGIONS,77,77,77.0,1
2024,UNIVERSITY_PEDAGOGICAL,FULL,B012,,Подготовка учителей химии,37,GENERAL,109,126,113.8,12
2024,UNIVERSITY_PEDAGOGICAL,FULL,B012,,Подготовка учителей химии,37,RURAL,95,105,97.9,7
2024,UNIVERSITY_PEDAGOGICAL,FULL,B012,,Подготовка учителей химии,40,GENERAL,76,102,85.0,16
2024,UNIVERSITY_PEDAGOGICAL,FULL,B012,,Подготовка учителей химии,42,GENERAL,80,119,93.1,21
2024,UNIVERSITY_PEDAGOGICAL,FULL,B012,,Подготовка учителей химии,42,RURAL,75,80,77.3,9
2024,UNIVERSITY_PEDAGOGICAL,FULL,B012,,Подготовка учителей химии,43,GENERAL,94,111,102.3,10
2024,UNIVERSITY_PEDAGOGICAL,FULL,B012,,Подготовка учителей химии,43,RURAL,87,91,89.0,5
2024,UNIVERSITY_PEDAGOGICAL,FULL,B012,,Подготовка учителей химии,141,GENERAL,75,95,80.8,31
2024,UNIVERSITY_PEDAGOGICAL,FULL,B012,,Подготовка учителей химии,185,EMERGENCY_REGIONS,102,107,105.0,4
2024,UNIVERSITY_PEDAGOGICAL,FULL,B012,,Подготовка учителей химии,185,GENERAL,109,117,111.9,9
2024,UNIVERSITY_PEDAGOGICAL,FULL,B012,,Подготовка учителей химии,185,RURAL,94,105,99.6,7
2024,UNIVERSITY_PEDAGOGICAL,FULL,B012,,Подготовка учителей химии,196,GENERAL,97,116,104.5,13
2024,UNIVERSITY_PEDAGOGICAL,FULL,B012,,Подготовка учителей химии,196,RURAL,90,96,92.4,7
2024,UNIVERSITY_PEDAGOGICAL,FULL,B012,,Подготовка учителей химии,517,EMERGENCY_REGIONS,75,75,75.0,1
2024,UNIVERSITY_PEDAGOGICAL,FULL,B012,,Подготовка учителей химии,517,GENERAL,82,127,97.3,15
2024,UNIVERSITY_PEDAGOGICAL,FULL,B012,,Подготовка учителей химии,517,RURAL,75,75,75.0,3
2024,UNIVERSITY_PEDAGOGICAL,FULL,B013,,Подготовка учителей биологии,3,EMERGENCY_REGIONS,76,84,79.6,5
2024,UNIVERSITY_PEDAGOGICAL,FULL,B013,,Подготовка учителей биологии,3,GENERAL,91,101,94.3,11
2024,UNIVERSITY_PEDAGOGICAL,FULL,B013,,Подготовка учителей биологии,3,RURAL,82,90,86.1,9
2024,UNIVERSITY_PEDAGOGICAL,FULL,B013,,Подготовка учителей биологии,5,EMERGENCY_REGIONS,95,97,96.2,5
2024,UNIVERSITY_PEDAGOGICAL,FULL,B013,,Подготовка учителей биологии,5,GENERAL,98,109,101.9,11
2024,UNIVERSITY_PEDAGOGICAL,FULL,B013,,Подготовка учителей биологии,5,RURAL,89,93,90.3,9
2024,UNIVERSITY_PEDAGOGICAL,FULL,B013,,Подготовка учителей биологии,8,GENERAL,75,88,79.5,11
2024,UNIVERSITY_PEDAGOGICAL,FULL,B013,,Подготовка учителей биологии,10,EMERGENCY_REGIONS,78,80,78.5,4
2024,UNIVERSITY_PEDAGOGICAL,FULL,B013,,Подготовка учителей биологии,10,GENERAL,82,95,85.4,9
2024,UNIVERSITY_PEDAGOGICAL,FULL,B013,,Подготовка учителей биологии,10,RURAL,78,81,79.3,7
2024,UNIVERSITY_PEDAGOGICAL,FULL,B013,,Подготовка учителей биологии,11,EMERGENCY_REGIONS,75,75,75.0,1
2024,UNIVERSITY_PEDAGOGICAL,FULL,B013,,Подготовка учителей биологии,11,GENERAL,87,97,90.6,12
2024,UNIVERSITY_PEDAGOGICAL,FULL,B013,,Подготовка учителей биологии,11,RURAL,77,83,79.4,7
2024,UNIVERSITY_PEDAGOGICAL,FULL,B013,,Подготовка учителей биологии,15,GENERAL,76,91,83.0,16
2024,UNIVERSITY_PEDAGOGICAL,FULL,B013,,Подготовка учителей биологии,16,EMERGENCY_REGIONS,84,86,84.5,4
2024,UNIVERSITY_PEDAGOGICAL,FULL,B013,,Подготовка учителей биологии,16,GENERAL,87,107,93.8,9
2024,UNIVERSITY_PEDAGOGICAL,FULL,B013,,Подготовка учителей биологии,16,RURAL,84,86,85.6,7
2024,UNIVERSITY_PEDAGOGICAL,FULL,B013,,Подготовка учителей биологии,31,EMERGENCY_REGIONS,87,94,89.2,4
2024,UNIVERSITY_PEDAGOGICAL,FULL,B013,,Подготовка учителей биологии,31,GENERAL,95,109,100.9,9
2024,UNIVERSITY_PEDAGOGICAL,FULL,B013,,Подготовка учителей биологии,31,RURAL,91,94,92.7,7
2024,UNIVERSITY_PEDAGOGICAL,FULL,B013,,Подготовка учителей биологии,34,GENERAL,89,103,93.5,19
2024,UNIVERSITY_PEDAGOGICAL,FULL,B013,,Подготовка учителей биологии,34,RURAL,83,88,85.3,11
2024,UNIVERSITY_PEDAGOGICAL,FULL,B013,,Подготовка учителей биологии,35,EMERGENCY_REGIONS,80,85,82.5,4
2024,UNIVERSITY_PEDAGOGICAL,FULL,B013,,Подготовка учителей биологии,35,GENERAL,90,97,92.6,9
2024,UNIVERSITY_PEDAGOGICAL,FULL,B013,,Подготовка учителей биологии,35,RURAL,86,88,86.6,7
2024,UNIVERSITY_PEDAGOGICAL,FULL,B013,,Подготовка учителей биологии,36,EMERGENCY_REGIONS,77,84,79.0,4
2024,UNIVERSITY_PEDAGOGICAL,FULL,B013,,Подготовка учителей биологии,36,GENERAL,89,104,95.9,9
2024,UNIVERSITY_PEDAGOGICAL,FULL,B013,,Подготовка учителей биологии,36,RURAL,77,84,80.1,7
2024,UNIVERSITY_PEDAGOGICAL,FULL,B013,,Подготовка учителей биологии,37,GENERAL,96,121,102.7,19
2024,UNIVERSITY_PEDAGOGICAL,FULL,B013,,Подготовка учителей биологии,37,RURAL,90,95,91.5,11
2024,UNIVERSITY_PEDAGOGICAL,FULL,B013,,Подготовка учителей биологии,40,GENERAL,77,113,87.9,23
2024,UNIVERSITY_PEDAGOGICAL,FULL,B013,,Подготовка учителей биологии,42,GENERAL,84,102,90.2,16
2024,UNIVERSITY_PEDAGOGICAL,FULL,B013,,Подготовка учителей биологии,42,RURAL,77,84,79.8,9
2024,UNIVERSITY_PEDAGOGICAL,FULL,B013,,Подготовка учителей биологии,43,GENERAL,89,95,91.8,13
2024,UNIVERSITY_PEDAGOGICAL,FULL,B013,,Подготовка учителей биологии,43,RURAL,80,88,83.7,7
2024,UNIVERSITY_PEDAGOGICAL,FULL,B013,,Подготовка учителей биологии,185,EMERGENCY_REGIONS,95,103,99.8,4
2024,UNIVERSITY_PEDAGOGICAL,FULL,B013,,Подготовка учителей биологии,185,GENERAL,105,116,110.2,8
2024,UNIVERSITY_PEDAGOGICAL,FULL,B013,,Подготовка учителей биологии,185,RURAL,94,102,97.9,7
2024,UNIVERSITY_PEDAGOGICAL,FULL,B013,,Подготовка учителей биологии,196,GENERAL,96,118,102.8,13
2024,UNIVERSITY_PEDAGOGICAL,FULL,B013,,Подготовка учителей биологии,196,RURAL,88,95,90.7,7
2024,UNIVERSITY_PEDAGOGICAL,FULL,B013,,Подготовка учителей биологии,517,GENERAL,84,121,92.2,13
2024,UNIVERSITY_PEDAGOGICAL,FULL,B013,,Подготовка учителей биологии,517,RURAL,76,83,80.4,7
2024,UNIVERSITY_PEDAGOGICAL,FULL,B014,,Подготовка учителей географии,3,EMERGENCY_REGIONS,85,89,87.0,2
2024,UNIVERSITY_PEDAGOGICAL,FULL,B014,,Подготовка учителей географии,3,GENERAL,95,99,97.0,4
2024,UNIVERSITY_PEDAGOGICAL,FULL,B014,,Подготовка учителей географии,3,RURAL,90,95,92.2,4
2024,UNIVERSITY_PEDAGOGICAL,FULL,B014,,Подготовка учителей географии,5,EMERGENCY_REGIONS,99,100,99.5,2
2024,UNIVERSITY_PEDAGOGICAL,FULL,B014,,Подготовка учителей географии,5,GENERAL,101,108,105.8,4
2024,UNIVERSITY_PEDAGOGICAL,FULL,B014,,Подготовка учителей географии,5,RURAL,100,101,100.2,4
2024,UNIVERSITY_PEDAGOGICAL,FULL,B014,,Подготовка учителей географии,8,EMERGENCY_REGIONS,79,82,80.5,4
2024,UNIVERSITY_PEDAGOGICAL,FULL,B014,,Подготовка учителей географии,8,GENERAL,82,96,87.0,9
2024,UNIVERSITY_PEDAGOGICAL,FULL,B014,,Подготовка учителей географии,8,RURAL,77,82,79.9,7
2024,UNIVERSITY_PEDAGOGICAL,FULL,B014,,Подготовка учителей географии,10,EMERGENCY_REGIONS,84,84,84.0,2
2024,UNIVERSITY_PEDAGOGICAL,FULL,B014,,Подготовка учителей географии,10,GENERAL,100,117,107.0,4
2024,UNIVERSITY_PEDAGOGICAL,FULL,B014,,Подготовка учителей географии,10,RURAL,88,92,90.5,4
2024,UNIVERSITY_PEDAGOGICAL,FULL,B014,,Подготовка учителей географии,11,GENERAL,100,115,107.2,6
2024,UNIVERSITY_PEDAGOGICAL,FULL,B014,,Подготовка учителей географии,11,RURAL,92,96,94.0,4
2024,UNIVERSITY_PEDAGOGICAL,FULL,B014,,Подготовка учителей географии,15,GENERAL,92,104,96.0,6
2024,UNIVERSITY_PEDAGOGICAL,FULL,B014,,Подготовка учителей географии,15,RURAL,89,91,90.2,4
2024,UNIVERSITY_PEDAGOGICAL,FULL,B014,,Подготовка учителей географии,16,EMERGENCY_REGIONS,90,91,90.5,2
2024,UNIVERSITY_PEDAGOGICAL,FULL,B014,,Подготовка учителей географии,16,GENERAL,102,114,108.5,4
2024,UNIVERSITY_PEDAGOGICAL,FULL,B014,,Подготовка учителей географии,16,RURAL,88,93,90.0,4
2024,UNIVERSITY_PEDAGOGICAL,FULL,B014,,Подготовка учителей географии,31,EMERGENCY_REGIONS,78,88,83.0,2
2024,UNIVERSITY_PEDAGOGICAL,FULL,B014,,Подготовка учителей географии,31,GENERAL,103,110,105.0,4
2024,UNIVERSITY_PEDAGOGICAL,FULL,B014,,Подготовка учителей географии,31,RURAL,96,101,98.5,4
2024,UNIVERSITY_PEDAGOGICAL,FULL,B014,,Подготовка учителей географии,34,GENERAL,99,115,104.7,6
2024,UNIVERSITY_PEDAGOGICAL,FULL,B014,,Подготовка учителей географии,34,RURAL,95,99,97.0,4
2024,UNIVERSITY_PEDAGOGICAL,FULL,B014,,Подготовка учителей географии,35,EMERGENCY_REGIONS,91,92,91.5,2
2024,UNIVERSITY_PEDAGOGICAL,FULL,B014,,Подготовка учителей географии,35,GENERAL,97,100,98.5,4
2024,UNIVERSITY_PEDAGOGICAL,FULL,B014,,Подготовка учителей географии,35,RURAL,91,97,93.2,4
2024,UNIVERSITY_PEDAGOGICAL,FULL,B014,,Подготовка учителей географии,36,EMERGENCY_REGIONS,92,97,94.5,2
2024,UNIVERSITY_PEDAGOGICAL,FULL,B014,,Подготовка учителей географии,36,GENERAL,98,118,107.2,4
2024,UNIVERSITY_PEDAGOGICAL,FULL,B014,,Подготовка учителей географии,36,RURAL,90,95,92.2,4
2024,UNIVERSITY_PEDAGOGICAL,FULL,B014,,Подготовка учителей географии,37,EMERGENCY_REGIONS,87,91,89.0,2
2024,UNIVERSITY_PEDAGOGICAL,FULL,B014,,Подготовка учителей географии,37,GENERAL,104,115,108.0,4
2024,UNIVERSITY_PEDAGOGICAL,FULL,B014,,Подготовка учителей географии,37,RURAL,101,103,102.0,4
2024,UNIVERSITY_PEDAGOGICAL,FULL,B014,,Подготовка учителей географии,40,EMERGENCY_REGIONS,82,83,82.2,4
2024,UNIVERSITY_PEDAGOGICAL,FULL,B014,,Подготовка учителей географии,40,GENERAL,89,107,96.8,9
2024,UNIVERSITY_PEDAGOGICAL,FULL,B014,,Подготовка учителей географии,40,RURAL,84,89,86.9,7
2024,UNIVERSITY_PEDAGOGICAL,FULL,B014,,Подготовка учителей географии,42,GENERAL,97,120,104.2,6
2024,UNIVERSITY_PEDAGOGICAL,FULL,B014,,Подготовка учителей географии,42,RURAL,89,95,91.5,4
2024,UNIVERSITY_PEDAGOGICAL,FULL,B014,,Подготовка учителей географии,43,GENERAL,100,106,101.8,6
2024,UNIVERSITY_PEDAGOGICAL,FULL,B014,,Подготовка учителей географии,43,RURAL,92,99,95.2,4
2024,UNIVERSITY_PEDAGOGICAL,FULL,B014,,Подготовка учителей географии,141,EMERGENCY_REGIONS,78,78,78.0,2
2024,UNIVERSITY_PEDAGOGICAL,FULL,B014,,Подготовка учителей географии,141,GENERAL,84,99,89.3,11
2024,UNIVERSITY_PEDAGOGICAL,FULL,B014,,Подготовка учителей географии,141,RURAL,76,82,77.7,7
2024,UNIVERSITY_PEDAGOGICAL,FULL,B014,,Подготовка учителей географии,185,EMERGENCY_REGIONS,97,98,97.3,3
2024,UNIVERSITY_PEDAGOGICAL,FULL,B014,,Подготовка учителей географии,185,GENERAL,100,108,101.9,7
2024,UNIVERSITY_PEDAGOGICAL,FULL,B014,,Подготовка учителей географии,185,RURAL,94,97,95.2,5
2024,UNIVERSITY_PEDAGOGICAL,FULL,B014,,Подготовка учителей географии,196,GENERAL,104,121,112.7,6
2024,UNIVERSITY_PEDAGOGICAL,FULL,B014,,Подготовка учителей географии,196,RURAL,95,101,97.2,4
2024,UNIVERSITY_PEDAGOGICAL,FULL,B014,,Подготовка учителей географии,517,GENERAL,99,125,108.2,6
2024,UNIVERSITY_PEDAGOGICAL,FULL,B014,,Подготовка учителей географии,517,RURAL,91,96,92.5,4
2024,UNIVERSITY_PEDAGOGICAL,FULL,B015,,Подготовка учителей по гуманитарным предметам,3,EMERGENCY_REGIONS,90,102,93.8,4
2024,UNIVERSITY_PEDAGOGICAL,FULL,B015,,Подготовка учителей по гуманитарным предметам,3,GENERAL,103,110,107.0,9
2024,UNIVERSITY_PEDAGOGICAL,FULL,B015,,Подготовка учителей по гуманитарным предметам,3,RURAL,95,101,97.7,7
2024,UNIVERSITY_PEDAGOGICAL,FULL,B015,,Подготовка учителей по гуманитарным предметам,5,EMERGENCY_REGIONS,118,118,118.0,2
2024,UNIVERSITY_PEDAGOGICAL,FULL,B015,,Подготовка учителей по гуманитарным предметам,5,GENERAL,120,131,125.5,4
2024,UNIVERSITY_PEDAGOGICAL,FULL,B015,,Подготовка учителей по гуманитарным предметам,5,RURAL,107,116,112.0,4
2024,UNIVERSITY_PEDAGOGICAL,FULL,B015,,Подготовка учителей по гуманитарным предметам,8,EMERGENCY_REGIONS,80,83,81.8,4
2024,UNIVERSITY_PEDAGOGICAL,FULL,B015,,Подготовка учителей по гуманитарным предметам,8,GENERAL,87,98,90.2,9
2024,UNIVERSITY_PEDAGOGICAL,FULL,B015,,Подготовка учителей по гуманитарным предметам,8,RURAL,78,86,80.3,7
2024,UNIVERSITY_PEDAGOGICAL,FULL,B015,,Подготовка учителей по гуманитарным предметам,10,EMERGENCY_REGIONS,93,100,96.5,2
2024,UNIVERSITY_PEDAGOGICAL,FULL,B015,,Подготовка учителей по гуманитарным предметам,10,GENERAL,101,109,104.5,4
2024,UNIVERSITY_PEDAGOGICAL,FULL,B015,,Подготовка учителей по гуманитарным предметам,10,RURAL,93,100,95.5,4
2024,UNIVERSITY_PEDAGOGICAL,FULL,B015,,Подготовка учителей по гуманитарным предметам,11,GENERAL,101,116,104.7,6
2024,UNIVERSITY_PEDAGOGICAL,FULL,B015,,Подготовка учителей по гуманитарным предметам,11,RURAL,95,97,96.0,4
2024,UNIVERSITY_PEDAGOGICAL,FULL,B015,,Подготовка учителей по гуманитарным предметам,15,GENERAL,105,112,108.7,6
2024,UNIVERSITY_PEDAGOGICAL,FULL,B015,,Подготовка учителей по гуманитарным предметам,15,RURAL,98,103,99.8,4
2024,UNIVERSITY_PEDAGOGICAL,FULL,B015,,Подготовка учителей по гуманитарным предметам,16,EMERGENCY_REGIONS,97,100,98.0,4
2024,UNIVERSITY_PEDAGOGICAL,FULL,B015,,Подготовка учителей по гуманитарным предметам,16,GENERAL,100,126,111.8,9
2024,UNIVERSITY_PEDAGOGICAL,FULL,B015,,Подготовка учителей по гуманитарным предметам,16,RURAL,89,100,95.0,7
2024,UNIVERSITY_PEDAGOGICAL,FULL,B015,,Подготовка учителей по гуманитарным предметам,31,EMERGENCY_REGIONS,89,101,93.2,4
2024,UNIVERSITY_PEDAGOGICAL,FULL,B015,,Подготовка учителей по гуманитарным предметам,31,GENERAL,104,114,106.1,9
2024,UNIVERSITY_PEDAGOGICAL,FULL,B015,,Подготовка учителей по гуманитарным предметам,31,RURAL,100,102,100.4,7
2024,UNIVERSITY_PEDAGOGICAL,FULL,B015,,Подготовка учителей по гуманитарным предметам,34,GENERAL,98,129,107.5,13
2024,UNIVERSITY_PEDAGOGICAL,FULL,B015,,Подготовка учителей по гуманитарным предметам,34,RURAL,96,98,96.9,7
2024,UNIVERSITY_PEDAGOGICAL,FULL,B015,,Подготовка учителей по гуманитарным предметам,35,EMERGENCY_REGIONS,102,106,104.0,2
2024,UNIVERSITY_PEDAGOGICAL,FULL,B015,,Подготовка учителей по гуманитарным предметам,35,GENERAL,108,113,110.0,4
2024,UNIVERSITY_PEDAGOGICAL,FULL,B015,,Подготовка учителей по гуманитарным предметам,35,RURAL,99,107,102.8,4
2024,UNIVERSITY_PEDAGOGICAL,FULL,B015,,Подготовка учителей по гуманитарным предметам,36,EMERGENCY_REGIONS,87,90,88.8,4
2024,UNIVERSITY_PEDAGOGICAL,FULL,B015,,Подготовка учителей по гуманитарным предметам,36,GENERAL,94,122,105.2,9
2024,UNIVERSITY_PEDAGOGICAL,FULL,B015,,Подготовка учителей по гуманитарным предметам,36,RURAL,84,92,89.1,7
2024,UNIVERSITY_PEDAGOGICAL,FULL,B015,,Подготовка учителей по гуманитарным предметам,37,GENERAL,118,121,119.0,6
2024,UNIVERSITY_PEDAGOGICAL,FULL,B015,,Подготовка учителей по гуманитарным предметам,37,RURAL,109,118,114.0,4
2024,UNIVERSITY_PEDAGOGICAL,FULL,B015,,Подготовка учителей по гуманитарным предметам,40,EMERGENCY_REGIONS,88,101,94.6,5
2024,UNIVERSITY_PEDAGOGICAL,FULL,B015,,Подготовка учителей по гуманитарным предметам,40,GENERAL,101,112,106.5,11
2024,UNIVERSITY_PEDAGOGICAL,FULL,B015,,Подготовка учителей по гуманитарным предметам,40,RURAL,88,99,93.2,9
2024,UNIVERSITY_PEDAGOGICAL,FULL,B015,,Подготовка учителей по гуманитарным предметам,42,EMERGENCY_REGIONS,80,86,83.0,2
2024,UNIVERSITY_PEDAGOGICAL,FULL,B015,,Подготовка учителей по гуманитарным предметам,42,GENERAL,105,124,117.3,3
2024,UNIVERSITY_PEDAGOGICAL,FULL,B015,,Подготовка учителей по гуманитарным предметам,42,RURAL,90,94,91.8,4
2024,UNIVERSITY_PEDAGOGICAL,FULL,B015,,Подготовка учителей по гуманитарным предметам,43,GENERAL,105,125,115.7,6
2024,UNIVERSITY_PEDAGOGICAL,FULL,B015,,Подготовка учителей по гуманитарным предметам,43,RURAL,94,98,95.5,4
2024,UNIVERSITY_PEDAGOGICAL,FULL,B015,,Подготовка учителей по гуманитарным предметам,141,EMERGENCY_REGIONS,77,80,78.5,2
2024,UNIVERSITY_PEDAGOGICAL,FULL,B015,,Подготовка учителей по гуманитарным предметам,141,GENERAL,87,106,92.5,17
2024,UNIVERSITY_PEDAGOGICAL,FULL,B015,,Подготовка учителей по гуманитарным предметам,141,RURAL,75,84,80.2,11
2024,UNIVERSITY_PEDAGOGICAL,FULL,B015,,Подготовка учителей по гуманитарным предметам,185,EMERGENCY_REGIONS,107,118,111.3,3
2024,UNIVERSITY_PEDAGOGICAL,FULL,B015,,Подготовка учителей по гуманитарным предметам,185,GENERAL,118,137,126.2,6
2024,UNIVERSITY_PEDAGOGICAL,FULL,B015,,Подготовка учителей по гуманитарным предметам,185,RURAL,113,118,116.2,5
2024,UNIVERSITY_PEDAGOGICAL,FULL,B015,,Подготовка учителей по гуманитарным предметам,196,GENERAL,105,115,108.6,13
2024,UNIVERSITY_PEDAGOGICAL,FULL,B015,,Подготовка учителей по гуманитарным предметам,196,RURAL,100,104,101.6,7
2024,UNIVERSITY_PEDAGOGICAL,FULL,B015,,Подготовка учителей по гуманитарным предметам,517,GENERAL,100,123,107.5,10
2024,UNIVERSITY_PEDAGOGICAL,FULL,B015,,Подготовка учителей по гуманитарным предметам,517,RURAL,87,95,90.2,5
2024,UNIVERSITY_PEDAGOGICAL,FULL,B016,,Подготовка учителей казахского языка и литературы,3,EMERGENCY_REGIONS,100,104,101.8,5
2024,UNIVERSITY_PEDAGOGICAL,FULL,B016,,Подготовка учителей казахского языка и литературы,3,GENERAL,113,123,115.6,11
2024,UNIVERSITY_PEDAGOGICAL,FULL,B016,,Подготовка учителей казахского языка и литературы,3,RURAL,106,110,108.1,9
2024,UNIVERSITY_PEDAGOGICAL,FULL,B016,,Подготовка учителей казахского языка и литературы,5,EMERGENCY_REGIONS,112,116,114.0,5
2024,UNIVERSITY_PEDAGOGICAL,FULL,B016,,Подготовка учителей казахского языка и литературы,5,GENERAL,118,130,123.8,11
2024,UNIVERSITY_PEDAGOGICAL,FULL,B016,,Подготовка учителей казахского языка и литературы,5,RURAL,113,116,113.9,9
2024,UNIVERSITY_PEDAGOGICAL,FULL,B016,,Подготовка учителей казахского языка и литературы,8,EMERGENCY_REGIONS,86,92,89.2,5
2024,UNIVERSITY_PEDAGOGICAL,FULL,B016,,Подготовка учителей казахского языка и литературы,8,GENERAL,98,113,102.8,11
2024,UNIVERSITY_PEDAGOGICAL,FULL,B016,,Подготовка учителей казахского языка и литературы,8,RURAL,86,96,92.3,9
2024,UNIVERSITY_PEDAGOGICAL,FULL,B016,,Подготовка учителей казахского языка и литературы,10,EMERGENCY_REGIONS,99,103,100.6,5
2024,UNIVERSITY_PEDAGOGICAL,FULL,B016,,Подготовка учителей казахского языка и литературы,10,GENERAL,109,124,112.4,11
2024,UNIVERSITY_PEDAGOGICAL,FULL,B016,,Подготовка учителей казахского языка и литературы,10,RURAL,102,109,104.8,9
2024,UNIVERSITY_PEDAGOGICAL,FULL,B016,,Подготовка учителей казахского языка и литературы,11,EMERGENCY_REGIONS,82,82,82.0,1
2024,UNIVERSITY_PEDAGOGICAL,FULL,B016,,Подготовка учителей казахского языка и литературы,11,GENERAL,108,129,115.8,12
2024,UNIVERSITY_PEDAGOGICAL,FULL,B016,,Подготовка учителей казахского языка и литературы,11,RURAL,101,108,104.1,7
2024,UNIVERSITY_PEDAGOGICAL,FULL,B016,,Подготовка учителей казахского языка и литературы,15,GENERAL,113,116,114.3,16
2024,UNIVERSITY_PEDAGOGICAL,FULL,B016,,Подготовка учителей казахского языка и литературы,15,RURAL,109,113,109.9,9
2024,UNIVERSITY_PEDAGOGICAL,FULL,B016,,Подготовка учителей казахского языка и литературы,16,EMERGENCY_REGIONS,101,106,103.2,5
2024,UNIVERSITY_PEDAGOGICAL,FULL,B016,,Подготовка учителей казахского языка и литературы,16,GENERAL,107,128,115.6,11
2024,UNIVERSITY_PEDAGOGICAL,FULL,B016,,Подготовка учителей казахского языка и литературы,16,RURAL,97,105,101.1,9
2024,UNIVERSITY_PEDAGOGICAL,FULL,B016,,Подготовка учителей казахского языка и литературы,31,EMERGENCY_REGIONS,92,97,95.2,4
2024,UNIVERSITY_PEDAGOGICAL,FULL,B016,,Подготовка учителей казахского языка и литературы,31,GENERAL,115,122,117.6,9
2024,UNIVERSITY_PEDAGOGICAL,FULL,B016,,Подготовка учителей казахского языка и литературы,31,RURAL,111,115,112.4,7
2024,UNIVERSITY_PEDAGOGICAL,FULL,B016,,Подготовка учителей казахского языка и литературы,34,EMERGENCY_REGIONS,106,106,106.0,1
2024,UNIVERSITY_PEDAGOGICAL,FULL,B016,,Подготовка учителей казахского языка и литературы,34,GENERAL,117,134,123.5,18
2024,UNIVERSITY_PEDAGOGICAL,FULL,B016,,Подготовка учителей казахского языка и литературы,34,RURAL,113,116,114.9,11
2024,UNIVERSITY_PEDAGOGICAL,FULL,B016,,Подготовка учителей казахского языка и литературы,35,EMERGENCY_REGIONS,96,112,103.2,4
2024,UNIVERSITY_PEDAGOGICAL,FULL,B016,,Подготовка учителей казахского языка и литературы,35,GENERAL,112,118,114.2,9
2024,UNIVERSITY_PEDAGOGICAL,FULL,B016,,Подготовка учителей казахского языка и литературы,35,RURAL,110,112,110.4,7
2024,UNIVERSITY_PEDAGOGICAL,FULL,B016,,Подготовка учителей казахского языка и литературы,36,EMERGENCY_REGIONS,99,105,102.0,4
2024,UNIVERSITY_PEDAGOGICAL,FULL,B016,,Подготовка учителей казахского языка и литературы,36,GENERAL,106,128,112.7,9
2024,UNIVERSITY_PEDAGOGICAL,FULL,B016,,Подготовка учителей казахского языка и литературы,36,RURAL,98,105,102.0,7
2024,UNIVERSITY_PEDAGOGICAL,FULL,B016,,Подготовка учителей казахского языка и литературы,37,EMERGENCY_REGIONS,79,106,90.0,5
2024,UNIVERSITY_PEDAGOGICAL,FULL,B016,,Подготовка учителей казахского языка и литературы,37,GENERAL,118,126,122.0,11
2024,UNIVERSITY_PEDAGOGICAL,FULL,B016,,Подготовка учителей казахского языка и литературы,37,RURAL,113,116,114.6,9
2024,UNIVERSITY_PEDAGOGICAL,FULL,B016,,Подготовка учителей казахского языка и литературы,40,EMERGENCY_REGIONS,81,91,86.8,5
2024,UNIVERSITY_PEDAGOGICAL,FULL,B016,,Подготовка учителей казахского языка и литературы,40,GENERAL,100,130,108.1,11
2024,UNIVERSITY_PEDAGOGICAL,FULL,B016,,Подготовка учителей казахского языка и литературы,40,RURAL,85,100,89.1,9
2024,UNIVERSITY_PEDAGOGICAL,FULL,B016,,Подготовка учителей казахского языка и литературы,42,GENERAL,111,136,118.5,16
2024,UNIVERSITY_PEDAGOGICAL,FULL,B016,,Подготовка учителей казахского языка и литературы,42,RURAL,107,111,109.0,9
2024,UNIVERSITY_PEDAGOGICAL,FULL,B016,,Подготовка учителей казахского языка и литературы,43,GENERAL,115,127,117.7,13
2024,UNIVERSITY_PEDAGOGICAL,FULL,B016,,Подготовка учителей казахского языка и литературы,43,RURAL,110,113,111.9,7
2024,UNIVERSITY_PEDAGOGICAL,FULL,B016,,Подготовка учителей казахского языка и литературы,141,EMERGENCY_REGIONS,76,98,86.0,4
2024,UNIVERSITY_PEDAGOGICAL,FULL,B016,,Подготовка учителей казахского языка и литературы,141,GENERAL,103,119,107.7,15
2024,UNIVERSITY_PEDAGOGICAL,FULL,B016,,Подготовка учителей казахского языка и литературы,141,RURAL,95,103,98.5,11
2024,UNIVERSITY_PEDAGOGICAL,FULL,B016,,Подготовка учителей казахского языка и литературы,196,EMERGENCY_REGIONS,87,87,87.0,1
2024,UNIVERSITY_PEDAGOGICAL,FULL,B016,,Подготовка учителей казахского языка и литературы,196,GENERAL,118,130,123.7,12
2024,UNIVERSITY_PEDAGOGICAL,FULL,B016,,Подготовка учителей казахского языка и литературы,196,RURAL,112,116,114.7,7
2024,UNIVERSITY_PEDAGOGICAL,FULL,B016,,Подготовка учителей казахского языка и литературы,517,EMERGENCY_REGIONS,84,106,92.7,3
2024,UNIVERSITY_PEDAGOGICAL,FULL,B016,,Подготовка учителей казахского языка и литературы,517,GENERAL,109,122,116.2,10
2024,UNIVERSITY_PEDAGOGICAL,FULL,B016,,Подготовка учителей казахского языка и литературы,517,RURAL,103,109,105.1,7
2024,UNIVERSITY_PEDAGOGICAL,FULL,B017,,Подготовка учителей русского языка и литературы,3,GENERAL,75,106,87.3,17
2024,UNIVERSITY_PEDAGOGICAL,FULL,B017,,Подготовка учителей русского языка и литературы,5,EMERGENCY_REGIONS,84,89,86.5,4
2024,UNIVERSITY_PEDAGOGICAL,FULL,B017,,Подготовка учителей русского языка и литературы,5,GENERAL,89,118,101.0,9
2024,UNIVERSITY_PEDAGOGICAL,FULL,B017,,Подготовка учителей русского языка и литературы,5,RURAL,84,88,85.9,7
2024,UNIVERSITY_PEDAGOGICAL,FULL,B017,,Подготовка учителей русского языка и литературы,8,GENERAL,75,75,75.0,1
2024,UNIVERSITY_PEDAGOGICAL,FULL,B017,,Подготовка учителей русского языка и литературы,10,EMERGENCY_REGIONS,78,83,80.5,2
2024,UNIVERSITY_PEDAGOGICAL,FULL,B017,,Подготовка учителей русского языка и литературы,10,GENERAL,89,107,94.8,4
2024,UNIVERSITY_PEDAGOGICAL,FULL,B017,,Подготовка учителей русского языка и литературы,10,RURAL,80,89,84.5,4
2024,UNIVERSITY_PEDAGOGICAL,FULL,B017,,Подготовка учителей русского языка и литературы,11,GENERAL,77,113,89.3,20
2024,UNIVERSITY_PEDAGOGICAL,FULL,B017,,Подготовка учителей русского языка и литературы,15,GENERAL,75,114,83.4,17
2024,UNIVERSITY_PEDAGOGICAL,FULL,B017,,Подготовка учителей русского языка и литературы,16,GENERAL,75,120,90.2,21
2024,UNIVERSITY_PEDAGOGICAL,FULL,B017,,Подготовка учителей русского языка и литературы,31,GENERAL,96,106,100.8,6
2024,UNIVERSITY_PEDAGOGICAL,FULL,B017,,Подготовка учителей русского языка и литературы,31,RURAL,86,95,89.8,4
2024,UNIVERSITY_PEDAGOGICAL,FULL,B017,,Подготовка учителей русского языка и литературы,34,GENERAL,78,115,88.6,17
2024,UNIVERSITY_PEDAGOGICAL,FULL,B017,,Подготовка учителей русского языка и литературы,35,EMERGENCY_REGIONS,79,89,84.2,4
2024,UNIVERSITY_PEDAGOGICAL,FULL,B017,,Подготовка учителей русского языка и литературы,35,GENERAL,93,114,101.1,9
2024,UNIVERSITY_PEDAGOGICAL,FULL,B017,,Подготовка учителей русского языка и литературы,35,RURAL,85,93,87.9,7
2024,UNIVERSITY_PEDAGOGICAL,FULL,B017,,Подготовка учителей русского языка и литературы,36,EMERGENCY_REGIONS,89,92,90.2,4
2024,UNIVERSITY_PEDAGOGICAL,FULL,B017,,Подготовка учителей русского языка и литературы,36,GENERAL,100,111,105.1,9
2024,UNIVERSITY_PEDAGOGICAL,FULL,B017,,Подготовка учителей русского языка и литературы,36,RURAL,93,97,95.0,7
2024,UNIVERSITY_PEDAGOGICAL,FULL,B017,,Подготовка учителей русского языка и литературы,37,GENERAL,93,126,104.3,13
2024,UNIVERSITY_PEDAGOGICAL,FULL,B017,,Подготовка учителей русского языка и литературы,37,RURAL,76,90,83.3,7
2024,UNIVERSITY_PEDAGOGICAL,FULL,B017,,Подготовка учителей русского языка и литературы,40,EMERGENCY_REGIONS,85,92,89.7,6
2024,UNIVERSITY_PEDAGOGICAL,FULL,B017,,Подготовка учителей русского языка и литературы,40,GENERAL,98,114,104.0,13
2024,UNIVERSITY_PEDAGOGICAL,FULL,B017,,Подготовка учителей русского языка и литературы,40,RURAL,84,96,89.4,11
2024,UNIVERSITY_PEDAGOGICAL,FULL,B017,,Подготовка учителей русского языка и литературы,42,GENERAL,75,102,85.7,13
2024,UNIVERSITY_PEDAGOGICAL,FULL,B017,,Подготовка учителей русского языка и литературы,43,GENERAL,75,106,90.8,12
2024,UNIVERSITY_PEDAGOGICAL,FULL,B017,,Подготовка учителей русского языка и литературы,141,GENERAL,75,85,80.4,5
2024,UNIVERSITY_PEDAGOGICAL,FULL,B017,,Подготовка учителей русского языка и литературы,185,EMERGENCY_REGIONS,83,85,84.2,4
2024,UNIVERSITY_PEDAGOGICAL,FULL,B017,,Подготовка учителей русского языка и литературы,185,GENERAL,92,125,104.8,9
2024,UNIVERSITY_PEDAGOGICAL,FULL,B017,,Подготовка учителей русского языка и литературы,185,RURAL,86,92,88.1,7
2024,UNIVERSITY_PEDAGOGICAL,FULL,B017,,Подготовка учителей русского языка и литературы,196,GENERAL,92,119,102.2,13
2024,UNIVERSITY_PEDAGOGICAL,FULL,B017,,Подготовка учителей русского языка и литературы,196,RURAL,83,91,86.7,7
2024,UNIVERSITY_PEDAGOGICAL,FULL,B017,,Подготовка учителей русского языка и литературы,517,EMERGENCY_REGIONS,76,76,76.0,1
2024,UNIVERSITY_PEDAGOGICAL,FULL,B017,,Подготовка учителей русского языка и литературы,517,GENERAL,85,103,90.0,13
2024,UNIVERSITY_PEDAGOGICAL,FULL,B017,,Подготовка учителей русского языка и литературы,517,RURAL,76,83,79.3,6
2024,UNIVERSITY_PEDAGOGICAL,FULL,B018,,Подготовка учителей иностранного языка,3,EMERGENCY_REGIONS,111,112,111.2,4
2024,UNIVERSITY_PEDAGOGICAL,FULL,B018,,Подготовка учителей иностранного языка,3,GENERAL,116,120,118.7,9
2024,UNIVERSITY_PEDAGOGICAL,FULL,B018,,Подготовка учителей иностранного языка,3,RURAL,106,116,110.3,7
2024,UNIVERSITY_PEDAGOGICAL,FULL,B018,,Подготовка учителей иностранного языка,5,EMERGENCY_REGIONS,114,116,114.8,4
2024,UNIVERSITY_PEDAGOGICAL,FULL,B018,,Подготовка учителей иностранного языка,5,GENERAL,118,123,119.3,9
2024,UNIVERSITY_PEDAGOGICAL,FULL,B018,,Подготовка учителей иностранного языка,5,RURAL,112,118,113.9,7
2024,UNIVERSITY_PEDAGOGICAL,FULL,B018,,Подготовка учителей иностранного языка,8,EMERGENCY_REGIONS,100,102,101.2,5
2024,UNIVERSITY_PEDAGOGICAL,FULL,B018,,Подготовка учителей иностранного языка,8,GENERAL,103,111,106.8,11
2024,UNIVERSITY_PEDAGOGICAL,FULL,B018,,Подготовка учителей иностранного языка,8,RURAL,94,102,97.7,9
2024,UNIVERSITY_PEDAGOGICAL,FULL,B018,,Подготовка учителей иностранного языка,10,EMERGENCY_REGIONS,99,107,103.0,4
2024,UNIVERSITY_PEDAGOGICAL,FULL,B018,,Подготовка учителей иностранного языка,10,GENERAL,111,116,113.7,9
2024,UNIVERSITY_PEDAGOGICAL,FULL,B018,,Подготовка учителей иностранного языка,10,RURAL,100,105,102.1,7
2024,UNIVERSITY_PEDAGOGICAL,FULL,B018,,Подготовка учителей иностранного языка,11,EMERGENCY_REGIONS,75,89,79.0,4
2024,UNIVERSITY_PEDAGOGICAL,FULL,B018,,Подготовка учителей иностранного языка,11,GENERAL,115,122,117.7,9
2024,UNIVERSITY_PEDAGOGICAL,FULL,B018,,Подготовка учителей иностранного языка,11,RURAL,109,113,110.4,7
2024,UNIVERSITY_PEDAGOGICAL,FULL,B018,,Подготовка учителей иностранного языка,15,EMERGENCY_REGIONS,94,106,100.0,2
2024,UNIVERSITY_PEDAGOGICAL,FULL,B018,,Подготовка учителей иностранного языка,15,GENERAL,114,128,117.6,11
2024,UNIVERSITY_PEDAGOGICAL,FULL,B018,,Подготовка учителей иностранного языка,15,RURAL,112,114,113.3,7
2024,UNIVERSITY_PEDAGOGICAL,FULL,B018,,Подготовка учителей иностранного языка,16,EMERGENCY_REGIONS,110,112,111.0,4
2024,UNIVERSITY_PEDAGOGICAL,FULL,B018,,Подготовка учителей иностранного языка,16,GENERAL,113,132,118.2,9
2024,UNIVERSITY_PEDAGOGICAL,FULL,B018,,Подготовка учителей иностранного языка,16,RURAL,109,112,111.0,7
2024,UNIVERSITY_PEDAGOGICAL,FULL,B018,,Подготовка учителей иностранного языка,31,EMERGENCY_REGIONS,106,111,108.5,4
2024,UNIVERSITY_PEDAGOGICAL,FULL,B018,,Подготовка учителей иностранного языка,31,GENERAL,119,128,121.7,9
2024,UNIVERSITY_PEDAGOGICAL,FULL,B018,,Подготовка учителей иностранного языка,31,RURAL,114,118,115.0,7
2024,UNIVERSITY_PEDAGOGICAL,FULL,B018,,Подготовка учителей иностранного языка,34,EMERGENCY_REGIONS,94,103,98.5,2
2024,UNIVERSITY_PEDAGOGICAL,FULL,B018,,Подготовка учителей иностранного языка,34,GENERAL,117,134,121.7,11
2024,UNIVERSITY_PEDAGOGICAL,FULL,B018,,Подготовка учителей иностранного языка,34,RURAL,111,117,112.9,7
2024,UNIVERSITY_PEDAGOGICAL,FULL,B018,,Подготовка учителей иностранного языка,35,EMERGENCY_REGIONS,114,116,115.2,4
2024,UNIVERSITY_PEDAGOGICAL,FULL,B018,,Подготовка учителей иностранного языка,35,GENERAL,118,121,118.8,9
2024,UNIVERSITY_PEDAGOGICAL,FULL,B018,,Подготовка учителей иностранного языка,35,RURAL,111,115,112.1,7
2024,UNIVERSITY_PEDAGOGICAL,FULL,B018,,Подготовка учителей иностранного языка,36,EMERGENCY_REGIONS,108,112,110.8,4
2024,UNIVERSITY_PEDAGOGICAL,FULL,B018,,Подготовка учителей иностранного языка,36,GENERAL,112,123,115.8,9
2024,UNIVERSITY_PEDAGOGICAL,FULL,B018,,Подготовка учителей иностранного языка,36,RURAL,108,110,109.1,7
2024,UNIVERSITY_PEDAGOGICAL,FULL,B018,,Подготовка учителей иностранного языка,37,EMERGENCY_REGIONS,99,113,105.2,4
2024,UNIVERSITY_PEDAGOGICAL,FULL,B018,,Подготовка учителей иностранного языка,37,GENERAL,124,130,126.7,9
2024,UNIVERSITY_PEDAGOGICAL,FULL,B018,,Подготовка учителей иностранного языка,37,RURAL,114,119,115.6,7
2024,UNIVERSITY_PEDAGOGICAL,FULL,B018,,Подготовка учителей иностранного языка,42,EMERGENCY_REGIONS,79,91,86.8,4
2024,UNIVERSITY_PEDAGOGICAL,FULL,B018,,Подготовка учителей иностранного языка,42,GENERAL,114,121,117.0,9
2024,UNIVERSITY_PEDAGOGICAL,FULL,B018,,Подготовка учителей иностранного языка,42,RURAL,107,114,109.7,7
2024,UNIVERSITY_PEDAGOGICAL,FULL,B018,,Подготовка учителей иностранного языка,43,EMERGENCY_REGIONS,79,89,84.0,2
2024,UNIVERSITY_PEDAGOGICAL,FULL,B018,,Подготовка учителей иностранного языка,43,GENERAL,117,124,119.8,12
2024,UNIVERSITY_PEDAGOGICAL,FULL,B018,,Подготовка учителей иностранного языка,43,RURAL,111,115,113.3,7
2024,UNIVERSITY_PEDAGOGICAL,FULL,B018,,Подготовка учителей иностранного языка,141,EMERGENCY_REGIONS,90,94,92.7,6
2024,UNIVERSITY_PEDAGOGICAL,FULL,B018,,Подготовка учителей иностранного языка,141,GENERAL,108,113,110.1,13
2024,UNIVERSITY_PEDAGOGICAL,FULL,B018,,Подготовка учителей иностранного языка,141,RURAL,95,107,100.7,11
2024,UNIVERSITY_PEDAGOGICAL,FULL,B018,,Подготовка учителей иностранного языка,185,EMERGENCY_REGIONS,116,116,116.0,2
2024,UNIVERSITY_PEDAGOGICAL,FULL,B018,,Подготовка учителей иностранного языка,185,GENERAL,122,131,124.2,4
2024,UNIVERSITY_PEDAGOGICAL,FULL,B018,,Подготовка учителей иностранного языка,185,RURAL,115,115,115.0,4
2024,UNIVERSITY_PEDAGOGICAL,FULL,B018,,Подготовка учителей иностранного языка,196,EMERGENCY_REGIONS,93,93,93.0,1
2024,UNIVERSITY_PEDAGOGICAL,FULL,B018,,Подготовка учителей иностранного языка,196,GENERAL,120,126,122.3,9
2024,UNIVERSITY_PEDAGOGICAL,FULL,B018,,Подготовка учителей иностранного языка,196,RURAL,114,119,115.2,5
2024,UNIVERSITY_PEDAGOGICAL,FULL,B018,,Подготовка учителей иностранного языка,517,EMERGENCY_REGIONS,100,108,104.5,4
2024,UNIVERSITY_PEDAGOGICAL,FULL,B018,,Подготовка учителей иностранного языка,517,GENERAL,117,127,120.9,9
2024,UNIVERSITY_PEDAGOGICAL,FULL,B018,,Подготовка учителей иностранного языка,517,RURAL,107,113,110.1,7
2024,UNIVERSITY_PEDAGOGICAL,FULL,B019,,Подготовка социальных педагогов,16,GENERAL,76,80,78.0,8
2024,UNIVERSITY_PEDAGOGICAL,FULL,B019,,Подготовка социальных педагогов,31,GENERAL,77,86,80.6,7
2024,UNIVERSITY_PEDAGOGICAL,FULL,B019,,Подготовка социальных педагогов,35,GENERAL,83,115,99.0,2
2024,UNIVERSITY_PEDAGOGICAL,FULL,B019,,Подготовка социальных педагогов,43,GENERAL,75,75,75.0,3
2024,UNIVERSITY_PEDAGOGICAL,FULL,B019,,Подготовка социальных педагогов,196,GENERAL,80,90,83.6,13
2024,UNIVERSITY_PEDAGOGICAL,FULL,B019,,Подготовка социальных педагогов,196,RURAL,76,79,77.2,6
2024,UNIVERSITY_PEDAGOGICAL,FULL,B019,,Подготовка социальных педагогов,517,GENERAL,76,89,79.5,6
2024,UNIVERSITY_PEDAGOGICAL,FULL,B020,,Специальная педагогика,3,GENERAL,75,99,79.6,25
2024,UNIVERSITY_PEDAGOGICAL,FULL,B020,,Специальная педагогика,5,EMERGENCY_REGIONS,85,89,86.5,4
2024,UNIVERSITY_PEDAGOGICAL,FULL,B020,,Специальная педагогика,5,GENERAL,91,118,98.9,9
2024,UNIVERSITY_PEDAGOGICAL,FULL,B020,,Специальная педагогика,5,RURAL,85,88,86.7,7
2024,UNIVERSITY_PEDAGOGICAL,FULL,B020,,Специальная педагогика,7,EMERGENCY_REGIONS,75,111,96.0,26
2024,UNIVERSITY_PEDAGOGICAL,FULL,B020,,Специальная педагогика,7,GENERAL,75,135,101.7,205
2024,UNIVERSITY_PEDAGOGICAL,FULL,B020,,Специальная педагогика,7,RURAL,75,113,95.4,61
2024,UNIVERSITY_PEDAGOGICAL,FULL,B020,,Специальная педагогика,10,GENERAL,75,98,84.4,8
2024,UNIVERSITY_PEDAGOGICAL,FULL,B020,,Специальная педагогика,11,GENERAL,86,96,89.8,13
2024,UNIVERSITY_PEDAGOGICAL,FULL,B020,,Специальная педагогика,11,RURAL,76,85,80.1,7
2024,UNIVERSITY_PEDAGOGICAL,FULL,B020,,Специальная педагогика,15,GENERAL,77,99,83.8,18
2024,UNIVERSITY_PEDAGOGICAL,FULL,B020,,Специальная педагогика,15,RURAL,76,76,76.0,1
2024,UNIVERSITY_PEDAGOGICAL,FULL,B020,,Специальная педагогика,31,EMERGENCY_REGIONS,88,88,88.0,1
2024,UNIVERSITY_PEDAGOGICAL,FULL,B020,,Специальная педагогика,31,GENERAL,91,108,99.3,9
2024,UNIVERSITY_PEDAGOGICAL,FULL,B020,,Специальная педагогика,31,RURAL,83,89,86.0,5
2024,UNIVERSITY_PEDAGOGICAL,FULL,B020,,Специальная педагогика,36,EMERGENCY_REGIONS,78,83,80.2,4
2024,UNIVERSITY_PEDAGOGICAL,FULL,B020,,Специальная педагогика,36,GENERAL,85,112,97.4,9
2024,UNIVERSITY_PEDAGOGICAL,FULL,B020,,Специальная педагогика,36,RURAL,79,85,82.0,7
2024,UNIVERSITY_PEDAGOGICAL,FULL,B020,,Специальная педагогика,43,GENERAL,82,110,87.7,13
2024,UNIVERSITY_PEDAGOGICAL,FULL,B020,,Специальная педагогика,43,RURAL,75,81,77.3,7
2024,UNIVERSITY_PEDAGOGICAL,FULL,B020,,Специальная педагогика,196,GENERAL,90,115,95.9,13
2024,UNIVERSITY_PEDAGOGICAL,FULL,B020,,Специальная педагогика,196,RURAL,87,88,87.3,7
2024,UNIVERSITY_PEDAGOGICAL,FULL,B020,,Специальная педагогика,517,GENERAL,85,129,98.5,12
2024,UNIVERSITY_PEDAGOGICAL,FULL,B020,,Специальная педагогика,517,RURAL,75,81,77.5,6
2024,UNIVERSITY_TECHNICAL,FULL,B050,,Биологические и смежные науки,5,EMERGENCY_REGIONS,81,82,81.8,4
2024,UNIVERSITY_TECHNICAL,FULL,B050,,Биологические и смежные науки,5,GENERAL,82,99,86.7,16
2024,UNIVERSITY_TECHNICAL,FULL,B050,,Биологические и смежные науки,10,EMERGENCY_REGIONS,56,60,57.7,6
2024,UNIVERSITY_TECHNICAL,FULL,B050,,Биологические и смежные науки,10,GENERAL,61,82,67.3,24
2024,UNIVERSITY_TECHNICAL,FULL,B050,,Биологические и смежные науки,32,EMERGENCY_REGIONS,68,68,68.0,1
2024,UNIVERSITY_TECHNICAL,FULL,B050,,Биологические и смежные науки,32,GENERAL,68,105,77.3,19
2024,UNIVERSITY_TECHNICAL,FULL,B050,,Биологические и смежные науки,35,EMERGENCY_REGIONS,69,71,69.8,6
2024,UNIVERSITY_TECHNICAL,FULL,B050,,Биологические и смежные науки,35,GENERAL,71,90,77.9,24
2024,UNIVERSITY_TECHNICAL,FULL,B050,,Биологические и смежные науки,36,EMERGENCY_REGIONS,62,68,64.2,4
2024,UNIVERSITY_TECHNICAL,FULL,B050,,Биологические и смежные науки,36,GENERAL,69,101,79.7,16
2024,UNIVERSITY_TECHNICAL,FULL,B050,,Биологические и смежные науки,38,GENERAL,66,116,84.9,15
2024,UNIVERSITY_TECHNICAL,FULL,B050,,Биологические и смежные науки,42,GENERAL,69,84,74.7,20
2024,UNIVERSITY_TECHNICAL,FULL,B050,,Биологические и смежные науки,45,EMERGENCY_REGIONS,58,58,58.0,1
2024,UNIVERSITY_TECHNICAL,FULL,B050,,Биологические и смежные науки,45,GENERAL,68,95,77.5,59
2024,UNIVERSITY_TECHNICAL,FULL,B050,,Биологические и смежные науки,141,EMERGENCY_REGIONS,52,62,57.3,3
2024,UNIVERSITY_TECHNICAL,FULL,B050,,Биологические и смежные науки,141,GENERAL,62,82,67.2,37
2024,UNIVERSITY_TECHNICAL,FULL,B051,,Окружающая среда,3,EMERGENCY_REGIONS,69,70,69.5,2
2024,UNIVERSITY_TECHNICAL,FULL,B051,,Окружающая среда,3,GENERAL,73,81,76.1,8
2024,UNIVERSITY_TECHNICAL,FULL,B051,,Окружающая среда,5,EMERGENCY_REGIONS,73,73,73.0,3
2024,UNIVERSITY_TECHNICAL,FULL,B051,,Окружающая среда,5,GENERAL,74,89,77.8,12
2024,UNIVERSITY_TECHNICAL,FULL,B051,,Окружающая среда,10,EMERGENCY_REGIONS,65,66,65.6,8
2024,UNIVERSITY_TECHNICAL,FULL,B051,,Окружающая среда,10,GENERAL,67,78,70.2,32
2024,UNIVERSITY_TECHNICAL,FULL,B051,,Окружающая среда,35,EMERGENCY_REGIONS,68,71,69.2,6
2024,UNIVERSITY_TECHNICAL,FULL,B051,,Окружающая среда,35,GENERAL,71,92,74.3,24
2024,UNIVERSITY_TECHNICAL,FULL,B051,,Окружающая среда,36,EMERGENCY_REGIONS,73,76,74.2,4
2024,UNIVERSITY_TECHNICAL,FULL,B051,,Окружающая среда,36,GENERAL,77,110,83.8,16
2024,UNIVERSITY_TECHNICAL,FULL,B051,,Окружающая среда,38,GENERAL,74,104,83.0,10
2024,UNIVERSITY_TECHNICAL,FULL,B051,,Окружающая среда,42,GENERAL,68,75,70.3,20
2024,UNIVERSITY_TECHNICAL,FULL,B052,,Наука о земле,5,EMERGENCY_REGIONS,81,81,81.0,2
2024,UNIVERSITY_TECHNICAL,FULL,B052,,Наука о земле,5,GENERAL,83,107,92.8,16
2024,UNIVERSITY_TECHNICAL,FULL,B052,,Наука о земле,29,EMERGENCY_REGIONS,66,75,72.6,7
2024,UNIVERSITY_TECHNICAL,FULL,B052,,Наука о земле,29,GENERAL,84,111,95.8,43
2024,UNIVERSITY_TECHNICAL,FULL,B052,,Наука о земле,38,GENERAL,83,115,100.5,10
2024,UNIVERSITY_TECHNICAL,FULL,B052,,Наука о земле,45,GENERAL,77,113,91.1,10
2024,UNIVERSITY_TECHNICAL,FULL,B053,,Химия,5,EMERGENCY_REGIONS,76,78,77.0,4
2024,UNIVERSITY_TECHNICAL,FULL,B053,,Химия,5,GENERAL,79,94,83.9,16
2024,UNIVERSITY_TECHNICAL,FULL,B053,,Химия,10,EMERGENCY_REGIONS,58,60,58.8,8
2024,UNIVERSITY_TECHNICAL,FULL,B053,,Химия,10,GENERAL,60,83,66.4,32
2024,UNIVERSITY_TECHNICAL,FULL,B053,,Химия,36,GENERAL,53,75,63.7,15
2024,UNIVERSITY_TECHNICAL,FULL,B053,,Химия,38,GENERAL,76,84,78.1,10
2024,UNIVERSITY_TECHNICAL,FULL,B053,,Химия,42,EMERGENCY_REGIONS,63,63,63.0,1
2024,UNIVERSITY_TECHNICAL,FULL,B053,,Химия,42,GENERAL,63,74,68.1,24
2024,UNIVERSITY_TECHNICAL,FULL,B053,,Химия,45,EMERGENCY_REGIONS,59,62,60.5,2
2024,UNIVERSITY_TECHNICAL,FULL,B053,,Химия,45,GENERAL,87,98,92.9,8
2024,UNIVERSITY_TECHNICAL,FULL,B054,,Физика,5,EMERGENCY_REGIONS,72,75,74.2,4
2024,UNIVERSITY_TECHNICAL,FULL,B054,,Физика,5,GENERAL,76,108,84.1,16
2024,UNIVERSITY_TECHNICAL,FULL,B054,,Физика,10,EMERGENCY_REGIONS,52,52,52.0,1
2024,UNIVERSITY_TECHNICAL,FULL,B054,,Физика,10,GENERAL,52,91,60.4,36
2024,UNIVERSITY_TECHNICAL,FULL,B054,,Физика,12,GENERAL,50,113,76.0,20
2024,UNIVERSITY_TECHNICAL,FULL,B054,,Физика,35,GENERAL,50,78,62.7,29
2024,UNIVERSITY_TECHNICAL,FULL,B054,,Физика,36,GENERAL,50,87,64.2,15
2024,UNIVERSITY_TECHNICAL,FULL,B054,,Физика,38,GENERAL,75,95,81.1,10
2024,UNIVERSITY_TECHNICAL,FULL,B054,,Физика,42,GENERAL,53,107,67.0,15
2024,UNIVERSITY_TECHNICAL,FULL,B054,,Физика,45,GENERAL,85,103,91.4,10
2024,UNIVERSITY_TECHNICAL,FULL,B055,,Математика и статистика,5,EMERGENCY_REGIONS,88,89,88.3,3
2024,UNIVERSITY_TECHNICAL,FULL,B055,,Математика и статистика,5,GENERAL,89,104,94.1,12
2024,UNIVERSITY_TECHNICAL,FULL,B055,,Математика и статистика,10,EMERGENCY_REGIONS,53,59,56.0,8
2024,UNIVERSITY_TECHNICAL,FULL,B055,,Математика и статистика,10,GENERAL,60,111,70.3,32
2024,UNIVERSITY_TECHNICAL,FULL,B055,,Математика и статистика,36,EMERGENCY_REGIONS,50,57,53.8,4
2024,UNIVERSITY_TECHNICAL,FULL,B055,,Математика и статистика,36,GENERAL,58,111,71.2,16
2024,UNIVERSITY_TECHNICAL,FULL,B055,,Математика и статистика,38,GENERAL,70,84,75.8,10
2024,UNIVERSITY_TECHNICAL,FULL,B055,,Математика и статистика,45,EMERGENCY_REGIONS,90,90,90.0,1
2024,UNIVERSITY_TECHNICAL,FULL,B055,,Математика и статистика,45,GENERAL,97,113,103.3,24
2024,UNIVERSITY_TECHNICAL,FULL,B056,,Механика,38,GENERAL,50,68,54.4,9
2024,UNIVERSITY_TECHNICAL,FULL,B057,,Информационные технологии,10,EMERGENCY_REGIONS,59,68,62.4,8
2024,UNIVERSITY_TECHNICAL,FULL,B057,,Информационные технологии,10,GENERAL,75,115,83.3,18
2024,UNIVERSITY_TECHNICAL,FULL,B057,,Информационные технологии,10,RURAL,60,73,65.9,14
2024,UNIVERSITY_TECHNICAL,FULL,B057,,Информационные технологии,34,EMERGENCY_REGIONS,50,64,57.5,4
2024,UNIVERSITY_TECHNICAL,FULL,B057,,Информационные технологии,34,GENERAL,78,115,89.6,28
2024,UNIVERSITY_TECHNICAL,FULL,B057,,Информационные технологии,34,RURAL,68,75,71.5,18
2024,UNIVERSITY_TECHNICAL,FULL,B058,,Информационная безопасность,34,EMERGENCY_REGIONS,60,64,61.4,5
2024,UNIVERSITY_TECHNICAL,FULL,B058,,Информационная безопасность,34,GENERAL,75,98,79.0,20
2024,UNIVERSITY_TECHNICAL,FULL,B060,,Химическая инженерия и процессы,3,GENERAL,50,63,55.7,3
2024,UNIVERSITY_TECHNICAL,FULL,B060,,Химическая инженерия и процессы,9,GENERAL,57,89,64.6,5
2024,UNIVERSITY_TECHNICAL,FULL,B060,,Химическая инженерия и процессы,32,GENERAL,58,92,75.0,2
2024,UNIVERSITY_TECHNICAL,FULL,B060,,Химическая инженерия и процессы,33,GENERAL,50,50,50.0,1
2024,UNIVERSITY_TECHNICAL,FULL,B060,,Химическая инженерия и процессы,38,GENERAL,58,98,78.0,2
2024,UNIVERSITY_TECHNICAL,FULL,B060,,Химическая инженерия и процессы,43,GENERAL,52,52,52.0,1
2024,UNIVERSITY_TECHNICAL,FULL,B060,,Химическая инженерия и процессы,45,GENERAL,52,59,54.6,5
2024,UNIVERSITY_TECHNICAL,FULL,B062,,Электротехника и энергетика,3,EMERGENCY_REGIONS,50,58,53.8,4
2024,UNIVERSITY_TECHNICAL,FULL,B062,,Электротехника и энергетика,3,GENERAL,67,93,78.8,15
2024,UNIVERSITY_TECHNICAL,FULL,B062,,Электротехника и энергетика,3,RURAL,60,66,62.4,11
2024,UNIVERSITY_TECHNICAL,FULL,B062,,Электротехника и энергетика,5,EMERGENCY_REGIONS,82,88,85.0,2
2024,UNIVERSITY_TECHNICAL,FULL,B062,,Электротехника и энергетика,5,GENERAL,95,102,99.8,4
2024,UNIVERSITY_TECHNICAL,FULL,B062,,Электротехника и энергетика,5,RURAL,83,91,85.5,4
2024,UNIVERSITY_TECHNICAL,FULL,B062,,Электротехника и энергетика,9,EMERGENCY_REGIONS,52,59,55.7,7
2024,UNIVERSITY_TECHNICAL,FULL,B062,,Электротехника и энергетика,9,GENERAL,59,101,69.1,16
2024,UNIVERSITY_TECHNICAL,FULL,B062,,Электротехника и энергетика,9,RURAL,51,59,54.6,12
2024,UNIVERSITY_TECHNICAL,FULL,B062,,Электротехника и энергетика,12,EMERGENCY_REGIONS,58,58,58.0,1
2024,UNIVERSITY_TECHNICAL,FULL,B062,,Электротехника и энергетика,12,GENERAL,61,92,71.4,18
2024,UNIVERSITY_TECHNICAL,FULL,B062,,Электротехника и энергетика,12,RURAL,51,59,54.6,7
2024,UNIVERSITY_TECHNICAL,FULL,B062,,Электротехника и энергетика,32,EMERGENCY_REGIONS,65,65,65.0,1
2024,UNIVERSITY_TECHNICAL,FULL,B062,,Электротехника и энергетика,32,GENERAL,75,108,85.4,21
2024,UNIVERSITY_TECHNICAL,FULL,B062,,Электротехника и энергетика,32,RURAL,59,66,62.0,11
2024,UNIVERSITY_TECHNICAL,FULL,B062,,Электротехника и энергетика,33,GENERAL,50,82,57.4,11
2024,UNIVERSITY_TECHNICAL,FULL,B062,,Электротехника и энергетика,34,EMERGENCY_REGIONS,68,68,68.0,1
2024,UNIVERSITY_TECHNICAL,FULL,B062,,Электротехника и энергетика,34,GENERAL,70,90,79.1,12
2024,UNIVERSITY_TECHNICAL,FULL,B062,,Электротехника и энергетика,34,RURAL,61,67,63.7,7
2024,UNIVERSITY_TECHNICAL,FULL,B062,,Электротехника и энергетика,36,EMERGENCY_REGIONS,53,74,61.6,5
2024,UNIVERSITY_TECHNICAL,FULL,B062,,Электротехника и энергетика,36,GENERAL,76,94,84.5,11
2024,UNIVERSITY_TECHNICAL,FULL,B062,,Электротехника и энергетика,36,RURAL,51,61,54.6,9
2024,UNIVERSITY_TECHNICAL,FULL,B062,,Электротехника и энергетика,38,EMERGENCY_REGIONS,72,72,72.0,1
2024,UNIVERSITY_TECHNICAL,FULL,B062,,Электротехника и энергетика,38,GENERAL,72,109,85.4,12
2024,UNIVERSITY_TECHNICAL,FULL,B062,,Электротехника и энергетика,38,RURAL,62,65,63.4,7
2024,UNIVERSITY_TECHNICAL,FULL,B062,,Электротехника и энергетика,39,GENERAL,58,116,83.4,5
2024,UNIVERSITY_TECHNICAL,FULL,B062,,Электротехника и энергетика,42,GENERAL,54,60,56.0,3
2024,UNIVERSITY_TECHNICAL,FULL,B062,,Электротехника и энергетика,45,EMERGENCY_REGIONS,60,60,60.0,1
2024,UNIVERSITY_TECHNICAL,FULL,B062,,Электротехника и энергетика,45,GENERAL,85,117,94.4,12
2024,UNIVERSITY_TECHNICAL,FULL,B062,,Электротехника и энергетика,45,RURAL,70,83,75.1,7
2024,UNIVERSITY_TECHNICAL,FULL,B063,,Электротехника и автоматизация,3,GENERAL,50,93,59.3,23
2024,UNIVERSITY_TECHNICAL,FULL,B063,,Электротехника и автоматизация,5,EMERGENCY_REGIONS,68,69,68.2,4
2024,UNIVERSITY_TECHNICAL,FULL,B063,,Электротехника и автоматизация,5,GENERAL,70,98,79.4,16
2024,UNIVERSITY_TECHNICAL,FULL,B063,,Электротехника и автоматизация,9,EMERGENCY_REGIONS,54,60,56.4,7
2024,UNIVERSITY_TECHNICAL,FULL,B063,,Электротехника и автоматизация,9,GENERAL,60,106,74.1,28
2024,UNIVERSITY_TECHNICAL,FULL,B063,,Электротехника и автоматизация,12,GENERAL,53,124,75.8,15
2024,UNIVERSITY_TECHNICAL,FULL,B063,,Электротехника и автоматизация,32,GENERAL,70,110,82.1,30
2024,UNIVERSITY_TECHNICAL,FULL,B063,,Электротехника и автоматизация,33,GENERAL,52,67,56.2,5
2024,UNIVERSITY_TECHNICAL,FULL,B063,,Электротехника и автоматизация,34,GENERAL,62,101,77.2,30
2024,UNIVERSITY_TECHNICAL,FULL,B063,,Электротехника и автоматизация,38,GENERAL,56,102,72.6,20
2024,UNIVERSITY_TECHNICAL,FULL,B063,,Электротехника и автоматизация,39,GENERAL,59,80,72.0,4
2024,UNIVERSITY_TECHNICAL,FULL,B063,,Электротехника и автоматизация,42,GENERAL,50,76,61.2,14
2024,UNIVERSITY_TECHNICAL,FULL,B063,,Электротехника и автоматизация,45,GENERAL,75,99,83.5,15
2024,UNIVERSITY_TECHNICAL,FULL,B064,,Механика и металлообработка,3,GENERAL,50,104,63.9,16
2024,UNIVERSITY_TECHNICAL,FULL,B064,,Механика и металлообработка,12,GENERAL,51,100,62.7,30
2024,UNIVERSITY_TECHNICAL,FULL,B064,,Механика и металлообработка,32,GENERAL,55,105,64.6,30
2024,UNIVERSITY_TECHNICAL,FULL,B064,,Механика и металлообработка,33,GENERAL,53,53,53.0,1
2024,UNIVERSITY_TECHNICAL,FULL,B064,,Механика и металлообработка,34,GENERAL,50,85,58.7,18
2024,UNIVERSITY_TECHNICAL,FULL,B064,,Механика и металлообработка,35,GENERAL,53,89,63.8,8
2024,UNIVERSITY_TECHNICAL,FULL,B064,,Механика и металлообработка,36,EMERGENCY_REGIONS,58,60,59.2,5
2024,UNIVERSITY_TECHNICAL,FULL,B064,,Механика и металлообработка,36,GENERAL,61,99,75.2,20
2024,UNIVERSITY_TECHNICAL,FULL,B064,,Механика и металлообработка,38,GENERAL,50,72,57.0,14
2024,UNIVERSITY_TECHNICAL,FULL,B064,,Механика и металлообработка,42,GENERAL,50,56,52.2,18
2024,UNIVERSITY_TECHNICAL,FULL,B064,,Механика и металлообработка,45,GENERAL,58,87,64.1,15
2024,UNIVERSITY_TECHNICAL,FULL,B065,,Транспортная техника и технологии,3,GENERAL,50,70,57.7,10
2024,UNIVERSITY_TECHNICAL,FULL,B065,,Транспортная техника и технологии,5,EMERGENCY_REGIONS,55,58,56.8,4
2024,UNIVERSITY_TECHNICAL,FULL,B065,,Транспортная техника и технологии,5,GENERAL,58,91,66.2,11
2024,UNIVERSITY_TECHNICAL,FULL,B065,,Транспортная техника и технологии,5,RURAL,55,57,55.6,5
2024,UNIVERSITY_TECHNICAL,FULL,B065,,Транспортная техника и технологии,9,GENERAL,52,55,52.8,5
2024,UNIVERSITY_TECHNICAL,FULL,B065,,Транспортная техника и технологии,12,GENERAL,50,93,61.0,18
2024,UNIVERSITY_TECHNICAL,FULL,B065,,Транспортная техника и технологии,32,GENERAL,54,83,62.8,23
2024,UNIVERSITY_TECHNICAL,FULL,B065,,Транспортная техника и технологии,32,RURAL,50,53,51.3,3
2024,UNIVERSITY_TECHNICAL,FULL,B065,,Транспортная техника и технологии,33,GENERAL,50,53,51.5,2
2024,UNIVERSITY_TECHNICAL,FULL,B065,,Транспортная техника и технологии,34,GENERAL,53,69,59.5,13
2024,UNIVERSITY_TECHNICAL,FULL,B065,,Транспортная техника и технологии,34,RURAL,51,52,51.7,3
2024,UNIVERSITY_TECHNICAL,FULL,B065,,Транспортная техника и технологии,35,GENERAL,51,85,61.0,11
2024,UNIVERSITY_TECHNICAL,FULL,B065,,Транспортная техника и технологии,36,GENERAL,50,96,65.3,20
2024,UNIVERSITY_TECHNICAL,FULL,B065,,Транспортная техника и технологии,38,GENERAL,60,96,75.6,11
2024,UNIVERSITY_TECHNICAL,FULL,B065,,Транспортная техника и технологии,38,RURAL,50,59,54.5,4
2024,UNIVERSITY_TECHNICAL,FULL,B065,,Транспортная техника и технологии,39,GENERAL,52,65,59.0,3
2024,UNIVERSITY_TECHNICAL,FULL,B065,,Транспортная техника и технологии,45,GENERAL,57,93,64.4,10
2024,UNIVERSITY_TECHNICAL,FULL,B065,,Транспортная техника и технологии,45,RURAL,56,57,56.6,5
2024,UNIVERSITY_TECHNICAL,FULL,B068,,Производство продуктов питания,5,EMERGENCY_REGIONS,73,75,74.0,2
2024,UNIVERSITY_TECHNICAL,FULL,B068,,Производство продуктов питания,5,GENERAL,77,92,82.0,4
2024,UNIVERSITY_TECHNICAL,FULL,B068,,Производство продуктов питания,5,RURAL,70,74,71.8,4
2024,UNIVERSITY_TECHNICAL,FULL,B068,,Производство продуктов питания,34,GENERAL,69,83,74.2,19
2024,UNIVERSITY_TECHNICAL,FULL,B068,,Производство продуктов питания,34,RURAL,66,68,66.9,11
2024,UNIVERSITY_TECHNICAL,FULL,B068,,Производство продуктов питания,36,GENERAL,50,68,57.8,13
2024,UNIVERSITY_TECHNICAL,FULL,B068,,Производство продуктов питания,38,GENERAL,64,71,67.2,6
2024,UNIVERSITY_TECHNICAL,FULL,B068,,Производство продуктов питания,38,RURAL,60,63,61.8,4
2024,UNIVERSITY_TECHNICAL,FULL,B068,,Производство продуктов питания,42,GENERAL,57,99,64.4,13
2024,UNIVERSITY_TECHNICAL,FULL,B068,,Производство продуктов питания,42,RURAL,50,55,52.4,5
2024,UNIVERSITY_TECHNICAL,FULL,B068,,Производство продуктов питания,45,EMERGENCY_REGIONS,52,52,52.0,1
2024,UNIVERSITY_TECHNICAL,FULL,B068,,Производство продуктов питания,45,GENERAL,77,94,83.2,9
2024,UNIVERSITY_TECHNICAL,FULL,B068,,Производство продуктов питания,45,RURAL,67,73,69.6,5
2024,UNIVERSITY_TECHNICAL,FULL,B069,,"Производство материалов (стекло, бумага, пластик, дерево)",45,GENERAL,50,67,57.0,6
2024,UNIVERSITY_TECHNICAL,FULL,B070,,"Текстиль: одежда, обувь и кожаные изделия",5,EMERGENCY_REGIONS,56,56,56.0,1
2024,UNIVERSITY_TECHNICAL,FULL,B070,,"Текстиль: одежда, обувь и кожаные изделия",5,GENERAL,57,77,63.6,11
2024,UNIVERSITY_TECHNICAL,FULL,B070,,"Текстиль: одежда, обувь и кожаные изделия",39,GENERAL,53,55,54.0,2
2024,UNIVERSITY_TECHNICAL,FULL,B070,,"Текстиль: одежда, обувь и кожаные изделия",45,GENERAL,63,84,69.9,10
2024,UNIVERSITY_TECHNICAL,FULL,B070,,"Текстиль: одежда, обувь и кожаные изделия",45,RURAL,61,63,62.4,5
2024,UNIVERSITY_TECHNICAL,FULL,B071,,Горное дело и добыча полезных ископаемых,3,EMERGENCY_REGIONS,51,51,51.0,1
2024,UNIVERSITY_TECHNICAL,FULL,B071,,Горное дело и добыча полезных ископаемых,3,GENERAL,56,88,63.1,29
2024,UNIVERSITY_TECHNICAL,FULL,B071,,Горное дело и добыча полезных ископаемых,5,EMERGENCY_REGIONS,68,70,69.0,4
2024,UNIVERSITY_TECHNICAL,FULL,B071,,Горное дело и добыча полезных ископаемых,5,GENERAL,70,88,75.9,16
2024,UNIVERSITY_TECHNICAL,FULL,B071,,Горное дело и добыча полезных ископаемых,9,EMERGENCY_REGIONS,51,53,52.5,8
2024,UNIVERSITY_TECHNICAL,FULL,B071,,Горное дело и добыча полезных ископаемых,9,GENERAL,54,113,65.2,32
2024,UNIVERSITY_TECHNICAL,FULL,B071,,Горное дело и добыча полезных ископаемых,12,GENERAL,59,95,72.5,25
2024,UNIVERSITY_TECHNICAL,FULL,B071,,Горное дело и добыча полезных ископаемых,32,EMERGENCY_REGIONS,55,74,63.8,4
2024,UNIVERSITY_TECHNICAL,FULL,B071,,Горное дело и добыча полезных ископаемых,32,GENERAL,75,106,86.9,16
2024,UNIVERSITY_TECHNICAL,FULL,B071,,Горное дело и добыча полезных ископаемых,33,GENERAL,51,60,53.8,5
2024,UNIVERSITY_TECHNICAL,FULL,B071,,Горное дело и добыча полезных ископаемых,34,EMERGENCY_REGIONS,52,52,52.0,1
2024,UNIVERSITY_TECHNICAL,FULL,B071,,Горное дело и добыча полезных ископаемых,34,GENERAL,59,85,65.2,19
2024,UNIVERSITY_TECHNICAL,FULL,B071,,Горное дело и добыча полезных ископаемых,35,EMERGENCY_REGIONS,55,58,57.0,4
2024,UNIVERSITY_TECHNICAL,FULL,B071,,Горное дело и добыча полезных ископаемых,35,GENERAL,59,104,72.1,16
2024,UNIVERSITY_TECHNICAL,FULL,B071,,Горное дело и добыча полезных ископаемых,38,EMERGENCY_REGIONS,55,57,56.0,2
2024,UNIVERSITY_TECHNICAL,FULL,B071,,Горное дело и добыча полезных ископаемых,38,GENERAL,58,93,69.1,18
2024,UNIVERSITY_TECHNICAL,FULL,B071,,Горное дело и добыча полезных ископаемых,39,GENERAL,50,116,74.4,12
2024,UNIVERSITY_TECHNICAL,FULL,B071,,Горное дело и добыча полезных ископаемых,45,GENERAL,63,79,70.2,15
2024,UNIVERSITY_TECHNICAL,FULL,B072,,Технология фармацевтического производства,33,EMERGENCY_REGIONS,61,69,64.2,4
2024,UNIVERSITY_TECHNICAL,FULL,B072,,Технология фармацевтического производства,33,GENERAL,69,101,76.3,16
2024,UNIVERSITY_TECHNICAL,FULL,B072,,Технология фармацевтического производства,45,EMERGENCY_REGIONS,63,66,64.3,3
2024,UNIVERSITY_TECHNICAL,FULL,B072,,Технология фармацевтического производства,45,GENERAL,79,89,84.1,12
2024,UNIVERSITY_TECHNICAL,FULL,B073,,Архитектура,12,GENERAL,114,126,118.8,25
2024,UNIVERSITY_TECHNICAL,FULL,B073,,Архитектура,32,EMERGENCY_REGIONS,116,116,116.0,1
2024,UNIVERSITY_TECHNICAL,FULL,B073,,Архитектура,32,GENERAL,126,129,127.0,9
2024,UNIVERSITY_TECHNICAL,FULL,B074,,"Градостроительство, строительные работы и гражданское строительство",3,EMERGENCY_REGIONS,50,50,50.0,1
2024,UNIVERSITY_TECHNICAL,FULL,B074,,"Градостроительство, строительные работы и гражданское строительство",3,GENERAL,52,90,63.7,39
2024,UNIVERSITY_TECHNICAL,FULL,B074,,"Градостроительство, строительные работы и гражданское строительство",5,EMERGENCY_REGIONS,66,67,66.2,4
2024,UNIVERSITY_TECHNICAL,FULL,B074,,"Градостроительство, строительные работы и гражданское строительство",5,GENERAL,67,108,75.9,16
2024,UNIVERSITY_TECHNICAL,FULL,B074,,"Градостроительство, строительные работы и гражданское строительство",9,GENERAL,50,94,60.4,13
2024,UNIVERSITY_TECHNICAL,FULL,B074,,"Градостроительство, строительные работы и гражданское строительство",12,GENERAL,68,111,80.2,25
2024,UNIVERSITY_TECHNICAL,FULL,B074,,"Градостроительство, строительные работы и гражданское строительство",32,EMERGENCY_REGIONS,56,56,56.0,1
2024,UNIVERSITY_TECHNICAL,FULL,B074,,"Градостроительство, строительные работы и гражданское строительство",32,GENERAL,76,114,87.4,19
2024,UNIVERSITY_TECHNICAL,FULL,B074,,"Градостроительство, строительные работы и гражданское строительство",33,GENERAL,51,88,64.7,6
2024,UNIVERSITY_TECHNICAL,FULL,B074,,"Градостроительство, строительные работы и гражданское строительство",34,EMERGENCY_REGIONS,55,65,58.3,3
2024,UNIVERSITY_TECHNICAL,FULL,B074,,"Градостроительство, строительные работы и гражданское строительство",34,GENERAL,74,102,84.0,17
2024,UNIVERSITY_TECHNICAL,FULL,B074,,"Градостроительство, строительные работы и гражданское строительство",35,EMERGENCY_REGIONS,60,65,62.0,4
2024,UNIVERSITY_TECHNICAL,FULL,B074,,"Градостроительство, строительные работы и гражданское строительство",35,GENERAL,67,97,76.8,16
2024,UNIVERSITY_TECHNICAL,FULL,B074,,"Градостроительство, строительные работы и гражданское строительство",38,GENERAL,78,95,86.4,10
2024,UNIVERSITY_TECHNICAL,FULL,B074,,"Градостроительство, строительные работы и гражданское строительство",39,GENERAL,51,94,75.1,16
2024,UNIVERSITY_TECHNICAL,FULL,B074,,"Градостроительство, строительные работы и гражданское строительство",42,GENERAL,55,77,62.1,20
2024,UNIVERSITY_TECHNICAL,FULL,B074,,"Градостроительство, строительные работы и гражданское строительство",45,GENERAL,86,111,94.8,15
2024,UNIVERSITY_TECHNICAL,FULL,B077,,Растениеводство,2,EMERGENCY_REGIONS,67,74,69.5,4
2024,UNIVERSITY_TECHNICAL,FULL,B077,,Растениеводство,2,GENERAL,78,103,85.9,9
2024,UNIVERSITY_TECHNICAL,FULL,B077,,Растениеводство,2,RURAL,69,75,72.4,7
2024,UNIVERSITY_TECHNICAL,FULL,B077,,Растениеводство,24,EMERGENCY_REGIONS,53,67,60.2,4
2024,UNIVERSITY_TECHNICAL,FULL,B077,,Растениеводство,24,GENERAL,74,98,83.8,9
2024,UNIVERSITY_TECHNICAL,FULL,B077,,Растениеводство,24,RURAL,67,73,69.4,7
2024,UNIVERSITY_TECHNICAL,FULL,B077,,Растениеводство,34,GENERAL,61,89,70.2,13
2024,UNIVERSITY_TECHNICAL,FULL,B077,,Растениеводство,34,RURAL,53,57,55.1,7
2024,UNIVERSITY_TECHNICAL,FULL,B077,,Растениеводство,223,GENERAL,51,72,59.2,17
2024,UNIVERSITY_TECHNICAL,FULL,B077,,Растениеводство,501,GENERAL,52,66,59.2,9
2024,UNIVERSITY_TECHNICAL,FULL,B078,,Животноводство,2,GENERAL,58,84,63.9,10
2024,UNIVERSITY_TECHNICAL,FULL,B078,,Животноводство,24,GENERAL,53,67,58.5,11
2024,UNIVERSITY_TECHNICAL,FULL,B078,,Животноводство,36,GENERAL,58,58,58.0,1
2024,UNIVERSITY_TECHNICAL,FULL,B078,,Животноводство,501,GENERAL,51,69,59.8,6
2024,UNIVERSITY_TECHNICAL,FULL,B079,,Лесное хозяйство,2,EMERGENCY_REGIONS,68,70,68.5,4
2024,UNIVERSITY_TECHNICAL,FULL,B079,,Лесное хозяйство,2,GENERAL,76,90,80.0,9
2024,UNIVERSITY_TECHNICAL,FULL,B079,,Лесное хозяйство,2,RURAL,72,75,73.3,7
2024,UNIVERSITY_TECHNICAL,FULL,B079,,Лесное хозяйство,24,EMERGENCY_REGIONS,66,70,67.5,4
2024,UNIVERSITY_TECHNICAL,FULL,B079,,Лесное хозяйство,24,GENERAL,73,92,77.8,9
2024,UNIVERSITY_TECHNICAL,FULL,B079,,Лесное хозяйство,24,RURAL,72,72,72.0,7
2024,UNIVERSITY_TECHNICAL,FULL,B079,,Лесное хозяйство,35,EMERGENCY_REGIONS,68,71,69.5,2
2024,UNIVERSITY_TECHNICAL,FULL,B079,,Лесное хозяйство,35,GENERAL,71,72,71.5,4
2024,UNIVERSITY_TECHNICAL,FULL,B079,,Лесное хозяйство,35,RURAL,69,70,69.2,4
2024,UNIVERSITY_TECHNICAL,FULL,B079,,Лесное хозяйство,501,EMERGENCY_REGIONS,66,68,67.0,4
2024,UNIVERSITY_TECHNICAL,FULL,B079,,Лесное хозяйство,501,GENERAL,68,78,71.1,9
2024,UNIVERSITY_TECHNICAL,FULL,B079,,Лесное хозяйство,501,RURAL,65,67,66.0,7
2024,UNIVERSITY_TECHNICAL,FULL,B080,,Рыбное хозяйство,2,GENERAL,50,76,56.0,6
2024,UNIVERSITY_TECHNICAL,FULL,B080,,Рыбное хозяйство,10,GENERAL,51,54,52.2,4
2024,UNIVERSITY_TECHNICAL,FULL,B080,,Рыбное хозяйство,24,GENERAL,51,66,59.1,7
2024,UNIVERSITY_TECHNICAL,FULL,B080,,Рыбное хозяйство,501,EMERGENCY_REGIONS,51,51,51.0,1
2024,UNIVERSITY_TECHNICAL,FULL,B080,,Рыбное хозяйство,501,GENERAL,52,59,54.7,9
2024,UNIVERSITY_TECHNICAL,FULL,B082,,Водные ресурсы и водопользования,24,GENERAL,60,74,62.5,13
2024,UNIVERSITY_TECHNICAL,FULL,B082,,Водные ресурсы и водопользования,24,RURAL,56,60,58.6,7
2024,UNIVERSITY_TECHNICAL,FULL,B082,,Водные ресурсы и водопользования,43,GENERAL,50,95,58.6,74
2024,UNIVERSITY_TECHNICAL,FULL,B083,,Ветеринария,2,EMERGENCY_REGIONS,52,61,56.7,15
2024,UNIVERSITY_TECHNICAL,FULL,B083,,Ветеринария,2,GENERAL,62,91,69.6,109
2024,UNIVERSITY_TECHNICAL,FULL,B083,,Ветеринария,2,RURAL,50,62,55.8,62
2024,UNIVERSITY_TECHNICAL,FULL,B083,,Ветеринария,24,EMERGENCY_REGIONS,50,59,54.8,14
2024,UNIVERSITY_TECHNICAL,FULL,B083,,Ветеринария,24,GENERAL,66,106,73.6,117
2024,UNIVERSITY_TECHNICAL,FULL,B083,,Ветеринария,24,RURAL,57,66,61.1,70
2024,UNIVERSITY_TECHNICAL,FULL,B083,,Ветеринария,198,EMERGENCY_REGIONS,57,57,57.0,1
2024,UNIVERSITY_TECHNICAL,FULL,B083,,Ветеринария,198,GENERAL,58,76,67.0,2
2024,UNIVERSITY_TECHNICAL,FULL,B083,,Ветеринария,223,GENERAL,59,85,63.4,13
2024,UNIVERSITY_TECHNICAL,FULL,B083,,Ветеринария,223,RURAL,52,59,55.3,7
2024,UNIVERSITY_TECHNICAL,FULL,B083,,Ветеринария,501,GENERAL,50,81,59.5,62
2024,UNIVERSITY_TECHNICAL,FULL,B158,,Криптология,13,EMERGENCY_REGIONS,98,99,98.7,3
2024,UNIVERSITY_TECHNICAL,FULL,B158,,Криптология,13,GENERAL,101,123,106.5,13
2024,UNIVERSITY_TECHNICAL,FULL,B158,,Криптология,27,EMERGENCY_REGIONS,83,100,92.3,3
2024,UNIVERSITY_TECHNICAL,FULL,B158,,Криптология,27,GENERAL,102,136,111.8,13
2024,UNIVERSITY_TECHNICAL,FULL,B183,,Агроинженерия,2,EMERGENCY_REGIONS,58,63,60.5,4
2024,UNIVERSITY_TECHNICAL,FULL,B183,,Агроинженерия,2,GENERAL,66,90,71.9,16
2024,UNIVERSITY_TECHNICAL,FULL,B183,,Агроинженерия,24,EMERGENCY_REGIONS,53,60,57.3,3
2024,UNIVERSITY_TECHNICAL,FULL,B183,,Агроинженерия,24,GENERAL,60,106,67.5,17
2024,UNIVERSITY_TECHNICAL,FULL,B183,,Агроинженерия,34,GENERAL,52,75,58.1,10
2024,UNIVERSITY_TECHNICAL,FULL,B183,,Агроинженерия,35,GENERAL,50,79,58.8,12
2024,WESTERN_REGIONS,FULL,B001,,Педагогика и психология,7,GENERAL,82,99,90.8,9
2024,WESTERN_REGIONS,FULL,B001,,Педагогика и психология,8,GENERAL,81,81,81.0,1
2024,WESTERN_REGIONS,FULL,B001,,Педагогика и психология,11,GENERAL,80,80,80.0,1
2024,WESTERN_REGIONS,FULL,B001,,Педагогика и психология,13,GENERAL,102,102,102.0,1
2024,WESTERN_REGIONS,FULL,B001,,Педагогика и психология,15,GENERAL,87,104,94.8,4
2024,WESTERN_REGIONS,FULL,B001,,Педагогика и психология,25,GENERAL,79,128,100.3,10
2024,WESTERN_REGIONS,FULL,B001,,Педагогика и психология,25,RURAL,76,100,85.2,4
2024,WESTERN_REGIONS,FULL,B001,,Педагогика и психология,35,GENERAL,76,82,78.3,3
2024,WESTERN_REGIONS,FULL,B001,,Педагогика и психология,36,GENERAL,75,77,76.0,2
2024,WESTERN_REGIONS,FULL,B001,,Педагогика и психология,42,GENERAL,77,110,90.4,7
2024,WESTERN_REGIONS,FULL,B001,,Педагогика и психология,185,GENERAL,75,98,83.8,20
2024,WESTERN_REGIONS,FULL,B001,,Педагогика и психология,302,GENERAL,105,105,105.0,1
2024,WESTERN_REGIONS,FULL,B001,,Педагогика и психология,517,GENERAL,76,76,76.0,1
2024,WESTERN_REGIONS,FULL,B002,,Дошкольное обучение и воспитание,7,GENERAL,77,100,83.2,8
2024,WESTERN_REGIONS,FULL,B002,,Дошкольное обучение и воспитание,11,GENERAL,80,80,80.0,1
2024,WESTERN_REGIONS,FULL,B002,,Дошкольное обучение и воспитание,15,GENERAL,86,89,87.5,2
2024,WESTERN_REGIONS,FULL,B002,,Дошкольное обучение и воспитание,25,GENERAL,77,108,86.2,12
2024,WESTERN_REGIONS,FULL,B002,,Дошкольное обучение и воспитание,25,RURAL,84,84,84.0,1
2024,WESTERN_REGIONS,FULL,B002,,Дошкольное обучение и воспитание,42,GENERAL,75,75,75.0,1
2024,WESTERN_REGIONS,FULL,B003,,Педагогика и методика начального обучения,7,GENERAL,82,105,93.1,7
2024,WESTERN_REGIONS,FULL,B003,,Педагогика и методика начального обучения,16,GENERAL,83,83,83.0,1
2024,WESTERN_REGIONS,FULL,B003,,Педагогика и методика начального обучения,25,GENERAL,78,113,95.2,12
2024,WESTERN_REGIONS,FULL,B003,,Педагогика и методика начального обучения,25,RURAL,77,77,77.0,1
2024,WESTERN_REGIONS,FULL,B003,,Педагогика и методика начального обучения,31,GENERAL,94,94,94.0,1
2024,WESTERN_REGIONS,FULL,B003,,Педагогика и методика начального обучения,36,GENERAL,89,89,89.0,1
2024,WESTERN_REGIONS,FULL,B003,,Педагогика и методика начального обучения,42,GENERAL,108,115,111.5,4
2024,WESTERN_REGIONS,FULL,B003,,Педагогика и методика начального обучения,185,GENERAL,35,116,79.4,17
2024,WESTERN_REGIONS,FULL,B003,,Педагогика и методика начального обучения,517,GENERAL,85,85,85.0,1
2024,WESTERN_REGIONS,FULL,B005,,Подготовка учителей физической культуры,7,GENERAL,100,127,117.3,16
2024,WESTERN_REGIONS,FULL,B005,,Подготовка учителей физической культуры,8,GENERAL,115,115,115.0,1
2024,WESTERN_REGIONS,FULL,B005,,Подготовка учителей физической культуры,16,GENERAL,93,121,110.8,8
2024,WESTERN_REGIONS,FULL,B005,,Подготовка учителей физической культуры,16,RURAL,90,90,90.0,1
2024,WESTERN_REGIONS,FULL,B005,,Подготовка учителей физической культуры,25,GENERAL,121,126,123.0,3
2024,WESTERN_REGIONS,FULL,B005,,Подготовка учителей физической культуры,35,GENERAL,121,121,121.0,1
2024,WESTERN_REGIONS,FULL,B005,,Подготовка учителей физической культуры,36,GENERAL,120,120,120.0,1
2024,WESTERN_REGIONS,FULL,B005,,Подготовка учителей физической культуры,141,GENERAL,121,121,121.0,1
2024,WESTERN_REGIONS,FULL,B005,,Подготовка учителей физической культуры,517,GENERAL,119,119,119.0,1
2024,WESTERN_REGIONS,FULL,B006,,Подготовка учителей музыки,7,GENERAL,115,127,121.0,9
2024,WESTERN_REGIONS,FULL,B006,,Подготовка учителей музыки,16,GENERAL,103,123,113.0,2
2024,WESTERN_REGIONS,FULL,B006,,Подготовка учителей музыки,16,RURAL,99,99,99.0,1
2024,WESTERN_REGIONS,FULL,B006,,Подготовка учителей музыки,25,GENERAL,109,109,109.0,1
2024,WESTERN_REGIONS,FULL,B006,,Подготовка учителей музыки,36,GENERAL,118,121,119.5,2
2024,WESTERN_REGIONS,FULL,B006,,Подготовка учителей музыки,185,GENERAL,117,126,120.8,4
2024,WESTERN_REGIONS,FULL,B006,,Подготовка учителей музыки,517,GENERAL,110,110,110.0,1
2024,WESTERN_REGIONS,FULL,B009,,Подготовка учителей математики,7,GENERAL,100,130,116.8,21
2024,WESTERN_REGIONS,FULL,B009,,Подготовка учителей математики,8,GENERAL,75,88,80.2,4
2024,WESTERN_REGIONS,FULL,B009,,Подготовка учителей математики,11,GENERAL,84,109,96.5,2
2024,WESTERN_REGIONS,FULL,B009,,Подготовка учителей математики,11,RURAL,77,102,89.5,2
2024,WESTERN_REGIONS,FULL,B009,,Подготовка учителей математики,15,GENERAL,76,127,111.8,6
2024,WESTERN_REGIONS,FULL,B009,,Подготовка учителей математики,15,RURAL,107,107,107.0,1
2024,WESTERN_REGIONS,FULL,B009,,Подготовка учителей математики,16,GENERAL,35,109,82.9,7
2024,WESTERN_REGIONS,FULL,B009,,Подготовка учителей математики,25,GENERAL,110,130,118.4,14
2024,WESTERN_REGIONS,FULL,B009,,Подготовка учителей математики,31,GENERAL,92,97,94.3,3
2024,WESTERN_REGIONS,FULL,B009,,Подготовка учителей математики,35,GENERAL,87,114,98.7,11
2024,WESTERN_REGIONS,FULL,B009,,Подготовка учителей математики,36,GENERAL,85,94,89.5,2
2024,WESTERN_REGIONS,FULL,B009,,Подготовка учителей математики,40,GENERAL,76,102,89.0,2
2024,WESTERN_REGIONS,FULL,B009,,Подготовка учителей математики,42,GENERAL,78,108,93.0,2
2024,WESTERN_REGIONS,FULL,B009,,Подготовка учителей математики,185,GENERAL,86,122,105.2,29
2024,WESTERN_REGIONS,FULL,B009,,Подготовка учителей математики,185,RURAL,98,99,98.5,4
2024,WESTERN_REGIONS,FULL,B009,,Подготовка учителей математики,302,GENERAL,131,131,131.0,1
2024,WESTERN_REGIONS,FULL,B009,,Подготовка учителей математики,302,RURAL,128,128,128.0,1
2024,WESTERN_REGIONS,FULL,B009,,Подготовка учителей математики,517,GENERAL,83,83,83.0,2
2024,WESTERN_REGIONS,FULL,B010,,Подготовка учителей физики,7,GENERAL,108,117,113.0,5
2024,WESTERN_REGIONS,FULL,B010,,Подготовка учителей физики,8,GENERAL,77,78,77.5,2
2024,WESTERN_REGIONS,FULL,B010,,Подготовка учителей физики,11,GENERAL,97,97,97.0,1
2024,WESTERN_REGIONS,FULL,B010,,Подготовка учителей физики,15,GENERAL,102,102,102.0,1
2024,WESTERN_REGIONS,FULL,B010,,Подготовка учителей физики,16,GENERAL,80,117,98.5,2
2024,WESTERN_REGIONS,FULL,B010,,Подготовка учителей физики,25,GENERAL,117,117,117.0,1
2024,WESTERN_REGIONS,FULL,B010,,Подготовка учителей физики,35,GENERAL,91,93,92.0,2
2024,WESTERN_REGIONS,FULL,B010,,Подготовка учителей физики,36,GENERAL,77,78,77.5,2
2024,WESTERN_REGIONS,FULL,B010,,Подготовка учителей физики,40,GENERAL,76,96,86.0,2
2024,WESTERN_REGIONS,FULL,B010,,Подготовка учителей физики,42,GENERAL,125,125,125.0,1
2024,WESTERN_REGIONS,FULL,B010,,Подготовка учителей физики,185,GENERAL,80,116,96.2,13
2024,WESTERN_REGIONS,FULL,B010,,Подготовка учителей физики,185,RURAL,84,84,84.0,1
2024,WESTERN_REGIONS,FULL,B010,,Подготовка учителей физики,302,GENERAL,117,117,117.0,1
2024,WESTERN_REGIONS,FULL,B010,,Подготовка учителей физики,517,GENERAL,86,100,92.3,3
2024,WESTERN_REGIONS,FULL,B011,,Подготовка учителей информатики,7,GENERAL,79,119,93.2,14
2024,WESTERN_REGIONS,FULL,B011,,Подготовка учителей информатики,7,RURAL,75,75,75.0,1
2024,WESTERN_REGIONS,FULL,B011,,Подготовка учителей информатики,15,GENERAL,88,105,96.4,7
2024,WESTERN_REGIONS,FULL,B011,,Подготовка учителей информатики,16,GENERAL,79,79,79.0,1
2024,WESTERN_REGIONS,FULL,B011,,Подготовка учителей информатики,25,GENERAL,81,111,95.3,14
2024,WESTERN_REGIONS,FULL,B011,,Подготовка учителей информатики,25,RURAL,82,82,82.0,1
2024,WESTERN_REGIONS,FULL,B011,,Подготовка учителей информатики,36,GENERAL,76,76,76.0,1
2024,WESTERN_REGIONS,FULL,B011,,Подготовка учителей информатики,42,GENERAL,111,111,111.0,1
2024,WESTERN_REGIONS,FULL,B011,,Подготовка учителей информатики,185,GENERAL,75,94,83.5,26
2024,WESTERN_REGIONS,FULL,B011,,Подготовка учителей информатики,302,GENERAL,113,113,113.0,1
2024,WESTERN_REGIONS,FULL,B011,,Подготовка учителей информатики,517,GENERAL,77,77,77.0,1
2024,WESTERN_REGIONS,FULL,B012,,Подготовка учителей химии,7,GENERAL,81,106,94.2,15
2024,WESTERN_REGIONS,FULL,B012,,Подготовка учителей химии,8,GENERAL,77,77,77.0,1
2024,WESTERN_REGIONS,FULL,B012,,Подготовка учителей химии,11,GENERAL,86,86,86.0,1
2024,WESTERN_REGIONS,FULL,B012,,Подготовка учителей химии,11,RURAL,79,79,79.0,1
2024,WESTERN_REGIONS,FULL,B012,,Подготовка учителей химии,15,GENERAL,86,94,90.0,2
2024,WESTERN_REGIONS,FULL,B012,,Подготовка учителей химии,16,GENERAL,80,83,81.5,2
2024,WESTERN_REGIONS,FULL,B012,,Подготовка учителей химии,25,GENERAL,98,125,110.4,9
2024,WESTERN_REGIONS,FULL,B012,,Подготовка учителей химии,25,RURAL,98,99,98.5,2
2024,WESTERN_REGIONS,FULL,B012,,Подготовка учителей химии,31,GENERAL,78,90,84.0,3
2024,WESTERN_REGIONS,FULL,B012,,Подготовка учителей химии,35,GENERAL,80,96,88.0,2
2024,WESTERN_REGIONS,FULL,B012,,Подготовка учителей химии,36,GENERAL,79,79,79.0,1
2024,WESTERN_REGIONS,FULL,B012,,Подготовка учителей химии,40,GENERAL,81,85,83.0,2
2024,WESTERN_REGIONS,FULL,B012,,Подготовка учителей химии,42,GENERAL,75,99,87.0,2
2024,WESTERN_REGIONS,FULL,B012,,Подготовка учителей химии,141,GENERAL,75,80,77.5,2
2024,WESTERN_REGIONS,FULL,B012,,Подготовка учителей химии,185,GENERAL,76,113,93.6,19
2024,WESTERN_REGIONS,FULL,B012,,Подготовка учителей химии,185,RURAL,76,79,77.5,2
2024,WESTERN_REGIONS,FULL,B012,,Подготовка учителей химии,302,GENERAL,112,132,119.7,3
2024,WESTERN_REGIONS,FULL,B012,,Подготовка учителей химии,517,GENERAL,89,89,89.0,1
2024,WESTERN_REGIONS,FULL,B013,,Подготовка учителей биологии,7,GENERAL,76,115,91.3,20
2024,WESTERN_REGIONS,FULL,B013,,Подготовка учителей биологии,7,RURAL,79,79,79.0,1
2024,WESTERN_REGIONS,FULL,B013,,Подготовка учителей биологии,8,GENERAL,78,85,81.5,2
2024,WESTERN_REGIONS,FULL,B013,,Подготовка учителей биологии,11,GENERAL,76,85,80.5,2
2024,WESTERN_REGIONS,FULL,B013,,Подготовка учителей биологии,15,GENERAL,88,98,91.0,4
2024,WESTERN_REGIONS,FULL,B013,,Подготовка учителей биологии,15,RURAL,87,87,87.0,2
2024,WESTERN_REGIONS,FULL,B013,,Подготовка учителей биологии,16,GENERAL,79,83,81.0,2
2024,WESTERN_REGIONS,FULL,B013,,Подготовка учителей биологии,25,GENERAL,83,108,94.4,21
2024,WESTERN_REGIONS,FULL,B013,,Подготовка учителей биологии,25,RURAL,96,96,96.0,1
2024,WESTERN_REGIONS,FULL,B013,,Подготовка учителей биологии,31,GENERAL,77,92,83.5,4
2024,WESTERN_REGIONS,FULL,B013,,Подготовка учителей биологии,31,RURAL,83,83,83.0,1
2024,WESTERN_REGIONS,FULL,B013,,Подготовка учителей биологии,35,GENERAL,80,91,86.0,4
2024,WESTERN_REGIONS,FULL,B013,,Подготовка учителей биологии,36,GENERAL,78,83,80.5,2
2024,WESTERN_REGIONS,FULL,B013,,Подготовка учителей биологии,40,GENERAL,83,83,83.0,1
2024,WESTERN_REGIONS,FULL,B013,,Подготовка учителей биологии,42,GENERAL,79,94,88.5,4
2024,WESTERN_REGIONS,FULL,B013,,Подготовка учителей биологии,185,GENERAL,75,118,91.0,11
2024,WESTERN_REGIONS,FULL,B013,,Подготовка учителей биологии,517,GENERAL,75,95,85.0,2
2024,WESTERN_REGIONS,FULL,B014,,Подготовка учителей географии,7,GENERAL,88,123,102.8,10
2024,WESTERN_REGIONS,FULL,B014,,Подготовка учителей географии,7,RURAL,97,102,98.7,3
2024,WESTERN_REGIONS,FULL,B014,,Подготовка учителей географии,8,GENERAL,76,87,82.0,4
2024,WESTERN_REGIONS,FULL,B014,,Подготовка учителей географии,11,GENERAL,88,88,88.0,1
2024,WESTERN_REGIONS,FULL,B014,,Подготовка учителей географии,11,RURAL,86,86,86.0,1
2024,WESTERN_REGIONS,FULL,B014,,Подготовка учителей географии,15,GENERAL,88,106,97.0,2
2024,WESTERN_REGIONS,FULL,B014,,Подготовка учителей географии,16,GENERAL,75,106,84.7,7
2024,WESTERN_REGIONS,FULL,B014,,Подготовка учителей географии,25,GENERAL,79,122,101.1,10
2024,WESTERN_REGIONS,FULL,B014,,Подготовка учителей географии,31,GENERAL,80,91,85.5,2
2024,WESTERN_REGIONS,FULL,B014,,Подготовка учителей географии,35,GENERAL,79,93,86.5,4
2024,WESTERN_REGIONS,FULL,B014,,Подготовка учителей географии,36,GENERAL,76,77,76.5,2
2024,WESTERN_REGIONS,FULL,B014,,Подготовка учителей географии,40,GENERAL,75,85,78.7,3
2024,WESTERN_REGIONS,FULL,B014,,Подготовка учителей географии,42,GENERAL,82,106,94.0,2
2024,WESTERN_REGIONS,FULL,B014,,Подготовка учителей географии,42,RURAL,77,77,77.0,1
2024,WESTERN_REGIONS,FULL,B014,,Подготовка учителей географии,141,GENERAL,92,92,92.0,1
2024,WESTERN_REGIONS,FULL,B014,,Подготовка учителей географии,141,RURAL,77,77,77.0,1
2024,WESTERN_REGIONS,FULL,B014,,Подготовка учителей географии,185,GENERAL,76,103,90.2,13
2024,WESTERN_REGIONS,FULL,B014,,Подготовка учителей географии,517,GENERAL,80,99,89.5,2
2024,WESTERN_REGIONS,FULL,B015,,Подготовка учителей по гуманитарным предметам,7,GENERAL,83,130,109.1,19
2024,WESTERN_REGIONS,FULL,B015,,Подготовка учителей по гуманитарным предметам,8,GENERAL,78,78,78.0,1
2024,WESTERN_REGIONS,FULL,B015,,Подготовка учителей по гуманитарным предметам,15,GENERAL,79,115,94.3,3
2024,WESTERN_REGIONS,FULL,B015,,Подготовка учителей по гуманитарным предметам,16,GENERAL,75,97,82.6,9
2024,WESTERN_REGIONS,FULL,B015,,Подготовка учителей по гуманитарным предметам,25,GENERAL,88,120,105.6,13
2024,WESTERN_REGIONS,FULL,B015,,Подготовка учителей по гуманитарным предметам,35,GENERAL,98,100,99.0,2
2024,WESTERN_REGIONS,FULL,B015,,Подготовка учителей по гуманитарным предметам,35,RURAL,92,92,92.0,1
2024,WESTERN_REGIONS,FULL,B015,,Подготовка учителей по гуманитарным предметам,36,GENERAL,75,87,78.5,4
2024,WESTERN_REGIONS,FULL,B015,,Подготовка учителей по гуманитарным предметам,40,GENERAL,81,81,81.0,1
2024,WESTERN_REGIONS,FULL,B015,,Подготовка учителей по гуманитарным предметам,141,GENERAL,80,80,80.0,1
2024,WESTERN_REGIONS,FULL,B015,,Подготовка учителей по гуманитарным предметам,141,RURAL,79,79,79.0,1
2024,WESTERN_REGIONS,FULL,B015,,Подготовка учителей по гуманитарным предметам,185,GENERAL,77,119,95.7,17
2024,WESTERN_REGIONS,FULL,B015,,Подготовка учителей по гуманитарным предметам,302,GENERAL,109,129,119.0,2
2024,WESTERN_REGIONS,FULL,B015,,Подготовка учителей по гуманитарным предметам,302,RURAL,123,123,123.0,1
2024,WESTERN_REGIONS,FULL,B015,,Подготовка учителей по гуманитарным предметам,517,GENERAL,79,104,88.6,7
2024,WESTERN_REGIONS,FULL,B016,,Подготовка учителей казахского языка и литературы,7,GENERAL,111,128,122.5,11
2024,WESTERN_REGIONS,FULL,B016,,Подготовка учителей казахского языка и литературы,7,RURAL,119,119,119.0,1
2024,WESTERN_REGIONS,FULL,B016,,Подготовка учителей казахского языка и литературы,8,GENERAL,93,105,100.0,5
2024,WESTERN_REGIONS,FULL,B016,,Подготовка учителей казахского языка и литературы,11,GENERAL,89,111,100.0,2
2024,WESTERN_REGIONS,FULL,B016,,Подготовка учителей казахского языка и литературы,11,RURAL,105,105,105.0,1
2024,WESTERN_REGIONS,FULL,B016,,Подготовка учителей казахского языка и литературы,15,GENERAL,79,124,105.3,6
2024,WESTERN_REGIONS,FULL,B016,,Подготовка учителей казахского языка и литературы,16,GENERAL,75,110,88.4,28
2024,WESTERN_REGIONS,FULL,B016,,Подготовка учителей казахского языка и литературы,25,GENERAL,123,130,126.6,9
2024,WESTERN_REGIONS,FULL,B016,,Подготовка учителей казахского языка и литературы,25,RURAL,124,124,124.0,1
2024,WESTERN_REGIONS,FULL,B016,,Подготовка учителей казахского языка и литературы,31,GENERAL,102,120,110.7,3
2024,WESTERN_REGIONS,FULL,B016,,Подготовка учителей казахского языка и литературы,31,RURAL,105,105,105.0,1
2024,WESTERN_REGIONS,FULL,B016,,Подготовка учителей казахского языка и литературы,35,GENERAL,94,109,102.0,4
2024,WESTERN_REGIONS,FULL,B016,,Подготовка учителей казахского языка и литературы,36,GENERAL,96,114,101.3,6
2024,WESTERN_REGIONS,FULL,B016,,Подготовка учителей казахского языка и литературы,40,GENERAL,81,108,92.2,6
2024,WESTERN_REGIONS,FULL,B016,,Подготовка учителей казахского языка и литературы,42,GENERAL,96,112,104.7,3
2024,WESTERN_REGIONS,FULL,B016,,Подготовка учителей казахского языка и литературы,141,GENERAL,110,110,110.0,1
2024,WESTERN_REGIONS,FULL,B016,,Подготовка учителей казахского языка и литературы,141,RURAL,98,98,98.0,1
2024,WESTERN_REGIONS,FULL,B016,,Подготовка учителей казахского языка и литературы,185,GENERAL,78,115,98.0,22
2024,WESTERN_REGIONS,FULL,B016,,Подготовка учителей казахского языка и литературы,302,GENERAL,128,137,132.0,4
2024,WESTERN_REGIONS,FULL,B016,,Подготовка учителей казахского языка и литературы,302,RURAL,117,133,127.0,3
2024,WESTERN_REGIONS,FULL,B016,,Подготовка учителей казахского языка и литературы,517,GENERAL,94,106,98.5,8
2024,WESTERN_REGIONS,FULL,B017,,Подготовка учителей русского языка и литературы,7,GENERAL,80,122,104.3,3
2024,WESTERN_REGIONS,FULL,B017,,Подготовка учителей русского языка и литературы,16,GENERAL,77,103,90.0,2
2024,WESTERN_REGIONS,FULL,B017,,Подготовка учителей русского языка и литературы,35,GENERAL,78,84,81.7,3
2024,WESTERN_REGIONS,FULL,B017,,Подготовка учителей русского языка и литературы,40,GENERAL,78,78,78.0,1
2024,WESTERN_REGIONS,FULL,B017,,Подготовка учителей русского языка и литературы,185,GENERAL,78,95,85.8,5
2024,WESTERN_REGIONS,FULL,B017,,Подготовка учителей русского языка и литературы,517,GENERAL,77,81,79.0,2
2024,WESTERN_REGIONS,FULL,B018,,Подготовка учителей иностранного языка,7,GENERAL,77,130,99.4,45
2024,WESTERN_REGIONS,FULL,B018,,Подготовка учителей иностранного языка,8,GENERAL,91,117,104.8,5
2024,WESTERN_REGIONS,FULL,B018,,Подготовка учителей иностранного языка,11,GENERAL,85,107,95.5,4
2024,WESTERN_REGIONS,FULL,B018,,Подготовка учителей иностранного языка,15,GENERAL,102,117,108.7,3
2024,WESTERN_REGIONS,FULL,B018,,Подготовка учителей иностранного языка,16,GENERAL,75,118,90.2,13
2024,WESTERN_REGIONS,FULL,B018,,Подготовка учителей иностранного языка,16,RURAL,107,107,107.0,1
2024,WESTERN_REGIONS,FULL,B018,,Подготовка учителей иностранного языка,23,GENERAL,38,122,89.5,10
2024,WESTERN_REGIONS,FULL,B018,,Подготовка учителей иностранного языка,23,RURAL,101,101,101.0,1
2024,WESTERN_REGIONS,FULL,B018,,Подготовка учителей иностранного языка,25,GENERAL,81,132,100.7,38
2024,WESTERN_REGIONS,FULL,B018,,Подготовка учителей иностранного языка,31,GENERAL,106,111,109.0,3
2024,WESTERN_REGIONS,FULL,B018,,Подготовка учителей иностранного языка,31,RURAL,104,104,104.0,1
2024,WESTERN_REGIONS,FULL,B018,,Подготовка учителей иностранного языка,35,GENERAL,35,119,95.7,7
2024,WESTERN_REGIONS,FULL,B018,,Подготовка учителей иностранного языка,36,GENERAL,103,114,105.8,5
2024,WESTERN_REGIONS,FULL,B018,,Подготовка учителей иностранного языка,40,GENERAL,89,114,102.2,5
2024,WESTERN_REGIONS,FULL,B018,,Подготовка учителей иностранного языка,42,GENERAL,94,94,94.0,1
2024,WESTERN_REGIONS,FULL,B018,,Подготовка учителей иностранного языка,185,GENERAL,35,123,97.8,59
2024,WESTERN_REGIONS,FULL,B018,,Подготовка учителей иностранного языка,185,RURAL,106,106,106.0,1
2024,WESTERN_REGIONS,FULL,B018,,Подготовка учителей иностранного языка,302,GENERAL,54,139,96.2,4
2024,WESTERN_REGIONS,FULL,B018,,Подготовка учителей иностранного языка,302,RURAL,130,131,130.5,2
2024,WESTERN_REGIONS,FULL,B018,,Подготовка учителей иностранного языка,517,GENERAL,81,115,103.5,8
2024,WESTERN_REGIONS,FULL,B019,,Подготовка социальных педагогов,25,GENERAL,79,79,79.0,1
2024,WESTERN_REGIONS,FULL,B020,,Специальная педагогика,7,GENERAL,91,106,99.5,4
2024,WESTERN_REGIONS,FULL,B020,,Специальная педагогика,7,RURAL,86,86,86.0,1
2024,WESTERN_REGIONS,FULL,B020,,Специальная педагогика,11,GENERAL,76,76,76.0,1
2024,WESTERN_REGIONS,FULL,B020,,Специальная педагогика,25,GENERAL,79,114,102.0,9
2024,WESTERN_REGIONS,FULL,B020,,Специальная педагогика,25,RURAL,90,90,90.0,1
2024,WESTERN_REGIONS,FULL,B020,,Специальная педагогика,31,GENERAL,78,84,81.0,2
2024,WESTERN_REGIONS,FULL,B020,,Специальная педагогика,517,GENERAL,83,83,83.0,1
2024,WESTERN_REGIONS,FULL,B020,,Специальная педагогика,517,RURAL,77,77,77.0,1
2024,WESTERN_REGIONS,FULL,B031,,"Мода, дизайн",7,GENERAL,121,125,123.0,2
2024,WESTERN_REGIONS,FULL,B031,,"Мода, дизайн",16,GENERAL,103,103,103.0,1
2024,WESTERN_REGIONS,FULL,B031,,"Мода, дизайн",27,GENERAL,120,120,120.0,1
2024,WESTERN_REGIONS,FULL,B031,,"Мода, дизайн",53,GENERAL,71,129,103.3,6
2024,WESTERN_REGIONS,FULL,B032,,Философия и этика,7,GENERAL,66,83,72.9,7
2024,WESTERN_REGIONS,FULL,B032,,Философия и этика,13,GENERAL,91,92,91.5,2
2024,WESTERN_REGIONS,FULL,B032,,Философия и этика,27,GENERAL,87,89,88.0,2
2024,WESTERN_REGIONS,FULL,B034,,История,7,GENERAL,70,74,71.7,3
2024,WESTERN_REGIONS,FULL,B034,,История,13,GENERAL,97,112,103.0,3
2024,WESTERN_REGIONS,FULL,B034,,История,27,GENERAL,73,106,94.7,7
2024,WESTERN_REGIONS,FULL,B034,,История,31,GENERAL,58,90,68.8,12
2024,WESTERN_REGIONS,FULL,B034,,История,38,GENERAL,70,70,70.0,1
2024,WESTERN_REGIONS,FULL,B035,,Тюркология,13,GENERAL,104,104,104.0,1
2024,WESTERN_REGIONS,FULL,B035,,Тюркология,27,GENERAL,75,96,85.6,5
2024,WESTERN_REGIONS,FULL,B036,,Переводческое дело,7,GENERAL,95,117,104.5,4
2024,WESTERN_REGIONS,FULL,B036,,Переводческое дело,13,GENERAL,103,124,113.5,6
2024,WESTERN_REGIONS,FULL,B036,,Переводческое дело,25,GENERAL,76,103,91.7,3
2024,WESTERN_REGIONS,FULL,B036,,Переводческое дело,27,GENERAL,98,112,105.2,6
2024,WESTERN_REGIONS,FULL,B036,,Переводческое дело,31,GENERAL,72,72,72.0,1
2024,WESTERN_REGIONS,FULL,B036,,Переводческое дело,302,GENERAL,123,124,123.7,3
2024,WESTERN_REGIONS,FULL,B037,,Филология,7,GENERAL,92,111,105.2,4
2024,WESTERN_REGIONS,FULL,B037,,Филология,13,GENERAL,112,124,115.8,4
2024,WESTERN_REGIONS,FULL,B037,,Филология,27,GENERAL,101,120,111.8,6
2024,WESTERN_REGIONS,FULL,B038,,Социология,13,GENERAL,93,110,102.0,7
2024,WESTERN_REGIONS,FULL,B038,,Социология,16,GENERAL,54,85,70.2,4
2024,WESTERN_REGIONS,FULL,B038,,Социология,25,GENERAL,89,109,99.0,2
2024,WESTERN_REGIONS,FULL,B038,,Социология,27,GENERAL,97,101,99.0,2
2024,WESTERN_REGIONS,FULL,B038,,Социология,31,GENERAL,59,75,67.0,2
2024,WESTERN_REGIONS,FULL,B039,,Культурология,7,GENERAL,69,98,75.8,13
2024,WESTERN_REGIONS,FULL,B039,,Культурология,13,GENERAL,109,109,109.0,1
2024,WESTERN_REGIONS,FULL,B039,,Культурология,27,GENERAL,86,107,98.0,3
2024,WESTERN_REGIONS,FULL,B039,,Культурология,38,GENERAL,50,71,62.9,7
2024,WESTERN_REGIONS,FULL,B040,,Политология,7,GENERAL,73,104,88.7,12
2024,WESTERN_REGIONS,FULL,B040,,Политология,11,GENERAL,64,83,73.5,4
2024,WESTERN_REGIONS,FULL,B040,,Политология,13,GENERAL,101,120,112.4,7
2024,WESTERN_REGIONS,FULL,B040,,Политология,16,GENERAL,73,98,81.9,10
2024,WESTERN_REGIONS,FULL,B040,,Политология,27,GENERAL,88,109,98.1,8
2024,WESTERN_REGIONS,FULL,B040,,Политология,31,GENERAL,68,103,83.4,8
2024,WESTERN_REGIONS,FULL,B040,,Политология,38,GENERAL,71,87,76.3,3
2024,WESTERN_REGIONS,FULL,B040,,Политология,93,GENERAL,68,96,82.8,5
2024,WESTERN_REGIONS,FULL,B041,,Психология,7,GENERAL,73,91,80.4,7
2024,WESTERN_REGIONS,FULL,B041,,Психология,11,GENERAL,67,70,68.5,2
2024,WESTERN_REGIONS,FULL,B041,,Психология,13,GENERAL,107,110,108.5,2
2024,WESTERN_REGIONS,FULL,B041,,Психология,16,GENERAL,66,84,75.3,6
2024,WESTERN_REGIONS,FULL,B041,,Психология,31,GENERAL,62,110,79.3,3
2024,WESTERN_REGIONS,FULL,B041,,Психология,36,GENERAL,58,89,73.5,2
2024,WESTERN_REGIONS,FULL,B041,,Психология,38,GENERAL,70,70,70.0,1
2024,WESTERN_REGIONS,FULL,B041,,Психология,93,GENERAL,61,74,68.8,11
2024,WESTERN_REGIONS,FULL,B041,,Психология,141,GENERAL,52,58,55.0,2
2024,WESTERN_REGIONS,FULL,B041,,Психология,184,GENERAL,65,85,70.0,5
2024,WESTERN_REGIONS,FULL,B042,,Журналистика и репортерское дело,11,GENERAL,115,115,115.0,1
2024,WESTERN_REGIONS,FULL,B042,,Журналистика и репортерское дело,13,GENERAL,115,129,124.2,5
2024,WESTERN_REGIONS,FULL,B042,,Журналистика и репортерское дело,13,RURAL,125,125,125.0,1
2024,WESTERN_REGIONS,FULL,B042,,Журналистика и репортерское дело,23,GENERAL,94,115,104.0,3
2024,WESTERN_REGIONS,FULL,B042,,Журналистика и репортерское дело,27,GENERAL,112,129,121.6,7
2024,WESTERN_REGIONS,FULL,B042,,Журналистика и репортерское дело,36,GENERAL,119,119,119.0,1
2024,WESTERN_REGIONS,FULL,B042,,Журналистика и репортерское дело,93,GENERAL,117,117,117.0,1
2024,WESTERN_REGIONS,FULL,B042,,Журналистика и репортерское дело,153,GENERAL,110,124,117.7,3
2024,WESTERN_REGIONS,FULL,B042,,Журналистика и репортерское дело,302,GENERAL,120,128,123.3,3
2024,WESTERN_REGIONS,FULL,B043,,"Библиотечное дело, обработка информации и архивное дело",16,GENERAL,68,95,78.1,8
2024,WESTERN_REGIONS,FULL,B043,,"Библиотечное дело, обработка информации и архивное дело",16,RURAL,56,77,64.0,5
2024,WESTERN_REGIONS,FULL,B043,,"Библиотечное дело, обработка информации и архивное дело",25,GENERAL,73,113,94.3,11
2024,WESTERN_REGIONS,FULL,B043,,"Библиотечное дело, обработка информации и архивное дело",25,RURAL,69,70,69.3,3
2024,WESTERN_REGIONS,FULL,B043,,"Библиотечное дело, обработка информации и архивное дело",27,GENERAL,71,96,81.2,4
2024,WESTERN_REGIONS,FULL,B043,,"Библиотечное дело, обработка информации и архивное дело",36,GENERAL,67,92,76.3,3
2024,WESTERN_REGIONS,FULL,B043,,"Библиотечное дело, обработка информации и архивное дело",36,RURAL,57,57,57.0,1
2024,WESTERN_REGIONS,FULL,B043,,"Библиотечное дело, обработка информации и архивное дело",38,GENERAL,66,66,66.0,1
2024,WESTERN_REGIONS,FULL,B043,,"Библиотечное дело, обработка информации и архивное дело",38,RURAL,60,60,60.0,1
2024,WESTERN_REGIONS,FULL,B044,,Менеджмент и управление,19,GENERAL,74,74,74.0,1
2024,WESTERN_REGIONS,FULL,B044,,Менеджмент и управление,19,RURAL,64,64,64.0,1
2024,WESTERN_REGIONS,FULL,B044,,Менеджмент и управление,21,GENERAL,117,129,122.7,3
2024,WESTERN_REGIONS,FULL,B044,,Менеджмент и управление,21,RURAL,115,116,115.5,2
2024,WESTERN_REGIONS,FULL,B044,,Менеджмент и управление,27,GENERAL,102,121,111.2,4
2024,WESTERN_REGIONS,FULL,B044,,Менеджмент и управление,27,RURAL,96,96,96.0,1
2024,WESTERN_REGIONS,FULL,B044,,Менеджмент и управление,29,GENERAL,92,92,92.0,1
2024,WESTERN_REGIONS,FULL,B044,,Менеджмент и управление,29,RURAL,77,77,77.0,1
2024,WESTERN_REGIONS,FULL,B044,,Менеджмент и управление,31,GENERAL,88,88,88.0,1
2024,WESTERN_REGIONS,FULL,B044,,Менеджмент и управление,83,GENERAL,88,117,98.0,3
2024,WESTERN_REGIONS,FULL,B044,,Менеджмент и управление,83,RURAL,67,74,70.5,2
2024,WESTERN_REGIONS,FULL,B044,,Менеджмент и управление,93,GENERAL,80,97,87.7,3
2024,WESTERN_REGIONS,FULL,B044,,Менеджмент и управление,184,GENERAL,64,99,85.7,3
2024,WESTERN_REGIONS,FULL,B044,,Менеджмент и управление,184,RURAL,57,57,57.0,1
2024,WESTERN_REGIONS,FULL,B044,,Менеджмент и управление,190,GENERAL,63,105,83.8,4
2024,WESTERN_REGIONS,FULL,B044,,Менеджмент и управление,421,GENERAL,114,116,115.0,2
2024,WESTERN_REGIONS,FULL,B044,,Менеджмент и управление,421,RURAL,112,114,113.0,2
2024,WESTERN_REGIONS,FULL,B045,,Аудит и налогообложение,11,GENERAL,93,93,93.0,1
2024,WESTERN_REGIONS,FULL,B045,,Аудит и налогообложение,21,GENERAL,104,126,115.0,2
2024,WESTERN_REGIONS,FULL,B045,,Аудит и налогообложение,21,RURAL,110,110,110.0,1
2024,WESTERN_REGIONS,FULL,B045,,Аудит и налогообложение,22,GENERAL,64,105,81.3,3
2024,WESTERN_REGIONS,FULL,B045,,Аудит и налогообложение,27,GENERAL,75,117,95.2,11
2024,WESTERN_REGIONS,FULL,B045,,Аудит и налогообложение,69,GENERAL,70,88,79.0,2
2024,WESTERN_REGIONS,FULL,B045,,Аудит и налогообложение,83,GENERAL,63,106,87.8,4
2024,WESTERN_REGIONS,FULL,B045,,Аудит и налогообложение,122,GENERAL,61,61,61.0,1
2024,WESTERN_REGIONS,FULL,B045,,Аудит и налогообложение,122,RURAL,61,61,61.0,1
2024,WESTERN_REGIONS,FULL,B045,,Аудит и налогообложение,184,GENERAL,55,89,76.5,4
2024,WESTERN_REGIONS,FULL,B045,,Аудит и налогообложение,421,GENERAL,109,127,116.0,5
2024,WESTERN_REGIONS,FULL,B046,,"Финансы, экономика, банковское и страховое дело",13,GENERAL,88,129,101.9,14
2024,WESTERN_REGIONS,FULL,B046,,"Финансы, экономика, банковское и страховое дело",15,GENERAL,70,70,70.0,1
2024,WESTERN_REGIONS,FULL,B046,,"Финансы, экономика, банковское и страховое дело",16,GENERAL,69,69,69.0,1
2024,WESTERN_REGIONS,FULL,B046,,"Финансы, экономика, банковское и страховое дело",21,GENERAL,104,123,110.2,5
2024,WESTERN_REGIONS,FULL,B046,,"Финансы, экономика, банковское и страховое дело",22,GENERAL,59,83,68.8,4
2024,WESTERN_REGIONS,FULL,B046,,"Финансы, экономика, банковское и страховое дело",24,GENERAL,76,78,77.0,2
2024,WESTERN_REGIONS,FULL,B046,,"Финансы, экономика, банковское и страховое дело",27,GENERAL,99,118,108.4,9
2024,WESTERN_REGIONS,FULL,B046,,"Финансы, экономика, банковское и страховое дело",29,GENERAL,84,96,90.0,2
2024,WESTERN_REGIONS,FULL,B046,,"Финансы, экономика, банковское и страховое дело",31,GENERAL,63,72,67.5,2
2024,WESTERN_REGIONS,FULL,B046,,"Финансы, экономика, банковское и страховое дело",69,GENERAL,101,117,106.6,5
2024,WESTERN_REGIONS,FULL,B046,,"Финансы, экономика, банковское и страховое дело",83,GENERAL,98,113,102.2,4
2024,WESTERN_REGIONS,FULL,B046,,"Финансы, экономика, банковское и страховое дело",93,GENERAL,73,86,80.7,3
2024,WESTERN_REGIONS,FULL,B046,,"Финансы, экономика, банковское и страховое дело",122,GENERAL,51,61,55.2,4
2024,WESTERN_REGIONS,FULL,B046,,"Финансы, экономика, банковское и страховое дело",141,GENERAL,57,57,57.0,1
2024,WESTERN_REGIONS,FULL,B046,,"Финансы, экономика, банковское и страховое дело",184,GENERAL,73,99,86.4,7
2024,WESTERN_REGIONS,FULL,B046,,"Финансы, экономика, банковское и страховое дело",302,GENERAL,106,128,114.5,6
2024,WESTERN_REGIONS,FULL,B046,,"Финансы, экономика, банковское и страховое дело",421,GENERAL,109,136,121.8,8
2024,WESTERN_REGIONS,FULL,B047,,Маркетинг и реклама,19,GENERAL,50,62,56.0,3
2024,WESTERN_REGIONS,FULL,B047,,Маркетинг и реклама,21,GENERAL,105,111,109.0,3
2024,WESTERN_REGIONS,FULL,B047,,Маркетинг и реклама,27,GENERAL,79,114,101.0,7
2024,WESTERN_REGIONS,FULL,B047,,Маркетинг и реклама,69,GENERAL,81,83,82.0,2
2024,WESTERN_REGIONS,FULL,B047,,Маркетинг и реклама,83,GENERAL,72,97,81.8,5
2024,WESTERN_REGIONS,FULL,B047,,Маркетинг и реклама,93,GENERAL,54,110,79.0,3
2024,WESTERN_REGIONS,FULL,B047,,Маркетинг и реклама,122,GENERAL,59,67,63.0,2
2024,WESTERN_REGIONS,FULL,B047,,Маркетинг и реклама,421,GENERAL,103,103,103.0,1
2024,WESTERN_REGIONS,FULL,B048,,Трудовые навыки,21,GENERAL,101,112,106.3,7
2024,WESTERN_REGIONS,FULL,B049,,Право,13,GENERAL,109,119,114.5,17
2024,WESTERN_REGIONS,FULL,B049,,Право,21,GENERAL,100,127,112.0,8
2024,WESTERN_REGIONS,FULL,B049,,Право,27,GENERAL,103,137,110.9,10
2024,WESTERN_REGIONS,FULL,B049,,Право,31,GENERAL,91,105,97.5,8
2024,WESTERN_REGIONS,FULL,B049,,Право,35,GENERAL,92,99,95.8,6
2024,WESTERN_REGIONS,FULL,B049,,Право,40,GENERAL,87,97,89.7,6
2024,WESTERN_REGIONS,FULL,B049,,Право,83,GENERAL,95,108,98.7,6
2024,WESTERN_REGIONS,FULL,B049,,Право,122,GENERAL,85,90,87.3,6
2024,WESTERN_REGIONS,FULL,B049,,Право,302,GENERAL,103,121,113.0,4
2024,WESTERN_REGIONS,FULL,B050,,Биологические и смежные науки,11,GENERAL,61,69,63.7,3
2024,WESTERN_REGIONS,FULL,B050,,Биологические и смежные науки,13,GENERAL,100,128,107.8,4
2024,WESTERN_REGIONS,FULL,B050,,Биологические и смежные науки,24,GENERAL,70,74,71.7,3
2024,WESTERN_REGIONS,FULL,B050,,Биологические и смежные науки,27,GENERAL,70,132,94.1,37
2024,WESTERN_REGIONS,FULL,B050,,Биологические и смежные науки,29,GENERAL,72,72,72.0,1
2024,WESTERN_REGIONS,FULL,B050,,Биологические и смежные науки,31,GENERAL,62,69,64.2,4
2024,WESTERN_REGIONS,FULL,B050,,Биологические и смежные науки,32,GENERAL,53,77,62.8,9
2024,WESTERN_REGIONS,FULL,B050,,Биологические и смежные науки,36,GENERAL,59,62,61.0,3
2024,WESTERN_REGIONS,FULL,B050,,Биологические и смежные науки,38,GENERAL,52,81,64.1,7
2024,WESTERN_REGIONS,FULL,B050,,Биологические и смежные науки,42,GENERAL,83,83,83.0,2
2024,WESTERN_REGIONS,FULL,B050,,Биологические и смежные науки,53,GENERAL,67,86,73.5,4
2024,WESTERN_REGIONS,FULL,B050,,Биологические и смежные науки,141,GENERAL,57,87,71.4,5
2024,WESTERN_REGIONS,FULL,B051,,Окружающая среда,11,GENERAL,64,73,68.2,5
2024,WESTERN_REGIONS,FULL,B051,,Окружающая среда,13,GENERAL,88,98,92.0,3
2024,WESTERN_REGIONS,FULL,B051,,Окружающая среда,24,GENERAL,65,76,69.1,8
2024,WESTERN_REGIONS,FULL,B051,,Окружающая среда,27,GENERAL,65,90,74.3,16
2024,WESTERN_REGIONS,FULL,B051,,Окружающая среда,29,GENERAL,65,85,70.8,8
2024,WESTERN_REGIONS,FULL,B051,,Окружающая среда,31,GENERAL,55,78,67.5,14
2024,WESTERN_REGIONS,FULL,B051,,Окружающая среда,36,GENERAL,56,69,62.5,2
2024,WESTERN_REGIONS,FULL,B051,,Окружающая среда,38,GENERAL,51,69,61.6,9
2024,WESTERN_REGIONS,FULL,B051,,Окружающая среда,42,GENERAL,85,88,86.5,2
2024,WESTERN_REGIONS,FULL,B051,,Окружающая среда,53,GENERAL,57,78,68.8,13
2024,WESTERN_REGIONS,FULL,B051,,Окружающая среда,182,GENERAL,70,70,70.0,1
2024,WESTERN_REGIONS,FULL,B052,,Наука о земле,7,GENERAL,73,94,80.0,3
2024,WESTERN_REGIONS,FULL,B052,,Наука о земле,11,GENERAL,56,56,56.0,1
2024,WESTERN_REGIONS,FULL,B052,,Наука о земле,13,GENERAL,96,114,105.0,2
2024,WESTERN_REGIONS,FULL,B052,,Наука о земле,27,GENERAL,76,85,80.3,3
2024,WESTERN_REGIONS,FULL,B052,,Наука о земле,29,GENERAL,67,113,79.2,17
2024,WESTERN_REGIONS,FULL,B052,,Наука о земле,31,GENERAL,57,86,70.2,10
2024,WESTERN_REGIONS,FULL,B052,,Наука о земле,38,GENERAL,51,62,56.5,2
2024,WESTERN_REGIONS,FULL,B053,,Химия,11,GENERAL,54,74,62.5,4
2024,WESTERN_REGIONS,FULL,B053,,Химия,13,GENERAL,92,117,101.2,8
2024,WESTERN_REGIONS,FULL,B053,,Химия,16,GENERAL,52,70,60.6,9
2024,WESTERN_REGIONS,FULL,B053,,Химия,27,GENERAL,81,130,101.4,8
2024,WESTERN_REGIONS,FULL,B053,,Химия,31,GENERAL,56,94,71.2,21
2024,WESTERN_REGIONS,FULL,B053,,Химия,36,GENERAL,50,76,64.2,4
2024,WESTERN_REGIONS,FULL,B053,,Химия,38,GENERAL,55,57,56.0,3
2024,WESTERN_REGIONS,FULL,B053,,Химия,42,GENERAL,74,92,78.5,6
2024,WESTERN_REGIONS,FULL,B054,,Физика,11,GENERAL,62,62,62.0,1
2024,WESTERN_REGIONS,FULL,B054,,Физика,12,GENERAL,63,101,82.0,2
2024,WESTERN_REGIONS,FULL,B054,,Физика,13,GENERAL,95,127,105.5,8
2024,WESTERN_REGIONS,FULL,B054,,Физика,27,GENERAL,91,118,102.2,8
2024,WESTERN_REGIONS,FULL,B054,,Физика,31,GENERAL,57,83,70.2,13
2024,WESTERN_REGIONS,FULL,B054,,Физика,38,GENERAL,62,67,64.5,2
2024,WESTERN_REGIONS,FULL,B054,,Физика,42,GENERAL,60,78,71.2,6
2024,WESTERN_REGIONS,FULL,B055,,Математика и статистика,11,GENERAL,52,61,56.5,2
2024,WESTERN_REGIONS,FULL,B055,,Математика и статистика,13,GENERAL,112,138,124.3,6
2024,WESTERN_REGIONS,FULL,B055,,Математика и статистика,21,GENERAL,101,134,122.0,3
2024,WESTERN_REGIONS,FULL,B055,,Математика и статистика,27,GENERAL,96,134,117.5,6
2024,WESTERN_REGIONS,FULL,B055,,Математика и статистика,31,GENERAL,57,97,76.9,15
2024,WESTERN_REGIONS,FULL,B055,,Математика и статистика,36,GENERAL,51,86,65.8,6
2024,WESTERN_REGIONS,FULL,B055,,Математика и статистика,38,GENERAL,66,87,76.5,2
2024,WESTERN_REGIONS,FULL,B055,,Математика и статистика,302,GENERAL,130,136,133.0,2
2024,WESTERN_REGIONS,FULL,B056,,Механика,13,GENERAL,88,112,96.0,3
2024,WESTERN_REGIONS,FULL,B056,,Механика,27,GENERAL,74,124,86.0,5
2024,WESTERN_REGIONS,FULL,B056,,Механика,31,GENERAL,55,92,65.8,5
2024,WESTERN_REGIONS,FULL,B056,,Механика,38,GENERAL,58,58,58.0,1
2024,WESTERN_REGIONS,FULL,B057,,Информационные технологии,7,GENERAL,66,95,74.6,11
2024,WESTERN_REGIONS,FULL,B057,,Информационные технологии,7,RURAL,83,83,83.0,1
2024,WESTERN_REGIONS,FULL,B057,,Информационные технологии,11,GENERAL,52,67,57.2,4
2024,WESTERN_REGIONS,FULL,B057,,Информационные технологии,12,GENERAL,60,115,74.6,18
2024,WESTERN_REGIONS,FULL,B057,,Информационные технологии,12,RURAL,50,66,58.5,11
2024,WESTERN_REGIONS,FULL,B057,,Информационные технологии,13,GENERAL,103,122,113.2,19
2024,WESTERN_REGIONS,FULL,B057,,Информационные технологии,13,RURAL,101,106,103.0,3
2024,WESTERN_REGIONS,FULL,B057,,Информационные технологии,15,GENERAL,54,54,54.0,1
2024,WESTERN_REGIONS,FULL,B057,,Информационные технологии,16,GENERAL,51,70,59.2,12
2024,WESTERN_REGIONS,FULL,B057,,Информационные технологии,16,RURAL,50,51,50.3,3
2024,WESTERN_REGIONS,FULL,B057,,Информационные технологии,19,GENERAL,50,87,61.9,63
2024,WESTERN_REGIONS,FULL,B057,,Информационные технологии,19,RURAL,52,52,52.0,2
2024,WESTERN_REGIONS,FULL,B057,,Информационные технологии,21,GENERAL,107,128,114.4,12
2024,WESTERN_REGIONS,FULL,B057,,Информационные технологии,21,RURAL,105,112,108.0,3
2024,WESTERN_REGIONS,FULL,B057,,Информационные технологии,24,GENERAL,68,79,71.8,5
2024,WESTERN_REGIONS,FULL,B057,,Информационные технологии,27,GENERAL,94,122,107.8,18
2024,WESTERN_REGIONS,FULL,B057,,Информационные технологии,27,RURAL,93,103,100.0,5
2024,WESTERN_REGIONS,FULL,B057,,Информационные технологии,29,GENERAL,76,116,92.8,57
2024,WESTERN_REGIONS,FULL,B057,,Информационные технологии,29,RURAL,96,101,99.3,3
2024,WESTERN_REGIONS,FULL,B057,,Информационные технологии,31,GENERAL,63,63,63.0,1
2024,WESTERN_REGIONS,FULL,B057,,Информационные технологии,32,GENERAL,50,71,63.1,8
2024,WESTERN_REGIONS,FULL,B057,,Информационные технологии,33,GENERAL,50,63,57.5,4
2024,WESTERN_REGIONS,FULL,B057,,Информационные технологии,35,GENERAL,51,63,57.2,6
2024,WESTERN_REGIONS,FULL,B057,,Информационные технологии,36,GENERAL,51,51,51.0,1
2024,WESTERN_REGIONS,FULL,B057,,Информационные технологии,38,GENERAL,54,54,54.0,1
2024,WESTERN_REGIONS,FULL,B057,,Информационные технологии,42,GENERAL,67,67,67.0,1
2024,WESTERN_REGIONS,FULL,B057,,Информационные технологии,53,GENERAL,50,77,60.6,45
2024,WESTERN_REGIONS,FULL,B057,,Информационные технологии,57,GENERAL,75,95,80.0,9
2024,WESTERN_REGIONS,FULL,B057,,Информационные технологии,57,RURAL,71,73,72.2,4
2024,WESTERN_REGIONS,FULL,B057,,Информационные технологии,69,GENERAL,52,102,68.8,27
2024,WESTERN_REGIONS,FULL,B057,,Информационные технологии,69,RURAL,51,89,72.3,3
2024,WESTERN_REGIONS,FULL,B057,,Информационные технологии,83,GENERAL,60,105,80.7,31
2024,WESTERN_REGIONS,FULL,B057,,Информационные технологии,83,RURAL,50,69,60.6,29
2024,WESTERN_REGIONS,FULL,B057,,Информационные технологии,93,GENERAL,51,99,64.3,64
2024,WESTERN_REGIONS,FULL,B057,,Информационные технологии,93,RURAL,50,69,60.0,4
2024,WESTERN_REGIONS,FULL,B057,,Информационные технологии,122,GENERAL,51,88,60.6,12
2024,WESTERN_REGIONS,FULL,B057,,Информационные технологии,141,GENERAL,53,53,53.0,1
2024,WESTERN_REGIONS,FULL,B057,,Информационные технологии,182,GENERAL,53,75,63.3,9
2024,WESTERN_REGIONS,FULL,B057,,Информационные технологии,182,RURAL,57,57,57.0,1
2024,WESTERN_REGIONS,FULL,B057,,Информационные технологии,184,GENERAL,25,100,67.7,59
2024,WESTERN_REGIONS,FULL,B057,,Информационные технологии,185,GENERAL,65,106,78.8,50
2024,WESTERN_REGIONS,FULL,B057,,Информационные технологии,185,RURAL,60,62,61.0,5
2024,WESTERN_REGIONS,FULL,B057,,Информационные технологии,190,GENERAL,37,132,100.3,108
2024,WESTERN_REGIONS,FULL,B057,,Информационные технологии,190,RURAL,103,110,104.8,6
2024,WESTERN_REGIONS,FULL,B057,,Информационные технологии,302,GENERAL,126,138,130.7,22
2024,WESTERN_REGIONS,FULL,B057,,Информационные технологии,302,RURAL,121,127,123.8,6
2024,WESTERN_REGIONS,FULL,B057,,Информационные технологии,421,GENERAL,115,136,129.9,18
2024,WESTERN_REGIONS,FULL,B057,,Информационные технологии,421,RURAL,117,127,121.8,9
2024,WESTERN_REGIONS,FULL,B057,,Информационные технологии,522,GENERAL,27,136,118.6,37
2024,WESTERN_REGIONS,FULL,B057,,Информационные технологии,522,RURAL,83,124,105.1,14
2024,WESTERN_REGIONS,FULL,B058,,Информационная безопасность,13,GENERAL,104,119,109.9,8
2024,WESTERN_REGIONS,FULL,B058,,Информационная безопасность,21,GENERAL,108,114,109.8,5
2024,WESTERN_REGIONS,FULL,B058,,Информационная безопасность,27,GENERAL,95,109,102.7,6
2024,WESTERN_REGIONS,FULL,B058,,Информационная безопасность,29,GENERAL,75,106,89.1,71
2024,WESTERN_REGIONS,FULL,B058,,Информационная безопасность,32,GENERAL,67,107,77.7,32
2024,WESTERN_REGIONS,FULL,B058,,Информационная безопасность,57,GENERAL,70,100,77.2,69
2024,WESTERN_REGIONS,FULL,B058,,Информационная безопасность,190,GENERAL,34,124,94.4,52
2024,WESTERN_REGIONS,FULL,B058,,Информационная безопасность,522,GENERAL,85,127,102.8,38
2024,WESTERN_REGIONS,FULL,B059,,Коммуникации и коммуникационные технологии,13,GENERAL,94,99,97.0,3
2024,WESTERN_REGIONS,FULL,B059,,Коммуникации и коммуникационные технологии,22,GENERAL,53,102,70.1,14
2024,WESTERN_REGIONS,FULL,B059,,Коммуникации и коммуникационные технологии,22,RURAL,59,60,59.5,4
2024,WESTERN_REGIONS,FULL,B059,,Коммуникации и коммуникационные технологии,27,GENERAL,77,87,81.6,5
2024,WESTERN_REGIONS,FULL,B059,,Коммуникации и коммуникационные технологии,29,GENERAL,76,86,79.7,3
2024,WESTERN_REGIONS,FULL,B059,,Коммуникации и коммуникационные технологии,29,RURAL,71,71,71.0,1
2024,WESTERN_REGIONS,FULL,B059,,Коммуникации и коммуникационные технологии,31,GENERAL,63,88,75.5,2
2024,WESTERN_REGIONS,FULL,B059,,Коммуникации и коммуникационные технологии,31,RURAL,84,84,84.0,1
2024,WESTERN_REGIONS,FULL,B059,,Коммуникации и коммуникационные технологии,32,GENERAL,50,77,61.5,4
2024,WESTERN_REGIONS,FULL,B059,,Коммуникации и коммуникационные технологии,57,GENERAL,71,72,71.5,2
2024,WESTERN_REGIONS,FULL,B059,,Коммуникации и коммуникационные технологии,93,GENERAL,54,85,66.4,8
2024,WESTERN_REGIONS,FULL,B059,,Коммуникации и коммуникационные технологии,93,RURAL,61,61,61.0,1
2024,WESTERN_REGIONS,FULL,B059,,Коммуникации и коммуникационные технологии,190,GENERAL,62,76,67.8,5
2024,WESTERN_REGIONS,FULL,B059,,Коммуникации и коммуникационные технологии,190,RURAL,66,66,66.0,1
2024,WESTERN_REGIONS,FULL,B059,,Коммуникации и коммуникационные технологии,522,GENERAL,91,130,106.4,8
2024,WESTERN_REGIONS,FULL,B060,,Химическая инженерия и процессы,27,GENERAL,71,92,83.2,5
2024,WESTERN_REGIONS,FULL,B060,,Химическая инженерия и процессы,29,GENERAL,75,81,78.0,2
2024,WESTERN_REGIONS,FULL,B060,,Химическая инженерия и процессы,53,GENERAL,55,55,55.0,1
2024,WESTERN_REGIONS,FULL,B060,,Химическая инженерия и процессы,182,GENERAL,58,58,58.0,1
2024,WESTERN_REGIONS,FULL,B060,,Химическая инженерия и процессы,421,GENERAL,100,134,123.6,10
2024,WESTERN_REGIONS,FULL,B062,,Электротехника и энергетика,12,GENERAL,59,96,74.0,4
2024,WESTERN_REGIONS,FULL,B062,,Электротехника и энергетика,13,GENERAL,93,113,103.4,7
2024,WESTERN_REGIONS,FULL,B062,,Электротехника и энергетика,13,RURAL,87,106,92.0,4
2024,WESTERN_REGIONS,FULL,B062,,Электротехника и энергетика,19,GENERAL,50,113,61.0,70
2024,WESTERN_REGIONS,FULL,B062,,Электротехника и энергетика,19,RURAL,50,62,54.1,11
2024,WESTERN_REGIONS,FULL,B062,,Электротехника и энергетика,27,GENERAL,72,126,98.5,8
2024,WESTERN_REGIONS,FULL,B062,,Электротехника и энергетика,27,RURAL,84,123,103.5,2
2024,WESTERN_REGIONS,FULL,B062,,Электротехника и энергетика,29,GENERAL,31,103,74.2,25
2024,WESTERN_REGIONS,FULL,B062,,Электротехника и энергетика,29,RURAL,69,69,69.0,1
2024,WESTERN_REGIONS,FULL,B062,,Электротехника и энергетика,31,GENERAL,67,80,71.7,3
2024,WESTERN_REGIONS,FULL,B062,,Электротехника и энергетика,32,GENERAL,50,102,61.2,20
2024,WESTERN_REGIONS,FULL,B062,,Электротехника и энергетика,33,GENERAL,60,60,60.0,1
2024,WESTERN_REGIONS,FULL,B062,,Электротехника и энергетика,36,GENERAL,51,51,51.0,1
2024,WESTERN_REGIONS,FULL,B062,,Электротехника и энергетика,38,GENERAL,79,91,85.0,2
2024,WESTERN_REGIONS,FULL,B062,,Электротехника и энергетика,38,RURAL,76,76,76.0,1
2024,WESTERN_REGIONS,FULL,B062,,Электротехника и энергетика,42,GENERAL,55,79,68.1,9
2024,WESTERN_REGIONS,FULL,B062,,Электротехника и энергетика,42,RURAL,51,53,52.0,3
2024,WESTERN_REGIONS,FULL,B062,,Электротехника и энергетика,57,GENERAL,26,110,67.0,54
2024,WESTERN_REGIONS,FULL,B062,,Электротехника и энергетика,57,RURAL,58,64,61.0,8
2024,WESTERN_REGIONS,FULL,B062,,Электротехника и энергетика,141,GENERAL,52,68,61.6,17
2024,WESTERN_REGIONS,FULL,B062,,Электротехника и энергетика,141,RURAL,51,55,53.0,2
2024,WESTERN_REGIONS,FULL,B063,,Электротехника и автоматизация,12,GENERAL,69,69,69.0,1
2024,WESTERN_REGIONS,FULL,B063,,Электротехника и автоматизация,13,GENERAL,102,127,115.3,7
2024,WESTERN_REGIONS,FULL,B063,,Электротехника и автоматизация,19,GENERAL,50,85,59.8,50
2024,WESTERN_REGIONS,FULL,B063,,Электротехника и автоматизация,27,GENERAL,78,119,99.5,11
2024,WESTERN_REGIONS,FULL,B063,,Электротехника и автоматизация,29,GENERAL,27,108,85.2,25
2024,WESTERN_REGIONS,FULL,B063,,Электротехника и автоматизация,31,GENERAL,63,75,69.0,3
2024,WESTERN_REGIONS,FULL,B063,,Электротехника и автоматизация,32,GENERAL,54,80,65.6,9
2024,WESTERN_REGIONS,FULL,B063,,Электротехника и автоматизация,33,GENERAL,62,62,62.0,1
2024,WESTERN_REGIONS,FULL,B063,,Электротехника и автоматизация,42,GENERAL,66,106,81.9,9
2024,WESTERN_REGIONS,FULL,B063,,Электротехника и автоматизация,53,GENERAL,51,68,56.8,17
2024,WESTERN_REGIONS,FULL,B063,,Электротехника и автоматизация,57,GENERAL,85,106,94.2,12
2024,WESTERN_REGIONS,FULL,B063,,Электротехника и автоматизация,182,GENERAL,53,78,64.2,11
2024,WESTERN_REGIONS,FULL,B063,,Электротехника и автоматизация,421,GENERAL,123,136,127.9,14
2024,WESTERN_REGIONS,FULL,B063,,Электротехника и автоматизация,522,GENERAL,29,123,101.5,8
2024,WESTERN_REGIONS,FULL,B064,,Механика и металлообработка,12,GENERAL,56,62,59.0,2
2024,WESTERN_REGIONS,FULL,B064,,Механика и металлообработка,19,GENERAL,50,67,54.6,12
2024,WESTERN_REGIONS,FULL,B064,,Механика и металлообработка,24,GENERAL,68,68,68.0,1
2024,WESTERN_REGIONS,FULL,B064,,Механика и металлообработка,29,GENERAL,68,107,83.6,9
2024,WESTERN_REGIONS,FULL,B064,,Механика и металлообработка,31,GENERAL,72,72,72.0,1
2024,WESTERN_REGIONS,FULL,B064,,Механика и металлообработка,32,GENERAL,50,64,57.0,5
2024,WESTERN_REGIONS,FULL,B064,,Механика и металлообработка,33,GENERAL,54,54,54.0,1
2024,WESTERN_REGIONS,FULL,B064,,Механика и металлообработка,38,GENERAL,69,69,69.0,1
2024,WESTERN_REGIONS,FULL,B064,,Механика и металлообработка,42,GENERAL,56,89,68.9,19
2024,WESTERN_REGIONS,FULL,B064,,Механика и металлообработка,57,GENERAL,65,73,68.2,4
2024,WESTERN_REGIONS,FULL,B064,,Механика и металлообработка,182,GENERAL,50,57,54.0,3
2024,WESTERN_REGIONS,FULL,B065,,Транспортная техника и технологии,19,GENERAL,50,109,61.1,27
2024,WESTERN_REGIONS,FULL,B065,,Транспортная техника и технологии,19,RURAL,52,58,54.8,5
2024,WESTERN_REGIONS,FULL,B065,,Транспортная техника и технологии,29,GENERAL,69,93,81.0,2
2024,WESTERN_REGIONS,FULL,B065,,Транспортная техника и технологии,31,GENERAL,71,71,71.0,1
2024,WESTERN_REGIONS,FULL,B066,,Морской транспорт и технологии,421,GENERAL,74,85,79.8,6
2024,WESTERN_REGIONS,FULL,B067,,Воздушный транспорт и технологии,157,GENERAL,66,94,79.0,24
2024,WESTERN_REGIONS,FULL,B068,,Производство продуктов питания,11,GENERAL,59,59,59.0,1
2024,WESTERN_REGIONS,FULL,B068,,Производство продуктов питания,11,RURAL,54,57,55.5,2
2024,WESTERN_REGIONS,FULL,B068,,Производство продуктов питания,24,GENERAL,65,80,69.8,5
2024,WESTERN_REGIONS,FULL,B068,,Производство продуктов питания,24,RURAL,66,66,66.0,1
2024,WESTERN_REGIONS,FULL,B068,,Производство продуктов питания,27,GENERAL,90,90,90.0,1
2024,WESTERN_REGIONS,FULL,B068,,Производство продуктов питания,38,GENERAL,55,55,55.0,1
2024,WESTERN_REGIONS,FULL,B068,,Производство продуктов питания,40,GENERAL,59,63,61.7,3
2024,WESTERN_REGIONS,FULL,B068,,Производство продуктов питания,40,RURAL,52,52,52.0,1
2024,WESTERN_REGIONS,FULL,B068,,Производство продуктов питания,42,GENERAL,50,71,60.4,24
2024,WESTERN_REGIONS,FULL,B068,,Производство продуктов питания,42,RURAL,50,59,54.8,13
2024,WESTERN_REGIONS,FULL,B068,,Производство продуктов питания,53,GENERAL,50,81,62.4,120
2024,WESTERN_REGIONS,FULL,B068,,Производство продуктов питания,53,RURAL,56,64,59.7,29
2024,WESTERN_REGIONS,FULL,B068,,Производство продуктов питания,122,GENERAL,51,70,60.0,10
2024,WESTERN_REGIONS,FULL,B068,,Производство продуктов питания,122,RURAL,56,56,56.0,1
2024,WESTERN_REGIONS,FULL,B068,,Производство продуктов питания,182,GENERAL,51,75,62.0,6
2024,WESTERN_REGIONS,FULL,B069,,"Производство материалов (стекло, бумага, пластик, дерево)",22,GENERAL,54,56,55.2,4
2024,WESTERN_REGIONS,FULL,B069,,"Производство материалов (стекло, бумага, пластик, дерево)",29,GENERAL,71,71,71.0,1
2024,WESTERN_REGIONS,FULL,B069,,"Производство материалов (стекло, бумага, пластик, дерево)",33,GENERAL,69,69,69.0,1
2024,WESTERN_REGIONS,FULL,B070,,"Текстиль: одежда, обувь и кожаные изделия",53,GENERAL,50,94,66.1,10
2024,WESTERN_REGIONS,FULL,B071,,Горное дело и добыча полезных ископаемых,12,GENERAL,56,56,56.0,1
2024,WESTERN_REGIONS,FULL,B071,,Горное дело и добыча полезных ископаемых,29,GENERAL,68,104,85.9,16
2024,WESTERN_REGIONS,FULL,B071,,Горное дело и добыча полезных ископаемых,32,GENERAL,52,116,64.3,41
2024,WESTERN_REGIONS,FULL,B071,,Горное дело и добыча полезных ископаемых,33,GENERAL,50,54,52.3,3
2024,WESTERN_REGIONS,FULL,B071,,Горное дело и добыча полезных ископаемых,38,GENERAL,63,63,63.0,1
2024,WESTERN_REGIONS,FULL,B071,,Горное дело и добыча полезных ископаемых,421,GENERAL,105,129,113.8,12
2024,WESTERN_REGIONS,FULL,B072,,Технология фармацевтического производства,26,GENERAL,77,104,91.8,40
2024,WESTERN_REGIONS,FULL,B072,,Технология фармацевтического производства,27,GENERAL,87,123,105.0,2
2024,WESTERN_REGIONS,FULL,B072,,Технология фармацевтического производства,29,GENERAL,70,135,82.0,10
2024,WESTERN_REGIONS,FULL,B072,,Технология фармацевтического производства,30,GENERAL,50,113,66.4,152
2024,WESTERN_REGIONS,FULL,B072,,Технология фармацевтического производства,31,GENERAL,61,88,69.8,12
2024,WESTERN_REGIONS,FULL,B072,,Технология фармацевтического производства,33,GENERAL,50,70,57.8,29
2024,WESTERN_REGIONS,FULL,B073,,Архитектура,12,GENERAL,75,75,75.0,1
2024,WESTERN_REGIONS,FULL,B073,,Архитектура,13,GENERAL,115,130,123.5,17
2024,WESTERN_REGIONS,FULL,B073,,Архитектура,19,GENERAL,54,124,97.6,16
2024,WESTERN_REGIONS,FULL,B073,,Архитектура,22,GENERAL,60,128,103.7,145
2024,WESTERN_REGIONS,FULL,B073,,Архитектура,29,GENERAL,75,122,100.8,13
2024,WESTERN_REGIONS,FULL,B073,,Архитектура,32,GENERAL,113,123,118.0,2
2024,WESTERN_REGIONS,FULL,B074,,"Градостроительство, строительные работы и гражданское строительство",12,GENERAL,50,90,71.8,5
2024,WESTERN_REGIONS,FULL,B074,,"Градостроительство, строительные работы и гражданское строительство",13,GENERAL,99,132,116.0,9
2024,WESTERN_REGIONS,FULL,B074,,"Градостроительство, строительные работы и гражданское строительство",19,GENERAL,50,74,58.3,31
2024,WESTERN_REGIONS,FULL,B074,,"Градостроительство, строительные работы и гражданское строительство",22,GENERAL,65,125,87.3,53
2024,WESTERN_REGIONS,FULL,B074,,"Градостроительство, строительные работы и гражданское строительство",27,GENERAL,79,122,91.6,9
2024,WESTERN_REGIONS,FULL,B074,,"Градостроительство, строительные работы и гражданское строительство",29,GENERAL,78,119,94.7,17
2024,WESTERN_REGIONS,FULL,B074,,"Градостроительство, строительные работы и гражданское строительство",32,GENERAL,51,64,58.0,3
2024,WESTERN_REGIONS,FULL,B074,,"Градостроительство, строительные работы и гражданское строительство",33,GENERAL,52,66,58.3,3
2024,WESTERN_REGIONS,FULL,B074,,"Градостроительство, строительные работы и гражданское строительство",39,GENERAL,52,52,52.0,1
2024,WESTERN_REGIONS,FULL,B074,,"Градостроительство, строительные работы и гражданское строительство",42,GENERAL,66,86,71.7,12
2024,WESTERN_REGIONS,FULL,B075,,Кадастр и землеустройство,12,GENERAL,62,96,70.9,12
2024,WESTERN_REGIONS,FULL,B075,,Кадастр и землеустройство,12,RURAL,60,60,60.0,1
2024,WESTERN_REGIONS,FULL,B075,,Кадастр и землеустройство,22,GENERAL,51,109,77.6,61
2024,WESTERN_REGIONS,FULL,B075,,Кадастр и землеустройство,24,GENERAL,69,77,73.0,2
2024,WESTERN_REGIONS,FULL,B075,,Кадастр и землеустройство,27,GENERAL,98,120,115.0,6
2024,WESTERN_REGIONS,FULL,B075,,Кадастр и землеустройство,27,RURAL,97,113,105.0,2
2024,WESTERN_REGIONS,FULL,B075,,Кадастр и землеустройство,29,GENERAL,67,111,92.6,42
2024,WESTERN_REGIONS,FULL,B075,,Кадастр и землеустройство,29,RURAL,66,93,87.7,6
2024,WESTERN_REGIONS,FULL,B075,,Кадастр и землеустройство,32,GENERAL,58,71,65.3,6
2024,WESTERN_REGIONS,FULL,B075,,Кадастр и землеустройство,32,RURAL,52,58,54.8,5
2024,WESTERN_REGIONS,FULL,B076,,"Стандартизация, сертификация и метрология (по отраслям)",27,GENERAL,81,81,81.0,1
2024,WESTERN_REGIONS,FULL,B076,,"Стандартизация, сертификация и метрология (по отраслям)",29,GENERAL,65,89,72.2,4
2024,WESTERN_REGIONS,FULL,B076,,"Стандартизация, сертификация и метрология (по отраслям)",32,GENERAL,54,66,58.3,3
2024,WESTERN_REGIONS,FULL,B076,,"Стандартизация, сертификация и метрология (по отраслям)",33,GENERAL,56,87,70.3,3
2024,WESTERN_REGIONS,FULL,B076,,"Стандартизация, сертификация и метрология (по отраслям)",53,GENERAL,53,72,60.4,14
2024,WESTERN_REGIONS,FULL,B077,,Растениеводство,24,GENERAL,56,63,59.3,3
2024,WESTERN_REGIONS,FULL,B077,,Растениеводство,24,RURAL,50,52,51.0,2
2024,WESTERN_REGIONS,FULL,B078,,Животноводство,24,GENERAL,51,52,51.5,2
2024,WESTERN_REGIONS,FULL,B079,,Лесное хозяйство,24,GENERAL,52,69,60.7,19
2024,WESTERN_REGIONS,FULL,B079,,Лесное хозяйство,24,RURAL,52,52,52.0,1
2024,WESTERN_REGIONS,FULL,B082,,Водные ресурсы и водопользования,24,GENERAL,51,61,56.0,2
2024,WESTERN_REGIONS,FULL,B090,,Социальная работа,25,GENERAL,72,85,76.5,8
2024,WESTERN_REGIONS,FULL,B090,,Социальная работа,25,RURAL,71,72,71.7,3
2024,WESTERN_REGIONS,FULL,B090,,Социальная работа,31,GENERAL,68,70,68.7,3
2024,WESTERN_REGIONS,FULL,B090,,Социальная работа,31,RURAL,66,66,66.0,1
2024,WESTERN_REGIONS,FULL,B090,,Социальная работа,38,GENERAL,63,65,64.0,2
2024,WESTERN_REGIONS,FULL,B090,,Социальная работа,38,RURAL,59,59,59.0,1
2024,WESTERN_REGIONS,FULL,B090,,Социальная работа,122,GENERAL,59,75,67.0,2
2024,WESTERN_REGIONS,FULL,B090,,Социальная работа,122,RURAL,51,54,52.3,3
2024,WESTERN_REGIONS,FULL,B091,,Туризм,11,GENERAL,73,73,73.0,1
2024,WESTERN_REGIONS,FULL,B091,,Туризм,13,GENERAL,100,116,109.2,4
2024,WESTERN_REGIONS,FULL,B091,,Туризм,27,GENERAL,92,107,97.0,6
2024,WESTERN_REGIONS,FULL,B091,,Туризм,31,GENERAL,78,78,78.0,1
2024,WESTERN_REGIONS,FULL,B091,,Туризм,93,GENERAL,77,106,91.5,2
2024,WESTERN_REGIONS,FULL,B091,,Туризм,122,GENERAL,79,91,85.0,2
2024,WESTERN_REGIONS,FULL,B091,,Туризм,184,GENERAL,58,93,76.2,6
2024,WESTERN_REGIONS,FULL,B092,,Досуг,16,GENERAL,120,120,120.0,1
2024,WESTERN_REGIONS,FULL,B092,,Досуг,16,RURAL,111,111,111.0,1
2024,WESTERN_REGIONS,FULL,B092,,Досуг,25,GENERAL,121,121,121.0,1
2024,WESTERN_REGIONS,FULL,B092,,Досуг,25,RURAL,118,118,118.0,1
2024,WESTERN_REGIONS,FULL,B093,,Ресторанное дело и гостиничный бизнес,122,GENERAL,73,81,77.0,2
2024,WESTERN_REGIONS,FULL,B093,,Ресторанное дело и гостиничный бизнес,184,GENERAL,65,93,81.9,7
2024,WESTERN_REGIONS,FULL,B093,,Ресторанное дело и гостиничный бизнес,184,RURAL,60,60,60.0,1
2024,WESTERN_REGIONS,FULL,B095,,Транспортные услуги,19,GENERAL,29,98,67.6,11
2024,WESTERN_REGIONS,FULL,B134,,Археология и этнология,27,GENERAL,72,94,80.7,3
2024,WESTERN_REGIONS,FULL,B134,,Археология и этнология,31,GENERAL,63,75,69.1,7
2024,WESTERN_REGIONS,FULL,B135,,Востоковедение,13,GENERAL,95,121,108.7,6
2024,WESTERN_REGIONS,FULL,B135,,Востоковедение,23,GENERAL,101,101,101.0,1
2024,WESTERN_REGIONS,FULL,B135,,Востоковедение,27,GENERAL,98,118,106.7,3
2024,WESTERN_REGIONS,FULL,B140,,Международные отношения и дипломатия,7,GENERAL,90,108,101.0,3
2024,WESTERN_REGIONS,FULL,B140,,Международные отношения и дипломатия,13,GENERAL,112,129,121.0,3
2024,WESTERN_REGIONS,FULL,B140,,Международные отношения и дипломатия,16,GENERAL,89,100,93.7,3
2024,WESTERN_REGIONS,FULL,B140,,Международные отношения и дипломатия,22,GENERAL,92,101,98.0,3
2024,WESTERN_REGIONS,FULL,B140,,Международные отношения и дипломатия,23,GENERAL,80,117,96.0,3
2024,WESTERN_REGIONS,FULL,B140,,Международные отношения и дипломатия,27,GENERAL,115,125,120.8,4
2024,WESTERN_REGIONS,FULL,B140,,Международные отношения и дипломатия,31,GENERAL,78,89,84.3,3
2024,WESTERN_REGIONS,FULL,B140,,Международные отношения и дипломатия,93,GENERAL,90,107,98.3,3
2024,WESTERN_REGIONS,FULL,B140,,Международные отношения и дипломатия,153,GENERAL,68,77,73.7,3
2024,WESTERN_REGIONS,FULL,B140,,Международные отношения и дипломатия,302,GENERAL,118,130,122.3,3
2024,WESTERN_REGIONS,FULL,B145,,Государственный аудит,13,GENERAL,90,110,101.5,6
2024,WESTERN_REGIONS,FULL,B145,,Государственный аудит,13,RURAL,99,100,99.5,2
2024,WESTERN_REGIONS,FULL,B165,,Магистральные сети и инфраструктура,19,GENERAL,51,59,56.0,7
2024,WESTERN_REGIONS,FULL,B166,,Транспортные сооружения,19,GENERAL,51,61,53.3,6
2024,WESTERN_REGIONS,FULL,B166,,Транспортные сооружения,29,GENERAL,73,73,73.0,1
2024,WESTERN_REGIONS,FULL,B167,,Летная эксплуатация летательных аппаратов и двигателей,157,GENERAL,96,128,110.5,14
2024,WESTERN_REGIONS,FULL,B183,,Агроинженерия,24,GENERAL,55,55,55.0,1
