year,section,form,programCode,programTag,programName,universityCode,quota,minScore,maxScore,avgScore,grantCount
2023,GENERAL,FULL,B001,,Педагогика и психология,7,GENERAL,98,122,107.8,9
2023,GENERAL,FULL,B001,,Педагогика и психология,7,RURAL,89,97,92.4,18
2023,GENERAL,FULL,B001,,Педагогика и психология,13,GENERAL,98,127,108.9,14
2023,GENERAL,FULL,B001,,Педагогика и психология,13,RURAL,89,97,93.3,12
2023,GENERAL,FULL,B001,,Педагогика и психология,25,GENERAL,99,117,106.0,8
2023,GENERAL,FULL,B001,,Педагогика и психология,25,RURAL,89,97,92.4,14
2023,GENERAL,FULL,B001,,Педагогика и психология,45,RURAL,90,97,93.5,2
2023,GENERAL,FULL,B001,,Педагогика и психология,185,GENERAL,104,104,104.0,1
2023,GENERAL,FULL,B001,,Педагогика и психология,185,RURAL,92,92,92.0,2
2023,GENERAL,FULL,B001,,Педагогика и психология,302,GENERAL,98,123,109.3,21
2023,GENERAL,FULL,B001,,Педагогика и психология,302,RURAL,91,96,93.7,3
2023,GENERAL,FULL,B002,,Дошкольное обучение и воспитание,7,GENERAL,75,95,81.3,66
2023,GENERAL,FULL,B002,,Дошкольное обучение и воспитание,13,GENERAL,75,94,82.2,52
2023,GENERAL,FULL,B002,,Дошкольное обучение и воспитание,14,GENERAL,84,84,84.0,1
2023,GENERAL,FULL,B002,,Дошкольное обучение и воспитание,25,GENERAL,75,106,81.1,139
2023,GENERAL,FULL,B002,,Дошкольное обучение и воспитание,31,GENERAL,77,81,78.8,6
2023,GENERAL,FULL,B002,,Дошкольное обучение и воспитание,34,GENERAL,75,78,76.1,11
2023,GENERAL,FULL,B002,,Дошкольное обучение и воспитание,45,GENERAL,75,83,79.2,8
2023,GENERAL,FULL,B002,,Дошкольное обучение и воспитание,47,GENERAL,79,95,83.8,5
2023,GENERAL,FULL,B002,,Дошкольное обучение и воспитание,158,GENERAL,89,89,89.0,1
2023,GENERAL,FULL,B002,,Дошкольное обучение и воспитание,185,GENERAL,76,97,82.5,11
2023,GENERAL,FULL,B003,,Педагогика и методика начального обучения,7,GENERAL,98,125,108.5,27
2023,GENERAL,FULL,B003,,Педагогика и методика начального обучения,7,RURAL,93,97,95.5,8
2023,GENERAL,FULL,B003,,Педагогика и методика начального обучения,25,GENERAL,98,122,106.3,43
2023,GENERAL,FULL,B003,,Педагогика и методика начального обучения,25,RURAL,93,97,95.4,34
2023,GENERAL,FULL,B003,,Педагогика и методика начального обучения,45,GENERAL,98,109,105.2,5
2023,GENERAL,FULL,B003,,Педагогика и методика начального обучения,45,RURAL,93,95,94.0,2
2023,GENERAL,FULL,B003,,Педагогика и методика начального обучения,47,GENERAL,100,114,107.0,2
2023,GENERAL,FULL,B003,,Педагогика и методика начального обучения,185,GENERAL,98,119,105.1,12
2023,GENERAL,FULL,B003,,Педагогика и методика начального обучения,185,RURAL,94,97,94.8,4
2023,GENERAL,FULL,B003,,Педагогика и методика начального обучения,302,GENERAL,99,120,109.1,9
2023,GENERAL,FULL,B005,,Подготовка учителей физической культуры,7,GENERAL,120,123,121.1,16
2023,GENERAL,FULL,B005,,Подготовка учителей физической культуры,7,RURAL,119,119,119.0,8
2023,GENERAL,FULL,B005,,Подготовка учителей физической культуры,11,GENERAL,120,120,120.0,3
2023,GENERAL,FULL,B005,,Подготовка учителей физической культуры,13,GENERAL,120,122,120.2,8
2023,GENERAL,FULL,B005,,Подготовка учителей физической культуры,13,RURAL,119,119,119.0,1
2023,GENERAL,FULL,B005,,Подготовка учителей физической культуры,16,GENERAL,120,124,121.5,6
2023,GENERAL,FULL,B005,,Подготовка учителей физической культуры,16,RURAL,119,119,119.0,2
2023,GENERAL,FULL,B005,,Подготовка учителей физической культуры,20,GENERAL,120,123,120.6,40
2023,GENERAL,FULL,B005,,Подготовка учителей физической культуры,20,RURAL,119,120,119.2,31
2023,GENERAL,FULL,B005,,Подготовка учителей физической культуры,25,GENERAL,121,122,121.5,2
2023,GENERAL,FULL,B005,,Подготовка учителей физической культуры,31,GENERAL,120,121,120.3,3
2023,GENERAL,FULL,B005,,Подготовка учителей физической культуры,31,RURAL,119,119,119.0,2
2023,GENERAL,FULL,B005,,Подготовка учителей физической культуры,34,GENERAL,120,124,121.0,16
2023,GENERAL,FULL,B005,,Подготовка учителей физической культуры,34,RURAL,119,120,119.8,4
2023,GENERAL,FULL,B005,,Подготовка учителей физической культуры,35,GENERAL,120,120,120.0,1
2023,GENERAL,FULL,B005,,Подготовка учителей физической культуры,35,RURAL,119,119,119.0,1
2023,GENERAL,FULL,B005,,Подготовка учителей физической культуры,40,GENERAL,120,122,121.3,3
2023,GENERAL,FULL,B005,,Подготовка учителей физической культуры,40,RURAL,119,119,119.0,2
2023,GENERAL,FULL,B005,,Подготовка учителей физической культуры,43,GENERAL,120,120,120.0,2
2023,GENERAL,FULL,B005,,Подготовка учителей физической культуры,43,RURAL,119,119,119.0,2
2023,GENERAL,FULL,B005,,Подготовка учителей физической культуры,45,GENERAL,120,122,121.0,9
2023,GENERAL,FULL,B005,,Подготовка учителей физической культуры,45,RURAL,119,120,119.1,7
2023,GENERAL,FULL,B005,,Подготовка учителей физической культуры,143,RURAL,119,119,119.0,1
2023,GENERAL,FULL,B005,,Подготовка учителей физической культуры,153,GENERAL,122,123,122.5,2
2023,GENERAL,FULL,B005,,Подготовка учителей физической культуры,501,GENERAL,120,122,120.8,4
2023,GENERAL,FULL,B005,,Подготовка учителей физической культуры,517,RURAL,119,119,119.0,1
2023,GENERAL,FULL,B006,,Подготовка учителей музыки,7,GENERAL,119,122,120.5,2
2023,GENERAL,FULL,B006,,Подготовка учителей музыки,7,RURAL,119,119,119.0,3
2023,GENERAL,FULL,B006,,Подготовка учителей музыки,25,GENERAL,120,123,121.2,4
2023,GENERAL,FULL,B006,,Подготовка учителей музыки,25,RURAL,118,118,118.0,1
2023,GENERAL,FULL,B006,,Подготовка учителей музыки,34,GENERAL,120,120,120.0,1
2023,GENERAL,FULL,B006,,Подготовка учителей музыки,36,RURAL,119,119,119.0,1
2023,GENERAL,FULL,B006,,Подготовка учителей музыки,37,GENERAL,121,121,121.0,2
2023,GENERAL,FULL,B006,,Подготовка учителей музыки,40,GENERAL,121,121,121.0,1
2023,GENERAL,FULL,B006,,Подготовка учителей музыки,43,GENERAL,120,121,120.5,2
2023,GENERAL,FULL,B006,,Подготовка учителей музыки,185,GENERAL,121,121,121.0,1
2023,GENERAL,FULL,B006,,Подготовка учителей музыки,196,GENERAL,119,119,119.0,1
2023,GENERAL,FULL,B006,,Подготовка учителей музыки,196,RURAL,119,119,119.0,2
2023,GENERAL,FULL,B009,,Подготовка учителей математики,7,GENERAL,125,130,127.3,13
2023,GENERAL,FULL,B009,,Подготовка учителей математики,7,RURAL,114,125,118.4,35
2023,GENERAL,FULL,B009,,Подготовка учителей математики,13,GENERAL,125,133,128.0,24
2023,GENERAL,FULL,B009,,Подготовка учителей математики,13,RURAL,114,125,119.3,35
2023,GENERAL,FULL,B009,,Подготовка учителей математики,25,GENERAL,125,129,127.0,2
2023,GENERAL,FULL,B009,,Подготовка учителей математики,25,RURAL,114,125,119.4,30
2023,GENERAL,FULL,B009,,Подготовка учителей математики,45,RURAL,116,116,116.0,1
2023,GENERAL,FULL,B009,,Подготовка учителей математики,302,GENERAL,126,136,129.8,39
2023,GENERAL,FULL,B009,,Подготовка учителей математики,302,RURAL,114,125,119.4,29
2023,GENERAL,FULL,B010,,Подготовка учителей физики,7,GENERAL,100,122,115.8,44
2023,GENERAL,FULL,B010,,Подготовка учителей физики,7,RURAL,100,112,104.2,40
2023,GENERAL,FULL,B010,,Подготовка учителей физики,13,GENERAL,112,129,117.2,43
2023,GENERAL,FULL,B010,,Подготовка учителей физики,13,RURAL,100,111,104.5,26
2023,GENERAL,FULL,B010,,Подготовка учителей физики,25,GENERAL,112,124,114.7,22
2023,GENERAL,FULL,B010,,Подготовка учителей физики,25,RURAL,100,111,103.4,37
2023,GENERAL,FULL,B010,,Подготовка учителей физики,45,GENERAL,114,114,114.0,1
2023,GENERAL,FULL,B010,,Подготовка учителей физики,45,RURAL,106,108,107.0,2
2023,GENERAL,FULL,B010,,Подготовка учителей физики,185,GENERAL,112,124,116.6,8
2023,GENERAL,FULL,B010,,Подготовка учителей физики,185,RURAL,100,106,104.0,4
2023,GENERAL,FULL,B010,,Подготовка учителей физики,302,GENERAL,96,136,117.8,65
2023,GENERAL,FULL,B010,,Подготовка учителей физики,302,RURAL,100,111,106.2,18
2023,GENERAL,FULL,B011,,Подготовка учителей информатики,7,GENERAL,79,108,92.7,27
2023,GENERAL,FULL,B011,,Подготовка учителей информатики,7,RURAL,75,76,75.5,2
2023,GENERAL,FULL,B011,,Подготовка учителей информатики,11,GENERAL,84,95,89.0,3
2023,GENERAL,FULL,B011,,Подготовка учителей информатики,13,GENERAL,78,129,93.0,59
2023,GENERAL,FULL,B011,,Подготовка учителей информатики,13,RURAL,75,77,76.0,3
2023,GENERAL,FULL,B011,,Подготовка учителей информатики,25,GENERAL,78,114,90.1,23
2023,GENERAL,FULL,B011,,Подготовка учителей информатики,25,RURAL,75,77,75.7,3
2023,GENERAL,FULL,B011,,Подготовка учителей информатики,45,GENERAL,83,113,96.8,6
2023,GENERAL,FULL,B011,,Подготовка учителей информатики,45,RURAL,76,76,76.0,1
2023,GENERAL,FULL,B011,,Подготовка учителей информатики,158,GENERAL,86,89,87.5,2
2023,GENERAL,FULL,B011,,Подготовка учителей информатики,185,GENERAL,79,104,85.4,11
2023,GENERAL,FULL,B011,,Подготовка учителей информатики,517,GENERAL,91,91,91.0,1
2023,GENERAL,FULL,B012,,Подготовка учителей химии,7,GENERAL,107,130,113.0,45
2023,GENERAL,FULL,B012,,Подготовка учителей химии,7,RURAL,97,107,100.3,54
2023,GENERAL,FULL,B012,,Подготовка учителей химии,25,GENERAL,107,124,111.7,20
2023,GENERAL,FULL,B012,,Подготовка учителей химии,25,RURAL,97,107,100.5,19
2023,GENERAL,FULL,B012,,Подготовка учителей химии,35,GENERAL,112,112,112.0,1
2023,GENERAL,FULL,B012,,Подготовка учителей химии,45,RURAL,100,100,100.0,1
2023,GENERAL,FULL,B012,,Подготовка учителей химии,185,GENERAL,107,117,111.3,6
2023,GENERAL,FULL,B012,,Подготовка учителей химии,185,RURAL,99,101,100.0,3
2023,GENERAL,FULL,B012,,Подготовка учителей химии,302,GENERAL,87,137,111.6,41
2023,GENERAL,FULL,B012,,Подготовка учителей химии,302,RURAL,98,107,102.6,8
2023,GENERAL,FULL,B013,,Подготовка учителей биологии,7,GENERAL,81,133,100.7,94
2023,GENERAL,FULL,B013,,Подготовка учителей биологии,7,RURAL,89,94,91.7,41
2023,GENERAL,FULL,B013,,Подготовка учителей биологии,25,GENERAL,95,118,100.0,51
2023,GENERAL,FULL,B013,,Подготовка учителей биологии,25,RURAL,89,95,91.1,65
2023,GENERAL,FULL,B013,,Подготовка учителей биологии,45,GENERAL,96,100,97.8,4
2023,GENERAL,FULL,B013,,Подготовка учителей биологии,45,RURAL,91,92,91.7,3
2023,GENERAL,FULL,B013,,Подготовка учителей биологии,185,GENERAL,95,122,102.7,50
2023,GENERAL,FULL,B013,,Подготовка учителей биологии,185,RURAL,89,94,91.6,8
2023,GENERAL,FULL,B013,,Подготовка учителей биологии,517,GENERAL,78,78,78.0,1
2023,GENERAL,FULL,B014,,Подготовка учителей географии,7,GENERAL,101,115,106.7,12
2023,GENERAL,FULL,B014,,Подготовка учителей географии,7,RURAL,96,100,97.8,6
2023,GENERAL,FULL,B014,,Подготовка учителей географии,13,GENERAL,100,123,107.4,27
2023,GENERAL,FULL,B014,,Подготовка учителей географии,13,RURAL,96,100,98.0,5
2023,GENERAL,FULL,B014,,Подготовка учителей географии,25,GENERAL,102,104,103.0,2
2023,GENERAL,FULL,B014,,Подготовка учителей географии,25,RURAL,96,100,97.8,8
2023,GENERAL,FULL,B014,,Подготовка учителей географии,45,GENERAL,114,114,114.0,1
2023,GENERAL,FULL,B014,,Подготовка учителей географии,141,RURAL,100,100,100.0,1
2023,GENERAL,FULL,B014,,Подготовка учителей географии,185,GENERAL,101,107,104.0,2
2023,GENERAL,FULL,B014,,Подготовка учителей географии,185,RURAL,96,99,97.0,3
2023,GENERAL,FULL,B015,,Подготовка учителей по гуманитарным предметам,5,GENERAL,107,110,108.0,3
2023,GENERAL,FULL,B015,,Подготовка учителей по гуманитарным предметам,5,RURAL,94,103,97.4,7
2023,GENERAL,FULL,B015,,Подготовка учителей по гуманитарным предметам,7,GENERAL,104,127,111.0,47
2023,GENERAL,FULL,B015,,Подготовка учителей по гуманитарным предметам,7,RURAL,94,104,98.5,34
2023,GENERAL,FULL,B015,,Подготовка учителей по гуманитарным предметам,25,GENERAL,104,118,108.1,9
2023,GENERAL,FULL,B015,,Подготовка учителей по гуманитарным предметам,25,RURAL,93,103,97.2,17
2023,GENERAL,FULL,B015,,Подготовка учителей по гуманитарным предметам,31,GENERAL,104,104,104.0,1
2023,GENERAL,FULL,B015,,Подготовка учителей по гуманитарным предметам,47,RURAL,97,97,97.0,1
2023,GENERAL,FULL,B015,,Подготовка учителей по гуманитарным предметам,185,GENERAL,104,116,108.2,6
2023,GENERAL,FULL,B015,,Подготовка учителей по гуманитарным предметам,185,RURAL,94,102,96.6,7
2023,GENERAL,FULL,B015,,Подготовка учителей по гуманитарным предметам,196,GENERAL,105,105,105.0,1
2023,GENERAL,FULL,B015,,Подготовка учителей по гуманитарным предметам,302,GENERAL,104,134,114.1,24
2023,GENERAL,FULL,B015,,Подготовка учителей по гуманитарным предметам,302,RURAL,94,104,99.1,10
2023,GENERAL,FULL,B016,,Подготовка учителей казахского языка и литературы,7,GENERAL,118,130,122.1,37
2023,GENERAL,FULL,B016,,Подготовка учителей казахского языка и литературы,7,RURAL,113,117,114.9,23
2023,GENERAL,FULL,B016,,Подготовка учителей казахского языка и литературы,13,GENERAL,118,131,121.7,23
2023,GENERAL,FULL,B016,,Подготовка учителей казахского языка и литературы,13,RURAL,113,117,115.1,13
2023,GENERAL,FULL,B016,,Подготовка учителей казахского языка и литературы,25,GENERAL,118,125,120.3,14
2023,GENERAL,FULL,B016,,Подготовка учителей казахского языка и литературы,25,RURAL,113,117,114.5,16
2023,GENERAL,FULL,B016,,Подготовка учителей казахского языка и литературы,185,RURAL,115,115,115.0,1
2023,GENERAL,FULL,B016,,Подготовка учителей казахского языка и литературы,302,GENERAL,118,132,123.1,30
2023,GENERAL,FULL,B016,,Подготовка учителей казахского языка и литературы,302,RURAL,115,116,115.7,3
2023,GENERAL,FULL,B017,,Подготовка учителей русского языка и литературы,7,GENERAL,101,119,109.0,24
2023,GENERAL,FULL,B017,,Подготовка учителей русского языка и литературы,7,RURAL,88,98,93.2,23
2023,GENERAL,FULL,B017,,Подготовка учителей русского языка и литературы,13,GENERAL,100,124,108.3,31
2023,GENERAL,FULL,B017,,Подготовка учителей русского языка и литературы,13,RURAL,89,99,93.9,18
2023,GENERAL,FULL,B017,,Подготовка учителей русского языка и литературы,25,GENERAL,100,122,108.3,23
2023,GENERAL,FULL,B017,,Подготовка учителей русского языка и литературы,25,RURAL,89,100,93.5,26
2023,GENERAL,FULL,B017,,Подготовка учителей русского языка и литературы,45,GENERAL,105,112,108.5,2
2023,GENERAL,FULL,B017,,Подготовка учителей русского языка и литературы,45,RURAL,92,94,93.0,2
2023,GENERAL,FULL,B017,,Подготовка учителей русского языка и литературы,185,GENERAL,127,127,127.0,1
2023,GENERAL,FULL,B017,,Подготовка учителей русского языка и литературы,185,RURAL,89,89,89.0,1
2023,GENERAL,FULL,B018,,Подготовка учителей иностранного языка,7,GENERAL,123,128,124.7,3
2023,GENERAL,FULL,B018,,Подготовка учителей иностранного языка,7,RURAL,116,122,118.9,13
2023,GENERAL,FULL,B018,,Подготовка учителей иностранного языка,13,GENERAL,123,133,128.0,12
2023,GENERAL,FULL,B018,,Подготовка учителей иностранного языка,13,RURAL,116,121,118.4,13
2023,GENERAL,FULL,B018,,Подготовка учителей иностранного языка,23,GENERAL,122,133,126.0,11
2023,GENERAL,FULL,B018,,Подготовка учителей иностранного языка,23,RURAL,116,121,118.3,9
2023,GENERAL,FULL,B018,,Подготовка учителей иностранного языка,25,GENERAL,123,127,124.5,4
2023,GENERAL,FULL,B018,,Подготовка учителей иностранного языка,25,RURAL,116,122,119.2,13
2023,GENERAL,FULL,B018,,Подготовка учителей иностранного языка,45,GENERAL,123,130,125.7,3
2023,GENERAL,FULL,B018,,Подготовка учителей иностранного языка,45,RURAL,118,118,118.0,1
2023,GENERAL,FULL,B018,,Подготовка учителей иностранного языка,153,RURAL,118,118,118.0,1
2023,GENERAL,FULL,B018,,Подготовка учителей иностранного языка,302,GENERAL,122,139,126.1,64
2023,GENERAL,FULL,B018,,Подготовка учителей иностранного языка,302,RURAL,120,122,121.0,3
2023,GENERAL,FULL,B019,,Подготовка социальных педагогов,7,GENERAL,75,89,81.4,22
2023,GENERAL,FULL,B019,,Подготовка социальных педагогов,13,GENERAL,75,97,82.1,27
2023,GENERAL,FULL,B019,,Подготовка социальных педагогов,16,GENERAL,76,76,76.0,1
2023,GENERAL,FULL,B019,,Подготовка социальных педагогов,25,GENERAL,75,90,79.5,38
2023,GENERAL,FULL,B019,,Подготовка социальных педагогов,158,GENERAL,76,76,76.0,1
2023,GENERAL,FULL,B019,,Подготовка социальных педагогов,302,GENERAL,76,95,82.2,18
2023,GENERAL,FULL,B020,,Специальная педагогика,5,GENERAL,90,98,93.9,9
2023,GENERAL,FULL,B020,,Специальная педагогика,5,RURAL,84,87,85.3,3
2023,GENERAL,FULL,B020,,Специальная педагогика,7,GENERAL,90,123,97.9,56
2023,GENERAL,FULL,B020,,Специальная педагогика,7,RURAL,84,89,86.7,28
2023,GENERAL,FULL,B020,,Специальная педагогика,25,GENERAL,90,130,96.5,71
2023,GENERAL,FULL,B020,,Специальная педагогика,25,RURAL,84,89,86.6,47
2023,GENERAL,FULL,B020,,Специальная педагогика,40,RURAL,86,86,86.0,1
2023,GENERAL,FULL,B020,,Специальная педагогика,45,GENERAL,91,98,94.0,3
2023,GENERAL,FULL,B021,,Исполнительское искусство,10,GENERAL,118,118,118.0,1
2023,GENERAL,FULL,B021,,Исполнительское искусство,16,GENERAL,115,120,117.2,10
2023,GENERAL,FULL,B021,,Исполнительское искусство,34,GENERAL,115,118,116.4,5
2023,GENERAL,FULL,B021,,Исполнительское искусство,37,GENERAL,116,120,118.2,5
2023,GENERAL,FULL,B021,,Исполнительское искусство,38,GENERAL,115,118,116.8,4
2023,GENERAL,FULL,B027,,Театральное искусство,16,GENERAL,116,119,117.5,4
2023,GENERAL,FULL,B027,,Театральное искусство,37,GENERAL,116,121,118.8,4
2023,GENERAL,FULL,B027,,Театральное искусство,38,GENERAL,116,118,116.8,4
2023,GENERAL,FULL,B027,,Театральное искусство,45,GENERAL,116,120,117.7,7
2023,GENERAL,FULL,B027,,Театральное искусство,93,GENERAL,116,122,118.7,11
2023,GENERAL,FULL,B028,,Хореография,5,GENERAL,117,119,118.3,3
2023,GENERAL,FULL,B028,,Хореография,7,GENERAL,117,119,118.3,3
2023,GENERAL,FULL,B028,,Хореография,16,GENERAL,117,121,118.8,6
2023,GENERAL,FULL,B028,,Хореография,25,GENERAL,117,122,118.0,15
2023,GENERAL,FULL,B028,,Хореография,34,GENERAL,120,123,121.3,3
2023,GENERAL,FULL,B028,,Хореография,37,GENERAL,118,118,118.0,1
2023,GENERAL,FULL,B028,,Хореография,43,GENERAL,117,118,117.3,3
2023,GENERAL,FULL,B028,,Хореография,45,GENERAL,117,122,118.9,7
2023,GENERAL,FULL,B029,,Аудиовизуальные средства и медиа производство,7,GENERAL,118,118,118.0,1
2023,GENERAL,FULL,B029,,Аудиовизуальные средства и медиа производство,13,GENERAL,118,122,119.5,38
2023,GENERAL,FULL,B029,,Аудиовизуальные средства и медиа производство,27,GENERAL,118,122,119.5,48
2023,GENERAL,FULL,B029,,Аудиовизуальные средства и медиа производство,93,GENERAL,118,120,119.3,3
2023,GENERAL,FULL,B030,,Изобразительное искусство,7,GENERAL,114,123,118.2,18
2023,GENERAL,FULL,B030,,Изобразительное искусство,31,GENERAL,114,122,117.3,7
2023,GENERAL,FULL,B030,,Изобразительное искусство,45,GENERAL,113,119,115.5,11
2023,GENERAL,FULL,B031,,"Мода, дизайн",5,GENERAL,119,121,120.0,5
2023,GENERAL,FULL,B031,,"Мода, дизайн",7,GENERAL,119,123,120.9,14
2023,GENERAL,FULL,B031,,"Мода, дизайн",10,GENERAL,119,119,119.0,2
2023,GENERAL,FULL,B031,,"Мода, дизайн",13,GENERAL,119,123,120.6,25
2023,GENERAL,FULL,B031,,"Мода, дизайн",16,GENERAL,119,125,120.7,11
2023,GENERAL,FULL,B031,,"Мода, дизайн",22,GENERAL,119,124,120.9,42
2023,GENERAL,FULL,B031,,"Мода, дизайн",27,GENERAL,119,122,120.5,10
2023,GENERAL,FULL,B031,,"Мода, дизайн",31,GENERAL,122,122,122.0,1
2023,GENERAL,FULL,B031,,"Мода, дизайн",34,GENERAL,119,123,120.9,7
2023,GENERAL,FULL,B031,,"Мода, дизайн",35,GENERAL,121,124,122.5,2
2023,GENERAL,FULL,B031,,"Мода, дизайн",37,GENERAL,120,122,120.7,3
2023,GENERAL,FULL,B031,,"Мода, дизайн",38,GENERAL,119,124,120.8,5
2023,GENERAL,FULL,B031,,"Мода, дизайн",42,GENERAL,119,121,120.0,3
2023,GENERAL,FULL,B031,,"Мода, дизайн",43,GENERAL,119,122,120.3,9
2023,GENERAL,FULL,B031,,"Мода, дизайн",45,GENERAL,119,123,120.0,20
2023,GENERAL,FULL,B031,,"Мода, дизайн",53,GENERAL,119,123,121.0,6
2023,GENERAL,FULL,B031,,"Мода, дизайн",79,GENERAL,123,123,123.0,1
2023,GENERAL,FULL,B031,,"Мода, дизайн",154,GENERAL,119,119,119.0,1
2023,GENERAL,FULL,B031,,"Мода, дизайн",182,GENERAL,119,121,120.0,6
2023,GENERAL,FULL,B031,,"Мода, дизайн",184,GENERAL,119,124,121.4,5
2023,GENERAL,FULL,B031,,"Мода, дизайн",185,GENERAL,119,121,119.8,6
2023,GENERAL,FULL,B032,,Философия и этика,7,GENERAL,89,97,91.3,15
2023,GENERAL,FULL,B032,,Философия и этика,13,GENERAL,89,102,92.7,36
2023,GENERAL,FULL,B032,,Философия и этика,27,GENERAL,89,99,93.3,50
2023,GENERAL,FULL,B032,,Философия и этика,31,GENERAL,89,93,90.8,5
2023,GENERAL,FULL,B032,,Философия и этика,45,GENERAL,89,92,90.8,4
2023,GENERAL,FULL,B033,,Религия и теология,7,GENERAL,117,123,118.8,12
2023,GENERAL,FULL,B033,,Религия и теология,7,RURAL,112,116,114.3,23
2023,GENERAL,FULL,B033,,Религия и теология,11,GENERAL,117,119,117.8,4
2023,GENERAL,FULL,B033,,Религия и теология,11,RURAL,112,116,114.1,8
2023,GENERAL,FULL,B033,,Религия и теология,13,GENERAL,117,124,119.7,9
2023,GENERAL,FULL,B033,,Религия и теология,13,RURAL,115,115,115.0,1
2023,GENERAL,FULL,B033,,Религия и теология,27,GENERAL,117,123,119.6,9
2023,GENERAL,FULL,B033,,Религия и теология,27,RURAL,112,116,114.1,9
2023,GENERAL,FULL,B033,,Религия и теология,31,GENERAL,117,120,118.3,6
2023,GENERAL,FULL,B033,,Религия и теология,31,RURAL,113,116,114.4,7
2023,GENERAL,FULL,B033,,Религия и теология,35,RURAL,114,114,114.0,1
2023,GENERAL,FULL,B033,,Религия и теология,37,GENERAL,117,123,120.2,12
2023,GENERAL,FULL,B033,,Религия и теология,37,RURAL,112,116,114.4,12
2023,GENERAL,FULL,B033,,Религия и теология,503,GENERAL,117,125,119.7,123
2023,GENERAL,FULL,B033,,Религия и теология,503,RURAL,112,117,114.2,34
2023,GENERAL,FULL,B034,,История,5,GENERAL,100,100,100.0,1
2023,GENERAL,FULL,B034,,История,7,GENERAL,100,101,100.7,3
2023,GENERAL,FULL,B034,,История,13,GENERAL,99,124,108.4,32
2023,GENERAL,FULL,B034,,История,16,GENERAL,101,101,101.0,1
2023,GENERAL,FULL,B034,,История,27,GENERAL,100,128,108.0,33
2023,GENERAL,FULL,B034,,История,31,GENERAL,105,106,105.5,2
2023,GENERAL,FULL,B034,,История,45,GENERAL,99,101,100.0,3
2023,GENERAL,FULL,B034,,История,185,GENERAL,99,102,100.5,2
2023,GENERAL,FULL,B035,,Тюркология,13,GENERAL,113,114,113.7,6
2023,GENERAL,FULL,B035,,Тюркология,23,GENERAL,113,117,115.0,2
2023,GENERAL,FULL,B035,,Тюркология,27,GENERAL,114,125,116.0,12
2023,GENERAL,FULL,B035,,Тюркология,37,GENERAL,115,115,115.0,1
2023,GENERAL,FULL,B036,,Переводческое дело,5,GENERAL,121,121,121.0,1
2023,GENERAL,FULL,B036,,Переводческое дело,7,GENERAL,121,126,122.7,3
2023,GENERAL,FULL,B036,,Переводческое дело,13,GENERAL,118,135,121.1,22
2023,GENERAL,FULL,B036,,Переводческое дело,15,GENERAL,119,119,119.0,1
2023,GENERAL,FULL,B036,,Переводческое дело,23,GENERAL,120,127,121.7,10
2023,GENERAL,FULL,B036,,Переводческое дело,27,GENERAL,118,126,120.7,28
2023,GENERAL,FULL,B036,,Переводческое дело,31,GENERAL,119,119,119.0,1
2023,GENERAL,FULL,B036,,Переводческое дело,35,GENERAL,126,126,126.0,1
2023,GENERAL,FULL,B036,,Переводческое дело,174,GENERAL,120,131,122.8,70
2023,GENERAL,FULL,B036,,Переводческое дело,185,GENERAL,119,119,119.0,2
2023,GENERAL,FULL,B036,,Переводческое дело,302,GENERAL,118,137,120.1,66
2023,GENERAL,FULL,B037,,Филология,7,GENERAL,115,119,117.3,3
2023,GENERAL,FULL,B037,,Филология,13,GENERAL,115,128,120.2,16
2023,GENERAL,FULL,B037,,Филология,25,GENERAL,116,117,116.5,2
2023,GENERAL,FULL,B037,,Филология,27,GENERAL,115,131,120.2,70
2023,GENERAL,FULL,B037,,Филология,31,GENERAL,118,118,118.0,1
2023,GENERAL,FULL,B037,,Филология,38,GENERAL,116,116,116.0,1
2023,GENERAL,FULL,B037,,Филология,302,GENERAL,116,132,122.9,7
2023,GENERAL,FULL,B038,,Социология,13,GENERAL,103,113,106.5,42
2023,GENERAL,FULL,B038,,Социология,16,GENERAL,104,106,105.0,2
2023,GENERAL,FULL,B038,,Социология,21,GENERAL,103,120,106.2,57
2023,GENERAL,FULL,B038,,Социология,25,GENERAL,105,106,105.5,2
2023,GENERAL,FULL,B038,,Социология,27,GENERAL,103,120,107.5,11
2023,GENERAL,FULL,B038,,Социология,31,GENERAL,104,109,107.0,3
2023,GENERAL,FULL,B039,,Культурология,7,GENERAL,115,116,115.5,2
2023,GENERAL,FULL,B039,,Культурология,13,GENERAL,114,117,115.2,11
2023,GENERAL,FULL,B039,,Культурология,27,GENERAL,114,116,114.7,12
2023,GENERAL,FULL,B039,,Культурология,38,GENERAL,115,115,115.0,2
2023,GENERAL,FULL,B040,,Политология,7,GENERAL,116,116,116.0,1
2023,GENERAL,FULL,B040,,Политология,13,GENERAL,115,126,117.9,30
2023,GENERAL,FULL,B040,,Политология,21,GENERAL,115,124,117.7,23
2023,GENERAL,FULL,B040,,Политология,27,GENERAL,115,123,117.9,26
2023,GENERAL,FULL,B041,,Психология,5,GENERAL,101,105,103.0,4
2023,GENERAL,FULL,B041,,Психология,7,GENERAL,98,109,102.0,5
2023,GENERAL,FULL,B041,,Психология,11,GENERAL,99,112,105.5,2
2023,GENERAL,FULL,B041,,Психология,13,GENERAL,97,118,104.8,69
2023,GENERAL,FULL,B041,,Психология,21,GENERAL,97,131,107.8,42
2023,GENERAL,FULL,B041,,Психология,25,GENERAL,98,116,105.8,5
2023,GENERAL,FULL,B041,,Психология,27,GENERAL,97,129,105.0,53
2023,GENERAL,FULL,B041,,Психология,31,GENERAL,102,108,104.5,4
2023,GENERAL,FULL,B041,,Психология,35,GENERAL,102,102,102.0,2
2023,GENERAL,FULL,B041,,Психология,36,GENERAL,99,105,102.0,2
2023,GENERAL,FULL,B041,,Психология,38,GENERAL,103,122,115.0,3
2023,GENERAL,FULL,B041,,Психология,42,GENERAL,103,103,103.0,1
2023,GENERAL,FULL,B041,,Психология,45,GENERAL,104,111,107.5,2
2023,GENERAL,FULL,B041,,Психология,69,GENERAL,98,107,103.0,6
2023,GENERAL,FULL,B041,,Психология,79,GENERAL,102,102,102.0,1
2023,GENERAL,FULL,B041,,Психология,93,GENERAL,99,116,104.8,4
2023,GENERAL,FULL,B041,,Психология,174,GENERAL,120,136,126.4,11
2023,GENERAL,FULL,B041,,Психология,185,GENERAL,103,112,107.6,5
2023,GENERAL,FULL,B042,,Журналистика и репортерское дело,10,GENERAL,121,121,121.0,1
2023,GENERAL,FULL,B042,,Журналистика и репортерское дело,13,GENERAL,121,124,121.9,32
2023,GENERAL,FULL,B042,,Журналистика и репортерское дело,13,RURAL,118,120,119.3,3
2023,GENERAL,FULL,B042,,Журналистика и репортерское дело,15,RURAL,117,120,118.1,11
2023,GENERAL,FULL,B042,,Журналистика и репортерское дело,23,GENERAL,122,123,122.5,2
2023,GENERAL,FULL,B042,,Журналистика и репортерское дело,23,RURAL,118,120,118.7,3
2023,GENERAL,FULL,B042,,Журналистика и репортерское дело,27,GENERAL,120,125,122.0,30
2023,GENERAL,FULL,B042,,Журналистика и репортерское дело,27,RURAL,117,120,118.3,12
2023,GENERAL,FULL,B042,,Журналистика и репортерское дело,31,GENERAL,121,122,121.7,7
2023,GENERAL,FULL,B042,,Журналистика и репортерское дело,31,RURAL,117,119,118.3,7
2023,GENERAL,FULL,B042,,Журналистика и репортерское дело,34,GENERAL,121,121,121.0,1
2023,GENERAL,FULL,B042,,Журналистика и репортерское дело,34,RURAL,117,120,118.3,3
2023,GENERAL,FULL,B042,,Журналистика и репортерское дело,36,GENERAL,121,123,122.0,2
2023,GENERAL,FULL,B042,,Журналистика и репортерское дело,36,RURAL,119,119,119.0,1
2023,GENERAL,FULL,B042,,Журналистика и репортерское дело,37,GENERAL,122,123,122.5,2
2023,GENERAL,FULL,B042,,Журналистика и репортерское дело,37,RURAL,117,118,117.4,5
2023,GENERAL,FULL,B042,,Журналистика и репортерское дело,38,GENERAL,121,121,121.0,1
2023,GENERAL,FULL,B042,,Журналистика и репортерское дело,38,RURAL,117,119,118.0,2
2023,GENERAL,FULL,B042,,Журналистика и репортерское дело,40,GENERAL,123,123,123.0,1
2023,GENERAL,FULL,B042,,Журналистика и репортерское дело,40,RURAL,118,119,118.5,2
2023,GENERAL,FULL,B042,,Журналистика и репортерское дело,43,RURAL,118,120,119.5,4
2023,GENERAL,FULL,B042,,Журналистика и репортерское дело,45,GENERAL,121,122,121.2,4
2023,GENERAL,FULL,B042,,Журналистика и репортерское дело,45,RURAL,117,120,118.5,10
2023,GENERAL,FULL,B042,,Журналистика и репортерское дело,69,GENERAL,121,124,121.9,8
2023,GENERAL,FULL,B042,,Журналистика и репортерское дело,69,RURAL,118,118,118.0,1
2023,GENERAL,FULL,B042,,Журналистика и репортерское дело,83,GENERAL,121,123,122.0,2
2023,GENERAL,FULL,B042,,Журналистика и репортерское дело,93,GENERAL,121,122,121.5,2
2023,GENERAL,FULL,B042,,Журналистика и репортерское дело,153,GENERAL,121,123,122.0,3
2023,GENERAL,FULL,B042,,Журналистика и репортерское дело,174,GENERAL,121,125,122.5,8
2023,GENERAL,FULL,B042,,Журналистика и репортерское дело,174,RURAL,118,118,118.0,1
2023,GENERAL,FULL,B042,,Журналистика и репортерское дело,190,GENERAL,121,124,122.2,6
2023,GENERAL,FULL,B042,,Журналистика и репортерское дело,190,RURAL,118,120,119.2,4
2023,GENERAL,FULL,B042,,Журналистика и репортерское дело,302,GENERAL,120,123,121.6,9
2023,GENERAL,FULL,B042,,Журналистика и репортерское дело,302,RURAL,120,120,120.0,1
2023,GENERAL,FULL,B042,,Журналистика и репортерское дело,522,GENERAL,121,122,121.3,6
2023,GENERAL,FULL,B043,,"Библиотечное дело, обработка информации и архивное дело",16,GENERAL,107,111,109.7,3
2023,GENERAL,FULL,B043,,"Библиотечное дело, обработка информации и архивное дело",25,GENERAL,104,112,106.7,20
2023,GENERAL,FULL,B043,,"Библиотечное дело, обработка информации и архивное дело",25,RURAL,98,104,100.6,16
2023,GENERAL,FULL,B043,,"Библиотечное дело, обработка информации и архивное дело",27,GENERAL,104,115,109.4,39
2023,GENERAL,FULL,B043,,"Библиотечное дело, обработка информации и архивное дело",27,RURAL,99,104,101.0,17
2023,GENERAL,FULL,B043,,"Библиотечное дело, обработка информации и архивное дело",36,GENERAL,110,110,110.0,1
2023,GENERAL,FULL,B043,,"Библиотечное дело, обработка информации и архивное дело",36,RURAL,100,100,100.0,1
2023,GENERAL,FULL,B043,,"Библиотечное дело, обработка информации и архивное дело",45,GENERAL,104,104,104.0,2
2023,GENERAL,FULL,B043,,"Библиотечное дело, обработка информации и архивное дело",45,RURAL,103,103,103.0,1
2023,GENERAL,FULL,B044,,Менеджмент и управление,3,RURAL,116,116,116.0,1
2023,GENERAL,FULL,B044,,Менеджмент и управление,5,RURAL,109,109,109.0,1
2023,GENERAL,FULL,B044,,Менеджмент и управление,12,RURAL,112,112,112.0,1
2023,GENERAL,FULL,B044,,Менеджмент и управление,13,GENERAL,119,125,122.1,8
2023,GENERAL,FULL,B044,,Менеджмент и управление,13,RURAL,107,119,112.0,22
2023,GENERAL,FULL,B044,,Менеджмент и управление,21,GENERAL,119,136,124.1,43
2023,GENERAL,FULL,B044,,Менеджмент и управление,21,RURAL,107,119,111.2,32
2023,GENERAL,FULL,B044,,Менеджмент и управление,27,GENERAL,119,130,124.2,19
2023,GENERAL,FULL,B044,,Менеджмент и управление,27,RURAL,107,119,111.6,30
2023,GENERAL,FULL,B044,,Менеджмент и управление,31,RURAL,107,115,111.0,2
2023,GENERAL,FULL,B044,,Менеджмент и управление,37,GENERAL,122,124,123.0,2
2023,GENERAL,FULL,B044,,Менеджмент и управление,38,GENERAL,120,123,121.5,2
2023,GENERAL,FULL,B044,,Менеджмент и управление,40,RURAL,112,112,112.0,1
2023,GENERAL,FULL,B044,,Менеджмент и управление,45,GENERAL,128,128,128.0,1
2023,GENERAL,FULL,B044,,Менеджмент и управление,49,RURAL,109,109,109.0,1
2023,GENERAL,FULL,B044,,Менеджмент и управление,69,GENERAL,123,123,123.0,1
2023,GENERAL,FULL,B044,,Менеджмент и управление,69,RURAL,108,108,108.0,1
2023,GENERAL,FULL,B044,,Менеджмент и управление,83,GENERAL,120,127,122.5,6
2023,GENERAL,FULL,B044,,Менеджмент и управление,83,RURAL,109,119,114.5,4
2023,GENERAL,FULL,B044,,Менеджмент и управление,122,GENERAL,122,122,122.0,1
2023,GENERAL,FULL,B044,,Менеджмент и управление,174,GENERAL,120,136,126.0,52
2023,GENERAL,FULL,B044,,Менеджмент и управление,190,RURAL,118,118,118.0,1
2023,GENERAL,FULL,B044,,Менеджмент и управление,302,GENERAL,119,137,125.8,28
2023,GENERAL,FULL,B044,,Менеджмент и управление,302,RURAL,107,117,111.2,12
2023,GENERAL,FULL,B044,,Менеджмент и управление,421,GENERAL,120,132,124.8,42
2023,GENERAL,FULL,B044,,Менеджмент и управление,421,RURAL,112,115,113.3,3
2023,GENERAL,FULL,B044,,Менеджмент и управление,522,GENERAL,121,134,126.7,6
2023,GENERAL,FULL,B044,,Менеджмент и управление,522,RURAL,115,116,115.5,2
2023,GENERAL,FULL,B045,,Аудит и налогообложение,2,GENERAL,118,123,120.5,2
2023,GENERAL,FULL,B045,,Аудит и налогообложение,12,RURAL,110,110,110.0,1
2023,GENERAL,FULL,B045,,Аудит и налогообложение,13,GENERAL,113,126,119.4,13
2023,GENERAL,FULL,B045,,Аудит и налогообложение,13,RURAL,106,109,107.4,8
2023,GENERAL,FULL,B045,,Аудит и налогообложение,21,GENERAL,114,127,119.3,16
2023,GENERAL,FULL,B045,,Аудит и налогообложение,21,RURAL,105,109,107.2,8
2023,GENERAL,FULL,B045,,Аудит и налогообложение,27,GENERAL,114,125,116.6,11
2023,GENERAL,FULL,B045,,Аудит и налогообложение,27,RURAL,105,112,107.6,8
2023,GENERAL,FULL,B045,,Аудит и налогообложение,31,RURAL,109,109,109.0,1
2023,GENERAL,FULL,B045,,Аудит и налогообложение,34,RURAL,111,113,112.0,2
2023,GENERAL,FULL,B045,,Аудит и налогообложение,40,RURAL,112,112,112.0,1
2023,GENERAL,FULL,B045,,Аудит и налогообложение,45,GENERAL,116,123,119.5,2
2023,GENERAL,FULL,B045,,Аудит и налогообложение,45,RURAL,107,107,107.0,1
2023,GENERAL,FULL,B045,,Аудит и налогообложение,69,GENERAL,116,116,116.0,1
2023,GENERAL,FULL,B045,,Аудит и налогообложение,69,RURAL,109,109,109.0,1
2023,GENERAL,FULL,B045,,Аудит и налогообложение,83,GENERAL,114,121,117.7,3
2023,GENERAL,FULL,B045,,Аудит и налогообложение,83,RURAL,108,108,108.0,1
2023,GENERAL,FULL,B045,,Аудит и налогообложение,93,RURAL,106,106,106.0,1
2023,GENERAL,FULL,B045,,Аудит и налогообложение,141,GENERAL,119,119,119.0,1
2023,GENERAL,FULL,B045,,Аудит и налогообложение,141,RURAL,112,112,112.0,1
2023,GENERAL,FULL,B045,,Аудит и налогообложение,174,GENERAL,113,133,120.0,17
2023,GENERAL,FULL,B045,,Аудит и налогообложение,174,RURAL,106,113,109.8,4
2023,GENERAL,FULL,B045,,Аудит и налогообложение,302,GENERAL,115,136,123.5,8
2023,GENERAL,FULL,B045,,Аудит и налогообложение,302,RURAL,105,113,107.5,4
2023,GENERAL,FULL,B045,,Аудит и налогообложение,421,GENERAL,114,129,120.6,14
2023,GENERAL,FULL,B045,,Аудит и налогообложение,421,RURAL,106,111,108.6,5
2023,GENERAL,FULL,B045,,Аудит и налогообложение,501,RURAL,109,109,109.0,1
2023,GENERAL,FULL,B046,,"Финансы, экономика, банковское и страховое дело",2,GENERAL,115,115,115.0,1
2023,GENERAL,FULL,B046,,"Финансы, экономика, банковское и страховое дело",7,GENERAL,113,113,113.0,1
2023,GENERAL,FULL,B046,,"Финансы, экономика, банковское и страховое дело",11,GENERAL,117,121,119.0,2
2023,GENERAL,FULL,B046,,"Финансы, экономика, банковское и страховое дело",13,GENERAL,113,130,117.9,18
2023,GENERAL,FULL,B046,,"Финансы, экономика, банковское и страховое дело",21,GENERAL,113,133,118.6,63
2023,GENERAL,FULL,B046,,"Финансы, экономика, банковское и страховое дело",27,GENERAL,113,128,117.6,25
2023,GENERAL,FULL,B046,,"Финансы, экономика, банковское и страховое дело",29,GENERAL,114,117,115.2,4
2023,GENERAL,FULL,B046,,"Финансы, экономика, банковское и страховое дело",37,GENERAL,125,128,126.5,2
2023,GENERAL,FULL,B046,,"Финансы, экономика, банковское и страховое дело",38,GENERAL,115,125,119.0,3
2023,GENERAL,FULL,B046,,"Финансы, экономика, банковское и страховое дело",40,GENERAL,114,133,123.5,2
2023,GENERAL,FULL,B046,,"Финансы, экономика, банковское и страховое дело",43,GENERAL,118,118,118.0,1
2023,GENERAL,FULL,B046,,"Финансы, экономика, банковское и страховое дело",69,GENERAL,114,120,116.7,3
2023,GENERAL,FULL,B046,,"Финансы, экономика, банковское и страховое дело",82,GENERAL,127,127,127.0,1
2023,GENERAL,FULL,B046,,"Финансы, экономика, банковское и страховое дело",83,GENERAL,113,125,117.8,15
2023,GENERAL,FULL,B046,,"Финансы, экономика, банковское и страховое дело",93,GENERAL,117,117,117.0,1
2023,GENERAL,FULL,B046,,"Финансы, экономика, банковское и страховое дело",174,GENERAL,113,136,119.8,93
2023,GENERAL,FULL,B046,,"Финансы, экономика, банковское и страховое дело",302,GENERAL,114,134,121.3,46
2023,GENERAL,FULL,B046,,"Финансы, экономика, банковское и страховое дело",421,GENERAL,113,139,123.0,86
2023,GENERAL,FULL,B046,,"Финансы, экономика, банковское и страховое дело",501,GENERAL,122,122,122.0,1
2023,GENERAL,FULL,B047,,Маркетинг и реклама,2,GENERAL,120,120,120.0,1
2023,GENERAL,FULL,B047,,Маркетинг и реклама,21,GENERAL,111,129,115.1,34
2023,GENERAL,FULL,B047,,Маркетинг и реклама,27,GENERAL,111,111,111.0,1
2023,GENERAL,FULL,B047,,Маркетинг и реклама,31,GENERAL,115,115,115.0,1
2023,GENERAL,FULL,B047,,Маркетинг и реклама,38,GENERAL,114,114,114.0,1
2023,GENERAL,FULL,B047,,Маркетинг и реклама,83,GENERAL,112,138,118.3,9
2023,GENERAL,FULL,B047,,Маркетинг и реклама,174,GENERAL,120,133,127.0,4
2023,GENERAL,FULL,B047,,Маркетинг и реклама,185,GENERAL,112,112,112.0,1
2023,GENERAL,FULL,B047,,Маркетинг и реклама,302,GENERAL,112,130,117.4,19
2023,GENERAL,FULL,B047,,Маркетинг и реклама,421,GENERAL,112,137,118.3,24
2023,GENERAL,FULL,B048,,Трудовые навыки,21,GENERAL,108,119,110.6,25
2023,GENERAL,FULL,B049,,Право,13,GENERAL,116,130,119.9,11
2023,GENERAL,FULL,B049,,Право,21,GENERAL,116,121,117.5,4
2023,GENERAL,FULL,B049,,Право,23,GENERAL,125,125,125.0,1
2023,GENERAL,FULL,B049,,Право,27,GENERAL,116,127,120.9,28
2023,GENERAL,FULL,B049,,Право,31,GENERAL,125,125,125.0,1
2023,GENERAL,FULL,B049,,Право,174,GENERAL,120,134,126.1,47
2023,GENERAL,FULL,B049,,Право,302,GENERAL,117,127,120.8,8
2023,GENERAL,FULL,B050,,Биологические и смежные науки,2,GENERAL,81,92,87.2,14
2023,GENERAL,FULL,B050,,Биологические и смежные науки,5,GENERAL,80,82,81.3,3
2023,GENERAL,FULL,B050,,Биологические и смежные науки,7,GENERAL,80,94,84.9,40
2023,GENERAL,FULL,B050,,Биологические и смежные науки,11,GENERAL,80,99,88.4,5
2023,GENERAL,FULL,B050,,Биологические и смежные науки,13,GENERAL,80,127,91.3,190
2023,GENERAL,FULL,B050,,Биологические и смежные науки,24,GENERAL,109,109,109.0,1
2023,GENERAL,FULL,B050,,Биологические и смежные науки,25,GENERAL,80,96,85.4,79
2023,GENERAL,FULL,B050,,Биологические и смежные науки,27,GENERAL,80,135,93.0,290
2023,GENERAL,FULL,B050,,Биологические и смежные науки,29,GENERAL,81,128,95.2,13
2023,GENERAL,FULL,B050,,Биологические и смежные науки,30,GENERAL,80,109,88.5,33
2023,GENERAL,FULL,B050,,Биологические и смежные науки,31,GENERAL,80,106,89.5,13
2023,GENERAL,FULL,B050,,Биологические и смежные науки,35,GENERAL,80,80,80.0,1
2023,GENERAL,FULL,B050,,Биологические и смежные науки,36,GENERAL,83,93,88.8,4
2023,GENERAL,FULL,B050,,Биологические и смежные науки,37,GENERAL,81,119,88.9,9
2023,GENERAL,FULL,B050,,Биологические и смежные науки,38,GENERAL,82,121,93.7,6
2023,GENERAL,FULL,B050,,Биологические и смежные науки,40,GENERAL,91,105,98.0,2
2023,GENERAL,FULL,B050,,Биологические и смежные науки,43,GENERAL,84,90,86.6,5
2023,GENERAL,FULL,B050,,Биологические и смежные науки,45,GENERAL,80,82,81.0,6
2023,GENERAL,FULL,B050,,Биологические и смежные науки,49,GENERAL,80,91,85.0,5
2023,GENERAL,FULL,B050,,Биологические и смежные науки,53,GENERAL,81,106,86.7,15
2023,GENERAL,FULL,B050,,Биологические и смежные науки,143,GENERAL,86,86,86.0,1
2023,GENERAL,FULL,B050,,Биологические и смежные науки,182,GENERAL,80,122,101.0,2
2023,GENERAL,FULL,B050,,Биологические и смежные науки,185,GENERAL,80,120,89.0,28
2023,GENERAL,FULL,B050,,Биологические и смежные науки,223,GENERAL,86,86,86.0,1
2023,GENERAL,FULL,B051,,Окружающая среда,2,GENERAL,73,96,78.7,42
2023,GENERAL,FULL,B051,,Окружающая среда,5,GENERAL,73,74,73.7,6
2023,GENERAL,FULL,B051,,Окружающая среда,7,GENERAL,73,91,76.4,11
2023,GENERAL,FULL,B051,,Окружающая среда,11,GENERAL,74,82,75.8,15
2023,GENERAL,FULL,B051,,Окружающая среда,13,GENERAL,73,108,84.0,120
2023,GENERAL,FULL,B051,,Окружающая среда,16,GENERAL,73,104,80.5,8
2023,GENERAL,FULL,B051,,Окружающая среда,21,GENERAL,73,110,83.5,107
2023,GENERAL,FULL,B051,,Окружающая среда,24,GENERAL,73,91,78.9,10
2023,GENERAL,FULL,B051,,Окружающая среда,27,GENERAL,74,120,85.5,41
2023,GENERAL,FULL,B051,,Окружающая среда,29,GENERAL,74,101,83.3,15
2023,GENERAL,FULL,B051,,Окружающая среда,31,GENERAL,73,106,80.0,23
2023,GENERAL,FULL,B051,,Окружающая среда,36,GENERAL,73,95,80.8,28
2023,GENERAL,FULL,B051,,Окружающая среда,37,GENERAL,73,80,76.0,9
2023,GENERAL,FULL,B051,,Окружающая среда,38,GENERAL,73,101,81.1,18
2023,GENERAL,FULL,B051,,Окружающая среда,40,GENERAL,75,87,80.4,5
2023,GENERAL,FULL,B051,,Окружающая среда,43,GENERAL,73,87,76.4,5
2023,GENERAL,FULL,B051,,Окружающая среда,45,GENERAL,73,80,75.1,14
2023,GENERAL,FULL,B051,,Окружающая среда,53,GENERAL,73,83,76.4,12
2023,GENERAL,FULL,B051,,Окружающая среда,122,GENERAL,73,95,81.0,7
2023,GENERAL,FULL,B051,,Окружающая среда,158,GENERAL,85,85,85.0,1
2023,GENERAL,FULL,B051,,Окружающая среда,182,GENERAL,74,96,81.3,3
2023,GENERAL,FULL,B051,,Окружающая среда,185,GENERAL,73,89,79.7,10
2023,GENERAL,FULL,B052,,Наука о земле,5,GENERAL,71,92,79.7,33
2023,GENERAL,FULL,B052,,Наука о земле,7,GENERAL,71,104,81.5,89
2023,GENERAL,FULL,B052,,Наука о земле,11,GENERAL,72,100,83.0,20
2023,GENERAL,FULL,B052,,Наука о земле,13,GENERAL,75,112,87.9,296
2023,GENERAL,FULL,B052,,Наука о земле,16,GENERAL,72,95,82.1,16
2023,GENERAL,FULL,B052,,Наука о земле,27,GENERAL,75,111,87.5,219
2023,GENERAL,FULL,B052,,Наука о земле,29,GENERAL,71,124,80.6,139
2023,GENERAL,FULL,B052,,Наука о земле,31,GENERAL,71,105,81.0,23
2023,GENERAL,FULL,B052,,Наука о земле,38,GENERAL,72,104,86.1,24
2023,GENERAL,FULL,B052,,Наука о земле,40,GENERAL,72,84,77.8,4
2023,GENERAL,FULL,B052,,Наука о земле,43,GENERAL,72,103,80.5,20
2023,GENERAL,FULL,B052,,Наука о земле,45,GENERAL,72,78,74.5,17
2023,GENERAL,FULL,B052,,Наука о земле,185,GENERAL,72,112,80.4,50
2023,GENERAL,FULL,B053,,Химия,5,GENERAL,68,77,71.3,37
2023,GENERAL,FULL,B053,,Химия,7,GENERAL,68,109,74.6,266
2023,GENERAL,FULL,B053,,Химия,11,GENERAL,68,119,75.6,40
2023,GENERAL,FULL,B053,,Химия,13,GENERAL,75,134,85.5,178
2023,GENERAL,FULL,B053,,Химия,16,GENERAL,68,97,73.3,51
2023,GENERAL,FULL,B053,,Химия,25,GENERAL,68,108,74.9,317
2023,GENERAL,FULL,B053,,Химия,27,GENERAL,80,126,91.7,151
2023,GENERAL,FULL,B053,,Химия,31,GENERAL,68,98,72.5,68
2023,GENERAL,FULL,B053,,Химия,36,GENERAL,68,92,73.0,5
2023,GENERAL,FULL,B053,,Химия,38,GENERAL,68,108,74.8,14
2023,GENERAL,FULL,B053,,Химия,42,GENERAL,68,68,68.0,4
2023,GENERAL,FULL,B053,,Химия,43,GENERAL,68,76,71.1,35
2023,GENERAL,FULL,B053,,Химия,45,GENERAL,68,83,73.0,93
2023,GENERAL,FULL,B053,,Химия,223,GENERAL,73,78,75.0,3
2023,GENERAL,FULL,B054,,Физика,5,GENERAL,69,83,73.9,30
2023,GENERAL,FULL,B054,,Физика,7,GENERAL,69,109,79.2,203
2023,GENERAL,FULL,B054,,Физика,11,GENERAL,71,95,78.1,16
2023,GENERAL,FULL,B054,,Физика,12,GENERAL,71,85,75.8,5
2023,GENERAL,FULL,B054,,Физика,13,GENERAL,70,124,83.2,234
2023,GENERAL,FULL,B054,,Физика,25,GENERAL,69,106,80.2,226
2023,GENERAL,FULL,B054,,Физика,27,GENERAL,70,131,86.4,271
2023,GENERAL,FULL,B054,,Физика,31,GENERAL,69,96,78.9,29
2023,GENERAL,FULL,B054,,Физика,36,GENERAL,70,93,80.2,17
2023,GENERAL,FULL,B054,,Физика,37,GENERAL,69,96,76.6,36
2023,GENERAL,FULL,B054,,Физика,38,GENERAL,70,90,76.5,10
2023,GENERAL,FULL,B054,,Физика,43,GENERAL,71,96,77.0,19
2023,GENERAL,FULL,B054,,Физика,45,GENERAL,70,85,75.9,32
2023,GENERAL,FULL,B055,,Математика и статистика,7,GENERAL,96,123,102.5,88
2023,GENERAL,FULL,B055,,Математика и статистика,11,GENERAL,100,111,105.5,2
2023,GENERAL,FULL,B055,,Математика и статистика,13,GENERAL,96,133,105.4,216
2023,GENERAL,FULL,B055,,Математика и статистика,21,GENERAL,96,128,105.8,163
2023,GENERAL,FULL,B055,,Математика и статистика,27,GENERAL,96,137,106.0,387
2023,GENERAL,FULL,B055,,Математика и статистика,31,GENERAL,99,115,103.2,8
2023,GENERAL,FULL,B055,,Математика и статистика,36,GENERAL,99,107,103.0,2
2023,GENERAL,FULL,B055,,Математика и статистика,37,GENERAL,96,108,101.9,13
2023,GENERAL,FULL,B055,,Математика и статистика,38,GENERAL,105,107,106.0,2
2023,GENERAL,FULL,B055,,Математика и статистика,43,GENERAL,97,102,100.0,4
2023,GENERAL,FULL,B055,,Математика и статистика,45,GENERAL,97,97,97.0,1
2023,GENERAL,FULL,B055,,Математика и статистика,173,GENERAL,97,97,97.0,1
2023,GENERAL,FULL,B055,,Математика и статистика,302,GENERAL,97,136,109.6,220
2023,GENERAL,FULL,B056,,Механика,13,GENERAL,65,106,76.5,57
2023,GENERAL,FULL,B056,,Механика,27,GENERAL,70,119,84.9,61
2023,GENERAL,FULL,B056,,Механика,31,GENERAL,56,72,61.5,11
2023,GENERAL,FULL,B056,,Механика,38,GENERAL,50,61,54.4,7
2023,GENERAL,FULL,B057,,Информационные технологии,2,GENERAL,98,106,102.8,5
2023,GENERAL,FULL,B057,,Информационные технологии,2,RURAL,53,84,65.6,88
2023,GENERAL,FULL,B057,,Информационные технологии,3,GENERAL,121,121,121.0,1
2023,GENERAL,FULL,B057,,Информационные технологии,3,RURAL,53,91,64.6,36
2023,GENERAL,FULL,B057,,Информационные технологии,5,GENERAL,103,112,107.2,4
2023,GENERAL,FULL,B057,,Информационные технологии,5,RURAL,53,94,69.6,39
2023,GENERAL,FULL,B057,,Информационные технологии,9,GENERAL,112,112,112.0,1
2023,GENERAL,FULL,B057,,Информационные технологии,9,RURAL,54,89,64.4,10
2023,GENERAL,FULL,B057,,Информационные технологии,10,GENERAL,107,107,107.0,1
2023,GENERAL,FULL,B057,,Информационные технологии,10,RURAL,53,83,63.5,18
2023,GENERAL,FULL,B057,,Информационные технологии,11,GENERAL,98,101,99.5,2
2023,GENERAL,FULL,B057,,Информационные технологии,11,RURAL,57,83,70.2,13
2023,GENERAL,FULL,B057,,Информационные технологии,12,GENERAL,96,122,105.5,22
2023,GENERAL,FULL,B057,,Информационные технологии,12,RURAL,53,96,69.4,41
2023,GENERAL,FULL,B057,,Информационные технологии,13,GENERAL,96,128,106.0,148
2023,GENERAL,FULL,B057,,Информационные технологии,13,RURAL,70,95,81.3,73
2023,GENERAL,FULL,B057,,Информационные технологии,15,RURAL,58,61,59.3,3
2023,GENERAL,FULL,B057,,Информационные технологии,16,GENERAL,96,120,111.3,3
2023,GENERAL,FULL,B057,,Информационные технологии,16,RURAL,54,94,69.9,14
2023,GENERAL,FULL,B057,,Информационные технологии,21,GENERAL,96,130,104.9,243
2023,GENERAL,FULL,B057,,Информационные технологии,21,RURAL,70,95,82.5,190
2023,GENERAL,FULL,B057,,Информационные технологии,24,RURAL,65,78,69.1,9
2023,GENERAL,FULL,B057,,Информационные технологии,25,RURAL,67,89,74.1,13
2023,GENERAL,FULL,B057,,Информационные технологии,27,GENERAL,96,125,105.0,129
2023,GENERAL,FULL,B057,,Информационные технологии,27,RURAL,85,96,90.3,31
2023,GENERAL,FULL,B057,,Информационные технологии,29,GENERAL,96,120,105.1,30
2023,GENERAL,FULL,B057,,Информационные технологии,29,RURAL,65,94,76.1,112
2023,GENERAL,FULL,B057,,Информационные технологии,31,GENERAL,98,114,106.4,7
2023,GENERAL,FULL,B057,,Информационные технологии,31,RURAL,62,89,68.8,21
2023,GENERAL,FULL,B057,,Информационные технологии,32,GENERAL,96,120,105.2,24
2023,GENERAL,FULL,B057,,Информационные технологии,32,RURAL,53,94,71.5,44
2023,GENERAL,FULL,B057,,Информационные технологии,33,RURAL,53,83,60.8,33
2023,GENERAL,FULL,B057,,Информационные технологии,34,GENERAL,102,111,105.3,6
2023,GENERAL,FULL,B057,,Информационные технологии,34,RURAL,55,91,64.6,22
2023,GENERAL,FULL,B057,,Информационные технологии,35,GENERAL,102,128,115.0,2
2023,GENERAL,FULL,B057,,Информационные технологии,35,RURAL,54,95,66.1,43
2023,GENERAL,FULL,B057,,Информационные технологии,36,GENERAL,98,119,108.8,13
2023,GENERAL,FULL,B057,,Информационные технологии,36,RURAL,53,96,73.9,31
2023,GENERAL,FULL,B057,,Информационные технологии,37,GENERAL,99,119,107.6,5
2023,GENERAL,FULL,B057,,Информационные технологии,37,RURAL,60,87,71.8,18
2023,GENERAL,FULL,B057,,Информационные технологии,38,GENERAL,96,121,106.2,17
2023,GENERAL,FULL,B057,,Информационные технологии,38,RURAL,54,84,65.3,18
2023,GENERAL,FULL,B057,,Информационные технологии,39,GENERAL,98,100,99.0,2
2023,GENERAL,FULL,B057,,Информационные технологии,39,RURAL,84,84,84.0,1
2023,GENERAL,FULL,B057,,Информационные технологии,40,GENERAL,97,121,105.8,8
2023,GENERAL,FULL,B057,,Информационные технологии,40,RURAL,53,90,70.8,20
2023,GENERAL,FULL,B057,,Информационные технологии,42,RURAL,59,65,62.3,3
2023,GENERAL,FULL,B057,,Информационные технологии,43,GENERAL,96,106,102.0,6
2023,GENERAL,FULL,B057,,Информационные технологии,43,RURAL,54,93,65.1,36
2023,GENERAL,FULL,B057,,Информационные технологии,45,GENERAL,96,117,103.9,22
2023,GENERAL,FULL,B057,,Информационные технологии,45,RURAL,53,94,67.0,87
2023,GENERAL,FULL,B057,,Информационные технологии,49,GENERAL,98,106,102.0,2
2023,GENERAL,FULL,B057,,Информационные технологии,49,RURAL,53,95,64.3,78
2023,GENERAL,FULL,B057,,Информационные технологии,53,GENERAL,101,109,103.8,4
2023,GENERAL,FULL,B057,,Информационные технологии,53,RURAL,53,87,63.2,184
2023,GENERAL,FULL,B057,,Информационные технологии,57,GENERAL,96,122,103.6,7
2023,GENERAL,FULL,B057,,Информационные технологии,57,RURAL,70,94,79.9,21
2023,GENERAL,FULL,B057,,Информационные технологии,69,GENERAL,96,114,104.5,11
2023,GENERAL,FULL,B057,,Информационные технологии,69,RURAL,56,90,64.8,5
2023,GENERAL,FULL,B057,,Информационные технологии,82,GENERAL,96,128,104.4,7
2023,GENERAL,FULL,B057,,Информационные технологии,83,GENERAL,96,116,104.6,21
2023,GENERAL,FULL,B057,,Информационные технологии,83,RURAL,53,95,72.4,22
2023,GENERAL,FULL,B057,,Информационные технологии,93,GENERAL,100,128,114.0,2
2023,GENERAL,FULL,B057,,Информационные технологии,93,RURAL,53,78,61.8,14
2023,GENERAL,FULL,B057,,Информационные технологии,122,GENERAL,104,110,107.0,2
2023,GENERAL,FULL,B057,,Информационные технологии,122,RURAL,62,64,62.7,3
2023,GENERAL,FULL,B057,,Информационные технологии,140,RURAL,68,68,68.0,1
2023,GENERAL,FULL,B057,,Информационные технологии,141,RURAL,59,91,76.8,4
2023,GENERAL,FULL,B057,,Информационные технологии,146,GENERAL,102,102,102.0,1
2023,GENERAL,FULL,B057,,Информационные технологии,147,RURAL,59,59,59.0,1
2023,GENERAL,FULL,B057,,Информационные технологии,153,GENERAL,107,107,107.0,1
2023,GENERAL,FULL,B057,,Информационные технологии,153,RURAL,70,70,70.0,1
2023,GENERAL,FULL,B057,,Информационные технологии,173,GENERAL,98,98,98.0,1
2023,GENERAL,FULL,B057,,Информационные технологии,173,RURAL,63,87,78.2,4
2023,GENERAL,FULL,B057,,Информационные технологии,184,GENERAL,98,98,98.0,1
2023,GENERAL,FULL,B057,,Информационные технологии,184,RURAL,55,76,65.6,8
2023,GENERAL,FULL,B057,,Информационные технологии,185,GENERAL,97,117,106.4,10
2023,GENERAL,FULL,B057,,Информационные технологии,185,RURAL,53,91,68.2,33
2023,GENERAL,FULL,B057,,Информационные технологии,190,GENERAL,96,129,105.4,320
2023,GENERAL,FULL,B057,,Информационные технологии,190,RURAL,80,96,87.4,67
2023,GENERAL,FULL,B057,,Информационные технологии,302,GENERAL,105,136,114.8,387
2023,GENERAL,FULL,B057,,Информационные технологии,421,GENERAL,100,138,113.3,560
2023,GENERAL,FULL,B057,,Информационные технологии,501,GENERAL,101,114,106.4,5
2023,GENERAL,FULL,B057,,Информационные технологии,501,RURAL,54,89,64.8,17
2023,GENERAL,FULL,B057,,Информационные технологии,522,GENERAL,96,138,110.3,868
2023,GENERAL,FULL,B057,,Информационные технологии,522,RURAL,85,96,90.5,10
2023,GENERAL,FULL,B058,,Информационная безопасность,9,GENERAL,62,89,70.3,19
2023,GENERAL,FULL,B058,,Информационная безопасность,13,GENERAL,85,117,92.2,201
2023,GENERAL,FULL,B058,,Информационная безопасность,21,GENERAL,62,123,77.8,1136
2023,GENERAL,FULL,B058,,Информационная безопасность,27,GENERAL,90,129,98.1,36
2023,GENERAL,FULL,B058,,Информационная безопасность,29,GENERAL,65,124,76.3,518
2023,GENERAL,FULL,B058,,Информационная безопасность,32,GENERAL,62,114,74.9,257
2023,GENERAL,FULL,B058,,Информационная безопасность,34,GENERAL,62,93,71.7,49
2023,GENERAL,FULL,B058,,Информационная безопасность,57,GENERAL,75,104,82.7,57
2023,GENERAL,FULL,B058,,Информационная безопасность,190,GENERAL,80,114,89.3,317
2023,GENERAL,FULL,B058,,Информационная безопасность,522,GENERAL,85,134,93.3,350
2023,GENERAL,FULL,B059,,Коммуникации и коммуникационные технологии,2,GENERAL,68,130,77.2,62
2023,GENERAL,FULL,B059,,Коммуникации и коммуникационные технологии,2,RURAL,56,68,61.5,55
2023,GENERAL,FULL,B059,,Коммуникации и коммуникационные технологии,9,GENERAL,74,86,81.7,3
2023,GENERAL,FULL,B059,,Коммуникации и коммуникационные технологии,12,GENERAL,72,86,78.9,9
2023,GENERAL,FULL,B059,,Коммуникации и коммуникационные технологии,12,RURAL,57,68,62.4,10
2023,GENERAL,FULL,B059,,Коммуникации и коммуникационные технологии,13,GENERAL,80,121,92.9,95
2023,GENERAL,FULL,B059,,Коммуникации и коммуникационные технологии,19,GENERAL,69,101,75.8,39
2023,GENERAL,FULL,B059,,Коммуникации и коммуникационные технологии,19,RURAL,56,68,61.9,119
2023,GENERAL,FULL,B059,,Коммуникации и коммуникационные технологии,22,GENERAL,69,103,78.4,20
2023,GENERAL,FULL,B059,,Коммуникации и коммуникационные технологии,22,RURAL,57,68,61.4,14
2023,GENERAL,FULL,B059,,Коммуникации и коммуникационные технологии,27,GENERAL,70,121,84.3,140
2023,GENERAL,FULL,B059,,Коммуникации и коммуникационные технологии,29,GENERAL,69,98,78.5,86
2023,GENERAL,FULL,B059,,Коммуникации и коммуникационные технологии,29,RURAL,65,68,66.7,38
2023,GENERAL,FULL,B059,,Коммуникации и коммуникационные технологии,31,GENERAL,69,90,78.8,13
2023,GENERAL,FULL,B059,,Коммуникации и коммуникационные технологии,31,RURAL,57,68,64.6,16
2023,GENERAL,FULL,B059,,Коммуникации и коммуникационные технологии,32,GENERAL,70,111,80.4,16
2023,GENERAL,FULL,B059,,Коммуникации и коммуникационные технологии,32,RURAL,58,63,60.0,6
2023,GENERAL,FULL,B059,,Коммуникации и коммуникационные технологии,38,GENERAL,69,124,81.8,8
2023,GENERAL,FULL,B059,,Коммуникации и коммуникационные технологии,38,RURAL,58,68,63.4,9
2023,GENERAL,FULL,B059,,Коммуникации и коммуникационные технологии,40,GENERAL,71,103,80.6,5
2023,GENERAL,FULL,B059,,Коммуникации и коммуникационные технологии,40,RURAL,57,67,61.0,7
2023,GENERAL,FULL,B059,,Коммуникации и коммуникационные технологии,43,GENERAL,69,96,76.6,9
2023,GENERAL,FULL,B059,,Коммуникации и коммуникационные технологии,43,RURAL,57,67,61.9,8
2023,GENERAL,FULL,B059,,Коммуникации и коммуникационные технологии,45,GENERAL,69,108,81.2,32
2023,GENERAL,FULL,B059,,Коммуникации и коммуникационные технологии,45,RURAL,56,68,61.7,30
2023,GENERAL,FULL,B059,,Коммуникации и коммуникационные технологии,49,GENERAL,69,87,72.2,8
2023,GENERAL,FULL,B059,,Коммуникации и коммуникационные технологии,49,RURAL,56,68,62.1,26
2023,GENERAL,FULL,B059,,Коммуникации и коммуникационные технологии,57,GENERAL,70,115,82.6,33
2023,GENERAL,FULL,B059,,Коммуникации и коммуникационные технологии,93,GENERAL,69,92,75.6,16
2023,GENERAL,FULL,B059,,Коммуникации и коммуникационные технологии,93,RURAL,56,66,61.8,36
2023,GENERAL,FULL,B059,,Коммуникации и коммуникационные технологии,162,GENERAL,71,71,71.0,1
2023,GENERAL,FULL,B059,,Коммуникации и коммуникационные технологии,190,GENERAL,69,108,83.1,22
2023,GENERAL,FULL,B059,,Коммуникации и коммуникационные технологии,190,RURAL,60,68,64.3,11
2023,GENERAL,FULL,B059,,Коммуникации и коммуникационные технологии,199,GENERAL,72,72,72.0,1
2023,GENERAL,FULL,B059,,Коммуникации и коммуникационные технологии,522,GENERAL,72,135,100.2,97
2023,GENERAL,FULL,B060,,Химическая инженерия и процессы,3,GENERAL,50,64,56.0,3
2023,GENERAL,FULL,B060,,Химическая инженерия и процессы,19,GENERAL,53,66,57.2,5
2023,GENERAL,FULL,B060,,Химическая инженерия и процессы,27,GENERAL,70,119,90.7,20
2023,GENERAL,FULL,B060,,Химическая инженерия и процессы,29,GENERAL,65,136,85.6,9
2023,GENERAL,FULL,B060,,Химическая инженерия и процессы,31,GENERAL,76,77,76.5,2
2023,GENERAL,FULL,B060,,Химическая инженерия и процессы,45,GENERAL,51,51,51.0,2
2023,GENERAL,FULL,B060,,Химическая инженерия и процессы,53,GENERAL,51,90,60.4,5
2023,GENERAL,FULL,B060,,Химическая инженерия и процессы,146,GENERAL,57,57,57.0,1
2023,GENERAL,FULL,B060,,Химическая инженерия и процессы,182,GENERAL,54,78,64.8,5
2023,GENERAL,FULL,B060,,Химическая инженерия и процессы,421,GENERAL,71,136,103.0,42
2023,GENERAL,FULL,B060,,Химическая инженерия и процессы,501,GENERAL,68,68,68.0,1
2023,GENERAL,FULL,B061,,Материаловедение и технологии,27,GENERAL,70,107,84.1,7
2023,GENERAL,FULL,B061,,Материаловедение и технологии,29,GENERAL,82,128,92.8,6
2023,GENERAL,FULL,B061,,Материаловедение и технологии,43,GENERAL,57,76,66.0,4
2023,GENERAL,FULL,B061,,Материаловедение и технологии,45,GENERAL,50,58,53.2,23
2023,GENERAL,FULL,B061,,Материаловедение и технологии,421,GENERAL,70,135,99.1,56
2023,GENERAL,FULL,B062,,Электротехника и энергетика,2,GENERAL,58,98,65.9,220
2023,GENERAL,FULL,B062,,Электротехника и энергетика,2,RURAL,50,57,54.0,53
2023,GENERAL,FULL,B062,,Электротехника и энергетика,3,RURAL,50,54,51.3,9
2023,GENERAL,FULL,B062,,Электротехника и энергетика,5,GENERAL,58,100,68.6,98
2023,GENERAL,FULL,B062,,Электротехника и энергетика,5,RURAL,50,58,54.7,22
2023,GENERAL,FULL,B062,,Электротехника и энергетика,12,GENERAL,58,67,61.5,11
2023,GENERAL,FULL,B062,,Электротехника и энергетика,12,RURAL,52,57,54.8,5
2023,GENERAL,FULL,B062,,Электротехника и энергетика,13,GENERAL,65,130,78.6,231
2023,GENERAL,FULL,B062,,Электротехника и энергетика,14,GENERAL,60,65,63.2,5
2023,GENERAL,FULL,B062,,Электротехника и энергетика,14,RURAL,51,51,51.0,1
2023,GENERAL,FULL,B062,,Электротехника и энергетика,19,GENERAL,58,111,64.6,248
2023,GENERAL,FULL,B062,,Электротехника и энергетика,19,RURAL,50,58,53.7,141
2023,GENERAL,FULL,B062,,Электротехника и энергетика,24,GENERAL,65,84,73.3,21
2023,GENERAL,FULL,B062,,Электротехника и энергетика,27,GENERAL,70,125,87.6,89
2023,GENERAL,FULL,B062,,Электротехника и энергетика,29,GENERAL,65,122,80.4,139
2023,GENERAL,FULL,B062,,Электротехника и энергетика,31,GENERAL,60,73,65.7,15
2023,GENERAL,FULL,B062,,Электротехника и энергетика,31,RURAL,56,57,56.5,2
2023,GENERAL,FULL,B062,,Электротехника и энергетика,32,GENERAL,58,84,68.0,63
2023,GENERAL,FULL,B062,,Электротехника и энергетика,32,RURAL,50,57,53.1,16
2023,GENERAL,FULL,B062,,Электротехника и энергетика,34,GENERAL,58,84,66.0,42
2023,GENERAL,FULL,B062,,Электротехника и энергетика,34,RURAL,52,56,54.1,7
2023,GENERAL,FULL,B062,,Электротехника и энергетика,36,GENERAL,58,72,63.7,25
2023,GENERAL,FULL,B062,,Электротехника и энергетика,36,RURAL,50,57,53.7,13
2023,GENERAL,FULL,B062,,Электротехника и энергетика,37,GENERAL,60,100,69.0,23
2023,GENERAL,FULL,B062,,Электротехника и энергетика,38,GENERAL,58,77,63.5,17
2023,GENERAL,FULL,B062,,Электротехника и энергетика,38,RURAL,50,57,53.8,9
2023,GENERAL,FULL,B062,,Электротехника и энергетика,39,GENERAL,61,61,61.0,1
2023,GENERAL,FULL,B062,,Электротехника и энергетика,40,GENERAL,60,108,75.0,20
2023,GENERAL,FULL,B062,,Электротехника и энергетика,43,GENERAL,59,100,68.2,22
2023,GENERAL,FULL,B062,,Электротехника и энергетика,43,RURAL,50,58,52.6,7
2023,GENERAL,FULL,B062,,Электротехника и энергетика,45,GENERAL,58,68,61.9,53
2023,GENERAL,FULL,B062,,Электротехника и энергетика,45,RURAL,50,57,53.6,28
2023,GENERAL,FULL,B062,,Электротехника и энергетика,49,GENERAL,58,71,61.8,31
2023,GENERAL,FULL,B062,,Электротехника и энергетика,49,RURAL,50,57,53.9,21
2023,GENERAL,FULL,B062,,Электротехника и энергетика,57,GENERAL,65,136,79.6,202
2023,GENERAL,FULL,B062,,Электротехника и энергетика,82,GENERAL,76,127,100.3,6
2023,GENERAL,FULL,B062,,Электротехника и энергетика,140,GENERAL,62,89,80.2,5
2023,GENERAL,FULL,B062,,Электротехника и энергетика,141,GENERAL,77,77,77.0,1
2023,GENERAL,FULL,B062,,Электротехника и энергетика,141,RURAL,51,54,52.5,2
2023,GENERAL,FULL,B062,,Электротехника и энергетика,147,GENERAL,59,70,64.0,5
2023,GENERAL,FULL,B062,,Электротехника и энергетика,147,RURAL,56,56,56.0,1
2023,GENERAL,FULL,B062,,Электротехника и энергетика,160,GENERAL,58,124,68.1,160
2023,GENERAL,FULL,B062,,Электротехника и энергетика,160,RURAL,50,58,53.9,34
2023,GENERAL,FULL,B062,,Электротехника и энергетика,162,GENERAL,59,84,69.2,5
2023,GENERAL,FULL,B062,,Электротехника и энергетика,162,RURAL,50,56,52.5,4
2023,GENERAL,FULL,B062,,Электротехника и энергетика,198,GENERAL,59,67,63.0,2
2023,GENERAL,FULL,B062,,Электротехника и энергетика,198,RURAL,53,57,55.0,3
2023,GENERAL,FULL,B062,,Электротехника и энергетика,501,GENERAL,58,72,62.7,38
2023,GENERAL,FULL,B062,,Электротехника и энергетика,501,RURAL,50,58,54.4,25
2023,GENERAL,FULL,B063,,Электротехника и автоматизация,2,GENERAL,61,105,67.6,89
2023,GENERAL,FULL,B063,,Электротехника и автоматизация,5,GENERAL,61,66,63.2,24
2023,GENERAL,FULL,B063,,Электротехника и автоматизация,12,GENERAL,63,73,68.5,4
2023,GENERAL,FULL,B063,,Электротехника и автоматизация,13,GENERAL,75,131,92.5,154
2023,GENERAL,FULL,B063,,Электротехника и автоматизация,14,GENERAL,62,79,70.5,2
2023,GENERAL,FULL,B063,,Электротехника и автоматизация,19,GENERAL,61,89,67.3,63
2023,GENERAL,FULL,B063,,Электротехника и автоматизация,24,GENERAL,65,93,75.2,4
2023,GENERAL,FULL,B063,,Электротехника и автоматизация,27,GENERAL,70,127,90.3,180
2023,GENERAL,FULL,B063,,Электротехника и автоматизация,29,GENERAL,65,133,83.7,196
2023,GENERAL,FULL,B063,,Электротехника и автоматизация,31,GENERAL,62,94,75.0,9
2023,GENERAL,FULL,B063,,Электротехника и автоматизация,32,GENERAL,61,82,69.2,38
2023,GENERAL,FULL,B063,,Электротехника и автоматизация,37,GENERAL,61,87,70.1,10
2023,GENERAL,FULL,B063,,Электротехника и автоматизация,38,GENERAL,62,75,65.8,16
2023,GENERAL,FULL,B063,,Электротехника и автоматизация,43,GENERAL,62,99,72.2,12
2023,GENERAL,FULL,B063,,Электротехника и автоматизация,45,GENERAL,61,66,63.4,14
2023,GENERAL,FULL,B063,,Электротехника и автоматизация,53,GENERAL,61,97,66.0,112
2023,GENERAL,FULL,B063,,Электротехника и автоматизация,57,GENERAL,70,128,89.8,66
2023,GENERAL,FULL,B063,,Электротехника и автоматизация,162,GENERAL,61,74,67.5,2
2023,GENERAL,FULL,B063,,Электротехника и автоматизация,182,GENERAL,61,93,65.8,16
2023,GENERAL,FULL,B063,,Электротехника и автоматизация,198,GENERAL,63,77,69.2,9
2023,GENERAL,FULL,B063,,Электротехника и автоматизация,199,GENERAL,68,68,68.0,1
2023,GENERAL,FULL,B063,,Электротехника и автоматизация,421,GENERAL,100,138,115.9,290
2023,GENERAL,FULL,B063,,Электротехника и автоматизация,522,GENERAL,70,136,101.7,70
2023,GENERAL,FULL,B064,,Механика и металлообработка,2,GENERAL,50,100,57.1,88
2023,GENERAL,FULL,B064,,Механика и металлообработка,3,GENERAL,50,70,59.6,10
2023,GENERAL,FULL,B064,,Механика и металлообработка,12,GENERAL,50,60,53.9,24
2023,GENERAL,FULL,B064,,Механика и металлообработка,19,GENERAL,50,80,55.8,65
2023,GENERAL,FULL,B064,,Механика и металлообработка,29,GENERAL,65,112,80.8,60
2023,GENERAL,FULL,B064,,Механика и металлообработка,31,GENERAL,55,80,62.2,5
2023,GENERAL,FULL,B064,,Механика и металлообработка,32,GENERAL,50,66,58.4,25
2023,GENERAL,FULL,B064,,Механика и металлообработка,34,GENERAL,50,52,50.5,4
2023,GENERAL,FULL,B064,,Механика и металлообработка,36,GENERAL,51,67,56.7,19
2023,GENERAL,FULL,B064,,Механика и металлообработка,38,GENERAL,50,56,52.9,9
2023,GENERAL,FULL,B064,,Механика и металлообработка,40,GENERAL,52,90,65.9,13
2023,GENERAL,FULL,B064,,Механика и металлообработка,43,GENERAL,51,92,59.9,16
2023,GENERAL,FULL,B064,,Механика и металлообработка,45,GENERAL,50,61,55.0,71
2023,GENERAL,FULL,B064,,Механика и металлообработка,49,GENERAL,50,86,56.4,28
2023,GENERAL,FULL,B064,,Механика и металлообработка,53,GENERAL,50,83,56.5,84
2023,GENERAL,FULL,B064,,Механика и металлообработка,57,GENERAL,67,130,84.4,9
2023,GENERAL,FULL,B064,,Механика и металлообработка,140,GENERAL,56,59,57.5,2
2023,GENERAL,FULL,B064,,Механика и металлообработка,146,GENERAL,53,54,53.5,2
2023,GENERAL,FULL,B064,,Механика и металлообработка,147,GENERAL,57,57,57.0,1
2023,GENERAL,FULL,B064,,Механика и металлообработка,160,GENERAL,50,129,63.8,213
2023,GENERAL,FULL,B064,,Механика и металлообработка,162,GENERAL,50,59,54.6,5
2023,GENERAL,FULL,B064,,Механика и металлообработка,182,GENERAL,50,68,56.9,8
2023,GENERAL,FULL,B064,,Механика и металлообработка,198,GENERAL,51,51,51.0,2
2023,GENERAL,FULL,B064,,Механика и металлообработка,501,GENERAL,50,64,54.2,35
2023,GENERAL,FULL,B065,,Транспортная техника и технологии,2,GENERAL,50,96,58.2,108
2023,GENERAL,FULL,B065,,Транспортная техника и технологии,2,RURAL,50,50,50.0,1
2023,GENERAL,FULL,B065,,Транспортная техника и технологии,3,GENERAL,52,67,59.2,9
2023,GENERAL,FULL,B065,,Транспортная техника и технологии,5,GENERAL,50,57,53.2,20
2023,GENERAL,FULL,B065,,Транспортная техника и технологии,5,RURAL,50,50,50.0,2
2023,GENERAL,FULL,B065,,Транспортная техника и технологии,12,GENERAL,53,59,57.0,5
2023,GENERAL,FULL,B065,,Транспортная техника и технологии,13,GENERAL,65,111,77.1,48
2023,GENERAL,FULL,B065,,Транспортная техника и технологии,14,GENERAL,55,55,55.0,1
2023,GENERAL,FULL,B065,,Транспортная техника и технологии,19,GENERAL,50,86,58.2,99
2023,GENERAL,FULL,B065,,Транспортная техника и технологии,24,GENERAL,65,79,70.3,3
2023,GENERAL,FULL,B065,,Транспортная техника и технологии,29,GENERAL,65,116,79.5,36
2023,GENERAL,FULL,B065,,Транспортная техника и технологии,31,GENERAL,55,88,64.6,13
2023,GENERAL,FULL,B065,,Транспортная техника и технологии,32,GENERAL,51,61,55.8,6
2023,GENERAL,FULL,B065,,Транспортная техника и технологии,32,RURAL,50,50,50.0,1
2023,GENERAL,FULL,B065,,Транспортная техника и технологии,34,GENERAL,51,59,54.6,7
2023,GENERAL,FULL,B065,,Транспортная техника и технологии,35,GENERAL,55,60,57.0,3
2023,GENERAL,FULL,B065,,Транспортная техника и технологии,36,GENERAL,51,60,54.6,8
2023,GENERAL,FULL,B065,,Транспортная техника и технологии,38,GENERAL,51,61,57.1,8
2023,GENERAL,FULL,B065,,Транспортная техника и технологии,40,GENERAL,55,88,69.5,13
2023,GENERAL,FULL,B065,,Транспортная техника и технологии,43,GENERAL,52,132,69.2,11
2023,GENERAL,FULL,B065,,Транспортная техника и технологии,45,GENERAL,51,67,57.8,28
2023,GENERAL,FULL,B065,,Транспортная техника и технологии,45,RURAL,50,50,50.0,1
2023,GENERAL,FULL,B065,,Транспортная техника и технологии,78,GENERAL,52,62,56.6,5
2023,GENERAL,FULL,B065,,Транспортная техника и технологии,140,GENERAL,63,75,69.0,2
2023,GENERAL,FULL,B065,,Транспортная техника и технологии,147,GENERAL,51,60,55.5,2
2023,GENERAL,FULL,B065,,Транспортная техника и технологии,160,GENERAL,50,106,58.1,105
2023,GENERAL,FULL,B065,,Транспортная техника и технологии,160,RURAL,50,50,50.0,1
2023,GENERAL,FULL,B065,,Транспортная техника и технологии,162,GENERAL,56,76,62.2,5
2023,GENERAL,FULL,B065,,Транспортная техника и технологии,162,RURAL,50,50,50.0,1
2023,GENERAL,FULL,B065,,Транспортная техника и технологии,198,GENERAL,53,63,56.5,4
2023,GENERAL,FULL,B065,,Транспортная техника и технологии,501,GENERAL,50,81,57.7,15
2023,GENERAL,FULL,B066,,Морской транспорт и технологии,421,GENERAL,72,114,83.8,24
2023,GENERAL,FULL,B067,,Воздушный транспорт и технологии,13,GENERAL,75,129,90.3,43
2023,GENERAL,FULL,B067,,Воздушный транспорт и технологии,27,GENERAL,79,115,91.8,9
2023,GENERAL,FULL,B067,,Воздушный транспорт и технологии,29,GENERAL,75,122,90.3,11
2023,GENERAL,FULL,B067,,Воздушный транспорт и технологии,57,GENERAL,76,96,80.9,7
2023,GENERAL,FULL,B067,,Воздушный транспорт и технологии,157,GENERAL,74,121,85.9,208
2023,GENERAL,FULL,B068,,Производство продуктов питания,2,GENERAL,53,100,64.5,271
2023,GENERAL,FULL,B068,,Производство продуктов питания,2,RURAL,50,52,51.6,5
2023,GENERAL,FULL,B068,,Производство продуктов питания,5,GENERAL,53,73,60.7,161
2023,GENERAL,FULL,B068,,Производство продуктов питания,5,RURAL,50,52,51.3,10
2023,GENERAL,FULL,B068,,Производство продуктов питания,11,GENERAL,53,99,62.5,50
2023,GENERAL,FULL,B068,,Производство продуктов питания,11,RURAL,51,52,51.2,4
2023,GENERAL,FULL,B068,,Производство продуктов питания,24,GENERAL,65,97,70.8,41
2023,GENERAL,FULL,B068,,Производство продуктов питания,27,GENERAL,80,95,87.2,6
2023,GENERAL,FULL,B068,,Производство продуктов питания,34,GENERAL,53,71,62.6,84
2023,GENERAL,FULL,B068,,Производство продуктов питания,34,RURAL,50,52,51.2,5
2023,GENERAL,FULL,B068,,Производство продуктов питания,35,GENERAL,53,66,60.8,8
2023,GENERAL,FULL,B068,,Производство продуктов питания,35,RURAL,51,52,51.5,2
2023,GENERAL,FULL,B068,,Производство продуктов питания,36,GENERAL,55,64,59.7,7
2023,GENERAL,FULL,B068,,Производство продуктов питания,38,GENERAL,53,66,58.7,23
2023,GENERAL,FULL,B068,,Производство продуктов питания,38,RURAL,50,52,51.0,3
2023,GENERAL,FULL,B068,,Производство продуктов питания,40,GENERAL,54,87,62.0,27
2023,GENERAL,FULL,B068,,Производство продуктов питания,40,RURAL,50,50,50.0,1
2023,GENERAL,FULL,B068,,Производство продуктов питания,42,GENERAL,53,66,57.0,21
2023,GENERAL,FULL,B068,,Производство продуктов питания,42,RURAL,52,52,52.0,1
2023,GENERAL,FULL,B068,,Производство продуктов питания,43,GENERAL,53,97,61.9,62
2023,GENERAL,FULL,B068,,Производство продуктов питания,43,RURAL,50,52,50.8,4
2023,GENERAL,FULL,B068,,Производство продуктов питания,45,GENERAL,52,70,60.5,159
2023,GENERAL,FULL,B068,,Производство продуктов питания,45,RURAL,50,52,51.4,9
2023,GENERAL,FULL,B068,,Производство продуктов питания,49,GENERAL,52,77,60.8,107
2023,GENERAL,FULL,B068,,Производство продуктов питания,49,RURAL,50,52,51.0,4
2023,GENERAL,FULL,B068,,Производство продуктов питания,53,GENERAL,53,91,62.9,443
2023,GENERAL,FULL,B068,,Производство продуктов питания,53,RURAL,50,52,51.0,29
2023,GENERAL,FULL,B068,,Производство продуктов питания,122,GENERAL,53,78,61.0,46
2023,GENERAL,FULL,B068,,Производство продуктов питания,122,RURAL,51,51,51.0,1
2023,GENERAL,FULL,B068,,Производство продуктов питания,146,GENERAL,53,63,60.2,4
2023,GENERAL,FULL,B068,,Производство продуктов питания,182,GENERAL,53,90,67.2,38
2023,GENERAL,FULL,B068,,Производство продуктов питания,501,GENERAL,53,74,62.4,49
2023,GENERAL,FULL,B068,,Производство продуктов питания,501,RURAL,50,52,51.0,3
2023,GENERAL,FULL,B069,,"Производство материалов (стекло, бумага, пластик, дерево)",22,GENERAL,50,73,54.1,9
2023,GENERAL,FULL,B069,,"Производство материалов (стекло, бумага, пластик, дерево)",29,GENERAL,66,66,66.0,1
2023,GENERAL,FULL,B069,,"Производство материалов (стекло, бумага, пластик, дерево)",45,GENERAL,50,73,57.0,5
2023,GENERAL,FULL,B070,,"Текстиль: одежда, обувь и кожаные изделия",5,GENERAL,54,63,57.8,4
2023,GENERAL,FULL,B070,,"Текстиль: одежда, обувь и кожаные изделия",43,GENERAL,50,59,54.1,7
2023,GENERAL,FULL,B070,,"Текстиль: одежда, обувь и кожаные изделия",45,GENERAL,50,65,55.7,49
2023,GENERAL,FULL,B070,,"Текстиль: одежда, обувь и кожаные изделия",53,GENERAL,50,94,59.1,75
2023,GENERAL,FULL,B070,,"Текстиль: одежда, обувь и кожаные изделия",154,GENERAL,56,65,60.5,2
2023,GENERAL,FULL,B070,,"Текстиль: одежда, обувь и кожаные изделия",182,GENERAL,50,55,52.5,2
2023,GENERAL,FULL,B071,,Горное дело и добыча полезных ископаемых,3,GENERAL,51,57,53.9,19
2023,GENERAL,FULL,B071,,Горное дело и добыча полезных ископаемых,5,GENERAL,50,75,57.9,136
2023,GENERAL,FULL,B071,,Горное дело и добыча полезных ископаемых,9,GENERAL,50,58,53.1,25
2023,GENERAL,FULL,B071,,Горное дело и добыча полезных ископаемых,12,GENERAL,50,81,62.1,66
2023,GENERAL,FULL,B071,,Горное дело и добыча полезных ископаемых,14,GENERAL,50,75,57.5,22
2023,GENERAL,FULL,B071,,Горное дело и добыча полезных ископаемых,29,GENERAL,65,130,80.1,124
2023,GENERAL,FULL,B071,,Горное дело и добыча полезных ископаемых,32,GENERAL,50,91,61.1,235
2023,GENERAL,FULL,B071,,Горное дело и добыча полезных ископаемых,33,GENERAL,50,64,54.6,20
2023,GENERAL,FULL,B071,,Горное дело и добыча полезных ископаемых,34,GENERAL,50,79,58.9,38
2023,GENERAL,FULL,B071,,Горное дело и добыча полезных ископаемых,35,GENERAL,51,93,65.3,25
2023,GENERAL,FULL,B071,,Горное дело и добыча полезных ископаемых,38,GENERAL,50,78,60.1,54
2023,GENERAL,FULL,B071,,Горное дело и добыча полезных ископаемых,43,GENERAL,50,97,60.6,28
2023,GENERAL,FULL,B071,,Горное дело и добыча полезных ископаемых,45,GENERAL,50,109,61.0,81
2023,GENERAL,FULL,B071,,Горное дело и добыча полезных ископаемых,79,GENERAL,50,94,62.4,29
2023,GENERAL,FULL,B071,,Горное дело и добыча полезных ископаемых,146,GENERAL,52,66,58.7,3
2023,GENERAL,FULL,B071,,Горное дело и добыча полезных ископаемых,147,GENERAL,50,61,54.3,7
2023,GENERAL,FULL,B071,,Горное дело и добыча полезных ископаемых,182,GENERAL,50,125,61.5,53
2023,GENERAL,FULL,B071,,Горное дело и добыча полезных ископаемых,416,GENERAL,50,50,50.0,2
2023,GENERAL,FULL,B071,,Горное дело и добыча полезных ископаемых,421,GENERAL,70,139,97.1,203
2023,GENERAL,FULL,B071,,Горное дело и добыча полезных ископаемых,501,GENERAL,50,61,53.8,27
2023,GENERAL,FULL,B072,,Технология фармацевтического производства,26,GENERAL,75,118,85.5,415
2023,GENERAL,FULL,B072,,Технология фармацевтического производства,27,GENERAL,80,119,91.4,53
2023,GENERAL,FULL,B072,,Технология фармацевтического производства,29,GENERAL,70,101,74.6,166
2023,GENERAL,FULL,B072,,Технология фармацевтического производства,30,GENERAL,70,112,78.1,131
2023,GENERAL,FULL,B072,,Технология фармацевтического производства,31,GENERAL,69,98,75.2,70
2023,GENERAL,FULL,B072,,Технология фармацевтического производства,33,GENERAL,70,94,78.6,17
2023,GENERAL,FULL,B072,,Технология фармацевтического производства,44,GENERAL,70,108,78.0,117
2023,GENERAL,FULL,B072,,Технология фармацевтического производства,45,GENERAL,70,100,77.6,42
2023,GENERAL,FULL,B073,,Архитектура,2,GENERAL,111,125,115.6,59
2023,GENERAL,FULL,B073,,Архитектура,12,GENERAL,112,120,115.3,15
2023,GENERAL,FULL,B073,,Архитектура,13,GENERAL,111,125,116.8,166
2023,GENERAL,FULL,B073,,Архитектура,19,GENERAL,112,120,115.5,13
2023,GENERAL,FULL,B073,,Архитектура,22,GENERAL,111,123,116.3,213
2023,GENERAL,FULL,B073,,Архитектура,29,GENERAL,111,123,117.0,45
2023,GENERAL,FULL,B073,,Архитектура,32,GENERAL,111,119,115.1,53
2023,GENERAL,FULL,B073,,Архитектура,38,GENERAL,111,121,115.4,27
2023,GENERAL,FULL,B073,,Архитектура,43,GENERAL,111,122,115.5,81
2023,GENERAL,FULL,B073,,Архитектура,45,GENERAL,111,122,115.3,379
2023,GENERAL,FULL,B073,,Архитектура,79,GENERAL,112,116,113.7,3
2023,GENERAL,FULL,B073,,Архитектура,198,GENERAL,111,120,114.5,28
2023,GENERAL,FULL,B074,,"Градостроительство, строительные работы и гражданское строительство",2,GENERAL,60,120,67.6,162
2023,GENERAL,FULL,B074,,"Градостроительство, строительные работы и гражданское строительство",5,GENERAL,52,75,62.2,68
2023,GENERAL,FULL,B074,,"Градостроительство, строительные работы и гражданское строительство",12,GENERAL,52,91,65.9,57
2023,GENERAL,FULL,B074,,"Градостроительство, строительные работы и гражданское строительство",13,GENERAL,75,135,91.9,433
2023,GENERAL,FULL,B074,,"Градостроительство, строительные работы и гражданское строительство",14,GENERAL,63,64,63.5,2
2023,GENERAL,FULL,B074,,"Градостроительство, строительные работы и гражданское строительство",19,GENERAL,52,102,60.8,206
2023,GENERAL,FULL,B074,,"Градостроительство, строительные работы и гражданское строительство",22,GENERAL,52,127,70.8,692
2023,GENERAL,FULL,B074,,"Градостроительство, строительные работы и гражданское строительство",27,GENERAL,77,136,93.5,76
2023,GENERAL,FULL,B074,,"Градостроительство, строительные работы и гражданское строительство",29,GENERAL,65,129,80.5,219
2023,GENERAL,FULL,B074,,"Градостроительство, строительные работы и гражданское строительство",32,GENERAL,52,91,65.6,130
2023,GENERAL,FULL,B074,,"Градостроительство, строительные работы и гражданское строительство",33,GENERAL,52,52,52.0,1
2023,GENERAL,FULL,B074,,"Градостроительство, строительные работы и гражданское строительство",34,GENERAL,52,78,65.4,69
2023,GENERAL,FULL,B074,,"Градостроительство, строительные работы и гражданское строительство",35,GENERAL,52,83,63.2,46
2023,GENERAL,FULL,B074,,"Градостроительство, строительные работы и гражданское строительство",38,GENERAL,52,95,68.1,49
2023,GENERAL,FULL,B074,,"Градостроительство, строительные работы и гражданское строительство",40,GENERAL,52,117,72.9,37
2023,GENERAL,FULL,B074,,"Градостроительство, строительные работы и гражданское строительство",42,GENERAL,52,65,57.7,41
2023,GENERAL,FULL,B074,,"Градостроительство, строительные работы и гражданское строительство",43,GENERAL,52,87,64.8,42
2023,GENERAL,FULL,B074,,"Градостроительство, строительные работы и гражданское строительство",45,GENERAL,52,112,66.0,183
2023,GENERAL,FULL,B074,,"Градостроительство, строительные работы и гражданское строительство",78,GENERAL,52,82,62.1,10
2023,GENERAL,FULL,B074,,"Градостроительство, строительные работы и гражданское строительство",79,GENERAL,53,65,60.0,10
2023,GENERAL,FULL,B074,,"Градостроительство, строительные работы и гражданское строительство",103,GENERAL,89,89,89.0,1
2023,GENERAL,FULL,B074,,"Градостроительство, строительные работы и гражданское строительство",147,GENERAL,53,79,64.7,3
2023,GENERAL,FULL,B074,,"Градостроительство, строительные работы и гражданское строительство",162,GENERAL,57,64,60.5,2
2023,GENERAL,FULL,B074,,"Градостроительство, строительные работы и гражданское строительство",198,GENERAL,53,93,66.5,6
2023,GENERAL,FULL,B074,,"Градостроительство, строительные работы и гражданское строительство",416,GENERAL,53,53,53.0,1
2023,GENERAL,FULL,B074,,"Градостроительство, строительные работы и гражданское строительство",501,GENERAL,52,114,66.9,83
2023,GENERAL,FULL,B075,,Кадастр и землеустройство,2,GENERAL,85,112,93.6,141
2023,GENERAL,FULL,B075,,Кадастр и землеустройство,2,RURAL,79,85,81.4,18
2023,GENERAL,FULL,B075,,Кадастр и землеустройство,3,GENERAL,86,108,95.3,6
2023,GENERAL,FULL,B075,,Кадастр и землеустройство,3,RURAL,80,82,81.0,3
2023,GENERAL,FULL,B075,,Кадастр и землеустройство,12,GENERAL,85,104,94.5,14
2023,GENERAL,FULL,B075,,Кадастр и землеустройство,12,RURAL,79,79,79.0,1
2023,GENERAL,FULL,B075,,Кадастр и землеустройство,19,GENERAL,85,108,92.7,63
2023,GENERAL,FULL,B075,,Кадастр и землеустройство,19,RURAL,79,84,82.1,14
2023,GENERAL,FULL,B075,,Кадастр и землеустройство,22,GENERAL,86,112,94.4,52
2023,GENERAL,FULL,B075,,Кадастр и землеустройство,22,RURAL,79,83,81.2,4
2023,GENERAL,FULL,B075,,Кадастр и землеустройство,24,GENERAL,85,97,89.5,22
2023,GENERAL,FULL,B075,,Кадастр и землеустройство,24,RURAL,78,84,80.5,10
2023,GENERAL,FULL,B075,,Кадастр и землеустройство,27,GENERAL,95,113,100.4,190
2023,GENERAL,FULL,B075,,Кадастр и землеустройство,29,GENERAL,85,111,92.8,215
2023,GENERAL,FULL,B075,,Кадастр и землеустройство,29,RURAL,78,85,81.0,40
2023,GENERAL,FULL,B075,,Кадастр и землеустройство,32,GENERAL,85,105,97.6,16
2023,GENERAL,FULL,B075,,Кадастр и землеустройство,32,RURAL,80,83,81.4,5
2023,GENERAL,FULL,B075,,Кадастр и землеустройство,34,GENERAL,85,97,92.1,8
2023,GENERAL,FULL,B075,,Кадастр и землеустройство,34,RURAL,81,84,82.3,3
2023,GENERAL,FULL,B075,,Кадастр и землеустройство,43,GENERAL,86,101,91.8,12
2023,GENERAL,FULL,B075,,Кадастр и землеустройство,43,RURAL,85,85,85.0,1
2023,GENERAL,FULL,B075,,Кадастр и землеустройство,45,GENERAL,85,103,93.0,53
2023,GENERAL,FULL,B075,,Кадастр и землеустройство,45,RURAL,78,85,81.0,6
2023,GENERAL,FULL,B075,,Кадастр и землеустройство,198,RURAL,79,79,79.0,1
2023,GENERAL,FULL,B075,,Кадастр и землеустройство,501,GENERAL,85,104,94.2,11
2023,GENERAL,FULL,B076,,"Стандартизация, сертификация и метрология (по отраслям)",2,GENERAL,67,85,71.6,31
2023,GENERAL,FULL,B076,,"Стандартизация, сертификация и метрология (по отраслям)",10,GENERAL,69,69,69.0,1
2023,GENERAL,FULL,B076,,"Стандартизация, сертификация и метрология (по отраслям)",13,GENERAL,70,129,82.4,82
2023,GENERAL,FULL,B076,,"Стандартизация, сертификация и метрология (по отраслям)",15,GENERAL,66,88,75.5,10
2023,GENERAL,FULL,B076,,"Стандартизация, сертификация и метрология (по отраслям)",24,GENERAL,68,103,76.0,7
2023,GENERAL,FULL,B076,,"Стандартизация, сертификация и метрология (по отраслям)",27,GENERAL,70,124,86.8,95
2023,GENERAL,FULL,B076,,"Стандартизация, сертификация и метрология (по отраслям)",29,GENERAL,66,105,77.3,39
2023,GENERAL,FULL,B076,,"Стандартизация, сертификация и метрология (по отраслям)",32,GENERAL,69,72,70.2,4
2023,GENERAL,FULL,B076,,"Стандартизация, сертификация и метрология (по отраслям)",38,GENERAL,67,91,77.4,8
2023,GENERAL,FULL,B076,,"Стандартизация, сертификация и метрология (по отраслям)",43,GENERAL,68,87,76.3,14
2023,GENERAL,FULL,B076,,"Стандартизация, сертификация и метрология (по отраслям)",45,GENERAL,67,95,75.4,20
2023,GENERAL,FULL,B076,,"Стандартизация, сертификация и метрология (по отраслям)",49,GENERAL,68,86,75.7,3
2023,GENERAL,FULL,B076,,"Стандартизация, сертификация и метрология (по отраслям)",53,GENERAL,66,95,73.3,27
2023,GENERAL,FULL,B076,,"Стандартизация, сертификация и метрология (по отраслям)",122,GENERAL,76,76,76.0,1
2023,GENERAL,FULL,B076,,"Стандартизация, сертификация и метрология (по отраслям)",182,GENERAL,67,74,69.7,3
2023,GENERAL,FULL,B076,,"Стандартизация, сертификация и метрология (по отраслям)",223,GENERAL,67,67,67.0,1
2023,GENERAL,FULL,B076,,"Стандартизация, сертификация и метрология (по отраслям)",501,GENERAL,70,72,70.7,3
2023,GENERAL,FULL,B077,,Растениеводство,2,GENERAL,50,61,55.1,38
2023,GENERAL,FULL,B077,,Растениеводство,15,GENERAL,50,75,63.1,19
2023,GENERAL,FULL,B077,,Растениеводство,34,GENERAL,50,61,54.1,11
2023,GENERAL,FULL,B077,,Растениеводство,35,GENERAL,50,69,55.5,15
2023,GENERAL,FULL,B077,,Растениеводство,36,GENERAL,54,67,58.5,13
2023,GENERAL,FULL,B077,,Растениеводство,40,GENERAL,50,101,63.4,18
2023,GENERAL,FULL,B077,,Растениеводство,42,GENERAL,51,73,60.3,16
2023,GENERAL,FULL,B077,,Растениеводство,43,GENERAL,50,106,66.1,14
2023,GENERAL,FULL,B077,,Растениеводство,45,GENERAL,51,75,60.3,24
2023,GENERAL,FULL,B077,,Растениеводство,49,GENERAL,50,63,55.4,19
2023,GENERAL,FULL,B077,,Растениеводство,140,GENERAL,50,69,59.5,2
2023,GENERAL,FULL,B078,,Животноводство,40,GENERAL,57,66,61.3,3
2023,GENERAL,FULL,B078,,Животноводство,42,GENERAL,50,72,60.5,17
2023,GENERAL,FULL,B078,,Животноводство,45,GENERAL,50,58,54.0,2
2023,GENERAL,FULL,B079,,Лесное хозяйство,2,GENERAL,69,70,69.5,16
2023,GENERAL,FULL,B079,,Лесное хозяйство,2,RURAL,65,67,66.5,26
2023,GENERAL,FULL,B079,,Лесное хозяйство,11,GENERAL,69,73,70.9,14
2023,GENERAL,FULL,B079,,Лесное хозяйство,11,RURAL,66,68,67.4,8
2023,GENERAL,FULL,B079,,Лесное хозяйство,12,GENERAL,70,84,72.2,8
2023,GENERAL,FULL,B079,,Лесное хозяйство,12,RURAL,65,68,66.2,5
2023,GENERAL,FULL,B079,,Лесное хозяйство,24,GENERAL,69,70,69.3,20
2023,GENERAL,FULL,B079,,Лесное хозяйство,24,RURAL,65,67,66.0,39
2023,GENERAL,FULL,B079,,Лесное хозяйство,38,GENERAL,69,86,72.4,22
2023,GENERAL,FULL,B079,,Лесное хозяйство,38,RURAL,65,69,67.4,8
2023,GENERAL,FULL,B079,,Лесное хозяйство,40,GENERAL,69,92,73.5,27
2023,GENERAL,FULL,B079,,Лесное хозяйство,40,RURAL,67,69,67.6,5
2023,GENERAL,FULL,B080,,Рыбное хозяйство,10,GENERAL,50,50,50.0,1
2023,GENERAL,FULL,B080,,Рыбное хозяйство,27,GENERAL,73,78,75.7,3
2023,GENERAL,FULL,B082,,Водные ресурсы и водопользование,12,GENERAL,51,72,61.9,7
2023,GENERAL,FULL,B082,,Водные ресурсы и водопользование,29,GENERAL,65,81,70.8,6
2023,GENERAL,FULL,B082,,Водные ресурсы и водопользование,34,GENERAL,52,64,56.7,9
2023,GENERAL,FULL,B082,,Водные ресурсы и водопользование,45,GENERAL,50,60,54.8,17
2023,GENERAL,FULL,B083,,Ветеринария,2,GENERAL,50,51,50.9,7
2023,GENERAL,FULL,B083,,Ветеринария,24,GENERAL,60,123,70.9,194
2023,GENERAL,FULL,B083,,Ветеринария,36,GENERAL,50,94,63.6,61
2023,GENERAL,FULL,B083,,Ветеринария,42,GENERAL,50,57,54.6,7
2023,GENERAL,FULL,B083,,Ветеринария,45,GENERAL,50,93,61.6,60
2023,GENERAL,FULL,B083,,Ветеринария,146,GENERAL,73,82,77.5,2
2023,GENERAL,FULL,B083,,Ветеринария,416,GENERAL,52,66,59.8,5
2023,GENERAL,FULL,B090,,Социальная работа,13,GENERAL,80,95,86.3,36
2023,GENERAL,FULL,B090,,Социальная работа,21,GENERAL,74,96,82.8,46
2023,GENERAL,FULL,B090,,Социальная работа,21,RURAL,72,74,73.1,19
2023,GENERAL,FULL,B090,,Социальная работа,25,GENERAL,74,95,78.9,61
2023,GENERAL,FULL,B090,,Социальная работа,25,RURAL,72,74,73.2,60
2023,GENERAL,FULL,B090,,Социальная работа,27,GENERAL,80,103,86.6,24
2023,GENERAL,FULL,B090,,Социальная работа,31,GENERAL,74,104,81.2,16
2023,GENERAL,FULL,B090,,Социальная работа,31,RURAL,72,74,73.1,10
2023,GENERAL,FULL,B090,,Социальная работа,34,GENERAL,74,87,76.7,13
2023,GENERAL,FULL,B090,,Социальная работа,34,RURAL,72,74,73.3,11
2023,GENERAL,FULL,B090,,Социальная работа,38,GENERAL,74,90,80.8,5
2023,GENERAL,FULL,B090,,Социальная работа,38,RURAL,73,74,73.2,5
2023,GENERAL,FULL,B090,,Социальная работа,45,GENERAL,74,85,78.9,19
2023,GENERAL,FULL,B090,,Социальная работа,45,RURAL,72,74,73.2,12
2023,GENERAL,FULL,B090,,Социальная работа,158,GENERAL,78,80,79.0,2
2023,GENERAL,FULL,B090,,Социальная работа,158,RURAL,72,73,72.5,2
2023,GENERAL,FULL,B090,,Социальная работа,173,GENERAL,74,84,77.8,5
2023,GENERAL,FULL,B090,,Социальная работа,173,RURAL,72,73,72.2,4
2023,GENERAL,FULL,B091,,Туризм,13,GENERAL,104,125,112.6,25
2023,GENERAL,FULL,B091,,Туризм,15,GENERAL,121,121,121.0,1
2023,GENERAL,FULL,B091,,Туризм,20,GENERAL,107,107,107.0,1
2023,GENERAL,FULL,B091,,Туризм,21,GENERAL,104,129,111.2,81
2023,GENERAL,FULL,B091,,Туризм,23,GENERAL,107,119,112.2,4
2023,GENERAL,FULL,B091,,Туризм,25,GENERAL,108,114,110.7,3
2023,GENERAL,FULL,B091,,Туризм,27,GENERAL,104,125,112.4,31
2023,GENERAL,FULL,B091,,Туризм,31,GENERAL,106,106,106.0,1
2023,GENERAL,FULL,B091,,Туризм,37,GENERAL,108,108,108.0,1
2023,GENERAL,FULL,B091,,Туризм,38,GENERAL,108,108,108.0,2
2023,GENERAL,FULL,B091,,Туризм,43,GENERAL,108,108,108.0,1
2023,GENERAL,FULL,B091,,Туризм,45,GENERAL,107,107,107.0,1
2023,GENERAL,FULL,B091,,Туризм,49,GENERAL,118,118,118.0,1
2023,GENERAL,FULL,B091,,Туризм,53,GENERAL,114,114,114.0,1
2023,GENERAL,FULL,B091,,Туризм,69,GENERAL,104,127,113.5,11
2023,GENERAL,FULL,B091,,Туризм,83,GENERAL,106,130,116.2,20
2023,GENERAL,FULL,B091,,Туризм,93,GENERAL,105,105,105.0,1
2023,GENERAL,FULL,B091,,Туризм,160,GENERAL,117,117,117.0,1
2023,GENERAL,FULL,B091,,Туризм,173,GENERAL,114,114,114.0,1
2023,GENERAL,FULL,B091,,Туризм,174,GENERAL,104,138,113.2,154
2023,GENERAL,FULL,B092,,Досуг,5,GENERAL,116,118,116.3,6
2023,GENERAL,FULL,B092,,Досуг,5,RURAL,114,115,114.5,4
2023,GENERAL,FULL,B092,,Досуг,16,GENERAL,116,118,116.3,9
2023,GENERAL,FULL,B092,,Досуг,16,RURAL,114,115,114.5,4
2023,GENERAL,FULL,B092,,Досуг,25,GENERAL,115,122,117.0,31
2023,GENERAL,FULL,B092,,Досуг,25,RURAL,113,115,113.9,14
2023,GENERAL,FULL,B092,,Досуг,31,GENERAL,116,120,117.5,4
2023,GENERAL,FULL,B092,,Досуг,36,GENERAL,115,120,117.4,7
2023,GENERAL,FULL,B092,,Досуг,36,RURAL,114,114,114.0,1
2023,GENERAL,FULL,B092,,Досуг,40,GENERAL,116,119,118.0,3
2023,GENERAL,FULL,B092,,Досуг,40,RURAL,113,114,113.5,2
2023,GENERAL,FULL,B092,,Досуг,43,GENERAL,115,118,116.8,16
2023,GENERAL,FULL,B092,,Досуг,43,RURAL,114,115,114.4,8
2023,GENERAL,FULL,B092,,Досуг,45,GENERAL,115,123,117.3,39
2023,GENERAL,FULL,B092,,Досуг,45,RURAL,113,115,114.3,30
2023,GENERAL,FULL,B092,,Досуг,158,GENERAL,115,116,115.5,2
2023,GENERAL,FULL,B093,,Ресторанное дело и гостиничный бизнес,3,GENERAL,123,123,123.0,1
2023,GENERAL,FULL,B093,,Ресторанное дело и гостиничный бизнес,3,RURAL,88,88,88.0,1
2023,GENERAL,FULL,B093,,Ресторанное дело и гостиничный бизнес,13,GENERAL,101,119,105.2,35
2023,GENERAL,FULL,B093,,Ресторанное дело и гостиничный бизнес,13,RURAL,87,99,92.8,25
2023,GENERAL,FULL,B093,,Ресторанное дело и гостиничный бизнес,20,GENERAL,102,102,102.0,1
2023,GENERAL,FULL,B093,,Ресторанное дело и гостиничный бизнес,20,RURAL,87,87,87.0,1
2023,GENERAL,FULL,B093,,Ресторанное дело и гостиничный бизнес,21,GENERAL,101,127,107.6,68
2023,GENERAL,FULL,B093,,Ресторанное дело и гостиничный бизнес,21,RURAL,87,100,93.3,35
2023,GENERAL,FULL,B093,,Ресторанное дело и гостиничный бизнес,23,GENERAL,103,103,103.0,1
2023,GENERAL,FULL,B093,,Ресторанное дело и гостиничный бизнес,23,RURAL,87,91,89.0,2
2023,GENERAL,FULL,B093,,Ресторанное дело и гостиничный бизнес,27,GENERAL,101,132,108.4,16
2023,GENERAL,FULL,B093,,Ресторанное дело и гостиничный бизнес,27,RURAL,89,100,94.4,15
2023,GENERAL,FULL,B093,,Ресторанное дело и гостиничный бизнес,31,GENERAL,102,112,107.8,4
2023,GENERAL,FULL,B093,,Ресторанное дело и гостиничный бизнес,31,RURAL,89,98,94.7,3
2023,GENERAL,FULL,B093,,Ресторанное дело и гостиничный бизнес,36,RURAL,93,94,93.5,2
2023,GENERAL,FULL,B093,,Ресторанное дело и гостиничный бизнес,37,GENERAL,101,103,102.0,4
2023,GENERAL,FULL,B093,,Ресторанное дело и гостиничный бизнес,37,RURAL,92,95,93.5,2
2023,GENERAL,FULL,B093,,Ресторанное дело и гостиничный бизнес,38,RURAL,91,95,93.0,2
2023,GENERAL,FULL,B093,,Ресторанное дело и гостиничный бизнес,45,GENERAL,103,103,103.0,1
2023,GENERAL,FULL,B093,,Ресторанное дело и гостиничный бизнес,45,RURAL,93,93,93.0,1
2023,GENERAL,FULL,B093,,Ресторанное дело и гостиничный бизнес,53,GENERAL,101,111,104.0,4
2023,GENERAL,FULL,B093,,Ресторанное дело и гостиничный бизнес,53,RURAL,87,99,94.2,4
2023,GENERAL,FULL,B093,,Ресторанное дело и гостиничный бизнес,69,GENERAL,101,118,107.5,16
2023,GENERAL,FULL,B093,,Ресторанное дело и гостиничный бизнес,69,RURAL,90,100,96.0,5
2023,GENERAL,FULL,B093,,Ресторанное дело и гостиничный бизнес,83,GENERAL,101,136,110.3,36
2023,GENERAL,FULL,B093,,Ресторанное дело и гостиничный бизнес,83,RURAL,87,100,93.1,7
2023,GENERAL,FULL,B093,,Ресторанное дело и гостиничный бизнес,93,GENERAL,103,105,104.0,6
2023,GENERAL,FULL,B093,,Ресторанное дело и гостиничный бизнес,93,RURAL,98,98,98.0,1
2023,GENERAL,FULL,B093,,Ресторанное дело и гостиничный бизнес,122,GENERAL,101,101,101.0,1
2023,GENERAL,FULL,B093,,Ресторанное дело и гостиничный бизнес,153,GENERAL,102,102,102.0,2
2023,GENERAL,FULL,B093,,Ресторанное дело и гостиничный бизнес,160,GENERAL,101,101,101.0,1
2023,GENERAL,FULL,B093,,Ресторанное дело и гостиничный бизнес,160,RURAL,98,98,98.0,1
2023,GENERAL,FULL,B093,,Ресторанное дело и гостиничный бизнес,182,GENERAL,102,102,102.0,2
2023,GENERAL,FULL,B093,,Ресторанное дело и гостиничный бизнес,182,RURAL,88,88,88.0,1
2023,GENERAL,FULL,B093,,Ресторанное дело и гостиничный бизнес,184,GENERAL,102,103,102.5,2
2023,GENERAL,FULL,B093,,Ресторанное дело и гостиничный бизнес,184,RURAL,94,94,94.0,1
2023,GENERAL,FULL,B094,,Санитарно-профилактические мероприятия,3,GENERAL,67,76,71.4,5
2023,GENERAL,FULL,B094,,Санитарно-профилактические мероприятия,3,RURAL,60,61,60.2,5
2023,GENERAL,FULL,B094,,Санитарно-профилактические мероприятия,11,GENERAL,67,108,76.4,9
2023,GENERAL,FULL,B094,,Санитарно-профилактические мероприятия,11,RURAL,59,66,63.3,7
2023,GENERAL,FULL,B094,,Санитарно-профилактические мероприятия,12,GENERAL,67,91,76.2,18
2023,GENERAL,FULL,B094,,Санитарно-профилактические мероприятия,12,RURAL,60,64,62.5,6
2023,GENERAL,FULL,B094,,Санитарно-профилактические мероприятия,14,GENERAL,68,68,68.0,1
2023,GENERAL,FULL,B094,,Санитарно-профилактические мероприятия,15,GENERAL,67,93,78.1,14
2023,GENERAL,FULL,B094,,Санитарно-профилактические мероприятия,15,RURAL,60,66,62.0,4
2023,GENERAL,FULL,B094,,Санитарно-профилактические мероприятия,24,GENERAL,72,80,76.3,3
2023,GENERAL,FULL,B094,,Санитарно-профилактические мероприятия,24,RURAL,65,66,65.3,3
2023,GENERAL,FULL,B094,,Санитарно-профилактические мероприятия,27,GENERAL,71,104,84.0,23
2023,GENERAL,FULL,B094,,Санитарно-профилактические мероприятия,29,GENERAL,67,107,77.2,24
2023,GENERAL,FULL,B094,,Санитарно-профилактические мероприятия,29,RURAL,65,67,66.0,4
2023,GENERAL,FULL,B094,,Санитарно-профилактические мероприятия,31,GENERAL,67,115,77.4,12
2023,GENERAL,FULL,B094,,Санитарно-профилактические мероприятия,31,RURAL,64,67,65.2,5
2023,GENERAL,FULL,B094,,Санитарно-профилактические мероприятия,32,GENERAL,67,91,73.2,8
2023,GENERAL,FULL,B094,,Санитарно-профилактические мероприятия,32,RURAL,65,66,65.5,2
2023,GENERAL,FULL,B094,,Санитарно-профилактические мероприятия,33,RURAL,62,64,63.0,2
2023,GENERAL,FULL,B094,,Санитарно-профилактические мероприятия,34,GENERAL,67,96,81.5,12
2023,GENERAL,FULL,B094,,Санитарно-профилактические мероприятия,34,RURAL,59,67,63.8,10
2023,GENERAL,FULL,B094,,Санитарно-профилактические мероприятия,35,GENERAL,68,74,71.5,4
2023,GENERAL,FULL,B094,,Санитарно-профилактические мероприятия,35,RURAL,61,67,64.6,5
2023,GENERAL,FULL,B094,,Санитарно-профилактические мероприятия,38,GENERAL,70,78,73.2,4
2023,GENERAL,FULL,B094,,Санитарно-профилактические мероприятия,38,RURAL,61,65,63.0,7
2023,GENERAL,FULL,B094,,Санитарно-профилактические мероприятия,42,GENERAL,70,94,77.5,6
2023,GENERAL,FULL,B094,,Санитарно-профилактические мероприятия,42,RURAL,62,64,62.8,4
2023,GENERAL,FULL,B094,,Санитарно-профилактические мероприятия,43,GENERAL,75,75,75.0,1
2023,GENERAL,FULL,B094,,Санитарно-профилактические мероприятия,43,RURAL,61,66,63.2,4
2023,GENERAL,FULL,B094,,Санитарно-профилактические мероприятия,45,GENERAL,67,85,71.6,15
2023,GENERAL,FULL,B094,,Санитарно-профилактические мероприятия,45,RURAL,60,66,62.4,18
2023,GENERAL,FULL,B094,,Санитарно-профилактические мероприятия,57,GENERAL,70,81,73.5,6
2023,GENERAL,FULL,B094,,Санитарно-профилактические мероприятия,57,RURAL,60,64,62.1,12
2023,GENERAL,FULL,B094,,Санитарно-профилактические мероприятия,79,RURAL,63,63,63.0,1
2023,GENERAL,FULL,B094,,Санитарно-профилактические мероприятия,146,GENERAL,67,80,73.5,2
2023,GENERAL,FULL,B094,,Санитарно-профилактические мероприятия,158,GENERAL,69,70,69.5,2
2023,GENERAL,FULL,B094,,Санитарно-профилактические мероприятия,182,GENERAL,78,101,90.3,7
2023,GENERAL,FULL,B094,,Санитарно-профилактические мероприятия,182,RURAL,64,64,64.0,1
2023,GENERAL,FULL,B094,,Санитарно-профилактические мероприятия,198,GENERAL,71,71,71.0,1
2023,GENERAL,FULL,B094,,Санитарно-профилактические мероприятия,198,RURAL,67,67,67.0,1
2023,GENERAL,FULL,B094,,Санитарно-профилактические мероприятия,501,GENERAL,67,95,75.0,18
2023,GENERAL,FULL,B094,,Санитарно-профилактические мероприятия,501,RURAL,60,64,62.0,4
2023,GENERAL,FULL,B095,,Транспортные услуги,2,GENERAL,108,112,110.3,3
2023,GENERAL,FULL,B095,,Транспортные услуги,5,GENERAL,112,112,112.0,1
2023,GENERAL,FULL,B095,,Транспортные услуги,5,RURAL,105,105,105.0,1
2023,GENERAL,FULL,B095,,Транспортные услуги,9,GENERAL,110,110,110.0,1
2023,GENERAL,FULL,B095,,Транспортные услуги,12,GENERAL,110,112,111.0,2
2023,GENERAL,FULL,B095,,Транспортные услуги,13,GENERAL,108,130,111.8,40
2023,GENERAL,FULL,B095,,Транспортные услуги,13,RURAL,100,107,103.1,23
2023,GENERAL,FULL,B095,,Транспортные услуги,19,GENERAL,108,121,112.2,8
2023,GENERAL,FULL,B095,,Транспортные услуги,19,RURAL,101,104,102.2,8
2023,GENERAL,FULL,B095,,Транспортные услуги,24,GENERAL,110,110,110.0,1
2023,GENERAL,FULL,B095,,Транспортные услуги,27,GENERAL,108,127,112.3,51
2023,GENERAL,FULL,B095,,Транспортные услуги,27,RURAL,99,107,102.4,42
2023,GENERAL,FULL,B095,,Транспортные услуги,29,GENERAL,108,113,110.2,8
2023,GENERAL,FULL,B095,,Транспортные услуги,29,RURAL,102,105,104.0,3
2023,GENERAL,FULL,B095,,Транспортные услуги,31,GENERAL,109,113,110.3,3
2023,GENERAL,FULL,B095,,Транспортные услуги,31,RURAL,104,104,104.0,1
2023,GENERAL,FULL,B095,,Транспортные услуги,32,GENERAL,109,110,109.5,2
2023,GENERAL,FULL,B095,,Транспортные услуги,42,RURAL,106,106,106.0,1
2023,GENERAL,FULL,B095,,Транспортные услуги,43,GENERAL,110,112,111.0,2
2023,GENERAL,FULL,B095,,Транспортные услуги,45,RURAL,103,103,103.0,1
2023,GENERAL,FULL,B095,,Транспортные услуги,69,GENERAL,108,124,112.1,21
2023,GENERAL,FULL,B095,,Транспортные услуги,69,RURAL,101,106,103.7,3
2023,GENERAL,FULL,B095,,Транспортные услуги,82,GENERAL,108,118,111.8,6
2023,GENERAL,FULL,B095,,Транспортные услуги,83,GENERAL,108,119,111.0,22
2023,GENERAL,FULL,B095,,Транспортные услуги,83,RURAL,99,106,102.5,6
2023,GENERAL,FULL,B095,,Транспортные услуги,93,RURAL,100,102,101.0,2
2023,GENERAL,FULL,B095,,Транспортные услуги,140,RURAL,102,102,102.0,1
2023,GENERAL,FULL,B095,,Транспортные услуги,157,GENERAL,111,131,122.3,3
2023,GENERAL,FULL,B095,,Транспортные услуги,157,RURAL,104,104,104.0,1
2023,GENERAL,FULL,B095,,Транспортные услуги,160,RURAL,103,103,103.0,1
2023,GENERAL,FULL,B134,,Археология и этнология,13,GENERAL,93,124,99.1,13
2023,GENERAL,FULL,B134,,Археология и этнология,27,GENERAL,93,100,95.1,17
2023,GENERAL,FULL,B134,,Археология и этнология,31,GENERAL,93,101,95.7,3
2023,GENERAL,FULL,B134,,Археология и этнология,34,GENERAL,93,93,93.0,1
2023,GENERAL,FULL,B134,,Археология и этнология,45,GENERAL,93,93,93.0,1
2023,GENERAL,FULL,B135,,Востоковедение,13,GENERAL,116,129,118.7,28
2023,GENERAL,FULL,B135,,Востоковедение,23,GENERAL,117,118,117.5,4
2023,GENERAL,FULL,B135,,Востоковедение,27,GENERAL,116,133,118.4,28
2023,GENERAL,FULL,B140,,Международные отношения и дипломатия,7,GENERAL,129,129,129.0,1
2023,GENERAL,FULL,B140,,Международные отношения и дипломатия,13,GENERAL,127,128,127.3,3
2023,GENERAL,FULL,B140,,Международные отношения и дипломатия,21,GENERAL,127,133,129.5,4
2023,GENERAL,FULL,B140,,Международные отношения и дипломатия,27,GENERAL,127,135,129.6,13
2023,GENERAL,FULL,B140,,Международные отношения и дипломатия,31,GENERAL,132,132,132.0,1
2023,GENERAL,FULL,B140,,Международные отношения и дипломатия,83,GENERAL,137,137,137.0,1
2023,GENERAL,FULL,B140,,Международные отношения и дипломатия,174,GENERAL,126,137,130.3,42
2023,GENERAL,FULL,B140,,Международные отношения и дипломатия,302,GENERAL,127,135,130.1,15
2023,GENERAL,FULL,B145,,Государственный аудит,13,GENERAL,113,127,119.3,6
2023,GENERAL,FULL,B145,,Государственный аудит,13,RURAL,102,104,103.2,4
2023,GENERAL,FULL,B165,,Магистральные сети и инфраструктура,19,GENERAL,50,94,56.6,48
2023,GENERAL,FULL,B165,,Магистральные сети и инфраструктура,29,GENERAL,65,102,88.8,5
2023,GENERAL,FULL,B166,,Транспортные сооружения,12,GENERAL,52,68,59.6,8
2023,GENERAL,FULL,B166,,Транспортные сооружения,19,GENERAL,50,64,55.5,20
2023,GENERAL,FULL,B166,,Транспортные сооружения,29,GENERAL,74,86,78.3,3
2023,GENERAL,FULL,B167,,Летная эксплуатация летательных аппаратов и двигателей,157,GENERAL,90,131,103.2,151
2023,GENERAL,FULL,B175,,Водоснабжение и водоотведение,43,GENERAL,50,67,55.4,8
2023,GENERAL,FULL,B176,,Гидротехническое строительство и управление водными ресурсами,43,GENERAL,54,76,60.1,8
2023,GENERAL,FULL,B183,,Агроинженерия,2,GENERAL,50,50,50.0,2
2023,GENERAL,FULL,B183,,Агроинженерия,35,GENERAL,51,53,52.0,3
2023,GENERAL,FULL,B183,,Агроинженерия,36,GENERAL,52,79,58.9,16
2023,GENERAL,FULL,B183,,Агроинженерия,45,GENERAL,52,69,59.5,10
2023,GENERAL,FULL,B183,,Агроинженерия,57,GENERAL,51,85,59.7,22
2023,GENERAL,SHORT,B001,,Педагогика и психология,3,GENERAL,35,35,35.0,1
2023,GENERAL,SHORT,B001,,Педагогика и психология,7,GENERAL,35,41,37.2,6
2023,GENERAL,SHORT,B001,,Педагогика и психология,8,GENERAL,35,35,35.0,1
2023,GENERAL,SHORT,B001,,Педагогика и психология,11,GENERAL,35,49,42.0,2
2023,GENERAL,SHORT,B001,,Педагогика и психология,15,GENERAL,35,36,35.2,4
2023,GENERAL,SHORT,B001,,Педагогика и психология,16,GENERAL,35,41,38.7,3
2023,GENERAL,SHORT,B001,,Педагогика и психология,25,GENERAL,35,46,39.4,11
2023,GENERAL,SHORT,B001,,Педагогика и психология,31,GENERAL,37,41,39.3,3
2023,GENERAL,SHORT,B001,,Педагогика и психология,34,GENERAL,35,35,35.0,5
2023,GENERAL,SHORT,B001,,Педагогика и психология,36,GENERAL,37,37,37.0,1
2023,GENERAL,SHORT,B001,,Педагогика и психология,40,GENERAL,41,41,41.0,1
2023,GENERAL,SHORT,B001,,Педагогика и психология,43,GENERAL,35,35,35.0,2
2023,GENERAL,SHORT,B001,,Педагогика и психология,45,GENERAL,36,36,36.0,1
2023,GENERAL,SHORT,B001,,Педагогика и психология,47,GENERAL,35,35,35.0,2
2023,GENERAL,SHORT,B001,,Педагогика и психология,196,GENERAL,35,35,35.0,1
2023,GENERAL,SHORT,B001,,Педагогика и психология,517,GENERAL,35,43,39.7,9
2023,GENERAL,SHORT,B002,,Дошкольное обучение и воспитание,7,GENERAL,36,43,38.2,5
2023,GENERAL,SHORT,B002,,Дошкольное обучение и воспитание,15,GENERAL,35,37,36.0,2
2023,GENERAL,SHORT,B002,,Дошкольное обучение и воспитание,16,GENERAL,36,36,36.0,1
2023,GENERAL,SHORT,B002,,Дошкольное обучение и воспитание,25,GENERAL,35,39,37.0,4
2023,GENERAL,SHORT,B002,,Дошкольное обучение и воспитание,31,GENERAL,40,40,40.0,1
2023,GENERAL,SHORT,B002,,Дошкольное обучение и воспитание,34,GENERAL,36,48,40.3,7
2023,GENERAL,SHORT,B002,,Дошкольное обучение и воспитание,35,GENERAL,37,37,37.0,1
2023,GENERAL,SHORT,B002,,Дошкольное обучение и воспитание,36,GENERAL,37,45,39.8,9
2023,GENERAL,SHORT,B002,,Дошкольное обучение и воспитание,40,GENERAL,39,45,41.3,3
2023,GENERAL,SHORT,B002,,Дошкольное обучение и воспитание,185,GENERAL,35,38,36.5,2
2023,GENERAL,SHORT,B002,,Дошкольное обучение и воспитание,517,GENERAL,35,45,39.2,8
2023,GENERAL,SHORT,B003,,Педагогика и методика начального обучения,3,GENERAL,36,42,39.3,3
2023,GENERAL,SHORT,B003,,Педагогика и методика начального обучения,7,GENERAL,36,45,39.0,27
2023,GENERAL,SHORT,B003,,Педагогика и методика начального обучения,11,GENERAL,37,41,38.8,4
2023,GENERAL,SHORT,B003,,Педагогика и методика начального обучения,14,GENERAL,40,40,40.0,1
2023,GENERAL,SHORT,B003,,Педагогика и методика начального обучения,15,GENERAL,36,45,38.7,6
2023,GENERAL,SHORT,B003,,Педагогика и методика начального обучения,16,GENERAL,36,49,40.9,12
2023,GENERAL,SHORT,B003,,Педагогика и методика начального обучения,25,GENERAL,36,52,40.5,49
2023,GENERAL,SHORT,B003,,Педагогика и методика начального обучения,31,GENERAL,36,46,39.8,5
2023,GENERAL,SHORT,B003,,Педагогика и методика начального обучения,34,GENERAL,36,49,42.2,29
2023,GENERAL,SHORT,B003,,Педагогика и методика начального обучения,35,GENERAL,36,40,38.0,2
2023,GENERAL,SHORT,B003,,Педагогика и методика начального обучения,36,GENERAL,36,45,39.7,11
2023,GENERAL,SHORT,B003,,Педагогика и методика начального обучения,40,GENERAL,36,44,40.0,2
2023,GENERAL,SHORT,B003,,Педагогика и методика начального обучения,42,GENERAL,38,38,38.0,1
2023,GENERAL,SHORT,B003,,Педагогика и методика начального обучения,43,GENERAL,42,42,42.0,2
2023,GENERAL,SHORT,B003,,Педагогика и методика начального обучения,45,GENERAL,36,43,39.5,2
2023,GENERAL,SHORT,B003,,Педагогика и методика начального обучения,47,GENERAL,37,42,39.2,4
2023,GENERAL,SHORT,B003,,Педагогика и методика начального обучения,141,GENERAL,47,47,47.0,1
2023,GENERAL,SHORT,B003,,Педагогика и методика начального обучения,185,GENERAL,37,44,39.6,7
2023,GENERAL,SHORT,B003,,Педагогика и методика начального обучения,196,GENERAL,39,39,39.0,1
2023,GENERAL,SHORT,B003,,Педагогика и методика начального обучения,302,GENERAL,36,41,38.5,2
2023,GENERAL,SHORT,B003,,Педагогика и методика начального обучения,517,GENERAL,36,44,38.8,16
2023,GENERAL,SHORT,B005,,Подготовка учителей физической культуры,5,GENERAL,51,51,51.0,1
2023,GENERAL,SHORT,B005,,Подготовка учителей физической культуры,7,GENERAL,48,51,48.8,4
2023,GENERAL,SHORT,B005,,Подготовка учителей физической культуры,11,GENERAL,47,47,47.0,2
2023,GENERAL,SHORT,B005,,Подготовка учителей физической культуры,14,GENERAL,48,48,48.0,1
2023,GENERAL,SHORT,B005,,Подготовка учителей физической культуры,20,GENERAL,47,51,48.9,8
2023,GENERAL,SHORT,B005,,Подготовка учителей физической культуры,31,GENERAL,47,53,49.7,9
2023,GENERAL,SHORT,B005,,Подготовка учителей физической культуры,34,GENERAL,48,54,50.0,4
2023,GENERAL,SHORT,B005,,Подготовка учителей физической культуры,35,GENERAL,48,48,48.0,1
2023,GENERAL,SHORT,B005,,Подготовка учителей физической культуры,36,GENERAL,48,52,50.0,2
2023,GENERAL,SHORT,B005,,Подготовка учителей физической культуры,40,GENERAL,49,49,49.0,1
2023,GENERAL,SHORT,B005,,Подготовка учителей физической культуры,153,GENERAL,47,50,48.7,3
2023,GENERAL,SHORT,B005,,Подготовка учителей физической культуры,501,GENERAL,47,47,47.0,1
2023,GENERAL,SHORT,B005,,Подготовка учителей физической культуры,527,GENERAL,48,51,49.0,3
2023,GENERAL,SHORT,B006,,Подготовка учителей музыки,5,GENERAL,43,50,46.5,2
2023,GENERAL,SHORT,B006,,Подготовка учителей музыки,7,GENERAL,38,52,44.7,7
2023,GENERAL,SHORT,B006,,Подготовка учителей музыки,25,GENERAL,40,58,46.3,13
2023,GENERAL,SHORT,B006,,Подготовка учителей музыки,34,GENERAL,36,49,42.1,8
2023,GENERAL,SHORT,B006,,Подготовка учителей музыки,40,GENERAL,37,54,43.4,14
2023,GENERAL,SHORT,B006,,Подготовка учителей музыки,45,GENERAL,41,41,41.0,1
2023,GENERAL,SHORT,B006,,Подготовка учителей музыки,143,GENERAL,41,41,41.0,1
2023,GENERAL,SHORT,B006,,Подготовка учителей музыки,196,GENERAL,36,49,42.5,2
2023,GENERAL,SHORT,B009,,Подготовка учителей математики,3,GENERAL,38,39,38.5,2
2023,GENERAL,SHORT,B009,,Подготовка учителей математики,11,GENERAL,39,44,41.5,2
2023,GENERAL,SHORT,B009,,Подготовка учителей математики,15,GENERAL,36,36,36.0,1
2023,GENERAL,SHORT,B009,,Подготовка учителей математики,16,GENERAL,35,43,39.5,6
2023,GENERAL,SHORT,B009,,Подготовка учителей математики,25,GENERAL,36,43,38.8,9
2023,GENERAL,SHORT,B009,,Подготовка учителей математики,31,GENERAL,35,35,35.0,1
2023,GENERAL,SHORT,B009,,Подготовка учителей математики,34,GENERAL,39,46,42.0,4
2023,GENERAL,SHORT,B009,,Подготовка учителей математики,43,GENERAL,38,46,40.9,9
2023,GENERAL,SHORT,B009,,Подготовка учителей математики,45,GENERAL,37,44,41.0,3
2023,GENERAL,SHORT,B010,,Подготовка учителей физики,3,GENERAL,36,45,40.0,3
2023,GENERAL,SHORT,B010,,Подготовка учителей физики,16,GENERAL,35,38,37.0,4
2023,GENERAL,SHORT,B010,,Подготовка учителей физики,31,GENERAL,45,45,45.0,1
2023,GENERAL,SHORT,B010,,Подготовка учителей физики,34,GENERAL,35,53,41.4,13
2023,GENERAL,SHORT,B010,,Подготовка учителей физики,43,GENERAL,35,52,40.9,9
2023,GENERAL,SHORT,B011,,Подготовка учителей информатики,25,GENERAL,35,44,38.2,4
2023,GENERAL,SHORT,B011,,Подготовка учителей информатики,35,GENERAL,35,39,37.0,2
2023,GENERAL,SHORT,B011,,Подготовка учителей информатики,43,GENERAL,39,42,40.0,3
2023,GENERAL,SHORT,B011,,Подготовка учителей информатики,185,GENERAL,36,41,38.5,4
2023,GENERAL,SHORT,B011,,Подготовка учителей информатики,196,GENERAL,37,37,37.0,1
2023,GENERAL,SHORT,B013,,Подготовка учителей биологии,7,GENERAL,41,41,41.0,1
2023,GENERAL,SHORT,B013,,Подготовка учителей биологии,16,GENERAL,43,43,43.0,1
2023,GENERAL,SHORT,B013,,Подготовка учителей биологии,31,GENERAL,37,37,37.0,1
2023,GENERAL,SHORT,B016,,Подготовка учителей казахского языка и литературы,3,GENERAL,35,35,35.0,1
2023,GENERAL,SHORT,B016,,Подготовка учителей казахского языка и литературы,5,GENERAL,36,50,43.0,10
2023,GENERAL,SHORT,B016,,Подготовка учителей казахского языка и литературы,7,GENERAL,35,54,42.1,17
2023,GENERAL,SHORT,B016,,Подготовка учителей казахского языка и литературы,11,GENERAL,43,49,46.0,2
2023,GENERAL,SHORT,B016,,Подготовка учителей казахского языка и литературы,16,GENERAL,37,41,39.0,2
2023,GENERAL,SHORT,B016,,Подготовка учителей казахского языка и литературы,25,GENERAL,35,53,42.7,16
2023,GENERAL,SHORT,B016,,Подготовка учителей казахского языка и литературы,31,GENERAL,44,44,44.0,2
2023,GENERAL,SHORT,B016,,Подготовка учителей казахского языка и литературы,34,GENERAL,36,55,43.0,17
2023,GENERAL,SHORT,B016,,Подготовка учителей казахского языка и литературы,35,GENERAL,35,53,42.7,7
2023,GENERAL,SHORT,B016,,Подготовка учителей казахского языка и литературы,36,GENERAL,44,50,47.8,4
2023,GENERAL,SHORT,B016,,Подготовка учителей казахского языка и литературы,40,GENERAL,39,49,43.3,3
2023,GENERAL,SHORT,B016,,Подготовка учителей казахского языка и литературы,47,GENERAL,52,52,52.0,1
2023,GENERAL,SHORT,B016,,Подготовка учителей казахского языка и литературы,517,GENERAL,35,54,42.3,14
2023,GENERAL,SHORT,B017,,Подготовка учителей русского языка и литературы,7,GENERAL,36,47,39.8,4
2023,GENERAL,SHORT,B017,,Подготовка учителей русского языка и литературы,11,GENERAL,40,49,42.8,4
2023,GENERAL,SHORT,B017,,Подготовка учителей русского языка и литературы,15,GENERAL,37,42,39.5,2
2023,GENERAL,SHORT,B017,,Подготовка учителей русского языка и литературы,16,GENERAL,36,42,38.2,4
2023,GENERAL,SHORT,B017,,Подготовка учителей русского языка и литературы,25,GENERAL,38,52,43.4,5
2023,GENERAL,SHORT,B017,,Подготовка учителей русского языка и литературы,34,GENERAL,36,43,38.3,6
2023,GENERAL,SHORT,B017,,Подготовка учителей русского языка и литературы,35,GENERAL,36,53,42.4,5
2023,GENERAL,SHORT,B017,,Подготовка учителей русского языка и литературы,43,GENERAL,40,40,40.0,1
2023,GENERAL,SHORT,B017,,Подготовка учителей русского языка и литературы,153,GENERAL,46,46,46.0,1
2023,GENERAL,SHORT,B017,,Подготовка учителей русского языка и литературы,517,GENERAL,46,46,46.0,1
2023,GENERAL,SHORT,B018,,Подготовка учителей иностранного языка,3,GENERAL,41,62,49.3,3
2023,GENERAL,SHORT,B018,,Подготовка учителей иностранного языка,7,GENERAL,41,58,47.0,10
2023,GENERAL,SHORT,B018,,Подготовка учителей иностранного языка,11,GENERAL,42,47,44.3,3
2023,GENERAL,SHORT,B018,,Подготовка учителей иностранного языка,15,GENERAL,43,45,44.0,2
2023,GENERAL,SHORT,B018,,Подготовка учителей иностранного языка,16,GENERAL,41,61,49.7,3
2023,GENERAL,SHORT,B018,,Подготовка учителей иностранного языка,23,GENERAL,41,64,46.6,19
2023,GENERAL,SHORT,B018,,Подготовка учителей иностранного языка,25,GENERAL,41,64,47.3,15
2023,GENERAL,SHORT,B018,,Подготовка учителей иностранного языка,31,GENERAL,42,52,46.8,12
2023,GENERAL,SHORT,B018,,Подготовка учителей иностранного языка,34,GENERAL,42,45,43.6,5
2023,GENERAL,SHORT,B018,,Подготовка учителей иностранного языка,35,GENERAL,41,45,43.6,5
2023,GENERAL,SHORT,B018,,Подготовка учителей иностранного языка,36,GENERAL,41,50,45.0,7
2023,GENERAL,SHORT,B018,,Подготовка учителей иностранного языка,40,GENERAL,41,45,43.0,2
2023,GENERAL,SHORT,B018,,Подготовка учителей иностранного языка,43,GENERAL,42,62,50.3,3
2023,GENERAL,SHORT,B018,,Подготовка учителей иностранного языка,47,GENERAL,42,45,43.6,8
2023,GENERAL,SHORT,B018,,Подготовка учителей иностранного языка,153,GENERAL,46,46,46.0,1
2023,GENERAL,SHORT,B018,,Подготовка учителей иностранного языка,185,GENERAL,41,63,45.6,19
2023,GENERAL,SHORT,B018,,Подготовка учителей иностранного языка,302,GENERAL,42,66,54.2,22
2023,GENERAL,SHORT,B018,,Подготовка учителей иностранного языка,517,GENERAL,41,58,46.8,11
2023,GENERAL,SHORT,B020,,Специальная педагогика,7,GENERAL,40,41,40.5,2
2023,GENERAL,SHORT,B027,,Театральное искусство,93,GENERAL,35,40,38.2,4
2023,GENERAL,SHORT,B028,,Хореография,25,GENERAL,41,41,41.0,1
2023,GENERAL,SHORT,B028,,Хореография,34,GENERAL,39,49,43.5,4
2023,GENERAL,SHORT,B030,,Изобразительное искусство,7,GENERAL,51,51,51.0,1
2023,GENERAL,SHORT,B030,,Изобразительное искусство,45,GENERAL,43,43,43.0,1
2023,GENERAL,SHORT,B031,,"Мода, дизайн",7,GENERAL,41,41,41.0,1
2023,GENERAL,SHORT,B031,,"Мода, дизайн",22,GENERAL,41,55,46.2,25
2023,GENERAL,SHORT,B031,,"Мода, дизайн",29,GENERAL,42,42,42.0,1
2023,GENERAL,SHORT,B031,,"Мода, дизайн",38,GENERAL,44,44,44.0,1
2023,GENERAL,SHORT,B031,,"Мода, дизайн",53,GENERAL,40,52,44.5,4
2023,GENERAL,SHORT,B031,,"Мода, дизайн",79,GENERAL,44,44,44.0,1
2023,GENERAL,SHORT,B031,,"Мода, дизайн",184,GENERAL,40,50,43.7,6
2023,GENERAL,SHORT,B033,,Религия и теология,503,GENERAL,42,52,45.8,19
2023,GENERAL,SHORT,B033,,Религия и теология,503,RURAL,40,42,41.0,11
2023,GENERAL,SHORT,B034,,История,31,GENERAL,64,64,64.0,1
2023,GENERAL,SHORT,B036,,Переводческое дело,7,GENERAL,67,67,67.0,1
2023,GENERAL,SHORT,B036,,Переводческое дело,23,GENERAL,62,63,62.5,2
2023,GENERAL,SHORT,B036,,Переводческое дело,31,GENERAL,48,51,49.5,2
2023,GENERAL,SHORT,B036,,Переводческое дело,36,GENERAL,48,48,48.0,1
2023,GENERAL,SHORT,B036,,Переводческое дело,38,GENERAL,48,48,48.0,1
2023,GENERAL,SHORT,B036,,Переводческое дело,93,GENERAL,55,55,55.0,1
2023,GENERAL,SHORT,B036,,Переводческое дело,174,GENERAL,56,67,62.0,21
2023,GENERAL,SHORT,B036,,Переводческое дело,302,GENERAL,53,67,62.4,5
2023,GENERAL,SHORT,B041,,Психология,25,GENERAL,33,33,33.0,1
2023,GENERAL,SHORT,B041,,Психология,31,GENERAL,39,39,39.0,1
2023,GENERAL,SHORT,B041,,Психология,36,GENERAL,34,34,34.0,1
2023,GENERAL,SHORT,B041,,Психология,38,GENERAL,30,34,32.0,2
2023,GENERAL,SHORT,B041,,Психология,93,GENERAL,30,41,37.0,3
2023,GENERAL,SHORT,B041,,Психология,146,GENERAL,36,36,36.0,1
2023,GENERAL,SHORT,B041,,Психология,184,GENERAL,25,49,33.6,11
2023,GENERAL,SHORT,B057,,Информационные технологии,3,GENERAL,29,29,29.0,1
2023,GENERAL,SHORT,B057,,Информационные технологии,9,GENERAL,36,36,36.0,1
2023,GENERAL,SHORT,B057,,Информационные технологии,12,GENERAL,31,32,31.3,3
2023,GENERAL,SHORT,B057,,Информационные технологии,15,GENERAL,33,39,35.3,3
2023,GENERAL,SHORT,B057,,Информационные технологии,16,GENERAL,29,35,32.0,2
2023,GENERAL,SHORT,B057,,Информационные технологии,24,GENERAL,33,37,35.0,2
2023,GENERAL,SHORT,B057,,Информационные технологии,29,GENERAL,29,50,35.1,22
2023,GENERAL,SHORT,B057,,Информационные технологии,32,GENERAL,29,49,36.3,14
2023,GENERAL,SHORT,B057,,Информационные технологии,33,GENERAL,30,32,31.0,2
2023,GENERAL,SHORT,B057,,Информационные технологии,36,GENERAL,30,49,37.6,10
2023,GENERAL,SHORT,B057,,Информационные технологии,38,GENERAL,29,41,34.2,15
2023,GENERAL,SHORT,B057,,Информационные технологии,39,GENERAL,42,42,42.0,1
2023,GENERAL,SHORT,B057,,Информационные технологии,40,GENERAL,33,38,36.3,3
2023,GENERAL,SHORT,B057,,Информационные технологии,43,GENERAL,29,37,31.5,4
2023,GENERAL,SHORT,B057,,Информационные технологии,45,GENERAL,28,38,34.2,5
2023,GENERAL,SHORT,B057,,Информационные технологии,49,GENERAL,29,29,29.0,1
2023,GENERAL,SHORT,B057,,Информационные технологии,53,GENERAL,29,41,35.0,2
2023,GENERAL,SHORT,B057,,Информационные технологии,57,GENERAL,29,56,37.0,11
2023,GENERAL,SHORT,B057,,Информационные технологии,69,GENERAL,32,37,34.5,2
2023,GENERAL,SHORT,B057,,Информационные технологии,93,GENERAL,32,47,38.4,7
2023,GENERAL,SHORT,B057,,Информационные технологии,122,GENERAL,46,46,46.0,1
2023,GENERAL,SHORT,B057,,Информационные технологии,140,GENERAL,30,41,37.3,7
2023,GENERAL,SHORT,B057,,Информационные технологии,153,GENERAL,29,39,34.2,6
2023,GENERAL,SHORT,B057,,Информационные технологии,173,GENERAL,29,39,33.0,4
2023,GENERAL,SHORT,B057,,Информационные технологии,184,GENERAL,29,43,35.1,31
2023,GENERAL,SHORT,B057,,Информационные технологии,185,GENERAL,29,44,34.5,16
2023,GENERAL,SHORT,B057,,Информационные технологии,190,GENERAL,29,50,37.7,65
2023,GENERAL,SHORT,B057,,Информационные технологии,302,GENERAL,30,50,38.8,11
2023,GENERAL,SHORT,B057,,Информационные технологии,501,GENERAL,33,33,33.0,1
2023,GENERAL,SHORT,B057,,Информационные технологии,522,GENERAL,51,52,51.5,2
2023,GENERAL,SHORT,B058,,Информационная безопасность,9,GENERAL,26,26,26.0,1
2023,GENERAL,SHORT,B058,,Информационная безопасность,29,GENERAL,26,54,34.9,7
2023,GENERAL,SHORT,B058,,Информационная безопасность,32,GENERAL,25,40,29.5,11
2023,GENERAL,SHORT,B058,,Информационная безопасность,57,GENERAL,25,36,29.4,9
2023,GENERAL,SHORT,B058,,Информационная безопасность,190,GENERAL,25,50,35.2,17
2023,GENERAL,SHORT,B060,,Химическая инженерия и процессы,9,GENERAL,25,25,25.0,1
2023,GENERAL,SHORT,B060,,Химическая инженерия и процессы,29,GENERAL,25,41,33.0,2
2023,GENERAL,SHORT,B060,,Химическая инженерия и процессы,33,GENERAL,26,26,26.0,1
2023,GENERAL,SHORT,B060,,Химическая инженерия и процессы,38,GENERAL,25,33,27.9,8
2023,GENERAL,SHORT,B060,,Химическая инженерия и процессы,43,GENERAL,28,28,28.0,1
2023,GENERAL,SHORT,B062,,Электротехника и энергетика,5,GENERAL,30,30,30.0,1
2023,GENERAL,SHORT,B062,,Электротехника и энергетика,9,GENERAL,34,37,35.5,2
2023,GENERAL,SHORT,B062,,Электротехника и энергетика,12,GENERAL,35,43,39.7,6
2023,GENERAL,SHORT,B062,,Электротехника и энергетика,14,GENERAL,26,32,28.8,4
2023,GENERAL,SHORT,B062,,Электротехника и энергетика,19,GENERAL,25,36,30.1,9
2023,GENERAL,SHORT,B062,,Электротехника и энергетика,24,GENERAL,28,32,30.5,4
2023,GENERAL,SHORT,B062,,Электротехника и энергетика,29,GENERAL,28,53,38.0,6
2023,GENERAL,SHORT,B062,,Электротехника и энергетика,32,GENERAL,29,45,35.1,16
2023,GENERAL,SHORT,B062,,Электротехника и энергетика,33,GENERAL,26,42,33.1,8
2023,GENERAL,SHORT,B062,,Электротехника и энергетика,34,GENERAL,25,28,26.0,4
2023,GENERAL,SHORT,B062,,Электротехника и энергетика,36,GENERAL,25,39,31.1,7
2023,GENERAL,SHORT,B062,,Электротехника и энергетика,38,GENERAL,25,44,32.9,26
2023,GENERAL,SHORT,B062,,Электротехника и энергетика,40,GENERAL,33,33,33.0,1
2023,GENERAL,SHORT,B062,,Электротехника и энергетика,43,GENERAL,38,38,38.0,1
2023,GENERAL,SHORT,B062,,Электротехника и энергетика,45,GENERAL,26,38,31.2,4
2023,GENERAL,SHORT,B062,,Электротехника и энергетика,57,GENERAL,25,46,32.2,59
2023,GENERAL,SHORT,B062,,Электротехника и энергетика,140,GENERAL,25,38,29.7,3
2023,GENERAL,SHORT,B062,,Электротехника и энергетика,146,GENERAL,30,30,30.0,1
2023,GENERAL,SHORT,B062,,Электротехника и энергетика,147,GENERAL,26,31,28.3,3
2023,GENERAL,SHORT,B062,,Электротехника и энергетика,160,GENERAL,28,42,34.3,3
2023,GENERAL,SHORT,B062,,Электротехника и энергетика,501,GENERAL,33,38,35.5,2
2023,GENERAL,SHORT,B063,,Электротехника и автоматизация,19,GENERAL,26,33,28.5,6
2023,GENERAL,SHORT,B063,,Электротехника и автоматизация,29,GENERAL,47,47,47.0,1
2023,GENERAL,SHORT,B063,,Электротехника и автоматизация,32,GENERAL,25,43,33.3,3
2023,GENERAL,SHORT,B063,,Электротехника и автоматизация,33,GENERAL,29,38,33.7,3
2023,GENERAL,SHORT,B063,,Электротехника и автоматизация,38,GENERAL,26,35,30.6,10
2023,GENERAL,SHORT,B063,,Электротехника и автоматизация,45,GENERAL,25,39,29.6,5
2023,GENERAL,SHORT,B063,,Электротехника и автоматизация,53,GENERAL,27,27,27.0,1
2023,GENERAL,SHORT,B063,,Электротехника и автоматизация,57,GENERAL,25,33,28.0,14
2023,GENERAL,SHORT,B063,,Электротехника и автоматизация,103,GENERAL,26,26,26.0,1
2023,GENERAL,SHORT,B063,,Электротехника и автоматизация,162,GENERAL,27,27,27.0,1
2023,GENERAL,SHORT,B064,,Механика и металлообработка,19,GENERAL,34,35,34.5,2
2023,GENERAL,SHORT,B064,,Механика и металлообработка,29,GENERAL,29,29,29.0,1
2023,GENERAL,SHORT,B064,,Механика и металлообработка,32,GENERAL,29,47,38.5,6
2023,GENERAL,SHORT,B064,,Механика и металлообработка,33,GENERAL,25,46,35.5,8
2023,GENERAL,SHORT,B064,,Механика и металлообработка,36,GENERAL,42,42,42.0,1
2023,GENERAL,SHORT,B064,,Механика и металлообработка,38,GENERAL,36,38,37.0,2
2023,GENERAL,SHORT,B064,,Механика и металлообработка,40,GENERAL,35,35,35.0,1
2023,GENERAL,SHORT,B064,,Механика и металлообработка,53,GENERAL,33,33,33.0,1
2023,GENERAL,SHORT,B064,,Механика и металлообработка,140,GENERAL,40,40,40.0,1
2023,GENERAL,SHORT,B065,,Транспортная техника и технологии,12,GENERAL,25,39,29.9,7
2023,GENERAL,SHORT,B065,,Транспортная техника и технологии,19,GENERAL,25,37,30.5,35
2023,GENERAL,SHORT,B065,,Транспортная техника и технологии,29,GENERAL,25,34,29.5,2
2023,GENERAL,SHORT,B065,,Транспортная техника и технологии,32,GENERAL,25,39,29.7,6
2023,GENERAL,SHORT,B065,,Транспортная техника и технологии,33,GENERAL,28,41,34.0,3
2023,GENERAL,SHORT,B065,,Транспортная техника и технологии,36,GENERAL,25,49,32.5,24
2023,GENERAL,SHORT,B065,,Транспортная техника и технологии,38,GENERAL,25,33,29.1,9
2023,GENERAL,SHORT,B065,,Транспортная техника и технологии,40,GENERAL,28,33,30.5,2
2023,GENERAL,SHORT,B065,,Транспортная техника и технологии,78,GENERAL,25,30,27.6,5
2023,GENERAL,SHORT,B065,,Транспортная техника и технологии,147,GENERAL,28,30,29.0,2
2023,GENERAL,SHORT,B065,,Транспортная техника и технологии,162,GENERAL,26,27,26.5,2
2023,GENERAL,SHORT,B067,,Воздушный транспорт и технологии,157,GENERAL,25,56,34.0,29
2023,GENERAL,SHORT,B068,,Производство продуктов питания,36,GENERAL,27,27,27.0,1
2023,GENERAL,SHORT,B068,,Производство продуктов питания,43,GENERAL,27,27,27.0,1
2023,GENERAL,SHORT,B068,,Производство продуктов питания,53,GENERAL,25,28,26.3,7
2023,GENERAL,SHORT,B071,,Горное дело и добыча полезных ископаемых,29,GENERAL,25,42,33.5,2
2023,GENERAL,SHORT,B071,,Горное дело и добыча полезных ископаемых,32,GENERAL,36,46,42.3,3
2023,GENERAL,SHORT,B071,,Горное дело и добыча полезных ископаемых,39,GENERAL,34,34,34.0,1
2023,GENERAL,SHORT,B071,,Горное дело и добыча полезных ископаемых,43,GENERAL,27,27,27.0,1
2023,GENERAL,SHORT,B071,,Горное дело и добыча полезных ископаемых,182,GENERAL,30,30,30.0,1
2023,GENERAL,SHORT,B073,,Архитектура,22,GENERAL,25,55,40.4,21
2023,GENERAL,SHORT,B073,,Архитектура,29,GENERAL,30,55,43.3,6
2023,GENERAL,SHORT,B073,,Архитектура,32,GENERAL,33,46,38.0,4
2023,GENERAL,SHORT,B073,,Архитектура,38,GENERAL,53,53,53.0,1
2023,GENERAL,SHORT,B073,,Архитектура,45,GENERAL,34,46,38.3,3
2023,GENERAL,SHORT,B073,,Архитектура,79,GENERAL,39,46,43.0,3
2023,GENERAL,SHORT,B074,,"Градостроительство, строительные работы и гражданское строительство",3,GENERAL,27,27,27.0,1
2023,GENERAL,SHORT,B074,,"Градостроительство, строительные работы и гражданское строительство",5,GENERAL,28,28,28.0,1
2023,GENERAL,SHORT,B074,,"Градостроительство, строительные работы и гражданское строительство",9,GENERAL,31,31,31.0,1
2023,GENERAL,SHORT,B074,,"Градостроительство, строительные работы и гражданское строительство",12,GENERAL,27,43,34.8,10
2023,GENERAL,SHORT,B074,,"Градостроительство, строительные работы и гражданское строительство",19,GENERAL,26,36,31.5,6
2023,GENERAL,SHORT,B074,,"Градостроительство, строительные работы и гражданское строительство",22,GENERAL,25,47,31.4,38
2023,GENERAL,SHORT,B074,,"Градостроительство, строительные работы и гражданское строительство",29,GENERAL,25,44,33.9,23
2023,GENERAL,SHORT,B074,,"Градостроительство, строительные работы и гражданское строительство",32,GENERAL,26,44,34.4,9
2023,GENERAL,SHORT,B074,,"Градостроительство, строительные работы и гражданское строительство",33,GENERAL,26,38,32.4,16
2023,GENERAL,SHORT,B074,,"Градостроительство, строительные работы и гражданское строительство",34,GENERAL,26,41,32.7,6
2023,GENERAL,SHORT,B074,,"Градостроительство, строительные работы и гражданское строительство",38,GENERAL,27,36,33.3,20
2023,GENERAL,SHORT,B074,,"Градостроительство, строительные работы и гражданское строительство",43,GENERAL,25,30,28.0,3
2023,GENERAL,SHORT,B074,,"Градостроительство, строительные работы и гражданское строительство",45,GENERAL,27,42,34.3,13
2023,GENERAL,SHORT,B074,,"Градостроительство, строительные работы и гражданское строительство",78,GENERAL,25,36,29.5,18
2023,GENERAL,SHORT,B074,,"Градостроительство, строительные работы и гражданское строительство",79,GENERAL,37,37,37.0,1
2023,GENERAL,SHORT,B074,,"Градостроительство, строительные работы и гражданское строительство",501,GENERAL,30,40,35.6,5
2023,GENERAL,SHORT,B075,,Кадастр и землеустройство,24,GENERAL,27,30,28.3,3
2023,GENERAL,SHORT,B075,,Кадастр и землеустройство,29,GENERAL,31,42,35.0,3
2023,GENERAL,SHORT,B075,,Кадастр и землеустройство,198,GENERAL,25,25,25.0,1
2023,GENERAL,SHORT,B076,,"Стандартизация, сертификация и метрология (по отраслям)",33,GENERAL,33,33,33.0,1
2023,GENERAL,SHORT,B076,,"Стандартизация, сертификация и метрология (по отраслям)",38,GENERAL,27,28,27.7,3
2023,GENERAL,SHORT,B076,,"Стандартизация, сертификация и метрология (по отраслям)",49,GENERAL,28,35,32.3,3
2023,GENERAL,SHORT,B076,,"Стандартизация, сертификация и метрология (по отраслям)",53,GENERAL,25,32,29.1,9
2023,GENERAL,SHORT,B077,,Растениеводство,24,GENERAL,28,36,32.0,2
2023,GENERAL,SHORT,B077,,Растениеводство,36,GENERAL,27,39,31.2,4
2023,GENERAL,SHORT,B077,,Растениеводство,140,GENERAL,31,31,31.0,1
2023,GENERAL,SHORT,B078,,Животноводство,38,GENERAL,31,31,31.0,1
2023,GENERAL,SHORT,B079,,Лесное хозяйство,24,GENERAL,26,31,27.2,4
2023,GENERAL,SHORT,B083,,Ветеринария,24,GENERAL,25,37,29.5,11
2023,GENERAL,SHORT,B083,,Ветеринария,36,GENERAL,32,44,37.0,3
2023,GENERAL,SHORT,B083,,Ветеринария,45,GENERAL,37,37,37.0,1
2023,GENERAL,SHORT,B083,,Ветеринария,501,GENERAL,27,33,30.3,3
2023,GENERAL,SHORT,B091,,Туризм,23,GENERAL,35,35,35.0,1
2023,GENERAL,SHORT,B091,,Туризм,38,GENERAL,34,41,38.0,4
2023,GENERAL,SHORT,B091,,Туризм,49,GENERAL,31,41,34.7,3
2023,GENERAL,SHORT,B091,,Туризм,83,GENERAL,34,46,40.0,5
2023,GENERAL,SHORT,B091,,Туризм,93,GENERAL,40,42,41.0,2
2023,GENERAL,SHORT,B091,,Туризм,173,GENERAL,35,35,35.0,1
2023,GENERAL,SHORT,B091,,Туризм,184,GENERAL,27,36,31.7,7
2023,GENERAL,SHORT,B093,,Ресторанное дело и гостиничный бизнес,20,GENERAL,41,41,41.0,1
2023,GENERAL,SHORT,B093,,Ресторанное дело и гостиничный бизнес,23,GENERAL,32,32,32.0,1
2023,GENERAL,SHORT,B093,,Ресторанное дело и гостиничный бизнес,31,GENERAL,38,38,38.0,1
2023,GENERAL,SHORT,B093,,Ресторанное дело и гостиничный бизнес,38,GENERAL,35,45,40.0,2
2023,GENERAL,SHORT,B093,,Ресторанное дело и гостиничный бизнес,45,GENERAL,25,31,28.0,2
2023,GENERAL,SHORT,B093,,Ресторанное дело и гостиничный бизнес,53,GENERAL,25,45,35.5,22
2023,GENERAL,SHORT,B093,,Ресторанное дело и гостиничный бизнес,69,GENERAL,26,26,26.0,1
2023,GENERAL,SHORT,B093,,Ресторанное дело и гостиничный бизнес,83,GENERAL,27,38,33.6,5
2023,GENERAL,SHORT,B093,,Ресторанное дело и гостиничный бизнес,93,GENERAL,33,35,34.0,2
2023,GENERAL,SHORT,B093,,Ресторанное дело и гостиничный бизнес,182,GENERAL,29,29,29.0,1
2023,GENERAL,SHORT,B093,,Ресторанное дело и гостиничный бизнес,184,GENERAL,32,41,36.0,6
2023,GENERAL,SHORT,B095,,Транспортные услуги,9,GENERAL,33,33,33.0,1
2023,GENERAL,SHORT,B095,,Транспортные услуги,19,GENERAL,32,43,34.9,17
2023,GENERAL,SHORT,B095,,Транспортные услуги,24,GENERAL,35,35,35.0,1
2023,GENERAL,SHORT,B095,,Транспортные услуги,29,GENERAL,32,33,32.5,2
2023,GENERAL,SHORT,B095,,Транспортные услуги,32,GENERAL,36,44,39.2,5
2023,GENERAL,SHORT,B095,,Транспортные услуги,38,GENERAL,33,37,35.0,6
2023,GENERAL,SHORT,B095,,Транспортные услуги,78,GENERAL,33,35,34.0,3
2023,GENERAL,SHORT,B095,,Транспортные услуги,157,GENERAL,32,45,35.8,19
2023,GENERAL,SHORT,B095,,Транспортные услуги,162,GENERAL,36,37,36.5,2
2023,GENERAL,SHORT,B162,,Теплоэнергетика,3,GENERAL,31,31,31.0,1
2023,GENERAL,SHORT,B162,,Теплоэнергетика,33,GENERAL,27,32,29.7,6
2023,GENERAL,SHORT,B162,,Теплоэнергетика,147,GENERAL,32,32,32.0,1
2023,GENERAL,SHORT,B171,,Металлургия,33,GENERAL,28,29,28.5,2
2023,GENERAL,SHORT,B271,,Нефтегазовое дело,29,GENERAL,27,40,35.5,10
2023,GENERAL,SHORT,B271,,Нефтегазовое дело,38,GENERAL,25,43,35.5,16
2023,GENERAL,SHORT,B271,,Нефтегазовое дело,45,GENERAL,30,30,30.0,1
2023,GENERAL,SHORT,B271,,Нефтегазовое дело,182,GENERAL,26,35,30.5,2
2023,GENERAL,SHORT,B271,,Нефтегазовое дело,198,GENERAL,25,33,30.0,5
2023,GENERAL,SHORT,B271,,Нефтегазовое дело,416,GENERAL,33,33,33.0,1
2023,GENERAL,SHORT,B271,,Нефтегазовое дело,501,GENERAL,28,44,35.8,4
2023,HEALTH_MINISTRY,FULL,B084,,Сестринское дело,1,GENERAL,100,102,101.3,3
2023,HEALTH_MINISTRY,FULL,B084,,Сестринское дело,1,RURAL,83,96,89.5,2
2023,HEALTH_MINISTRY,FULL,B084,,Сестринское дело,4,GENERAL,100,115,107.5,2
2023,HEALTH_MINISTRY,FULL,B084,,Сестринское дело,4,RURAL,97,97,97.0,1
2023,HEALTH_MINISTRY,FULL,B084,,Сестринское дело,26,GENERAL,107,109,108.0,2
2023,HEALTH_MINISTRY,FULL,B084,,Сестринское дело,26,RURAL,103,103,103.0,1
2023,HEALTH_MINISTRY,FULL,B084,,Сестринское дело,27,GENERAL,95,95,95.0,1
2023,HEALTH_MINISTRY,FULL,B084,,Сестринское дело,30,GENERAL,100,100,100.0,1
2023,HEALTH_MINISTRY,FULL,B084,,Сестринское дело,41,GENERAL,101,101,101.0,1
2023,HEALTH_MINISTRY,FULL,B084,,Сестринское дело,44,GENERAL,101,101,101.0,1
2023,HEALTH_MINISTRY,FULL,B084,,Сестринское дело,44,RURAL,95,96,95.5,2
2023,HEALTH_MINISTRY,FULL,B084,,Сестринское дело,80,GENERAL,101,105,103.0,2
2023,HEALTH_MINISTRY,FULL,B084,,Сестринское дело,80,RURAL,92,92,92.0,1
2023,HEALTH_MINISTRY,FULL,B085,,Фармация,1,GENERAL,123,136,128.2,5
2023,HEALTH_MINISTRY,FULL,B085,,Фармация,1,RURAL,105,120,114.3,3
2023,HEALTH_MINISTRY,FULL,B085,,Фармация,26,GENERAL,120,129,125.2,9
2023,HEALTH_MINISTRY,FULL,B085,,Фармация,26,RURAL,110,118,113.6,5
2023,HEALTH_MINISTRY,FULL,B085,,Фармация,27,GENERAL,123,135,129.0,2
2023,HEALTH_MINISTRY,FULL,B085,,Фармация,27,RURAL,97,97,97.0,1
2023,HEALTH_MINISTRY,FULL,B085,,Фармация,30,GENERAL,108,110,108.7,3
2023,HEALTH_MINISTRY,FULL,B085,,Фармация,30,RURAL,96,107,100.5,4
2023,HEALTH_MINISTRY,FULL,B085,,Фармация,41,GENERAL,123,135,129.0,2
2023,HEALTH_MINISTRY,FULL,B085,,Фармация,44,GENERAL,109,130,118.9,7
2023,HEALTH_MINISTRY,FULL,B085,,Фармация,44,RURAL,103,103,103.0,2
2023,HEALTH_MINISTRY,FULL,B085,,Фармация,80,GENERAL,110,113,111.0,4
2023,HEALTH_MINISTRY,FULL,B085,,Фармация,80,RURAL,96,103,99.0,3
2023,HEALTH_MINISTRY,FULL,B089,,Общественное здоровье,1,GENERAL,121,135,127.8,5
2023,HEALTH_MINISTRY,FULL,B089,,Общественное здоровье,1,RURAL,97,111,103.0,3
2023,HEALTH_MINISTRY,FULL,B089,,Общественное здоровье,26,GENERAL,111,131,116.2,13
2023,HEALTH_MINISTRY,FULL,B089,,Общественное здоровье,26,RURAL,100,110,103.3,7
2023,HEALTH_MINISTRY,FULL,B089,,Общественное здоровье,27,GENERAL,100,116,105.0,12
2023,HEALTH_MINISTRY,FULL,B089,,Общественное здоровье,27,RURAL,91,98,93.5,6
2023,HEALTH_MINISTRY,FULL,B089,,Общественное здоровье,30,GENERAL,108,111,109.5,2
2023,HEALTH_MINISTRY,FULL,B089,,Общественное здоровье,41,GENERAL,124,124,124.0,1
2023,HEALTH_MINISTRY,FULL,B089,,Общественное здоровье,80,RURAL,99,99,99.0,1
2023,HEALTH_MINISTRY,FULL,BM086,,Медицина,1,GENERAL,120,138,125.6,253
2023,HEALTH_MINISTRY,FULL,BM086,,Медицина,1,RURAL,111,120,115.1,136
2023,HEALTH_MINISTRY,FULL,BM086,,Медицина,4,GENERAL,108,134,115.3,124
2023,HEALTH_MINISTRY,FULL,BM086,,Медицина,4,RURAL,98,108,102.5,69
2023,HEALTH_MINISTRY,FULL,BM086,,Медицина,26,GENERAL,127,139,130.6,117
2023,HEALTH_MINISTRY,FULL,BM086,,Медицина,26,RURAL,120,127,123.3,63
2023,HEALTH_MINISTRY,FULL,BM086,,Медицина,27,GENERAL,111,126,118.0,12
2023,HEALTH_MINISTRY,FULL,BM086,,Медицина,27,RURAL,105,111,108.7,6
2023,HEALTH_MINISTRY,FULL,BM086,,Медицина,30,GENERAL,108,133,114.9,205
2023,HEALTH_MINISTRY,FULL,BM086,,Медицина,30,RURAL,98,108,103.0,134
2023,HEALTH_MINISTRY,FULL,BM086,,Медицина,37,GENERAL,119,136,124.4,26
2023,HEALTH_MINISTRY,FULL,BM086,,Медицина,37,RURAL,109,119,112.8,14
2023,HEALTH_MINISTRY,FULL,BM086,,Медицина,41,GENERAL,109,136,117.8,87
2023,HEALTH_MINISTRY,FULL,BM086,,Медицина,41,RURAL,98,108,103.4,22
2023,HEALTH_MINISTRY,FULL,BM086,,Медицина,44,GENERAL,109,128,117.6,52
2023,HEALTH_MINISTRY,FULL,BM086,,Медицина,44,RURAL,99,108,103.3,21
2023,HEALTH_MINISTRY,FULL,BM086,,Медицина,80,GENERAL,108,128,115.1,161
2023,HEALTH_MINISTRY,FULL,BM086,,Медицина,80,RURAL,98,108,103.2,86
2023,HEALTH_MINISTRY,FULL,BM087,,Стоматология,1,GENERAL,137,139,137.7,3
2023,HEALTH_MINISTRY,FULL,BM087,,Стоматология,1,RURAL,132,132,132.0,2
2023,HEALTH_MINISTRY,FULL,BM087,,Стоматология,4,GENERAL,130,130,130.0,1
2023,HEALTH_MINISTRY,FULL,BM087,,Стоматология,26,GENERAL,137,138,137.5,2
2023,HEALTH_MINISTRY,FULL,BM087,,Стоматология,26,RURAL,135,135,135.0,1
2023,HEALTH_MINISTRY,FULL,BM087,,Стоматология,27,GENERAL,129,129,129.0,1
2023,HEALTH_MINISTRY,FULL,BM087,,Стоматология,27,RURAL,113,113,113.0,1
2023,HEALTH_MINISTRY,FULL,BM087,,Стоматология,30,GENERAL,131,133,131.5,4
2023,HEALTH_MINISTRY,FULL,BM087,,Стоматология,30,RURAL,129,129,129.0,1
2023,HEALTH_MINISTRY,FULL,BM087,,Стоматология,37,GENERAL,133,133,133.0,1
2023,HEALTH_MINISTRY,FULL,BM087,,Стоматология,37,RURAL,132,132,132.0,1
2023,HEALTH_MINISTRY,FULL,BM087,,Стоматология,41,GENERAL,130,133,131.3,3
2023,HEALTH_MINISTRY,FULL,BM087,,Стоматология,41,RURAL,127,127,127.0,1
2023,HEALTH_MINISTRY,FULL,BM087,,Стоматология,80,GENERAL,133,133,133.0,2
2023,HEALTH_MINISTRY,FULL,BM087,,Стоматология,80,RURAL,129,129,129.0,1
2023,HEALTH_MINISTRY,FULL,BM088,,Педиатрия,1,GENERAL,112,131,115.6,53
2023,HEALTH_MINISTRY,FULL,BM088,,Педиатрия,1,RURAL,105,111,107.6,29
2023,HEALTH_MINISTRY,FULL,BM088,,Педиатрия,4,GENERAL,101,127,105.6,50
2023,HEALTH_MINISTRY,FULL,BM088,,Педиатрия,4,RURAL,91,98,94.6,27
2023,HEALTH_MINISTRY,FULL,BM088,,Педиатрия,26,GENERAL,113,134,117.9,69
2023,HEALTH_MINISTRY,FULL,BM088,,Педиатрия,26,RURAL,107,113,109.9,37
2023,HEALTH_MINISTRY,FULL,BM088,,Педиатрия,30,GENERAL,101,118,105.4,89
2023,HEALTH_MINISTRY,FULL,BM088,,Педиатрия,30,RURAL,91,101,95.0,60
2023,HEALTH_MINISTRY,FULL,BM088,,Педиатрия,41,GENERAL,102,114,104.5,37
2023,HEALTH_MINISTRY,FULL,BM088,,Педиатрия,41,RURAL,91,99,95.1,10
2023,HEALTH_MINISTRY,FULL,BM088,,Педиатрия,44,GENERAL,101,114,105.2,27
2023,HEALTH_MINISTRY,FULL,BM088,,Педиатрия,44,RURAL,91,97,93.5,12
2023,HEALTH_MINISTRY,FULL,BM089,,Медико-профилактическое дело,1,GENERAL,104,112,107.7,14
2023,HEALTH_MINISTRY,FULL,BM089,,Медико-профилактическое дело,1,RURAL,95,101,98.2,8
2023,HEALTH_MINISTRY,FULL,BM089,,Медико-профилактическое дело,26,GENERAL,104,119,107.8,14
2023,HEALTH_MINISTRY,FULL,BM089,,Медико-профилактическое дело,26,RURAL,97,104,99.9,8
2023,HEALTH_MINISTRY,FULL,BM089,,Медико-профилактическое дело,30,GENERAL,91,128,97.5,36
2023,HEALTH_MINISTRY,FULL,BM089,,Медико-профилактическое дело,30,RURAL,82,90,85.0,20
2023,RESERVE,FULL,B005,,,11,GENERAL,36,36,36.0,1
2023,RESERVE,FULL,B005,,,15,GENERAL,35,35,35.0,1
2023,RESERVE,FULL,B005,,,20,GENERAL,36,36,36.0,1
2023,RESERVE,FULL,B005,,,31,GENERAL,37,37,37.0,1
2023,RESERVE,FULL,B009,,,7,GENERAL,75,75,75.0,1
2023,RESERVE,FULL,B009,,,196,GENERAL,77,77,77.0,1
2023,RESERVE,FULL,B018,,,5,GENERAL,76,76,76.0,1
2023,RESERVE,FULL,B027,,,45,GENERAL,90,90,90.0,1
2023,RESERVE,FULL,B031,,,5,GENERAL,78,78,78.0,1
2023,RESERVE,FULL,B031,,,7,GENERAL,101,108,104.5,2
2023,RESERVE,FULL,B031,,,10,GENERAL,66,109,87.5,2
2023,RESERVE,FULL,B031,,,13,GENERAL,101,109,106.3,3
2023,RESERVE,FULL,B031,,,16,GENERAL,90,90,90.0,1
2023,RESERVE,FULL,B031,,,22,GENERAL,110,110,110.0,1
2023,RESERVE,FULL,B031,,,37,GENERAL,105,105,105.0,1
2023,RESERVE,FULL,B031,,,38,GENERAL,60,60,60.0,1
2023,RESERVE,FULL,B031,,,40,GENERAL,91,91,91.0,1
2023,RESERVE,FULL,B031,,,42,GENERAL,91,91,91.0,1
2023,RESERVE,FULL,B031,,,53,GENERAL,82,110,97.3,3
2023,RESERVE,FULL,B033,,,503,GENERAL,25,111,82.8,6
2023,RESERVE,FULL,B034,,,7,GENERAL,67,67,67.0,1
2023,RESERVE,FULL,B034,,,31,GENERAL,70,74,71.7,3
2023,RESERVE,FULL,B034,,,36,GENERAL,64,64,64.0,1
2023,RESERVE,FULL,B034,,,45,GENERAL,70,70,70.0,1
2023,RESERVE,FULL,B036,,,5,GENERAL,74,74,74.0,1
2023,RESERVE,FULL,B036,,,7,GENERAL,33,69,56.0,3
2023,RESERVE,FULL,B036,,,11,GENERAL,66,66,66.0,1
2023,RESERVE,FULL,B036,,,13,GENERAL,103,103,103.0,1
2023,RESERVE,FULL,B036,,,25,GENERAL,71,71,71.0,1
2023,RESERVE,FULL,B036,,,31,GENERAL,58,61,59.5,2
2023,RESERVE,FULL,B036,,,34,GENERAL,60,68,64.0,2
2023,RESERVE,FULL,B036,,,38,GENERAL,39,74,56.5,2
2023,RESERVE,FULL,B036,,,45,GENERAL,58,58,58.0,1
2023,RESERVE,FULL,B036,,,47,GENERAL,65,65,65.0,1
2023,RESERVE,FULL,B036,,,79,GENERAL,66,66,66.0,1
2023,RESERVE,FULL,B036,,,93,GENERAL,90,90,90.0,1
2023,RESERVE,FULL,B036,,,158,GENERAL,64,64,64.0,1
2023,RESERVE,FULL,B036,,,185,GENERAL,60,60,60.0,1
2023,RESERVE,FULL,B037,,,16,GENERAL,63,63,63.0,1
2023,RESERVE,FULL,B037,,,31,GENERAL,95,95,95.0,1
2023,RESERVE,FULL,B037,,,35,GENERAL,51,56,53.5,2
2023,RESERVE,FULL,B037,,,38,GENERAL,60,68,64.0,2
2023,RESERVE,FULL,B037,,,42,GENERAL,64,66,65.0,2
2023,RESERVE,FULL,B037,,,45,GENERAL,59,60,59.5,2
2023,RESERVE,FULL,B037,,,302,GENERAL,64,64,64.0,1
2023,RESERVE,FULL,B039,,,7,GENERAL,71,71,71.0,1
2023,RESERVE,FULL,B039,,,38,GENERAL,53,53,53.0,1
2023,RESERVE,FULL,B041,,,5,GENERAL,56,56,56.0,1
2023,RESERVE,FULL,B041,,,11,GENERAL,58,58,58.0,1
2023,RESERVE,FULL,B041,,,21,GENERAL,70,70,70.0,1
2023,RESERVE,FULL,B041,,,36,GENERAL,52,80,65.5,4
2023,RESERVE,FULL,B041,,,153,GENERAL,56,89,72.5,2
2023,RESERVE,FULL,B042,,,11,GENERAL,112,113,112.5,2
2023,RESERVE,FULL,B042,,,13,GENERAL,110,112,111.0,3
2023,RESERVE,FULL,B042,,,31,GENERAL,97,97,97.0,1
2023,RESERVE,FULL,B042,,,34,GENERAL,74,100,86.3,3
2023,RESERVE,FULL,B042,,,40,GENERAL,113,113,113.0,1
2023,RESERVE,FULL,B042,,,45,GENERAL,108,108,108.0,1
2023,RESERVE,FULL,B042,,,83,GENERAL,107,107,107.0,1
2023,RESERVE,FULL,B042,,,153,GENERAL,113,113,113.0,1
2023,RESERVE,FULL,B042,,,174,GENERAL,86,86,86.0,1
2023,RESERVE,FULL,B043,,,25,GENERAL,70,70,70.0,1
2023,RESERVE,FULL,B044,,,21,GENERAL,72,72,72.0,1
2023,RESERVE,FULL,B044,,,27,GENERAL,72,72,72.0,1
2023,RESERVE,FULL,B044,,,39,GENERAL,58,58,58.0,1
2023,RESERVE,FULL,B044,,,42,GENERAL,74,74,74.0,1
2023,RESERVE,FULL,B044,,,49,GENERAL,51,55,53.0,2
2023,RESERVE,FULL,B045,,,13,GENERAL,66,66,66.0,1
2023,RESERVE,FULL,B045,,,42,GENERAL,51,51,51.0,1
2023,RESERVE,FULL,B045,,,158,GENERAL,75,75,75.0,1
2023,RESERVE,FULL,B045,,,223,GENERAL,53,53,53.0,1
2023,RESERVE,FULL,B046,,,36,GENERAL,65,65,65.0,1
2023,RESERVE,FULL,B046,,,49,GENERAL,55,55,55.0,1
2023,RESERVE,FULL,B049,,,5,GENERAL,77,79,78.0,2
2023,RESERVE,FULL,B049,,,21,GENERAL,78,80,79.0,2
2023,RESERVE,FULL,B049,,,93,GENERAL,75,75,75.0,1
2023,RESERVE,FULL,B049,,,302,GENERAL,78,78,78.0,1
2023,RESERVE,FULL,B091,,,38,GENERAL,68,68,68.0,1
2023,RESERVE,FULL,B094,,,15,GENERAL,56,56,56.0,1
2023,RESERVE,FULL,B095,,,19,GENERAL,27,27,27.0,1
2023,RESERVE,FULL,B095,,,31,GENERAL,58,58,58.0,1
2023,RESERVE,FULL,B095,,,38,GENERAL,67,67,67.0,1
2023,RESERVE,FULL,B134,,,45,GENERAL,57,57,57.0,1
2023,RESERVE,FULL,B140,,,13,GENERAL,75,100,89.7,3
2023,RESERVE,FULL,B140,,,27,GENERAL,105,105,105.0,1
2023,RESERVE,FULL,B140,,,31,GENERAL,73,73,73.0,1
2023,RESERVE,FULL,B140,,,93,GENERAL,62,62,62.0,1
2023,RESERVE,FULL,B140,,,185,GENERAL,59,59,59.0,1
2023,RESERVE,FULL,B140,,,302,GENERAL,81,81,81.0,1
2023,RURAL_RELOCATION,FULL,B003,,Педагогика и методика начального обучения,11,GENERAL,76,76,76.0,1
2023,RURAL_RELOCATION,FULL,B003,,Педагогика и методика начального обучения,31,GENERAL,77,85,80.8,18
2023,RURAL_RELOCATION,FULL,B003,,Педагогика и методика начального обучения,35,GENERAL,75,78,75.5,10
2023,RURAL_RELOCATION,FULL,B003,,Педагогика и методика начального обучения,158,GENERAL,75,79,76.0,4
2023,RURAL_RELOCATION,FULL,B009,,Подготовка учителей математики,11,GENERAL,75,92,81.7,22
2023,RURAL_RELOCATION,FULL,B009,,Подготовка учителей математики,31,GENERAL,77,98,87.0,102
2023,RURAL_RELOCATION,FULL,B009,,Подготовка учителей математики,35,GENERAL,75,86,80.6,45
2023,RURAL_RELOCATION,FULL,B009,,Подготовка учителей математики,42,GENERAL,76,80,78.0,7
2023,RURAL_RELOCATION,FULL,B009,,Подготовка учителей математики,517,GENERAL,75,92,81.0,14
2023,RURAL_RELOCATION,FULL,B010,,Подготовка учителей физики,11,GENERAL,81,81,81.0,1
2023,RURAL_RELOCATION,FULL,B010,,Подготовка учителей физики,31,GENERAL,78,91,83.2,21
2023,RURAL_RELOCATION,FULL,B010,,Подготовка учителей физики,35,GENERAL,75,75,75.0,1
2023,RURAL_RELOCATION,FULL,B010,,Подготовка учителей физики,517,GENERAL,75,80,76.8,6
2023,RURAL_RELOCATION,FULL,B012,,Подготовка учителей химии,11,GENERAL,75,75,75.0,2
2023,RURAL_RELOCATION,FULL,B012,,Подготовка учителей химии,31,GENERAL,77,79,78.2,6
2023,RURAL_RELOCATION,FULL,B012,,Подготовка учителей химии,35,GENERAL,75,78,76.1,7
2023,RURAL_RELOCATION,FULL,B013,,Подготовка учителей биологии,31,GENERAL,77,83,79.4,25
2023,RURAL_RELOCATION,FULL,B013,,Подготовка учителей биологии,35,GENERAL,75,76,75.4,10
2023,RURAL_RELOCATION,FULL,B013,,Подготовка учителей биологии,40,GENERAL,75,75,75.0,2
2023,RURAL_RELOCATION,FULL,B013,,Подготовка учителей биологии,517,GENERAL,75,77,75.7,3
2023,RURAL_RELOCATION,FULL,B014,,Подготовка учителей географии,11,GENERAL,75,83,78.0,4
2023,RURAL_RELOCATION,FULL,B014,,Подготовка учителей географии,31,GENERAL,77,92,83.0,20
2023,RURAL_RELOCATION,FULL,B014,,Подготовка учителей географии,35,GENERAL,75,85,79.2,19
2023,RURAL_RELOCATION,FULL,B014,,Подготовка учителей географии,36,GENERAL,75,80,77.2,4
2023,RURAL_RELOCATION,FULL,B014,,Подготовка учителей географии,141,GENERAL,75,82,79.3,3
2023,RURAL_RELOCATION,FULL,B014,,Подготовка учителей географии,517,GENERAL,75,85,79.9,7
2023,RURAL_RELOCATION,FULL,B015,,Подготовка учителей по гуманитарным предметам,11,GENERAL,75,82,79.7,6
2023,RURAL_RELOCATION,FULL,B015,,Подготовка учителей по гуманитарным предметам,31,GENERAL,77,86,81.4,39
2023,RURAL_RELOCATION,FULL,B015,,Подготовка учителей по гуманитарным предметам,35,GENERAL,75,88,79.7,29
2023,RURAL_RELOCATION,FULL,B015,,Подготовка учителей по гуманитарным предметам,36,GENERAL,75,86,79.2,5
2023,RURAL_RELOCATION,FULL,B015,,Подготовка учителей по гуманитарным предметам,40,GENERAL,75,84,78.8,5
2023,RURAL_RELOCATION,FULL,B015,,Подготовка учителей по гуманитарным предметам,42,GENERAL,76,79,77.8,4
2023,RURAL_RELOCATION,FULL,B015,,Подготовка учителей по гуманитарным предметам,158,GENERAL,76,85,81.7,3
2023,RURAL_RELOCATION,FULL,B015,,Подготовка учителей по гуманитарным предметам,517,GENERAL,75,79,76.7,3
2023,RURAL_RELOCATION,FULL,B016,,Подготовка учителей казахского языка и литературы,8,GENERAL,85,86,85.5,2
2023,RURAL_RELOCATION,FULL,B016,,Подготовка учителей казахского языка и литературы,11,GENERAL,75,94,82.7,27
2023,RURAL_RELOCATION,FULL,B016,,Подготовка учителей казахского языка и литературы,31,GENERAL,77,108,91.2,201
2023,RURAL_RELOCATION,FULL,B016,,Подготовка учителей казахского языка и литературы,35,GENERAL,75,103,88.5,141
2023,RURAL_RELOCATION,FULL,B016,,Подготовка учителей казахского языка и литературы,36,GENERAL,76,88,80.5,8
2023,RURAL_RELOCATION,FULL,B016,,Подготовка учителей казахского языка и литературы,40,GENERAL,77,95,87.4,8
2023,RURAL_RELOCATION,FULL,B016,,Подготовка учителей казахского языка и литературы,42,GENERAL,75,97,85.5,19
2023,RURAL_RELOCATION,FULL,B016,,Подготовка учителей казахского языка и литературы,517,GENERAL,75,93,85.2,14
2023,RURAL_RELOCATION,FULL,B017,,Подготовка учителей русского языка и литературы,35,GENERAL,75,76,75.5,2
2023,RURAL_RELOCATION,FULL,B018,,Подготовка учителей иностранного языка,8,GENERAL,75,87,80.6,15
2023,RURAL_RELOCATION,FULL,B018,,Подготовка учителей иностранного языка,11,GENERAL,75,98,83.8,41
2023,RURAL_RELOCATION,FULL,B018,,Подготовка учителей иностранного языка,31,GENERAL,77,109,91.9,332
2023,RURAL_RELOCATION,FULL,B018,,Подготовка учителей иностранного языка,35,GENERAL,75,104,88.0,188
2023,RURAL_RELOCATION,FULL,B018,,Подготовка учителей иностранного языка,36,GENERAL,75,97,84.7,39
2023,RURAL_RELOCATION,FULL,B018,,Подготовка учителей иностранного языка,40,GENERAL,75,102,84.6,23
2023,RURAL_RELOCATION,FULL,B018,,Подготовка учителей иностранного языка,42,GENERAL,75,95,83.5,39
2023,RURAL_RELOCATION,FULL,B018,,Подготовка учителей иностранного языка,158,GENERAL,75,115,83.1,20
2023,RURAL_RELOCATION,FULL,B018,,Подготовка учителей иностранного языка,517,GENERAL,75,96,84.2,33
2023,RURAL_RELOCATION,FULL,B020,,Специальная педагогика,517,GENERAL,76,76,76.0,1
2023,RURAL_RELOCATION,FULL,B057,,Информационные технологии,11,GENERAL,50,50,50.0,2
2023,RURAL_RELOCATION,FULL,B057,,Информационные технологии,12,GENERAL,50,52,51.0,2
2023,RURAL_RELOCATION,FULL,B057,,Информационные технологии,33,GENERAL,50,53,51.5,11
2023,RURAL_RELOCATION,FULL,B057,,Информационные технологии,35,GENERAL,51,52,51.3,3
2023,RURAL_RELOCATION,FULL,B057,,Информационные технологии,36,GENERAL,50,50,50.0,1
2023,RURAL_RELOCATION,FULL,B057,,Информационные технологии,38,GENERAL,51,51,51.0,1
2023,RURAL_RELOCATION,FULL,B057,,Информационные технологии,141,GENERAL,50,52,51.3,3
2023,RURAL_RELOCATION,FULL,B058,,Информационная безопасность,32,GENERAL,50,60,53.2,24
2023,RURAL_RELOCATION,FULL,B059,,Коммуникации и коммуникационные технологии,12,GENERAL,51,55,53.0,4
2023,RURAL_RELOCATION,FULL,B059,,Коммуникации и коммуникационные технологии,31,GENERAL,55,55,55.0,1
2023,RURAL_RELOCATION,FULL,B059,,Коммуникации и коммуникационные технологии,38,GENERAL,53,54,53.8,4
2023,RURAL_RELOCATION,FULL,B063,,Электротехника и автоматизация,32,GENERAL,51,51,51.0,1
2023,RURAL_RELOCATION,FULL,B063,,Электротехника и автоматизация,38,GENERAL,50,54,52.0,4
2023,RURAL_RELOCATION,FULL,B063,,Электротехника и автоматизация,140,GENERAL,53,53,53.0,1
2023,RURAL_RELOCATION,FULL,B071,,Горное дело и добыча полезных ископаемых,35,GENERAL,50,50,50.0,1
2023,RURAL_RELOCATION,FULL,B072,,Технология фармацевтического производства,31,GENERAL,60,69,64.6,118
2023,RURAL_RELOCATION,FULL,B072,,Технология фармацевтического производства,33,GENERAL,50,69,59.2,154
2023,RURAL_RELOCATION,FULL,B073,,Архитектура,38,GENERAL,84,95,89.5,2
2023,RURAL_RELOCATION,FULL,B074,,"Градостроительство, строительные работы и гражданское строительство",33,GENERAL,50,50,50.0,2
2023,RURAL_RELOCATION,FULL,B074,,"Градостроительство, строительные работы и гражданское строительство",35,GENERAL,50,51,50.5,2
2023,RURAL_RELOCATION,FULL,B075,,Кадастр и землеустройство,12,GENERAL,51,78,64.0,30
2023,RURAL_RELOCATION,FULL,B076,,"Стандартизация, сертификация и метрология (по отраслям)",32,GENERAL,51,57,54.0,2
2023,RURAL_RELOCATION,FULL,B076,,"Стандартизация, сертификация и метрология (по отраслям)",33,GENERAL,54,56,54.8,4
2023,RURAL_RELOCATION,FULL,B079,,Лесное хозяйство,12,GENERAL,52,64,58.0,23
2023,RURAL_RELOCATION,FULL,B079,,Лесное хозяйство,35,GENERAL,52,58,55.6,49
2023,SOCIAL_QUOTA,FULL,B001,,,3,GENERAL,88,88,88.0,1
2023,SOCIAL_QUOTA,FULL,B001,,,15,GENERAL,83,83,83.0,1
2023,SOCIAL_QUOTA,FULL,B003,,,5,GENERAL,78,78,78.0,1
2023,SOCIAL_QUOTA,FULL,B003,,,7,GENERAL,87,92,89.0,3
2023,SOCIAL_QUOTA,FULL,B003,,,25,GENERAL,84,84,84.0,1
2023,SOCIAL_QUOTA,FULL,B003,,,196,GENERAL,80,80,80.0,1
2023,SOCIAL_QUOTA,FULL,B005,,,3,GENERAL,88,111,102.9,8
2023,SOCIAL_QUOTA,FULL,B005,,,5,GENERAL,98,114,106.8,5
2023,SOCIAL_QUOTA,FULL,B005,,,7,GENERAL,98,120,112.5,101
2023,SOCIAL_QUOTA,FULL,B005,,,8,GENERAL,110,110,110.0,1
2023,SOCIAL_QUOTA,FULL,B005,,,10,GENERAL,108,113,110.3,21
2023,SOCIAL_QUOTA,FULL,B005,,,11,GENERAL,107,119,114.1,36
2023,SOCIAL_QUOTA,FULL,B005,,,13,GENERAL,100,119,111.8,58
2023,SOCIAL_QUOTA,FULL,B005,,,14,GENERAL,96,96,96.0,1
2023,SOCIAL_QUOTA,FULL,B005,,,15,GENERAL,43,116,107.2,15
2023,SOCIAL_QUOTA,FULL,B005,,,16,GENERAL,105,119,113.3,23
2023,SOCIAL_QUOTA,FULL,B005,,,20,GENERAL,100,120,113.1,309
2023,SOCIAL_QUOTA,FULL,B005,,,25,GENERAL,96,118,110.5,13
2023,SOCIAL_QUOTA,FULL,B005,,,31,GENERAL,80,119,106.7,47
2023,SOCIAL_QUOTA,FULL,B005,,,34,GENERAL,105,119,113.9,98
2023,SOCIAL_QUOTA,FULL,B005,,,35,GENERAL,99,119,112.5,13
2023,SOCIAL_QUOTA,FULL,B005,,,36,GENERAL,98,119,110.1,7
2023,SOCIAL_QUOTA,FULL,B005,,,37,GENERAL,96,117,112.5,62
2023,SOCIAL_QUOTA,FULL,B005,,,40,GENERAL,80,118,108.7,10
2023,SOCIAL_QUOTA,FULL,B005,,,42,GENERAL,102,114,109.9,18
2023,SOCIAL_QUOTA,FULL,B005,,,43,GENERAL,103,119,112.9,60
2023,SOCIAL_QUOTA,FULL,B005,,,45,GENERAL,86,120,110.9,158
2023,SOCIAL_QUOTA,FULL,B005,,,143,GENERAL,97,117,110.9,25
2023,SOCIAL_QUOTA,FULL,B005,,,153,GENERAL,113,118,115.4,5
2023,SOCIAL_QUOTA,FULL,B005,,,158,GENERAL,109,117,114.0,6
2023,SOCIAL_QUOTA,FULL,B005,,,196,GENERAL,42,118,109.0,107
2023,SOCIAL_QUOTA,FULL,B005,,,198,GENERAL,115,115,115.0,1
2023,SOCIAL_QUOTA,FULL,B005,,,202,GENERAL,100,100,100.0,1
2023,SOCIAL_QUOTA,FULL,B005,,,223,GENERAL,112,117,114.6,5
2023,SOCIAL_QUOTA,FULL,B005,,,501,GENERAL,110,118,114.1,7
2023,SOCIAL_QUOTA,FULL,B005,,,517,GENERAL,98,118,111.8,34
2023,SOCIAL_QUOTA,FULL,B005,,,527,GENERAL,106,115,111.9,42
2023,SOCIAL_QUOTA,FULL,B006,,,5,GENERAL,102,107,104.5,2
2023,SOCIAL_QUOTA,FULL,B006,,,7,GENERAL,103,117,112.2,10
2023,SOCIAL_QUOTA,FULL,B006,,,11,GENERAL,108,108,108.0,1
2023,SOCIAL_QUOTA,FULL,B006,,,25,GENERAL,113,119,115.8,9
2023,SOCIAL_QUOTA,FULL,B006,,,34,GENERAL,107,118,112.1,8
2023,SOCIAL_QUOTA,FULL,B006,,,36,GENERAL,111,117,115.5,6
2023,SOCIAL_QUOTA,FULL,B006,,,37,GENERAL,108,116,112.1,8
2023,SOCIAL_QUOTA,FULL,B006,,,40,GENERAL,111,114,112.2,4
2023,SOCIAL_QUOTA,FULL,B006,,,42,GENERAL,117,117,117.0,1
2023,SOCIAL_QUOTA,FULL,B006,,,43,GENERAL,110,117,112.9,8
2023,SOCIAL_QUOTA,FULL,B006,,,45,GENERAL,103,118,112.8,12
2023,SOCIAL_QUOTA,FULL,B006,,,143,GENERAL,108,114,111.4,5
2023,SOCIAL_QUOTA,FULL,B006,,,185,GENERAL,108,117,112.8,4
2023,SOCIAL_QUOTA,FULL,B006,,,196,GENERAL,99,118,112.1,15
2023,SOCIAL_QUOTA,FULL,B006,,,517,GENERAL,106,117,111.1,7
2023,SOCIAL_QUOTA,FULL,B009,,,5,GENERAL,98,98,98.0,1
2023,SOCIAL_QUOTA,FULL,B009,,,7,GENERAL,76,125,105.2,22
2023,SOCIAL_QUOTA,FULL,B009,,,11,GENERAL,90,90,90.0,1
2023,SOCIAL_QUOTA,FULL,B009,,,13,GENERAL,99,125,114.9,8
2023,SOCIAL_QUOTA,FULL,B009,,,25,GENERAL,86,124,107.0,8
2023,SOCIAL_QUOTA,FULL,B009,,,34,GENERAL,99,100,99.5,2
2023,SOCIAL_QUOTA,FULL,B009,,,45,GENERAL,79,79,79.0,1
2023,SOCIAL_QUOTA,FULL,B009,,,185,GENERAL,99,122,110.5,2
2023,SOCIAL_QUOTA,FULL,B009,,,196,GENERAL,77,77,77.0,1
2023,SOCIAL_QUOTA,FULL,B009,,,302,GENERAL,98,127,119.5,19
2023,SOCIAL_QUOTA,FULL,B010,,,5,GENERAL,77,77,77.0,1
2023,SOCIAL_QUOTA,FULL,B010,,,7,GENERAL,84,84,84.0,1
2023,SOCIAL_QUOTA,FULL,B010,,,13,GENERAL,80,108,89.7,3
2023,SOCIAL_QUOTA,FULL,B010,,,31,GENERAL,88,88,88.0,1
2023,SOCIAL_QUOTA,FULL,B011,,,13,GENERAL,82,87,84.5,2
2023,SOCIAL_QUOTA,FULL,B012,,,7,GENERAL,87,105,95.3,6
2023,SOCIAL_QUOTA,FULL,B012,,,25,GENERAL,83,104,93.5,2
2023,SOCIAL_QUOTA,FULL,B012,,,34,GENERAL,86,86,86.0,1
2023,SOCIAL_QUOTA,FULL,B012,,,42,GENERAL,76,76,76.0,1
2023,SOCIAL_QUOTA,FULL,B012,,,185,GENERAL,92,105,98.5,2
2023,SOCIAL_QUOTA,FULL,B012,,,302,GENERAL,91,91,91.0,1
2023,SOCIAL_QUOTA,FULL,B013,,,5,GENERAL,85,85,85.0,2
2023,SOCIAL_QUOTA,FULL,B013,,,7,GENERAL,80,80,80.0,1
2023,SOCIAL_QUOTA,FULL,B013,,,25,GENERAL,77,81,79.3,3
2023,SOCIAL_QUOTA,FULL,B013,,,37,GENERAL,84,84,84.0,1
2023,SOCIAL_QUOTA,FULL,B013,,,185,GENERAL,81,81,81.0,1
2023,SOCIAL_QUOTA,FULL,B014,,,5,GENERAL,83,83,83.0,1
2023,SOCIAL_QUOTA,FULL,B014,,,7,GENERAL,82,82,82.0,1
2023,SOCIAL_QUOTA,FULL,B014,,,13,GENERAL,82,99,90.5,2
2023,SOCIAL_QUOTA,FULL,B014,,,25,GENERAL,83,83,83.0,1
2023,SOCIAL_QUOTA,FULL,B014,,,36,GENERAL,89,89,89.0,1
2023,SOCIAL_QUOTA,FULL,B014,,,196,GENERAL,82,82,82.0,1
2023,SOCIAL_QUOTA,FULL,B015,,,7,GENERAL,80,104,93.4,5
2023,SOCIAL_QUOTA,FULL,B015,,,25,GENERAL,81,91,86.0,2
2023,SOCIAL_QUOTA,FULL,B015,,,31,GENERAL,94,94,94.0,1
2023,SOCIAL_QUOTA,FULL,B015,,,34,GENERAL,86,86,86.0,1
2023,SOCIAL_QUOTA,FULL,B015,,,196,GENERAL,100,100,100.0,1
2023,SOCIAL_QUOTA,FULL,B016,,,7,GENERAL,78,114,101.3,15
2023,SOCIAL_QUOTA,FULL,B016,,,10,GENERAL,79,79,79.0,1
2023,SOCIAL_QUOTA,FULL,B016,,,13,GENERAL,89,111,100.8,10
2023,SOCIAL_QUOTA,FULL,B016,,,15,GENERAL,81,81,81.0,1
2023,SOCIAL_QUOTA,FULL,B016,,,16,GENERAL,90,90,90.0,1
2023,SOCIAL_QUOTA,FULL,B016,,,25,GENERAL,76,113,95.9,17
2023,SOCIAL_QUOTA,FULL,B016,,,31,GENERAL,87,87,87.0,1
2023,SOCIAL_QUOTA,FULL,B016,,,37,GENERAL,90,90,90.0,1
2023,SOCIAL_QUOTA,FULL,B016,,,40,GENERAL,89,89,89.0,1
2023,SOCIAL_QUOTA,FULL,B016,,,45,GENERAL,99,99,99.0,1
2023,SOCIAL_QUOTA,FULL,B016,,,47,GENERAL,79,79,79.0,1
2023,SOCIAL_QUOTA,FULL,B016,,,185,GENERAL,82,82,82.0,1
2023,SOCIAL_QUOTA,FULL,B016,,,196,GENERAL,87,99,93.0,2
2023,SOCIAL_QUOTA,FULL,B016,,,223,GENERAL,82,82,82.0,1
2023,SOCIAL_QUOTA,FULL,B017,,,185,GENERAL,76,76,76.0,1
2023,SOCIAL_QUOTA,FULL,B018,,,3,GENERAL,83,83,83.0,2
2023,SOCIAL_QUOTA,FULL,B018,,,7,GENERAL,75,120,90.3,42
2023,SOCIAL_QUOTA,FULL,B018,,,13,GENERAL,82,118,98.8,17
2023,SOCIAL_QUOTA,FULL,B018,,,15,GENERAL,92,92,92.0,1
2023,SOCIAL_QUOTA,FULL,B018,,,23,GENERAL,100,121,109.4,11
2023,SOCIAL_QUOTA,FULL,B018,,,25,GENERAL,76,122,95.0,18
2023,SOCIAL_QUOTA,FULL,B018,,,31,GENERAL,79,101,89.0,4
2023,SOCIAL_QUOTA,FULL,B018,,,34,GENERAL,92,106,99.3,3
2023,SOCIAL_QUOTA,FULL,B018,,,35,GENERAL,88,96,92.0,2
2023,SOCIAL_QUOTA,FULL,B018,,,37,GENERAL,82,84,83.0,2
2023,SOCIAL_QUOTA,FULL,B018,,,40,GENERAL,84,84,84.0,1
2023,SOCIAL_QUOTA,FULL,B018,,,43,GENERAL,106,106,106.0,1
2023,SOCIAL_QUOTA,FULL,B018,,,45,GENERAL,77,82,79.0,3
2023,SOCIAL_QUOTA,FULL,B018,,,153,GENERAL,107,107,107.0,1
2023,SOCIAL_QUOTA,FULL,B018,,,185,GENERAL,39,119,87.7,3
2023,SOCIAL_QUOTA,FULL,B018,,,196,GENERAL,76,109,88.3,6
2023,SOCIAL_QUOTA,FULL,B018,,,302,GENERAL,121,122,121.4,7
2023,SOCIAL_QUOTA,FULL,B020,,,5,GENERAL,84,84,84.0,1
2023,SOCIAL_QUOTA,FULL,B020,,,25,GENERAL,81,81,81.0,1
2023,SOCIAL_QUOTA,FULL,B021,,,10,GENERAL,110,110,110.0,1
2023,SOCIAL_QUOTA,FULL,B021,,,38,GENERAL,113,113,113.0,2
2023,SOCIAL_QUOTA,FULL,B027,,,38,GENERAL,111,111,111.0,1
2023,SOCIAL_QUOTA,FULL,B027,,,45,GENERAL,112,112,112.0,1
2023,SOCIAL_QUOTA,FULL,B027,,,93,GENERAL,108,108,108.0,1
2023,SOCIAL_QUOTA,FULL,B028,,,7,GENERAL,117,117,117.0,1
2023,SOCIAL_QUOTA,FULL,B028,,,16,GENERAL,105,105,105.0,1
2023,SOCIAL_QUOTA,FULL,B028,,,25,GENERAL,104,117,111.3,3
2023,SOCIAL_QUOTA,FULL,B028,,,43,GENERAL,117,117,117.0,1
2023,SOCIAL_QUOTA,FULL,B028,,,45,GENERAL,116,116,116.0,3
2023,SOCIAL_QUOTA,FULL,B029,,,7,GENERAL,114,117,115.5,2
2023,SOCIAL_QUOTA,FULL,B029,,,13,GENERAL,104,117,113.1,13
2023,SOCIAL_QUOTA,FULL,B029,,,27,GENERAL,104,118,114.0,21
2023,SOCIAL_QUOTA,FULL,B029,,,93,GENERAL,111,111,111.0,1
2023,SOCIAL_QUOTA,FULL,B030,,,7,GENERAL,111,111,111.0,1
2023,SOCIAL_QUOTA,FULL,B030,,,45,GENERAL,103,108,105.5,2
2023,SOCIAL_QUOTA,FULL,B031,,,5,GENERAL,116,118,117.0,2
2023,SOCIAL_QUOTA,FULL,B031,,,7,GENERAL,108,118,114.9,9
2023,SOCIAL_QUOTA,FULL,B031,,,10,GENERAL,113,116,114.7,3
2023,SOCIAL_QUOTA,FULL,B031,,,13,GENERAL,104,119,113.6,25
2023,SOCIAL_QUOTA,FULL,B031,,,15,GENERAL,110,118,114.0,2
2023,SOCIAL_QUOTA,FULL,B031,,,16,GENERAL,116,118,117.0,3
2023,SOCIAL_QUOTA,FULL,B031,,,22,GENERAL,109,120,116.1,19
2023,SOCIAL_QUOTA,FULL,B031,,,27,GENERAL,116,117,116.3,3
2023,SOCIAL_QUOTA,FULL,B031,,,34,GENERAL,116,118,117.2,5
2023,SOCIAL_QUOTA,FULL,B031,,,37,GENERAL,108,118,115.4,8
2023,SOCIAL_QUOTA,FULL,B031,,,38,GENERAL,118,118,118.0,1
2023,SOCIAL_QUOTA,FULL,B031,,,42,GENERAL,118,118,118.0,1
2023,SOCIAL_QUOTA,FULL,B031,,,43,GENERAL,117,117,117.0,1
2023,SOCIAL_QUOTA,FULL,B031,,,45,GENERAL,109,120,115.9,20
2023,SOCIAL_QUOTA,FULL,B031,,,53,GENERAL,107,119,115.1,9
2023,SOCIAL_QUOTA,FULL,B031,,,143,GENERAL,113,118,115.5,2
2023,SOCIAL_QUOTA,FULL,B031,,,182,GENERAL,116,116,116.0,1
2023,SOCIAL_QUOTA,FULL,B031,,,184,GENERAL,105,118,113.3,3
2023,SOCIAL_QUOTA,FULL,B031,,,185,GENERAL,117,117,117.0,1
2023,SOCIAL_QUOTA,FULL,B033,,,11,GENERAL,116,116,116.0,1
2023,SOCIAL_QUOTA,FULL,B033,,,13,GENERAL,106,116,111.0,2
2023,SOCIAL_QUOTA,FULL,B033,,,27,GENERAL,109,117,113.0,4
2023,SOCIAL_QUOTA,FULL,B033,,,31,GENERAL,110,118,115.0,6
2023,SOCIAL_QUOTA,FULL,B033,,,37,GENERAL,112,118,115.5,4
2023,SOCIAL_QUOTA,FULL,B033,,,503,GENERAL,105,124,113.0,23
2023,SOCIAL_QUOTA,FULL,B036,,,25,GENERAL,72,72,72.0,1
2023,SOCIAL_QUOTA,FULL,B036,,,31,GENERAL,65,65,65.0,1
2023,SOCIAL_QUOTA,FULL,B036,,,35,GENERAL,61,61,61.0,1
2023,SOCIAL_QUOTA,FULL,B036,,,153,GENERAL,101,101,101.0,1
2023,SOCIAL_QUOTA,FULL,B040,,,13,GENERAL,112,112,112.0,1
2023,SOCIAL_QUOTA,FULL,B041,,,21,GENERAL,85,85,85.0,1
2023,SOCIAL_QUOTA,FULL,B041,,,184,GENERAL,59,59,59.0,1
2023,SOCIAL_QUOTA,FULL,B042,,,10,GENERAL,114,114,114.0,1
2023,SOCIAL_QUOTA,FULL,B042,,,11,GENERAL,114,120,117.7,3
2023,SOCIAL_QUOTA,FULL,B042,,,13,GENERAL,102,120,109.6,25
2023,SOCIAL_QUOTA,FULL,B042,,,15,GENERAL,110,116,114.0,4
2023,SOCIAL_QUOTA,FULL,B042,,,27,GENERAL,112,120,116.9,19
2023,SOCIAL_QUOTA,FULL,B042,,,31,GENERAL,101,119,108.4,5
2023,SOCIAL_QUOTA,FULL,B042,,,34,GENERAL,120,120,120.0,1
2023,SOCIAL_QUOTA,FULL,B042,,,36,GENERAL,115,120,117.0,3
2023,SOCIAL_QUOTA,FULL,B042,,,37,GENERAL,115,119,117.2,4
2023,SOCIAL_QUOTA,FULL,B042,,,38,GENERAL,110,117,113.0,4
2023,SOCIAL_QUOTA,FULL,B042,,,40,GENERAL,112,116,114.0,2
2023,SOCIAL_QUOTA,FULL,B042,,,43,GENERAL,113,118,115.2,4
2023,SOCIAL_QUOTA,FULL,B042,,,45,GENERAL,103,120,114.0,17
2023,SOCIAL_QUOTA,FULL,B042,,,69,GENERAL,110,118,115.2,4
2023,SOCIAL_QUOTA,FULL,B042,,,93,GENERAL,108,111,109.5,2
2023,SOCIAL_QUOTA,FULL,B042,,,174,GENERAL,115,124,118.4,5
2023,SOCIAL_QUOTA,FULL,B042,,,190,GENERAL,116,119,117.3,3
2023,SOCIAL_QUOTA,FULL,B042,,,302,GENERAL,116,119,117.5,6
2023,SOCIAL_QUOTA,FULL,B042,,,522,GENERAL,120,120,120.0,1
2023,SOCIAL_QUOTA,FULL,B044,,,2,GENERAL,111,111,111.0,1
2023,SOCIAL_QUOTA,FULL,B044,,,5,GENERAL,100,100,100.0,1
2023,SOCIAL_QUOTA,FULL,B044,,,11,GENERAL,111,111,111.0,1
2023,SOCIAL_QUOTA,FULL,B044,,,13,GENERAL,69,118,100.8,8
2023,SOCIAL_QUOTA,FULL,B044,,,21,GENERAL,89,118,109.4,12
2023,SOCIAL_QUOTA,FULL,B044,,,27,GENERAL,70,119,102.5,14
2023,SOCIAL_QUOTA,FULL,B044,,,37,GENERAL,95,117,106.0,3
2023,SOCIAL_QUOTA,FULL,B044,,,38,GENERAL,71,75,73.0,2
2023,SOCIAL_QUOTA,FULL,B044,,,45,GENERAL,82,116,99.0,2
2023,SOCIAL_QUOTA,FULL,B044,,,49,GENERAL,92,92,92.0,1
2023,SOCIAL_QUOTA,FULL,B044,,,83,GENERAL,114,119,117.5,4
2023,SOCIAL_QUOTA,FULL,B044,,,93,GENERAL,92,92,92.0,1
2023,SOCIAL_QUOTA,FULL,B044,,,302,GENERAL,105,119,114.1,12
2023,SOCIAL_QUOTA,FULL,B044,,,421,GENERAL,103,118,111.1,8
2023,SOCIAL_QUOTA,FULL,B044,,,522,GENERAL,90,119,108.7,3
2023,SOCIAL_QUOTA,FULL,B045,,,21,GENERAL,100,112,107.7,3
2023,SOCIAL_QUOTA,FULL,B045,,,27,GENERAL,100,100,100.0,1
2023,SOCIAL_QUOTA,FULL,B045,,,45,GENERAL,68,68,68.0,1
2023,SOCIAL_QUOTA,FULL,B045,,,53,GENERAL,60,62,61.0,2
2023,SOCIAL_QUOTA,FULL,B045,,,160,GENERAL,88,88,88.0,1
2023,SOCIAL_QUOTA,FULL,B045,,,302,GENERAL,111,113,112.0,2
2023,SOCIAL_QUOTA,FULL,B045,,,421,GENERAL,111,113,112.0,2
2023,SOCIAL_QUOTA,FULL,B046,,,3,GENERAL,56,56,56.0,1
2023,SOCIAL_QUOTA,FULL,B046,,,13,GENERAL,66,110,82.5,11
2023,SOCIAL_QUOTA,FULL,B046,,,21,GENERAL,96,112,105.5,6
2023,SOCIAL_QUOTA,FULL,B046,,,27,GENERAL,87,112,104.2,4
2023,SOCIAL_QUOTA,FULL,B046,,,29,GENERAL,90,90,90.0,1
2023,SOCIAL_QUOTA,FULL,B046,,,31,GENERAL,59,61,60.0,2
2023,SOCIAL_QUOTA,FULL,B046,,,43,GENERAL,62,62,62.0,1
2023,SOCIAL_QUOTA,FULL,B046,,,45,GENERAL,57,112,76.7,3
2023,SOCIAL_QUOTA,FULL,B046,,,53,GENERAL,56,94,75.0,2
2023,SOCIAL_QUOTA,FULL,B046,,,69,GENERAL,84,84,84.0,1
2023,SOCIAL_QUOTA,FULL,B046,,,83,GENERAL,112,113,112.5,2
2023,SOCIAL_QUOTA,FULL,B046,,,174,GENERAL,85,111,104.7,6
2023,SOCIAL_QUOTA,FULL,B046,,,302,GENERAL,82,112,105.8,6
2023,SOCIAL_QUOTA,FULL,B046,,,421,GENERAL,112,113,112.5,2
2023,SOCIAL_QUOTA,FULL,B047,,,27,GENERAL,102,102,102.0,1
2023,SOCIAL_QUOTA,FULL,B047,,,69,GENERAL,97,111,104.0,2
2023,SOCIAL_QUOTA,FULL,B047,,,83,GENERAL,110,110,110.0,1
2023,SOCIAL_QUOTA,FULL,B047,,,302,GENERAL,109,109,109.0,1
2023,SOCIAL_QUOTA,FULL,B047,,,421,GENERAL,111,111,111.0,1
2023,SOCIAL_QUOTA,FULL,B048,,,21,GENERAL,78,78,78.0,1
2023,SOCIAL_QUOTA,FULL,B049,,,5,GENERAL,81,98,88.2,4
2023,SOCIAL_QUOTA,FULL,B049,,,10,GENERAL,114,114,114.0,1
2023,SOCIAL_QUOTA,FULL,B049,,,13,GENERAL,85,115,100.3,6
2023,SOCIAL_QUOTA,FULL,B049,,,21,GENERAL,82,113,101.0,3
2023,SOCIAL_QUOTA,FULL,B049,,,27,GENERAL,105,116,111.1,7
2023,SOCIAL_QUOTA,FULL,B049,,,93,GENERAL,95,95,95.0,1
2023,SOCIAL_QUOTA,FULL,B049,,,302,GENERAL,90,114,102.0,2
2023,SOCIAL_QUOTA,FULL,B050,,,2,GENERAL,58,78,71.9,12
2023,SOCIAL_QUOTA,FULL,B050,,,5,GENERAL,50,78,69.6,14
2023,SOCIAL_QUOTA,FULL,B050,,,7,GENERAL,68,79,74.1,27
2023,SOCIAL_QUOTA,FULL,B050,,,11,GENERAL,60,72,66.0,2
2023,SOCIAL_QUOTA,FULL,B050,,,13,GENERAL,71,85,76.0,34
2023,SOCIAL_QUOTA,FULL,B050,,,24,GENERAL,72,79,74.4,5
2023,SOCIAL_QUOTA,FULL,B050,,,25,GENERAL,66,78,74.6,33
2023,SOCIAL_QUOTA,FULL,B050,,,27,GENERAL,72,84,77.7,21
2023,SOCIAL_QUOTA,FULL,B050,,,29,GENERAL,72,77,74.5,2
2023,SOCIAL_QUOTA,FULL,B050,,,30,GENERAL,72,79,74.7,7
2023,SOCIAL_QUOTA,FULL,B050,,,31,GENERAL,57,80,70.3,12
2023,SOCIAL_QUOTA,FULL,B050,,,35,GENERAL,74,77,75.5,2
2023,SOCIAL_QUOTA,FULL,B050,,,36,GENERAL,66,76,72.2,4
2023,SOCIAL_QUOTA,FULL,B050,,,37,GENERAL,60,79,72.6,14
2023,SOCIAL_QUOTA,FULL,B050,,,38,GENERAL,53,78,67.5,6
2023,SOCIAL_QUOTA,FULL,B050,,,40,GENERAL,69,74,71.5,2
2023,SOCIAL_QUOTA,FULL,B050,,,42,GENERAL,52,62,57.0,2
2023,SOCIAL_QUOTA,FULL,B050,,,43,GENERAL,77,77,77.0,1
2023,SOCIAL_QUOTA,FULL,B050,,,45,GENERAL,50,79,72.1,21
2023,SOCIAL_QUOTA,FULL,B050,,,49,GENERAL,53,76,64.0,5
2023,SOCIAL_QUOTA,FULL,B050,,,53,GENERAL,50,79,68.6,28
2023,SOCIAL_QUOTA,FULL,B050,,,141,GENERAL,73,78,75.5,2
2023,SOCIAL_QUOTA,FULL,B050,,,182,GENERAL,64,64,64.0,1
2023,SOCIAL_QUOTA,FULL,B050,,,185,GENERAL,55,79,69.1,7
2023,SOCIAL_QUOTA,FULL,B051,,,2,GENERAL,60,72,67.8,12
2023,SOCIAL_QUOTA,FULL,B051,,,3,GENERAL,55,72,66.8,5
2023,SOCIAL_QUOTA,FULL,B051,,,5,GENERAL,64,73,69.6,5
2023,SOCIAL_QUOTA,FULL,B051,,,7,GENERAL,65,70,67.3,3
2023,SOCIAL_QUOTA,FULL,B051,,,10,GENERAL,64,64,64.0,1
2023,SOCIAL_QUOTA,FULL,B051,,,11,GENERAL,52,73,65.0,5
2023,SOCIAL_QUOTA,FULL,B051,,,13,GENERAL,70,86,75.2,4
2023,SOCIAL_QUOTA,FULL,B051,,,16,GENERAL,66,73,69.5,2
2023,SOCIAL_QUOTA,FULL,B051,,,21,GENERAL,67,73,70.1,8
2023,SOCIAL_QUOTA,FULL,B051,,,24,GENERAL,65,73,69.2,5
2023,SOCIAL_QUOTA,FULL,B051,,,27,GENERAL,72,73,72.7,3
2023,SOCIAL_QUOTA,FULL,B051,,,29,GENERAL,73,73,73.0,1
2023,SOCIAL_QUOTA,FULL,B051,,,31,GENERAL,62,73,67.3,3
2023,SOCIAL_QUOTA,FULL,B051,,,34,GENERAL,64,70,66.7,6
2023,SOCIAL_QUOTA,FULL,B051,,,35,GENERAL,69,71,70.3,3
2023,SOCIAL_QUOTA,FULL,B051,,,36,GENERAL,62,63,62.7,3
2023,SOCIAL_QUOTA,FULL,B051,,,37,GENERAL,65,66,65.5,2
2023,SOCIAL_QUOTA,FULL,B051,,,38,GENERAL,70,72,70.7,3
2023,SOCIAL_QUOTA,FULL,B051,,,40,GENERAL,63,69,65.7,3
2023,SOCIAL_QUOTA,FULL,B051,,,42,GENERAL,55,61,58.0,2
2023,SOCIAL_QUOTA,FULL,B051,,,43,GENERAL,55,73,66.0,6
2023,SOCIAL_QUOTA,FULL,B051,,,45,GENERAL,56,77,66.0,20
2023,SOCIAL_QUOTA,FULL,B051,,,53,GENERAL,50,73,64.3,12
2023,SOCIAL_QUOTA,FULL,B051,,,182,GENERAL,59,59,59.0,1
2023,SOCIAL_QUOTA,FULL,B051,,,185,GENERAL,65,73,70.0,3
2023,SOCIAL_QUOTA,FULL,B052,,,5,GENERAL,74,74,74.0,1
2023,SOCIAL_QUOTA,FULL,B052,,,7,GENERAL,69,69,69.0,1
2023,SOCIAL_QUOTA,FULL,B052,,,13,GENERAL,75,93,86.2,5
2023,SOCIAL_QUOTA,FULL,B052,,,27,GENERAL,70,90,82.3,3
2023,SOCIAL_QUOTA,FULL,B052,,,29,GENERAL,70,81,75.5,2
2023,SOCIAL_QUOTA,FULL,B052,,,31,GENERAL,74,92,83.0,2
2023,SOCIAL_QUOTA,FULL,B052,,,185,GENERAL,70,70,70.0,1
2023,SOCIAL_QUOTA,FULL,B053,,,5,GENERAL,64,67,65.5,2
2023,SOCIAL_QUOTA,FULL,B053,,,7,GENERAL,65,72,66.5,6
2023,SOCIAL_QUOTA,FULL,B053,,,13,GENERAL,84,90,87.0,2
2023,SOCIAL_QUOTA,FULL,B053,,,16,GENERAL,59,59,59.0,1
2023,SOCIAL_QUOTA,FULL,B053,,,27,GENERAL,84,94,89.0,3
2023,SOCIAL_QUOTA,FULL,B053,,,31,GENERAL,57,74,65.5,2
2023,SOCIAL_QUOTA,FULL,B053,,,42,GENERAL,61,61,61.0,1
2023,SOCIAL_QUOTA,FULL,B053,,,43,GENERAL,65,65,65.0,1
2023,SOCIAL_QUOTA,FULL,B053,,,45,GENERAL,55,67,60.4,8
2023,SOCIAL_QUOTA,FULL,B054,,,7,GENERAL,66,67,66.5,2
2023,SOCIAL_QUOTA,FULL,B054,,,11,GENERAL,53,53,53.0,1
2023,SOCIAL_QUOTA,FULL,B054,,,13,GENERAL,71,78,74.0,3
2023,SOCIAL_QUOTA,FULL,B054,,,25,GENERAL,66,70,68.6,5
2023,SOCIAL_QUOTA,FULL,B054,,,27,GENERAL,74,80,77.0,2
2023,SOCIAL_QUOTA,FULL,B054,,,31,GENERAL,55,66,60.7,3
2023,SOCIAL_QUOTA,FULL,B054,,,35,GENERAL,74,74,74.0,1
2023,SOCIAL_QUOTA,FULL,B054,,,37,GENERAL,67,67,67.0,1
2023,SOCIAL_QUOTA,FULL,B054,,,45,GENERAL,68,68,68.0,1
2023,SOCIAL_QUOTA,FULL,B055,,,5,GENERAL,70,92,81.1,20
2023,SOCIAL_QUOTA,FULL,B055,,,7,GENERAL,65,96,85.4,152
2023,SOCIAL_QUOTA,FULL,B055,,,10,GENERAL,59,59,59.0,1
2023,SOCIAL_QUOTA,FULL,B055,,,11,GENERAL,79,89,84.0,2
2023,SOCIAL_QUOTA,FULL,B055,,,13,GENERAL,75,96,88.4,95
2023,SOCIAL_QUOTA,FULL,B055,,,21,GENERAL,72,96,86.1,90
2023,SOCIAL_QUOTA,FULL,B055,,,27,GENERAL,90,106,93.5,63
2023,SOCIAL_QUOTA,FULL,B055,,,31,GENERAL,61,96,83.6,22
2023,SOCIAL_QUOTA,FULL,B055,,,36,GENERAL,72,89,80.5,2
2023,SOCIAL_QUOTA,FULL,B055,,,37,GENERAL,64,95,81.9,26
2023,SOCIAL_QUOTA,FULL,B055,,,38,GENERAL,79,85,81.0,3
2023,SOCIAL_QUOTA,FULL,B055,,,43,GENERAL,62,96,78.4,16
2023,SOCIAL_QUOTA,FULL,B055,,,45,GENERAL,53,94,79.7,40
2023,SOCIAL_QUOTA,FULL,B055,,,154,GENERAL,85,85,85.0,1
2023,SOCIAL_QUOTA,FULL,B055,,,173,GENERAL,76,84,79.3,3
2023,SOCIAL_QUOTA,FULL,B055,,,223,GENERAL,52,52,52.0,1
2023,SOCIAL_QUOTA,FULL,B055,,,302,GENERAL,95,96,95.7,10
2023,SOCIAL_QUOTA,FULL,B056,,,13,GENERAL,65,68,66.7,3
2023,SOCIAL_QUOTA,FULL,B056,,,27,GENERAL,83,87,85.0,2
2023,SOCIAL_QUOTA,FULL,B056,,,31,GENERAL,62,62,62.0,1
2023,SOCIAL_QUOTA,FULL,B057,,,2,GENERAL,51,89,66.6,78
2023,SOCIAL_QUOTA,FULL,B057,,,3,GENERAL,52,93,64.2,10
2023,SOCIAL_QUOTA,FULL,B057,,,5,GENERAL,50,93,66.3,22
2023,SOCIAL_QUOTA,FULL,B057,,,9,GENERAL,25,67,54.2,6
2023,SOCIAL_QUOTA,FULL,B057,,,10,GENERAL,50,73,58.9,7
2023,SOCIAL_QUOTA,FULL,B057,,,11,GENERAL,69,83,76.0,2
2023,SOCIAL_QUOTA,FULL,B057,,,12,GENERAL,50,92,72.1,16
2023,SOCIAL_QUOTA,FULL,B057,,,13,GENERAL,70,112,82.2,146
2023,SOCIAL_QUOTA,FULL,B057,,,15,GENERAL,60,71,65.5,2
2023,SOCIAL_QUOTA,FULL,B057,,,16,GENERAL,51,75,63.0,2
2023,SOCIAL_QUOTA,FULL,B057,,,21,GENERAL,70,95,82.9,131
2023,SOCIAL_QUOTA,FULL,B057,,,24,GENERAL,65,68,66.5,2
2023,SOCIAL_QUOTA,FULL,B057,,,25,GENERAL,67,67,67.0,1
2023,SOCIAL_QUOTA,FULL,B057,,,27,GENERAL,85,106,90.6,26
2023,SOCIAL_QUOTA,FULL,B057,,,29,GENERAL,65,95,77.1,90
2023,SOCIAL_QUOTA,FULL,B057,,,31,GENERAL,61,89,70.8,11
2023,SOCIAL_QUOTA,FULL,B057,,,32,GENERAL,27,95,71.5,17
2023,SOCIAL_QUOTA,FULL,B057,,,33,GENERAL,51,84,64.7,12
2023,SOCIAL_QUOTA,FULL,B057,,,34,GENERAL,50,90,71.6,8
2023,SOCIAL_QUOTA,FULL,B057,,,35,GENERAL,62,95,76.0,6
2023,SOCIAL_QUOTA,FULL,B057,,,36,GENERAL,51,96,78.8,12
2023,SOCIAL_QUOTA,FULL,B057,,,37,GENERAL,66,82,71.8,12
2023,SOCIAL_QUOTA,FULL,B057,,,38,GENERAL,27,84,66.9,12
2023,SOCIAL_QUOTA,FULL,B057,,,40,GENERAL,55,82,68.0,3
2023,SOCIAL_QUOTA,FULL,B057,,,42,GENERAL,50,92,65.9,7
2023,SOCIAL_QUOTA,FULL,B057,,,43,GENERAL,51,95,68.8,20
2023,SOCIAL_QUOTA,FULL,B057,,,45,GENERAL,50,95,67.4,75
2023,SOCIAL_QUOTA,FULL,B057,,,49,GENERAL,50,87,62.5,34
2023,SOCIAL_QUOTA,FULL,B057,,,53,GENERAL,50,91,61.8,38
2023,SOCIAL_QUOTA,FULL,B057,,,57,GENERAL,70,88,76.2,12
2023,SOCIAL_QUOTA,FULL,B057,,,69,GENERAL,50,95,65.3,15
2023,SOCIAL_QUOTA,FULL,B057,,,82,GENERAL,74,74,74.0,1
2023,SOCIAL_QUOTA,FULL,B057,,,83,GENERAL,51,85,69.3,14
2023,SOCIAL_QUOTA,FULL,B057,,,93,GENERAL,54,83,68.8,11
2023,SOCIAL_QUOTA,FULL,B057,,,122,GENERAL,52,79,63.3,9
2023,SOCIAL_QUOTA,FULL,B057,,,141,GENERAL,58,82,69.0,3
2023,SOCIAL_QUOTA,FULL,B057,,,147,GENERAL,86,86,86.0,1
2023,SOCIAL_QUOTA,FULL,B057,,,153,GENERAL,83,83,83.0,1
2023,SOCIAL_QUOTA,FULL,B057,,,173,GENERAL,57,80,67.4,9
2023,SOCIAL_QUOTA,FULL,B057,,,184,GENERAL,58,71,64.1,7
2023,SOCIAL_QUOTA,FULL,B057,,,185,GENERAL,50,96,69.8,48
2023,SOCIAL_QUOTA,FULL,B057,,,190,GENERAL,80,95,87.7,83
2023,SOCIAL_QUOTA,FULL,B057,,,421,GENERAL,107,115,111.3,3
2023,SOCIAL_QUOTA,FULL,B057,,,501,GENERAL,54,92,64.1,7
2023,SOCIAL_QUOTA,FULL,B057,,,522,GENERAL,85,109,90.8,88
2023,SOCIAL_QUOTA,FULL,B058,,,9,GENERAL,58,58,58.0,1
2023,SOCIAL_QUOTA,FULL,B058,,,21,GENERAL,60,84,63.9,18
2023,SOCIAL_QUOTA,FULL,B058,,,27,GENERAL,73,73,73.0,1
2023,SOCIAL_QUOTA,FULL,B058,,,29,GENERAL,65,88,72.4,7
2023,SOCIAL_QUOTA,FULL,B058,,,32,GENERAL,57,64,60.0,7
2023,SOCIAL_QUOTA,FULL,B058,,,34,GENERAL,50,61,55.5,2
2023,SOCIAL_QUOTA,FULL,B058,,,57,GENERAL,75,75,75.0,1
2023,SOCIAL_QUOTA,FULL,B059,,,2,GENERAL,50,68,60.1,34
2023,SOCIAL_QUOTA,FULL,B059,,,9,GENERAL,64,64,64.0,1
2023,SOCIAL_QUOTA,FULL,B059,,,12,GENERAL,66,68,67.0,2
2023,SOCIAL_QUOTA,FULL,B059,,,19,GENERAL,51,68,60.0,43
2023,SOCIAL_QUOTA,FULL,B059,,,22,GENERAL,51,65,58.3,9
2023,SOCIAL_QUOTA,FULL,B059,,,27,GENERAL,89,89,89.0,1
2023,SOCIAL_QUOTA,FULL,B059,,,29,GENERAL,65,76,68.0,8
2023,SOCIAL_QUOTA,FULL,B059,,,31,GENERAL,55,66,61.8,4
2023,SOCIAL_QUOTA,FULL,B059,,,32,GENERAL,51,68,59.5,6
2023,SOCIAL_QUOTA,FULL,B059,,,38,GENERAL,51,51,51.0,1
2023,SOCIAL_QUOTA,FULL,B059,,,40,GENERAL,55,55,55.0,1
2023,SOCIAL_QUOTA,FULL,B059,,,43,GENERAL,53,68,63.0,5
2023,SOCIAL_QUOTA,FULL,B059,,,45,GENERAL,51,67,57.4,9
2023,SOCIAL_QUOTA,FULL,B059,,,49,GENERAL,51,68,61.0,7
2023,SOCIAL_QUOTA,FULL,B059,,,93,GENERAL,55,65,61.2,12
2023,SOCIAL_QUOTA,FULL,B059,,,162,GENERAL,62,68,65.0,2
2023,SOCIAL_QUOTA,FULL,B059,,,190,GENERAL,60,68,63.2,8
2023,SOCIAL_QUOTA,FULL,B059,,,199,GENERAL,58,58,58.0,1
2023,SOCIAL_QUOTA,FULL,B059,,,522,GENERAL,82,82,82.0,1
2023,SOCIAL_QUOTA,FULL,B060,,,421,GENERAL,113,113,113.0,1
2023,SOCIAL_QUOTA,FULL,B061,,,45,GENERAL,55,55,55.0,1
2023,SOCIAL_QUOTA,FULL,B062,,,2,GENERAL,50,62,53.8,24
2023,SOCIAL_QUOTA,FULL,B062,,,3,GENERAL,50,68,54.2,6
2023,SOCIAL_QUOTA,FULL,B062,,,5,GENERAL,52,58,54.7,10
2023,SOCIAL_QUOTA,FULL,B062,,,13,GENERAL,65,65,65.0,1
2023,SOCIAL_QUOTA,FULL,B062,,,14,GENERAL,51,51,51.0,1
2023,SOCIAL_QUOTA,FULL,B062,,,19,GENERAL,50,61,53.9,42
2023,SOCIAL_QUOTA,FULL,B062,,,27,GENERAL,70,73,71.5,2
2023,SOCIAL_QUOTA,FULL,B062,,,29,GENERAL,79,79,79.0,1
2023,SOCIAL_QUOTA,FULL,B062,,,32,GENERAL,50,57,54.3,3
2023,SOCIAL_QUOTA,FULL,B062,,,33,GENERAL,50,50,50.0,1
2023,SOCIAL_QUOTA,FULL,B062,,,34,GENERAL,55,55,55.0,1
2023,SOCIAL_QUOTA,FULL,B062,,,38,GENERAL,55,56,55.7,3
2023,SOCIAL_QUOTA,FULL,B062,,,40,GENERAL,52,52,52.0,1
2023,SOCIAL_QUOTA,FULL,B062,,,43,GENERAL,54,54,54.0,1
2023,SOCIAL_QUOTA,FULL,B062,,,45,GENERAL,50,66,55.2,13
2023,SOCIAL_QUOTA,FULL,B062,,,49,GENERAL,52,57,54.5,4
2023,SOCIAL_QUOTA,FULL,B062,,,160,GENERAL,50,57,54.1,7
2023,SOCIAL_QUOTA,FULL,B062,,,162,GENERAL,58,58,58.0,1
2023,SOCIAL_QUOTA,FULL,B062,,,501,GENERAL,51,58,55.0,4
2023,SOCIAL_QUOTA,FULL,B063,,,2,GENERAL,50,61,57.4,17
2023,SOCIAL_QUOTA,FULL,B063,,,3,GENERAL,50,53,51.7,3
2023,SOCIAL_QUOTA,FULL,B063,,,5,GENERAL,50,61,55.0,23
2023,SOCIAL_QUOTA,FULL,B063,,,9,GENERAL,50,50,50.0,1
2023,SOCIAL_QUOTA,FULL,B063,,,12,GENERAL,50,57,54.0,3
2023,SOCIAL_QUOTA,FULL,B063,,,13,GENERAL,84,84,84.0,1
2023,SOCIAL_QUOTA,FULL,B063,,,19,GENERAL,50,63,56.4,30
2023,SOCIAL_QUOTA,FULL,B063,,,27,GENERAL,78,99,88.0,3
2023,SOCIAL_QUOTA,FULL,B063,,,29,GENERAL,76,76,76.0,1
2023,SOCIAL_QUOTA,FULL,B063,,,31,GENERAL,55,69,62.0,2
2023,SOCIAL_QUOTA,FULL,B063,,,32,GENERAL,50,61,56.2,10
2023,SOCIAL_QUOTA,FULL,B063,,,33,GENERAL,52,52,52.0,1
2023,SOCIAL_QUOTA,FULL,B063,,,38,GENERAL,50,50,50.0,1
2023,SOCIAL_QUOTA,FULL,B063,,,42,GENERAL,52,58,55.5,4
2023,SOCIAL_QUOTA,FULL,B063,,,43,GENERAL,54,60,57.7,3
2023,SOCIAL_QUOTA,FULL,B063,,,45,GENERAL,52,60,56.2,10
2023,SOCIAL_QUOTA,FULL,B063,,,53,GENERAL,50,71,56.5,48
2023,SOCIAL_QUOTA,FULL,B063,,,147,GENERAL,60,60,60.0,1
2023,SOCIAL_QUOTA,FULL,B063,,,162,GENERAL,58,58,58.0,1
2023,SOCIAL_QUOTA,FULL,B063,,,198,GENERAL,57,57,57.0,1
2023,SOCIAL_QUOTA,FULL,B063,,,522,GENERAL,94,94,94.0,1
2023,SOCIAL_QUOTA,FULL,B064,,,2,GENERAL,56,56,56.0,1
2023,SOCIAL_QUOTA,FULL,B064,,,29,GENERAL,67,74,70.5,2
2023,SOCIAL_QUOTA,FULL,B064,,,38,GENERAL,54,54,54.0,1
2023,SOCIAL_QUOTA,FULL,B064,,,160,GENERAL,65,66,65.5,2
2023,SOCIAL_QUOTA,FULL,B065,,,2,GENERAL,50,50,50.0,1
2023,SOCIAL_QUOTA,FULL,B065,,,19,GENERAL,32,67,49.5,2
2023,SOCIAL_QUOTA,FULL,B065,,,40,GENERAL,50,50,50.0,1
2023,SOCIAL_QUOTA,FULL,B065,,,45,GENERAL,50,50,50.0,1
2023,SOCIAL_QUOTA,FULL,B065,,,160,GENERAL,50,61,54.8,4
2023,SOCIAL_QUOTA,FULL,B067,,,13,GENERAL,71,117,77.6,8
2023,SOCIAL_QUOTA,FULL,B067,,,27,GENERAL,71,72,71.5,2
2023,SOCIAL_QUOTA,FULL,B067,,,29,GENERAL,65,72,67.2,5
2023,SOCIAL_QUOTA,FULL,B067,,,57,GENERAL,71,73,72.0,2
2023,SOCIAL_QUOTA,FULL,B067,,,157,GENERAL,65,74,69.1,50
2023,SOCIAL_QUOTA,FULL,B068,,,2,GENERAL,50,58,52.6,5
2023,SOCIAL_QUOTA,FULL,B068,,,5,GENERAL,50,52,51.2,4
2023,SOCIAL_QUOTA,FULL,B068,,,11,GENERAL,61,61,61.0,1
2023,SOCIAL_QUOTA,FULL,B068,,,34,GENERAL,50,50,50.0,1
2023,SOCIAL_QUOTA,FULL,B068,,,43,GENERAL,50,50,50.0,1
2023,SOCIAL_QUOTA,FULL,B068,,,45,GENERAL,51,52,51.3,3
2023,SOCIAL_QUOTA,FULL,B068,,,49,GENERAL,50,68,55.3,6
2023,SOCIAL_QUOTA,FULL,B068,,,53,GENERAL,50,63,55.6,9
2023,SOCIAL_QUOTA,FULL,B068,,,122,GENERAL,50,52,51.0,2
2023,SOCIAL_QUOTA,FULL,B068,,,182,GENERAL,50,50,50.0,1
2023,SOCIAL_QUOTA,FULL,B068,,,501,GENERAL,52,52,52.0,1
2023,SOCIAL_QUOTA,FULL,B070,,,53,GENERAL,53,53,53.0,2
2023,SOCIAL_QUOTA,FULL,B071,,,39,GENERAL,50,53,51.5,2
2023,SOCIAL_QUOTA,FULL,B071,,,45,GENERAL,64,64,64.0,1
2023,SOCIAL_QUOTA,FULL,B071,,,421,GENERAL,110,111,110.5,2
2023,SOCIAL_QUOTA,FULL,B072,,,26,GENERAL,75,77,76.0,2
2023,SOCIAL_QUOTA,FULL,B072,,,27,GENERAL,66,66,66.0,1
2023,SOCIAL_QUOTA,FULL,B072,,,29,GENERAL,65,69,66.7,46
2023,SOCIAL_QUOTA,FULL,B072,,,30,GENERAL,50,74,62.2,128
2023,SOCIAL_QUOTA,FULL,B072,,,31,GENERAL,60,69,65.3,20
2023,SOCIAL_QUOTA,FULL,B072,,,33,GENERAL,50,67,58.0,36
2023,SOCIAL_QUOTA,FULL,B072,,,44,GENERAL,50,69,61.3,90
2023,SOCIAL_QUOTA,FULL,B072,,,45,GENERAL,50,69,59.6,100
2023,SOCIAL_QUOTA,FULL,B073,,,2,GENERAL,71,108,91.0,24
2023,SOCIAL_QUOTA,FULL,B073,,,12,GENERAL,60,105,93.5,13
2023,SOCIAL_QUOTA,FULL,B073,,,13,GENERAL,100,119,106.4,31
2023,SOCIAL_QUOTA,FULL,B073,,,19,GENERAL,69,108,89.2,12
2023,SOCIAL_QUOTA,FULL,B073,,,22,GENERAL,60,110,93.1,182
2023,SOCIAL_QUOTA,FULL,B073,,,29,GENERAL,65,106,85.3,32
2023,SOCIAL_QUOTA,FULL,B073,,,32,GENERAL,76,110,95.2,12
2023,SOCIAL_QUOTA,FULL,B073,,,38,GENERAL,61,110,99.1,12
2023,SOCIAL_QUOTA,FULL,B073,,,43,GENERAL,60,111,94.5,24
2023,SOCIAL_QUOTA,FULL,B073,,,45,GENERAL,60,118,98.3,105
2023,SOCIAL_QUOTA,FULL,B073,,,79,GENERAL,76,98,84.0,3
2023,SOCIAL_QUOTA,FULL,B073,,,198,GENERAL,74,111,96.4,9
2023,SOCIAL_QUOTA,FULL,B074,,,2,GENERAL,61,61,61.0,1
2023,SOCIAL_QUOTA,FULL,B074,,,5,GENERAL,50,51,50.5,2
2023,SOCIAL_QUOTA,FULL,B074,,,12,GENERAL,50,50,50.0,2
2023,SOCIAL_QUOTA,FULL,B074,,,13,GENERAL,76,86,82.0,3
2023,SOCIAL_QUOTA,FULL,B074,,,19,GENERAL,50,58,51.9,8
2023,SOCIAL_QUOTA,FULL,B074,,,22,GENERAL,50,70,55.7,18
2023,SOCIAL_QUOTA,FULL,B074,,,27,GENERAL,82,106,94.0,2
2023,SOCIAL_QUOTA,FULL,B074,,,29,GENERAL,68,94,75.2,4
2023,SOCIAL_QUOTA,FULL,B074,,,32,GENERAL,50,77,54.1,7
2023,SOCIAL_QUOTA,FULL,B074,,,33,GENERAL,51,51,51.0,2
2023,SOCIAL_QUOTA,FULL,B074,,,35,GENERAL,51,51,51.0,1
2023,SOCIAL_QUOTA,FULL,B074,,,38,GENERAL,60,65,62.8,4
2023,SOCIAL_QUOTA,FULL,B074,,,40,GENERAL,51,51,51.0,1
2023,SOCIAL_QUOTA,FULL,B074,,,42,GENERAL,51,62,56.5,2
2023,SOCIAL_QUOTA,FULL,B074,,,43,GENERAL,50,50,50.0,2
2023,SOCIAL_QUOTA,FULL,B074,,,45,GENERAL,50,65,53.2,8
2023,SOCIAL_QUOTA,FULL,B074,,,78,GENERAL,51,51,51.0,1
2023,SOCIAL_QUOTA,FULL,B074,,,501,GENERAL,50,50,50.0,1
2023,SOCIAL_QUOTA,FULL,B075,,,2,GENERAL,51,84,68.9,80
2023,SOCIAL_QUOTA,FULL,B075,,,3,GENERAL,52,78,61.1,13
2023,SOCIAL_QUOTA,FULL,B075,,,12,GENERAL,50,82,63.7,29
2023,SOCIAL_QUOTA,FULL,B075,,,19,GENERAL,52,83,66.5,66
2023,SOCIAL_QUOTA,FULL,B075,,,22,GENERAL,50,98,69.7,39
2023,SOCIAL_QUOTA,FULL,B075,,,24,GENERAL,65,89,72.6,40
2023,SOCIAL_QUOTA,FULL,B075,,,27,GENERAL,72,89,82.0,4
2023,SOCIAL_QUOTA,FULL,B075,,,29,GENERAL,65,85,73.9,56
2023,SOCIAL_QUOTA,FULL,B075,,,32,GENERAL,51,79,66.0,30
2023,SOCIAL_QUOTA,FULL,B075,,,34,GENERAL,55,84,70.0,19
2023,SOCIAL_QUOTA,FULL,B075,,,43,GENERAL,62,77,70.4,7
2023,SOCIAL_QUOTA,FULL,B075,,,45,GENERAL,51,83,68.3,42
2023,SOCIAL_QUOTA,FULL,B075,,,198,GENERAL,52,67,60.0,3
2023,SOCIAL_QUOTA,FULL,B075,,,501,GENERAL,50,81,64.9,19
2023,SOCIAL_QUOTA,FULL,B076,,,2,GENERAL,51,66,59.7,22
2023,SOCIAL_QUOTA,FULL,B076,,,3,GENERAL,50,51,50.5,2
2023,SOCIAL_QUOTA,FULL,B076,,,10,GENERAL,52,52,52.0,1
2023,SOCIAL_QUOTA,FULL,B076,,,13,GENERAL,72,72,72.0,1
2023,SOCIAL_QUOTA,FULL,B076,,,15,GENERAL,51,64,56.9,8
2023,SOCIAL_QUOTA,FULL,B076,,,27,GENERAL,82,82,82.0,1
2023,SOCIAL_QUOTA,FULL,B076,,,29,GENERAL,65,66,65.5,2
2023,SOCIAL_QUOTA,FULL,B076,,,32,GENERAL,61,61,61.0,1
2023,SOCIAL_QUOTA,FULL,B076,,,36,GENERAL,57,57,57.0,1
2023,SOCIAL_QUOTA,FULL,B076,,,38,GENERAL,59,59,59.0,1
2023,SOCIAL_QUOTA,FULL,B076,,,43,GENERAL,57,65,61.8,8
2023,SOCIAL_QUOTA,FULL,B076,,,45,GENERAL,53,66,60.1,31
2023,SOCIAL_QUOTA,FULL,B076,,,49,GENERAL,51,65,57.3,7
2023,SOCIAL_QUOTA,FULL,B076,,,53,GENERAL,50,66,59.8,47
2023,SOCIAL_QUOTA,FULL,B076,,,122,GENERAL,55,55,55.0,1
2023,SOCIAL_QUOTA,FULL,B076,,,162,GENERAL,55,55,55.0,1
2023,SOCIAL_QUOTA,FULL,B076,,,182,GENERAL,50,65,57.8,8
2023,SOCIAL_QUOTA,FULL,B076,,,198,GENERAL,56,56,56.0,1
2023,SOCIAL_QUOTA,FULL,B076,,,223,GENERAL,52,66,59.5,4
2023,SOCIAL_QUOTA,FULL,B076,,,501,GENERAL,60,62,61.3,3
2023,SOCIAL_QUOTA,FULL,B077,,,35,GENERAL,59,59,59.0,1
2023,SOCIAL_QUOTA,FULL,B077,,,38,GENERAL,55,55,55.0,1
2023,SOCIAL_QUOTA,FULL,B078,,,2,GENERAL,65,65,65.0,1
2023,SOCIAL_QUOTA,FULL,B079,,,2,GENERAL,50,69,61.7,160
2023,SOCIAL_QUOTA,FULL,B079,,,11,GENERAL,56,69,61.5,13
2023,SOCIAL_QUOTA,FULL,B079,,,12,GENERAL,56,69,62.1,8
2023,SOCIAL_QUOTA,FULL,B079,,,24,GENERAL,60,69,63.8,91
2023,SOCIAL_QUOTA,FULL,B079,,,35,GENERAL,57,61,58.2,8
2023,SOCIAL_QUOTA,FULL,B079,,,38,GENERAL,58,68,62.7,14
2023,SOCIAL_QUOTA,FULL,B079,,,40,GENERAL,56,64,60.2,9
2023,SOCIAL_QUOTA,FULL,B084,,,80,GENERAL,71,71,71.0,1
2023,SOCIAL_QUOTA,FULL,B085,,,4,GENERAL,84,84,84.0,1
2023,SOCIAL_QUOTA,FULL,B085,,,30,GENERAL,83,83,83.0,1
2023,SOCIAL_QUOTA,FULL,B085,,,44,GENERAL,73,73,73.0,1
2023,SOCIAL_QUOTA,FULL,B089,,,4,GENERAL,95,95,95.0,1
2023,SOCIAL_QUOTA,FULL,B089,,,30,GENERAL,107,107,107.0,1
2023,SOCIAL_QUOTA,FULL,B089,,,80,GENERAL,108,108,108.0,1
2023,SOCIAL_QUOTA,FULL,B090,,,31,GENERAL,55,55,55.0,1
2023,SOCIAL_QUOTA,FULL,B090,,,38,GENERAL,59,69,62.8,6
2023,SOCIAL_QUOTA,FULL,B090,,,45,GENERAL,54,69,64.3,6
2023,SOCIAL_QUOTA,FULL,B091,,,3,GENERAL,60,102,81.0,2
2023,SOCIAL_QUOTA,FULL,B091,,,11,GENERAL,94,94,94.0,1
2023,SOCIAL_QUOTA,FULL,B091,,,13,GENERAL,78,104,91.2,15
2023,SOCIAL_QUOTA,FULL,B091,,,20,GENERAL,66,66,66.0,1
2023,SOCIAL_QUOTA,FULL,B091,,,21,GENERAL,67,120,93.1,15
2023,SOCIAL_QUOTA,FULL,B091,,,23,GENERAL,103,103,103.0,1
2023,SOCIAL_QUOTA,FULL,B091,,,25,GENERAL,84,84,84.0,1
2023,SOCIAL_QUOTA,FULL,B091,,,27,GENERAL,92,103,99.4,7
2023,SOCIAL_QUOTA,FULL,B091,,,31,GENERAL,65,89,77.0,2
2023,SOCIAL_QUOTA,FULL,B091,,,34,GENERAL,58,58,58.0,1
2023,SOCIAL_QUOTA,FULL,B091,,,35,GENERAL,101,101,101.0,1
2023,SOCIAL_QUOTA,FULL,B091,,,37,GENERAL,65,103,90.2,4
2023,SOCIAL_QUOTA,FULL,B091,,,38,GENERAL,66,89,77.5,4
2023,SOCIAL_QUOTA,FULL,B091,,,45,GENERAL,51,63,56.0,3
2023,SOCIAL_QUOTA,FULL,B091,,,53,GENERAL,65,65,65.0,1
2023,SOCIAL_QUOTA,FULL,B091,,,83,GENERAL,77,90,85.3,3
2023,SOCIAL_QUOTA,FULL,B091,,,174,GENERAL,61,103,94.6,11
2023,SOCIAL_QUOTA,FULL,B092,,,5,GENERAL,98,111,105.4,8
2023,SOCIAL_QUOTA,FULL,B092,,,16,GENERAL,115,115,115.0,1
2023,SOCIAL_QUOTA,FULL,B092,,,25,GENERAL,106,117,110.9,22
2023,SOCIAL_QUOTA,FULL,B092,,,31,GENERAL,95,111,105.4,7
2023,SOCIAL_QUOTA,FULL,B092,,,36,GENERAL,108,114,112.0,3
2023,SOCIAL_QUOTA,FULL,B092,,,40,GENERAL,109,111,110.3,3
2023,SOCIAL_QUOTA,FULL,B092,,,43,GENERAL,107,115,110.8,18
2023,SOCIAL_QUOTA,FULL,B092,,,45,GENERAL,97,115,109.7,60
2023,SOCIAL_QUOTA,FULL,B093,,,21,GENERAL,65,100,89.0,5
2023,SOCIAL_QUOTA,FULL,B093,,,27,GENERAL,109,109,109.0,1
2023,SOCIAL_QUOTA,FULL,B093,,,45,GENERAL,50,65,57.5,2
2023,SOCIAL_QUOTA,FULL,B093,,,69,GENERAL,100,100,100.0,1
2023,SOCIAL_QUOTA,FULL,B093,,,160,GENERAL,76,76,76.0,1
2023,SOCIAL_QUOTA,FULL,B094,,,31,GENERAL,59,59,59.0,1
2023,SOCIAL_QUOTA,FULL,B095,,,2,GENERAL,52,104,73.4,5
2023,SOCIAL_QUOTA,FULL,B095,,,13,GENERAL,86,107,100.3,19
2023,SOCIAL_QUOTA,FULL,B095,,,19,GENERAL,79,108,101.5,8
2023,SOCIAL_QUOTA,FULL,B095,,,27,GENERAL,74,107,101.1,24
2023,SOCIAL_QUOTA,FULL,B095,,,29,GENERAL,71,107,95.2,8
2023,SOCIAL_QUOTA,FULL,B095,,,42,GENERAL,96,96,96.0,1
2023,SOCIAL_QUOTA,FULL,B095,,,45,GENERAL,105,106,105.5,2
2023,SOCIAL_QUOTA,FULL,B095,,,82,GENERAL,101,101,101.0,1
2023,SOCIAL_QUOTA,FULL,B095,,,83,GENERAL,90,106,99.3,7
2023,SOCIAL_QUOTA,FULL,B095,,,157,GENERAL,94,103,98.5,2
2023,SOCIAL_QUOTA,FULL,B095,,,501,GENERAL,106,106,106.0,1
2023,SOCIAL_QUOTA,FULL,B135,,,13,GENERAL,117,117,117.0,1
2023,SOCIAL_QUOTA,FULL,B140,,,21,GENERAL,80,80,80.0,1
2023,SOCIAL_QUOTA,FULL,B140,,,174,GENERAL,125,125,125.0,1
2023,SOCIAL_QUOTA,FULL,B140,,,302,GENERAL,123,123,123.0,1
2023,SOCIAL_QUOTA,FULL,B167,,,157,GENERAL,85,102,88.2,18
2023,SOCIAL_QUOTA,FULL,BM086,,,4,GENERAL,85,108,101.8,20
2023,SOCIAL_QUOTA,FULL,BM086,,,30,GENERAL,77,108,100.2,47
2023,SOCIAL_QUOTA,FULL,BM086,,,41,GENERAL,94,105,101.0,8
2023,SOCIAL_QUOTA,FULL,BM086,,,44,GENERAL,72,107,92.6,14
2023,SOCIAL_QUOTA,FULL,BM086,,,80,GENERAL,70,108,95.6,29
2023,SOCIAL_QUOTA,FULL,BM087,,,4,GENERAL,115,125,119.8,5
2023,SOCIAL_QUOTA,FULL,BM087,,,30,GENERAL,80,124,104.6,11
2023,SOCIAL_QUOTA,FULL,BM087,,,41,GENERAL,107,126,116.8,4
2023,SOCIAL_QUOTA,FULL,BM087,,,44,GENERAL,75,110,90.8,10
2023,SOCIAL_QUOTA,FULL,BM087,,,80,GENERAL,107,127,119.4,16
2023,SOCIAL_QUOTA,FULL,BM088,,,4,GENERAL,85,85,85.0,2
2023,SOCIAL_QUOTA,FULL,BM088,,,30,GENERAL,97,97,97.0,1
2023,SOCIAL_QUOTA,FULL,BM088,,,44,GENERAL,73,96,84.5,2
2023,UNIVERSITY_PEDAGOGICAL,FULL,B001,,Педагогика и психология,3,GENERAL,75,75,75.0,1
2023,UNIVERSITY_PEDAGOGICAL,FULL,B001,,Педагогика и психология,5,GENERAL,76,114,85.3,30
2023,UNIVERSITY_PEDAGOGICAL,FULL,B001,,Педагогика и психология,8,GENERAL,78,92,85.0,2
2023,UNIVERSITY_PEDAGOGICAL,FULL,B001,,Педагогика и психология,10,GENERAL,75,75,75.0,1
2023,UNIVERSITY_PEDAGOGICAL,FULL,B001,,Педагогика и психология,11,GENERAL,82,92,85.6,7
2023,UNIVERSITY_PEDAGOGICAL,FULL,B001,,Педагогика и психология,11,RURAL,76,82,77.8,4
2023,UNIVERSITY_PEDAGOGICAL,FULL,B001,,Педагогика и психология,15,GENERAL,88,98,92.3,6
2023,UNIVERSITY_PEDAGOGICAL,FULL,B001,,Педагогика и психология,15,RURAL,82,82,82.0,1
2023,UNIVERSITY_PEDAGOGICAL,FULL,B001,,Педагогика и психология,16,GENERAL,84,102,90.2,13
2023,UNIVERSITY_PEDAGOGICAL,FULL,B001,,Педагогика и психология,16,RURAL,76,79,77.5,4
2023,UNIVERSITY_PEDAGOGICAL,FULL,B001,,Педагогика и психология,31,GENERAL,78,104,85.6,22
2023,UNIVERSITY_PEDAGOGICAL,FULL,B001,,Педагогика и психология,34,GENERAL,86,102,90.0,6
2023,UNIVERSITY_PEDAGOGICAL,FULL,B001,,Педагогика и психология,34,RURAL,83,85,84.2,4
2023,UNIVERSITY_PEDAGOGICAL,FULL,B001,,Педагогика и психология,35,GENERAL,83,117,92.8,6
2023,UNIVERSITY_PEDAGOGICAL,FULL,B001,,Педагогика и психология,35,RURAL,79,81,80.2,4
2023,UNIVERSITY_PEDAGOGICAL,FULL,B001,,Педагогика и психология,36,GENERAL,76,96,84.0,20
2023,UNIVERSITY_PEDAGOGICAL,FULL,B001,,Педагогика и психология,36,RURAL,76,76,76.0,1
2023,UNIVERSITY_PEDAGOGICAL,FULL,B001,,Педагогика и психология,37,GENERAL,81,108,89.6,19
2023,UNIVERSITY_PEDAGOGICAL,FULL,B001,,Педагогика и психология,37,RURAL,77,77,77.0,1
2023,UNIVERSITY_PEDAGOGICAL,FULL,B001,,Педагогика и психология,42,GENERAL,88,95,91.3,3
2023,UNIVERSITY_PEDAGOGICAL,FULL,B001,,Педагогика и психология,42,RURAL,77,78,77.5,2
2023,UNIVERSITY_PEDAGOGICAL,FULL,B001,,Педагогика и психология,43,GENERAL,77,97,85.7,13
2023,UNIVERSITY_PEDAGOGICAL,FULL,B001,,Педагогика и психология,196,GENERAL,76,97,84.2,19
2023,UNIVERSITY_PEDAGOGICAL,FULL,B001,,Педагогика и психология,196,RURAL,75,75,75.0,1
2023,UNIVERSITY_PEDAGOGICAL,FULL,B001,,Педагогика и психология,517,GENERAL,78,110,87.3,9
2023,UNIVERSITY_PEDAGOGICAL,FULL,B002,,Дошкольное обучение и воспитание,5,GENERAL,75,82,77.5,13
2023,UNIVERSITY_PEDAGOGICAL,FULL,B002,,Дошкольное обучение и воспитание,11,GENERAL,75,79,76.6,7
2023,UNIVERSITY_PEDAGOGICAL,FULL,B002,,Дошкольное обучение и воспитание,15,GENERAL,78,78,78.0,1
2023,UNIVERSITY_PEDAGOGICAL,FULL,B002,,Дошкольное обучение и воспитание,16,GENERAL,75,85,77.6,10
2023,UNIVERSITY_PEDAGOGICAL,FULL,B002,,Дошкольное обучение и воспитание,31,GENERAL,88,113,97.3,3
2023,UNIVERSITY_PEDAGOGICAL,FULL,B002,,Дошкольное обучение и воспитание,31,RURAL,81,86,83.5,2
2023,UNIVERSITY_PEDAGOGICAL,FULL,B002,,Дошкольное обучение и воспитание,34,GENERAL,78,91,81.0,28
2023,UNIVERSITY_PEDAGOGICAL,FULL,B002,,Дошкольное обучение и воспитание,34,RURAL,75,77,76.0,11
2023,UNIVERSITY_PEDAGOGICAL,FULL,B002,,Дошкольное обучение и воспитание,35,GENERAL,76,91,81.6,9
2023,UNIVERSITY_PEDAGOGICAL,FULL,B002,,Дошкольное обучение и воспитание,36,GENERAL,75,75,75.0,1
2023,UNIVERSITY_PEDAGOGICAL,FULL,B002,,Дошкольное обучение и воспитание,37,GENERAL,75,90,78.3,12
2023,UNIVERSITY_PEDAGOGICAL,FULL,B002,,Дошкольное обучение и воспитание,43,GENERAL,79,87,82.7,3
2023,UNIVERSITY_PEDAGOGICAL,FULL,B002,,Дошкольное обучение и воспитание,196,GENERAL,75,93,79.2,37
2023,UNIVERSITY_PEDAGOGICAL,FULL,B002,,Дошкольное обучение и воспитание,517,GENERAL,75,80,76.8,5
2023,UNIVERSITY_PEDAGOGICAL,FULL,B003,,Педагогика и методика начального обучения,3,GENERAL,76,79,77.2,4
2023,UNIVERSITY_PEDAGOGICAL,FULL,B003,,Педагогика и методика начального обучения,5,GENERAL,83,114,91.9,53
2023,UNIVERSITY_PEDAGOGICAL,FULL,B003,,Педагогика и методика начального обучения,5,RURAL,75,82,78.9,22
2023,UNIVERSITY_PEDAGOGICAL,FULL,B003,,Педагогика и методика начального обучения,8,GENERAL,76,79,77.5,2
2023,UNIVERSITY_PEDAGOGICAL,FULL,B003,,Педагогика и методика начального обучения,11,GENERAL,82,112,88.3,16
2023,UNIVERSITY_PEDAGOGICAL,FULL,B003,,Педагогика и методика начального обучения,11,RURAL,78,81,79.8,4
2023,UNIVERSITY_PEDAGOGICAL,FULL,B003,,Педагогика и методика начального обучения,15,GENERAL,75,102,84.7,29
2023,UNIVERSITY_PEDAGOGICAL,FULL,B003,,Педагогика и методика начального обучения,16,GENERAL,77,102,84.4,30
2023,UNIVERSITY_PEDAGOGICAL,FULL,B003,,Педагогика и методика начального обучения,16,RURAL,75,77,76.0,3
2023,UNIVERSITY_PEDAGOGICAL,FULL,B003,,Педагогика и методика начального обучения,31,GENERAL,89,118,94.3,15
2023,UNIVERSITY_PEDAGOGICAL,FULL,B003,,Педагогика и методика начального обучения,31,RURAL,85,88,87.0,8
2023,UNIVERSITY_PEDAGOGICAL,FULL,B003,,Педагогика и методика начального обучения,34,GENERAL,89,114,97.0,27
2023,UNIVERSITY_PEDAGOGICAL,FULL,B003,,Педагогика и методика начального обучения,34,RURAL,84,88,85.5,12
2023,UNIVERSITY_PEDAGOGICAL,FULL,B003,,Педагогика и методика начального обучения,35,GENERAL,80,117,88.5,20
2023,UNIVERSITY_PEDAGOGICAL,FULL,B003,,Педагогика и методика начального обучения,35,RURAL,78,80,78.9,15
2023,UNIVERSITY_PEDAGOGICAL,FULL,B003,,Педагогика и методика начального обучения,36,GENERAL,78,102,86.1,22
2023,UNIVERSITY_PEDAGOGICAL,FULL,B003,,Педагогика и методика начального обучения,36,RURAL,75,76,75.5,2
2023,UNIVERSITY_PEDAGOGICAL,FULL,B003,,Педагогика и методика начального обучения,37,GENERAL,79,119,89.0,67
2023,UNIVERSITY_PEDAGOGICAL,FULL,B003,,Педагогика и методика начального обучения,37,RURAL,75,79,76.5,8
2023,UNIVERSITY_PEDAGOGICAL,FULL,B003,,Педагогика и методика начального обучения,42,GENERAL,79,89,81.6,13
2023,UNIVERSITY_PEDAGOGICAL,FULL,B003,,Педагогика и методика начального обучения,42,RURAL,75,78,76.7,7
2023,UNIVERSITY_PEDAGOGICAL,FULL,B003,,Педагогика и методика начального обучения,43,GENERAL,77,110,87.5,31
2023,UNIVERSITY_PEDAGOGICAL,FULL,B003,,Педагогика и методика начального обучения,43,RURAL,76,77,76.6,11
2023,UNIVERSITY_PEDAGOGICAL,FULL,B003,,Педагогика и методика начального обучения,196,GENERAL,87,126,94.8,76
2023,UNIVERSITY_PEDAGOGICAL,FULL,B003,,Педагогика и методика начального обучения,196,RURAL,79,87,82.5,51
2023,UNIVERSITY_PEDAGOGICAL,FULL,B003,,Педагогика и методика начального обучения,517,GENERAL,77,103,87.0,22
2023,UNIVERSITY_PEDAGOGICAL,FULL,B003,,Педагогика и методика начального обучения,517,RURAL,77,77,77.0,1
2023,UNIVERSITY_PEDAGOGICAL,FULL,B005,,Подготовка учителей физической культуры,3,GENERAL,111,114,112.3,3
2023,UNIVERSITY_PEDAGOGICAL,FULL,B005,,Подготовка учителей физической культуры,3,RURAL,110,110,110.0,2
2023,UNIVERSITY_PEDAGOGICAL,FULL,B005,,Подготовка учителей физической культуры,8,GENERAL,116,120,117.8,6
2023,UNIVERSITY_PEDAGOGICAL,FULL,B005,,Подготовка учителей физической культуры,8,RURAL,110,114,112.2,4
2023,UNIVERSITY_PEDAGOGICAL,FULL,B005,,Подготовка учителей физической культуры,10,GENERAL,113,114,113.5,13
2023,UNIVERSITY_PEDAGOGICAL,FULL,B005,,Подготовка учителей физической культуры,10,RURAL,112,113,112.3,7
2023,UNIVERSITY_PEDAGOGICAL,FULL,B005,,Подготовка учителей физической культуры,11,GENERAL,121,123,121.8,6
2023,UNIVERSITY_PEDAGOGICAL,FULL,B005,,Подготовка учителей физической культуры,11,RURAL,119,120,119.2,4
2023,UNIVERSITY_PEDAGOGICAL,FULL,B005,,Подготовка учителей физической культуры,15,GENERAL,119,120,119.3,3
2023,UNIVERSITY_PEDAGOGICAL,FULL,B005,,Подготовка учителей физической культуры,15,RURAL,116,118,117.0,2
2023,UNIVERSITY_PEDAGOGICAL,FULL,B005,,Подготовка учителей физической культуры,31,GENERAL,121,122,121.7,3
2023,UNIVERSITY_PEDAGOGICAL,FULL,B005,,Подготовка учителей физической культуры,31,RURAL,121,121,121.0,2
2023,UNIVERSITY_PEDAGOGICAL,FULL,B005,,Подготовка учителей физической культуры,36,GENERAL,119,122,121.0,3
2023,UNIVERSITY_PEDAGOGICAL,FULL,B005,,Подготовка учителей физической культуры,36,RURAL,117,117,117.0,2
2023,UNIVERSITY_PEDAGOGICAL,FULL,B005,,Подготовка учителей физической культуры,37,GENERAL,118,124,120.0,16
2023,UNIVERSITY_PEDAGOGICAL,FULL,B005,,Подготовка учителей физической культуры,37,RURAL,116,118,116.7,9
2023,UNIVERSITY_PEDAGOGICAL,FULL,B005,,Подготовка учителей физической культуры,42,GENERAL,117,118,117.3,3
2023,UNIVERSITY_PEDAGOGICAL,FULL,B005,,Подготовка учителей физической культуры,42,RURAL,114,114,114.0,2
2023,UNIVERSITY_PEDAGOGICAL,FULL,B005,,Подготовка учителей физической культуры,43,GENERAL,121,122,121.7,3
2023,UNIVERSITY_PEDAGOGICAL,FULL,B005,,Подготовка учителей физической культуры,43,RURAL,120,121,120.5,2
2023,UNIVERSITY_PEDAGOGICAL,FULL,B005,,Подготовка учителей физической культуры,196,GENERAL,118,122,119.5,19
2023,UNIVERSITY_PEDAGOGICAL,FULL,B005,,Подготовка учителей физической культуры,196,RURAL,117,118,117.4,11
2023,UNIVERSITY_PEDAGOGICAL,FULL,B005,,Подготовка учителей физической культуры,517,GENERAL,121,122,121.7,3
2023,UNIVERSITY_PEDAGOGICAL,FULL,B005,,Подготовка учителей физической культуры,517,RURAL,119,121,120.0,2
2023,UNIVERSITY_PEDAGOGICAL,FULL,B005,,Подготовка учителей физической культуры,527,GENERAL,115,122,117.1,130
2023,UNIVERSITY_PEDAGOGICAL,FULL,B005,,Подготовка учителей физической культуры,527,RURAL,103,115,110.1,70
2023,UNIVERSITY_PEDAGOGICAL,FULL,B006,,Подготовка учителей музыки,5,GENERAL,112,120,115.1,7
2023,UNIVERSITY_PEDAGOGICAL,FULL,B006,,Подготовка учителей музыки,5,RURAL,109,112,110.5,2
2023,UNIVERSITY_PEDAGOGICAL,FULL,B006,,Подготовка учителей музыки,8,GENERAL,110,117,112.7,3
2023,UNIVERSITY_PEDAGOGICAL,FULL,B006,,Подготовка учителей музыки,8,RURAL,103,105,104.0,2
2023,UNIVERSITY_PEDAGOGICAL,FULL,B006,,Подготовка учителей музыки,10,GENERAL,112,116,114.3,3
2023,UNIVERSITY_PEDAGOGICAL,FULL,B006,,Подготовка учителей музыки,10,RURAL,110,112,111.0,2
2023,UNIVERSITY_PEDAGOGICAL,FULL,B006,,Подготовка учителей музыки,16,GENERAL,111,121,115.2,15
2023,UNIVERSITY_PEDAGOGICAL,FULL,B006,,Подготовка учителей музыки,16,RURAL,98,109,104.3,3
2023,UNIVERSITY_PEDAGOGICAL,FULL,B009,,Подготовка учителей математики,3,GENERAL,92,108,98.7,16
2023,UNIVERSITY_PEDAGOGICAL,FULL,B009,,Подготовка учителей математики,3,RURAL,89,91,89.9,9
2023,UNIVERSITY_PEDAGOGICAL,FULL,B009,,Подготовка учителей математики,5,GENERAL,103,127,111.5,33
2023,UNIVERSITY_PEDAGOGICAL,FULL,B009,,Подготовка учителей математики,5,RURAL,95,103,98.2,18
2023,UNIVERSITY_PEDAGOGICAL,FULL,B009,,Подготовка учителей математики,8,GENERAL,75,98,87.0,20
2023,UNIVERSITY_PEDAGOGICAL,FULL,B009,,Подготовка учителей математики,10,GENERAL,83,91,85.7,19
2023,UNIVERSITY_PEDAGOGICAL,FULL,B009,,Подготовка учителей математики,10,RURAL,78,82,79.8,11
2023,UNIVERSITY_PEDAGOGICAL,FULL,B009,,Подготовка учителей математики,11,GENERAL,104,128,111.8,16
2023,UNIVERSITY_PEDAGOGICAL,FULL,B009,,Подготовка учителей математики,11,RURAL,94,102,98.6,11
2023,UNIVERSITY_PEDAGOGICAL,FULL,B009,,Подготовка учителей математики,15,GENERAL,106,131,113.2,13
2023,UNIVERSITY_PEDAGOGICAL,FULL,B009,,Подготовка учителей математики,15,RURAL,99,105,101.9,7
2023,UNIVERSITY_PEDAGOGICAL,FULL,B009,,Подготовка учителей математики,16,GENERAL,98,118,107.5,32
2023,UNIVERSITY_PEDAGOGICAL,FULL,B009,,Подготовка учителей математики,16,RURAL,87,97,92.3,15
2023,UNIVERSITY_PEDAGOGICAL,FULL,B009,,Подготовка учителей математики,31,GENERAL,107,123,113.4,32
2023,UNIVERSITY_PEDAGOGICAL,FULL,B009,,Подготовка учителей математики,31,RURAL,100,107,103.8,18
2023,UNIVERSITY_PEDAGOGICAL,FULL,B009,,Подготовка учителей математики,34,GENERAL,111,126,119.0,19
2023,UNIVERSITY_PEDAGOGICAL,FULL,B009,,Подготовка учителей математики,34,RURAL,102,110,105.5,11
2023,UNIVERSITY_PEDAGOGICAL,FULL,B009,,Подготовка учителей математики,35,GENERAL,92,119,97.9,26
2023,UNIVERSITY_PEDAGOGICAL,FULL,B009,,Подготовка учителей математики,35,RURAL,87,91,88.6,14
2023,UNIVERSITY_PEDAGOGICAL,FULL,B009,,Подготовка учителей математики,36,GENERAL,86,116,97.2,28
2023,UNIVERSITY_PEDAGOGICAL,FULL,B009,,Подготовка учителей математики,36,RURAL,75,85,78.5,11
2023,UNIVERSITY_PEDAGOGICAL,FULL,B009,,Подготовка учителей математики,37,GENERAL,109,126,116.5,27
2023,UNIVERSITY_PEDAGOGICAL,FULL,B009,,Подготовка учителей математики,37,RURAL,86,106,95.3,23
2023,UNIVERSITY_PEDAGOGICAL,FULL,B009,,Подготовка учителей математики,40,GENERAL,93,118,103.9,13
2023,UNIVERSITY_PEDAGOGICAL,FULL,B009,,Подготовка учителей математики,40,RURAL,91,93,92.3,7
2023,UNIVERSITY_PEDAGOGICAL,FULL,B009,,Подготовка учителей математики,42,GENERAL,91,101,95.4,23
2023,UNIVERSITY_PEDAGOGICAL,FULL,B009,,Подготовка учителей математики,42,RURAL,84,91,87.9,12
2023,UNIVERSITY_PEDAGOGICAL,FULL,B009,,Подготовка учителей математики,43,GENERAL,102,137,111.3,35
2023,UNIVERSITY_PEDAGOGICAL,FULL,B009,,Подготовка учителей математики,43,RURAL,86,101,92.9,20
2023,UNIVERSITY_PEDAGOGICAL,FULL,B009,,Подготовка учителей математики,196,GENERAL,108,134,116.6,48
2023,UNIVERSITY_PEDAGOGICAL,FULL,B009,,Подготовка учителей математики,196,RURAL,91,107,99.6,31
2023,UNIVERSITY_PEDAGOGICAL,FULL,B009,,Подготовка учителей математики,517,GENERAL,110,124,115.3,10
2023,UNIVERSITY_PEDAGOGICAL,FULL,B009,,Подготовка учителей математики,517,RURAL,102,109,103.6,5
2023,UNIVERSITY_PEDAGOGICAL,FULL,B010,,Подготовка учителей физики,3,GENERAL,75,81,77.3,6
2023,UNIVERSITY_PEDAGOGICAL,FULL,B010,,Подготовка учителей физики,5,GENERAL,90,109,97.2,33
2023,UNIVERSITY_PEDAGOGICAL,FULL,B010,,Подготовка учителей физики,5,RURAL,85,90,86.8,14
2023,UNIVERSITY_PEDAGOGICAL,FULL,B010,,Подготовка учителей физики,8,GENERAL,77,91,82.2,5
2023,UNIVERSITY_PEDAGOGICAL,FULL,B010,,Подготовка учителей физики,10,GENERAL,75,75,75.0,1
2023,UNIVERSITY_PEDAGOGICAL,FULL,B010,,Подготовка учителей физики,11,GENERAL,89,106,94.8,13
2023,UNIVERSITY_PEDAGOGICAL,FULL,B010,,Подготовка учителей физики,11,RURAL,81,88,85.6,7
2023,UNIVERSITY_PEDAGOGICAL,FULL,B010,,Подготовка учителей физики,15,GENERAL,92,106,99.2,17
2023,UNIVERSITY_PEDAGOGICAL,FULL,B010,,Подготовка учителей физики,15,RURAL,84,91,87.7,10
2023,UNIVERSITY_PEDAGOGICAL,FULL,B010,,Подготовка учителей физики,16,GENERAL,84,125,93.5,22
2023,UNIVERSITY_PEDAGOGICAL,FULL,B010,,Подготовка учителей физики,16,RURAL,77,84,80.1,11
2023,UNIVERSITY_PEDAGOGICAL,FULL,B010,,Подготовка учителей физики,31,GENERAL,101,116,104.9,9
2023,UNIVERSITY_PEDAGOGICAL,FULL,B010,,Подготовка учителей физики,31,RURAL,95,100,97.0,5
2023,UNIVERSITY_PEDAGOGICAL,FULL,B010,,Подготовка учителей физики,34,GENERAL,99,120,104.8,24
2023,UNIVERSITY_PEDAGOGICAL,FULL,B010,,Подготовка учителей физики,34,RURAL,95,99,97.4,14
2023,UNIVERSITY_PEDAGOGICAL,FULL,B010,,Подготовка учителей физики,35,GENERAL,84,102,90.3,19
2023,UNIVERSITY_PEDAGOGICAL,FULL,B010,,Подготовка учителей физики,35,RURAL,75,80,77.3,11
2023,UNIVERSITY_PEDAGOGICAL,FULL,B010,,Подготовка учителей физики,36,GENERAL,75,110,82.4,21
2023,UNIVERSITY_PEDAGOGICAL,FULL,B010,,Подготовка учителей физики,37,GENERAL,87,126,98.5,44
2023,UNIVERSITY_PEDAGOGICAL,FULL,B010,,Подготовка учителей физики,37,RURAL,76,87,82.0,24
2023,UNIVERSITY_PEDAGOGICAL,FULL,B010,,Подготовка учителей физики,42,GENERAL,77,88,81.1,25
2023,UNIVERSITY_PEDAGOGICAL,FULL,B010,,Подготовка учителей физики,42,RURAL,75,76,75.6,5
2023,UNIVERSITY_PEDAGOGICAL,FULL,B010,,Подготовка учителей физики,43,GENERAL,90,126,97.5,33
2023,UNIVERSITY_PEDAGOGICAL,FULL,B010,,Подготовка учителей физики,43,RURAL,78,88,82.6,16
2023,UNIVERSITY_PEDAGOGICAL,FULL,B010,,Подготовка учителей физики,196,GENERAL,91,124,99.4,51
2023,UNIVERSITY_PEDAGOGICAL,FULL,B010,,Подготовка учителей физики,196,RURAL,77,90,83.7,32
2023,UNIVERSITY_PEDAGOGICAL,FULL,B010,,Подготовка учителей физики,517,GENERAL,95,116,102.6,16
2023,UNIVERSITY_PEDAGOGICAL,FULL,B010,,Подготовка учителей физики,517,RURAL,81,93,86.1,10
2023,UNIVERSITY_PEDAGOGICAL,FULL,B011,,Подготовка учителей информатики,5,GENERAL,75,124,90.2,16
2023,UNIVERSITY_PEDAGOGICAL,FULL,B011,,Подготовка учителей информатики,8,GENERAL,76,76,76.0,1
2023,UNIVERSITY_PEDAGOGICAL,FULL,B011,,Подготовка учителей информатики,11,GENERAL,108,114,110.7,3
2023,UNIVERSITY_PEDAGOGICAL,FULL,B011,,Подготовка учителей информатики,11,RURAL,86,93,89.5,2
2023,UNIVERSITY_PEDAGOGICAL,FULL,B011,,Подготовка учителей информатики,15,GENERAL,75,111,93.2,5
2023,UNIVERSITY_PEDAGOGICAL,FULL,B011,,Подготовка учителей информатики,16,GENERAL,75,116,85.4,21
2023,UNIVERSITY_PEDAGOGICAL,FULL,B011,,Подготовка учителей информатики,31,GENERAL,77,101,87.5,17
2023,UNIVERSITY_PEDAGOGICAL,FULL,B011,,Подготовка учителей информатики,34,GENERAL,76,116,88.1,15
2023,UNIVERSITY_PEDAGOGICAL,FULL,B011,,Подготовка учителей информатики,35,GENERAL,78,91,84.7,6
2023,UNIVERSITY_PEDAGOGICAL,FULL,B011,,Подготовка учителей информатики,36,GENERAL,75,111,85.2,12
2023,UNIVERSITY_PEDAGOGICAL,FULL,B011,,Подготовка учителей информатики,37,GENERAL,76,110,87.2,19
2023,UNIVERSITY_PEDAGOGICAL,FULL,B011,,Подготовка учителей информатики,37,RURAL,75,75,75.0,1
2023,UNIVERSITY_PEDAGOGICAL,FULL,B011,,Подготовка учителей информатики,42,GENERAL,75,77,76.3,3
2023,UNIVERSITY_PEDAGOGICAL,FULL,B011,,Подготовка учителей информатики,43,GENERAL,76,121,90.4,13
2023,UNIVERSITY_PEDAGOGICAL,FULL,B011,,Подготовка учителей информатики,196,GENERAL,79,117,92.1,23
2023,UNIVERSITY_PEDAGOGICAL,FULL,B011,,Подготовка учителей информатики,517,GENERAL,76,115,90.1,14
2023,UNIVERSITY_PEDAGOGICAL,FULL,B011,,Подготовка учителей информатики,517,RURAL,75,75,75.0,1
2023,UNIVERSITY_PEDAGOGICAL,FULL,B012,,Подготовка учителей химии,3,GENERAL,76,76,76.0,1
2023,UNIVERSITY_PEDAGOGICAL,FULL,B012,,Подготовка учителей химии,5,GENERAL,88,116,96.7,33
2023,UNIVERSITY_PEDAGOGICAL,FULL,B012,,Подготовка учителей химии,5,RURAL,75,84,79.1,22
2023,UNIVERSITY_PEDAGOGICAL,FULL,B012,,Подготовка учителей химии,8,GENERAL,79,79,79.0,1
2023,UNIVERSITY_PEDAGOGICAL,FULL,B012,,Подготовка учителей химии,8,RURAL,75,76,75.5,2
2023,UNIVERSITY_PEDAGOGICAL,FULL,B012,,Подготовка учителей химии,10,GENERAL,75,78,77.0,5
2023,UNIVERSITY_PEDAGOGICAL,FULL,B012,,Подготовка учителей химии,11,GENERAL,86,104,92.8,16
2023,UNIVERSITY_PEDAGOGICAL,FULL,B012,,Подготовка учителей химии,11,RURAL,78,86,81.9,9
2023,UNIVERSITY_PEDAGOGICAL,FULL,B012,,Подготовка учителей химии,15,GENERAL,79,101,90.3,11
2023,UNIVERSITY_PEDAGOGICAL,FULL,B012,,Подготовка учителей химии,15,RURAL,76,77,76.5,2
2023,UNIVERSITY_PEDAGOGICAL,FULL,B012,,Подготовка учителей химии,16,GENERAL,84,110,92.9,26
2023,UNIVERSITY_PEDAGOGICAL,FULL,B012,,Подготовка учителей химии,16,RURAL,76,83,79.1,14
2023,UNIVERSITY_PEDAGOGICAL,FULL,B012,,Подготовка учителей химии,31,GENERAL,87,112,94.9,34
2023,UNIVERSITY_PEDAGOGICAL,FULL,B012,,Подготовка учителей химии,31,RURAL,81,87,83.7,12
2023,UNIVERSITY_PEDAGOGICAL,FULL,B012,,Подготовка учителей химии,34,GENERAL,91,112,97.4,28
2023,UNIVERSITY_PEDAGOGICAL,FULL,B012,,Подготовка учителей химии,34,RURAL,77,90,84.6,22
2023,UNIVERSITY_PEDAGOGICAL,FULL,B012,,Подготовка учителей химии,35,GENERAL,86,125,93.4,23
2023,UNIVERSITY_PEDAGOGICAL,FULL,B012,,Подготовка учителей химии,35,RURAL,78,84,81.0,16
2023,UNIVERSITY_PEDAGOGICAL,FULL,B012,,Подготовка учителей химии,36,GENERAL,78,111,88.3,19
2023,UNIVERSITY_PEDAGOGICAL,FULL,B012,,Подготовка учителей химии,37,GENERAL,76,114,88.1,105
2023,UNIVERSITY_PEDAGOGICAL,FULL,B012,,Подготовка учителей химии,37,RURAL,75,76,75.3,7
2023,UNIVERSITY_PEDAGOGICAL,FULL,B012,,Подготовка учителей химии,40,GENERAL,81,113,90.6,13
2023,UNIVERSITY_PEDAGOGICAL,FULL,B012,,Подготовка учителей химии,40,RURAL,75,78,76.6,7
2023,UNIVERSITY_PEDAGOGICAL,FULL,B012,,Подготовка учителей химии,42,GENERAL,75,89,80.6,25
2023,UNIVERSITY_PEDAGOGICAL,FULL,B012,,Подготовка учителей химии,43,GENERAL,80,111,87.8,27
2023,UNIVERSITY_PEDAGOGICAL,FULL,B012,,Подготовка учителей химии,43,RURAL,76,77,76.3,3
2023,UNIVERSITY_PEDAGOGICAL,FULL,B012,,Подготовка учителей химии,196,GENERAL,87,128,97.2,38
2023,UNIVERSITY_PEDAGOGICAL,FULL,B012,,Подготовка учителей химии,196,RURAL,76,86,81.8,31
2023,UNIVERSITY_PEDAGOGICAL,FULL,B012,,Подготовка учителей химии,517,GENERAL,86,113,92.4,11
2023,UNIVERSITY_PEDAGOGICAL,FULL,B012,,Подготовка учителей химии,517,RURAL,78,85,82.2,5
2023,UNIVERSITY_PEDAGOGICAL,FULL,B013,,Подготовка учителей биологии,3,GENERAL,75,80,78.0,12
2023,UNIVERSITY_PEDAGOGICAL,FULL,B013,,Подготовка учителей биологии,5,GENERAL,90,107,96.0,24
2023,UNIVERSITY_PEDAGOGICAL,FULL,B013,,Подготовка учителей биологии,5,RURAL,80,90,85.1,22
2023,UNIVERSITY_PEDAGOGICAL,FULL,B013,,Подготовка учителей биологии,8,GENERAL,75,80,76.8,6
2023,UNIVERSITY_PEDAGOGICAL,FULL,B013,,Подготовка учителей биологии,10,GENERAL,76,80,77.5,6
2023,UNIVERSITY_PEDAGOGICAL,FULL,B013,,Подготовка учителей биологии,10,RURAL,75,76,75.7,3
2023,UNIVERSITY_PEDAGOGICAL,FULL,B013,,Подготовка учителей биологии,11,GENERAL,81,105,87.0,16
2023,UNIVERSITY_PEDAGOGICAL,FULL,B013,,Подготовка учителей биологии,11,RURAL,75,79,76.4,7
2023,UNIVERSITY_PEDAGOGICAL,FULL,B013,,Подготовка учителей биологии,15,GENERAL,86,109,94.0,10
2023,UNIVERSITY_PEDAGOGICAL,FULL,B013,,Подготовка учителей биологии,15,RURAL,80,85,83.0,5
2023,UNIVERSITY_PEDAGOGICAL,FULL,B013,,Подготовка учителей биологии,16,GENERAL,84,110,91.6,26
2023,UNIVERSITY_PEDAGOGICAL,FULL,B013,,Подготовка учителей биологии,16,RURAL,76,83,79.4,14
2023,UNIVERSITY_PEDAGOGICAL,FULL,B013,,Подготовка учителей биологии,31,GENERAL,88,106,94.5,25
2023,UNIVERSITY_PEDAGOGICAL,FULL,B013,,Подготовка учителей биологии,31,RURAL,83,87,85.3,11
2023,UNIVERSITY_PEDAGOGICAL,FULL,B013,,Подготовка учителей биологии,34,GENERAL,88,111,94.4,19
2023,UNIVERSITY_PEDAGOGICAL,FULL,B013,,Подготовка учителей биологии,34,RURAL,81,88,83.9,11
2023,UNIVERSITY_PEDAGOGICAL,FULL,B013,,Подготовка учителей биологии,35,GENERAL,81,117,87.8,29
2023,UNIVERSITY_PEDAGOGICAL,FULL,B013,,Подготовка учителей биологии,35,RURAL,76,80,77.5,16
2023,UNIVERSITY_PEDAGOGICAL,FULL,B013,,Подготовка учителей биологии,36,GENERAL,78,118,87.7,19
2023,UNIVERSITY_PEDAGOGICAL,FULL,B013,,Подготовка учителей биологии,36,RURAL,75,78,76.3,3
2023,UNIVERSITY_PEDAGOGICAL,FULL,B013,,Подготовка учителей биологии,37,GENERAL,88,114,95.9,57
2023,UNIVERSITY_PEDAGOGICAL,FULL,B013,,Подготовка учителей биологии,37,RURAL,80,88,84.5,29
2023,UNIVERSITY_PEDAGOGICAL,FULL,B013,,Подготовка учителей биологии,40,GENERAL,77,95,80.9,18
2023,UNIVERSITY_PEDAGOGICAL,FULL,B013,,Подготовка учителей биологии,40,RURAL,75,76,75.5,2
2023,UNIVERSITY_PEDAGOGICAL,FULL,B013,,Подготовка учителей биологии,42,GENERAL,76,86,79.1,26
2023,UNIVERSITY_PEDAGOGICAL,FULL,B013,,Подготовка учителей биологии,42,RURAL,75,76,75.5,2
2023,UNIVERSITY_PEDAGOGICAL,FULL,B013,,Подготовка учителей биологии,43,GENERAL,84,100,88.8,21
2023,UNIVERSITY_PEDAGOGICAL,FULL,B013,,Подготовка учителей биологии,43,RURAL,75,83,78.3,9
2023,UNIVERSITY_PEDAGOGICAL,FULL,B013,,Подготовка учителей биологии,196,GENERAL,88,126,93.7,33
2023,UNIVERSITY_PEDAGOGICAL,FULL,B013,,Подготовка учителей биологии,196,RURAL,78,87,81.8,16
2023,UNIVERSITY_PEDAGOGICAL,FULL,B013,,Подготовка учителей биологии,517,GENERAL,85,100,91.3,10
2023,UNIVERSITY_PEDAGOGICAL,FULL,B013,,Подготовка учителей биологии,517,RURAL,77,84,79.6,5
2023,UNIVERSITY_PEDAGOGICAL,FULL,B014,,Подготовка учителей географии,3,GENERAL,94,101,96.8,6
2023,UNIVERSITY_PEDAGOGICAL,FULL,B014,,Подготовка учителей географии,3,RURAL,87,89,87.8,4
2023,UNIVERSITY_PEDAGOGICAL,FULL,B014,,Подготовка учителей географии,5,GENERAL,96,112,101.2,6
2023,UNIVERSITY_PEDAGOGICAL,FULL,B014,,Подготовка учителей географии,5,RURAL,90,95,92.2,4
2023,UNIVERSITY_PEDAGOGICAL,FULL,B014,,Подготовка учителей географии,8,GENERAL,75,92,82.3,18
2023,UNIVERSITY_PEDAGOGICAL,FULL,B014,,Подготовка учителей географии,8,RURAL,75,75,75.0,1
2023,UNIVERSITY_PEDAGOGICAL,FULL,B014,,Подготовка учителей географии,10,GENERAL,86,116,96.3,6
2023,UNIVERSITY_PEDAGOGICAL,FULL,B014,,Подготовка учителей географии,10,RURAL,78,81,79.8,4
2023,UNIVERSITY_PEDAGOGICAL,FULL,B014,,Подготовка учителей географии,11,GENERAL,100,118,108.5,6
2023,UNIVERSITY_PEDAGOGICAL,FULL,B014,,Подготовка учителей географии,11,RURAL,85,91,88.0,4
2023,UNIVERSITY_PEDAGOGICAL,FULL,B014,,Подготовка учителей географии,15,GENERAL,89,103,94.7,6
2023,UNIVERSITY_PEDAGOGICAL,FULL,B014,,Подготовка учителей географии,15,RURAL,84,86,85.0,4
2023,UNIVERSITY_PEDAGOGICAL,FULL,B014,,Подготовка учителей географии,16,GENERAL,92,95,93.8,6
2023,UNIVERSITY_PEDAGOGICAL,FULL,B014,,Подготовка учителей географии,16,RURAL,87,91,88.5,4
2023,UNIVERSITY_PEDAGOGICAL,FULL,B014,,Подготовка учителей географии,31,GENERAL,97,115,101.8,6
2023,UNIVERSITY_PEDAGOGICAL,FULL,B014,,Подготовка учителей географии,31,RURAL,93,96,94.5,4
2023,UNIVERSITY_PEDAGOGICAL,FULL,B014,,Подготовка учителей географии,34,GENERAL,99,122,106.2,6
2023,UNIVERSITY_PEDAGOGICAL,FULL,B014,,Подготовка учителей географии,34,RURAL,91,98,95.0,9
2023,UNIVERSITY_PEDAGOGICAL,FULL,B014,,Подготовка учителей географии,35,GENERAL,95,105,97.7,6
2023,UNIVERSITY_PEDAGOGICAL,FULL,B014,,Подготовка учителей географии,35,RURAL,89,93,91.2,4
2023,UNIVERSITY_PEDAGOGICAL,FULL,B014,,Подготовка учителей географии,36,GENERAL,93,115,100.5,6
2023,UNIVERSITY_PEDAGOGICAL,FULL,B014,,Подготовка учителей географии,36,RURAL,90,92,91.2,4
2023,UNIVERSITY_PEDAGOGICAL,FULL,B014,,Подготовка учителей географии,37,GENERAL,92,98,95.3,6
2023,UNIVERSITY_PEDAGOGICAL,FULL,B014,,Подготовка учителей географии,37,RURAL,87,91,89.2,4
2023,UNIVERSITY_PEDAGOGICAL,FULL,B014,,Подготовка учителей географии,40,GENERAL,93,103,96.0,6
2023,UNIVERSITY_PEDAGOGICAL,FULL,B014,,Подготовка учителей географии,40,RURAL,88,90,88.8,4
2023,UNIVERSITY_PEDAGOGICAL,FULL,B014,,Подготовка учителей географии,42,GENERAL,91,110,99.2,6
2023,UNIVERSITY_PEDAGOGICAL,FULL,B014,,Подготовка учителей географии,42,RURAL,86,89,88.0,4
2023,UNIVERSITY_PEDAGOGICAL,FULL,B014,,Подготовка учителей географии,43,GENERAL,93,102,96.8,6
2023,UNIVERSITY_PEDAGOGICAL,FULL,B014,,Подготовка учителей географии,43,RURAL,88,91,89.8,4
2023,UNIVERSITY_PEDAGOGICAL,FULL,B014,,Подготовка учителей географии,196,GENERAL,100,118,104.7,7
2023,UNIVERSITY_PEDAGOGICAL,FULL,B014,,Подготовка учителей географии,196,RURAL,95,100,97.2,4
2023,UNIVERSITY_PEDAGOGICAL,FULL,B014,,Подготовка учителей географии,517,GENERAL,94,111,98.3,6
2023,UNIVERSITY_PEDAGOGICAL,FULL,B014,,Подготовка учителей географии,517,RURAL,86,92,88.5,4
2023,UNIVERSITY_PEDAGOGICAL,FULL,B015,,Подготовка учителей по гуманитарным предметам,3,GENERAL,83,86,85.3,6
2023,UNIVERSITY_PEDAGOGICAL,FULL,B015,,Подготовка учителей по гуманитарным предметам,3,RURAL,77,78,77.8,4
2023,UNIVERSITY_PEDAGOGICAL,FULL,B015,,Подготовка учителей по гуманитарным предметам,5,GENERAL,110,115,111.2,6
2023,UNIVERSITY_PEDAGOGICAL,FULL,B015,,Подготовка учителей по гуманитарным предметам,5,RURAL,105,110,106.5,4
2023,UNIVERSITY_PEDAGOGICAL,FULL,B015,,Подготовка учителей по гуманитарным предметам,8,GENERAL,76,98,81.7,33
2023,UNIVERSITY_PEDAGOGICAL,FULL,B015,,Подготовка учителей по гуманитарным предметам,10,GENERAL,81,85,82.7,6
2023,UNIVERSITY_PEDAGOGICAL,FULL,B015,,Подготовка учителей по гуманитарным предметам,10,RURAL,75,76,75.8,4
2023,UNIVERSITY_PEDAGOGICAL,FULL,B015,,Подготовка учителей по гуманитарным предметам,11,GENERAL,101,116,107.8,6
2023,UNIVERSITY_PEDAGOGICAL,FULL,B015,,Подготовка учителей по гуманитарным предметам,11,RURAL,92,99,95.0,4
2023,UNIVERSITY_PEDAGOGICAL,FULL,B015,,Подготовка учителей по гуманитарным предметам,15,GENERAL,97,108,101.0,6
2023,UNIVERSITY_PEDAGOGICAL,FULL,B015,,Подготовка учителей по гуманитарным предметам,15,RURAL,87,95,91.2,4
2023,UNIVERSITY_PEDAGOGICAL,FULL,B015,,Подготовка учителей по гуманитарным предметам,16,GENERAL,96,112,100.4,10
2023,UNIVERSITY_PEDAGOGICAL,FULL,B015,,Подготовка учителей по гуманитарным предметам,16,RURAL,89,95,91.8,5
2023,UNIVERSITY_PEDAGOGICAL,FULL,B015,,Подготовка учителей по гуманитарным предметам,31,GENERAL,109,128,116.7,6
2023,UNIVERSITY_PEDAGOGICAL,FULL,B015,,Подготовка учителей по гуманитарным предметам,31,RURAL,86,102,89.5,23
2023,UNIVERSITY_PEDAGOGICAL,FULL,B015,,Подготовка учителей по гуманитарным предметам,34,GENERAL,105,111,108.8,6
2023,UNIVERSITY_PEDAGOGICAL,FULL,B015,,Подготовка учителей по гуманитарным предметам,34,RURAL,94,103,97.5,6
2023,UNIVERSITY_PEDAGOGICAL,FULL,B015,,Подготовка учителей по гуманитарным предметам,35,GENERAL,98,109,100.8,6
2023,UNIVERSITY_PEDAGOGICAL,FULL,B015,,Подготовка учителей по гуманитарным предметам,35,RURAL,88,93,90.5,4
2023,UNIVERSITY_PEDAGOGICAL,FULL,B015,,Подготовка учителей по гуманитарным предметам,36,GENERAL,106,122,110.7,6
2023,UNIVERSITY_PEDAGOGICAL,FULL,B015,,Подготовка учителей по гуманитарным предметам,36,RURAL,92,105,97.2,4
2023,UNIVERSITY_PEDAGOGICAL,FULL,B015,,Подготовка учителей по гуманитарным предметам,37,GENERAL,102,120,114.3,6
2023,UNIVERSITY_PEDAGOGICAL,FULL,B015,,Подготовка учителей по гуманитарным предметам,37,RURAL,80,97,86.1,11
2023,UNIVERSITY_PEDAGOGICAL,FULL,B015,,Подготовка учителей по гуманитарным предметам,40,GENERAL,98,107,102.5,10
2023,UNIVERSITY_PEDAGOGICAL,FULL,B015,,Подготовка учителей по гуманитарным предметам,40,RURAL,92,97,93.8,5
2023,UNIVERSITY_PEDAGOGICAL,FULL,B015,,Подготовка учителей по гуманитарным предметам,42,GENERAL,81,85,83.2,6
2023,UNIVERSITY_PEDAGOGICAL,FULL,B015,,Подготовка учителей по гуманитарным предметам,42,RURAL,79,81,80.2,4
2023,UNIVERSITY_PEDAGOGICAL,FULL,B015,,Подготовка учителей по гуманитарным предметам,43,GENERAL,105,123,113.0,6
2023,UNIVERSITY_PEDAGOGICAL,FULL,B015,,Подготовка учителей по гуманитарным предметам,43,RURAL,92,102,97.2,4
2023,UNIVERSITY_PEDAGOGICAL,FULL,B015,,Подготовка учителей по гуманитарным предметам,196,GENERAL,108,122,113.7,6
2023,UNIVERSITY_PEDAGOGICAL,FULL,B015,,Подготовка учителей по гуманитарным предметам,196,RURAL,87,96,90.3,17
2023,UNIVERSITY_PEDAGOGICAL,FULL,B015,,Подготовка учителей по гуманитарным предметам,517,GENERAL,104,125,110.8,6
2023,UNIVERSITY_PEDAGOGICAL,FULL,B015,,Подготовка учителей по гуманитарным предметам,517,RURAL,80,97,86.5,21
2023,UNIVERSITY_PEDAGOGICAL,FULL,B016,,Подготовка учителей казахского языка и литературы,3,GENERAL,103,108,105.6,16
2023,UNIVERSITY_PEDAGOGICAL,FULL,B016,,Подготовка учителей казахского языка и литературы,3,RURAL,92,94,93.1,9
2023,UNIVERSITY_PEDAGOGICAL,FULL,B016,,Подготовка учителей казахского языка и литературы,5,GENERAL,110,123,114.5,26
2023,UNIVERSITY_PEDAGOGICAL,FULL,B016,,Подготовка учителей казахского языка и литературы,5,RURAL,104,110,105.7,14
2023,UNIVERSITY_PEDAGOGICAL,FULL,B016,,Подготовка учителей казахского языка и литературы,8,GENERAL,93,103,97.2,23
2023,UNIVERSITY_PEDAGOGICAL,FULL,B016,,Подготовка учителей казахского языка и литературы,8,RURAL,88,93,89.9,12
2023,UNIVERSITY_PEDAGOGICAL,FULL,B016,,Подготовка учителей казахского языка и литературы,10,GENERAL,90,97,93.4,16
2023,UNIVERSITY_PEDAGOGICAL,FULL,B016,,Подготовка учителей казахского языка и литературы,10,RURAL,82,87,84.1,9
2023,UNIVERSITY_PEDAGOGICAL,FULL,B016,,Подготовка учителей казахского языка и литературы,11,GENERAL,102,122,107.8,16
2023,UNIVERSITY_PEDAGOGICAL,FULL,B016,,Подготовка учителей казахского языка и литературы,11,RURAL,96,100,97.8,9
2023,UNIVERSITY_PEDAGOGICAL,FULL,B016,,Подготовка учителей казахского языка и литературы,15,GENERAL,106,115,110.5,16
2023,UNIVERSITY_PEDAGOGICAL,FULL,B016,,Подготовка учителей казахского языка и литературы,15,RURAL,103,106,104.3,9
2023,UNIVERSITY_PEDAGOGICAL,FULL,B016,,Подготовка учителей казахского языка и литературы,16,GENERAL,107,122,111.7,26
2023,UNIVERSITY_PEDAGOGICAL,FULL,B016,,Подготовка учителей казахского языка и литературы,16,RURAL,98,106,102.5,14
2023,UNIVERSITY_PEDAGOGICAL,FULL,B016,,Подготовка учителей казахского языка и литературы,31,GENERAL,111,117,113.0,13
2023,UNIVERSITY_PEDAGOGICAL,FULL,B016,,Подготовка учителей казахского языка и литературы,31,RURAL,109,110,109.4,7
2023,UNIVERSITY_PEDAGOGICAL,FULL,B016,,Подготовка учителей казахского языка и литературы,34,GENERAL,110,133,115.9,19
2023,UNIVERSITY_PEDAGOGICAL,FULL,B016,,Подготовка учителей казахского языка и литературы,34,RURAL,103,110,107.5,11
2023,UNIVERSITY_PEDAGOGICAL,FULL,B016,,Подготовка учителей казахского языка и литературы,35,GENERAL,108,118,111.1,29
2023,UNIVERSITY_PEDAGOGICAL,FULL,B016,,Подготовка учителей казахского языка и литературы,35,RURAL,103,107,104.5,16
2023,UNIVERSITY_PEDAGOGICAL,FULL,B016,,Подготовка учителей казахского языка и литературы,36,GENERAL,99,128,103.8,19
2023,UNIVERSITY_PEDAGOGICAL,FULL,B016,,Подготовка учителей казахского языка и литературы,36,RURAL,90,98,93.6,11
2023,UNIVERSITY_PEDAGOGICAL,FULL,B016,,Подготовка учителей казахского языка и литературы,37,GENERAL,109,115,111.6,16
2023,UNIVERSITY_PEDAGOGICAL,FULL,B016,,Подготовка учителей казахского языка и литературы,37,RURAL,106,109,108.0,9
2023,UNIVERSITY_PEDAGOGICAL,FULL,B016,,Подготовка учителей казахского языка и литературы,40,GENERAL,107,118,109.8,10
2023,UNIVERSITY_PEDAGOGICAL,FULL,B016,,Подготовка учителей казахского языка и литературы,40,RURAL,100,103,101.4,5
2023,UNIVERSITY_PEDAGOGICAL,FULL,B016,,Подготовка учителей казахского языка и литературы,42,GENERAL,102,107,103.8,19
2023,UNIVERSITY_PEDAGOGICAL,FULL,B016,,Подготовка учителей казахского языка и литературы,42,RURAL,97,102,99.3,11
2023,UNIVERSITY_PEDAGOGICAL,FULL,B016,,Подготовка учителей казахского языка и литературы,43,GENERAL,111,124,114.1,13
2023,UNIVERSITY_PEDAGOGICAL,FULL,B016,,Подготовка учителей казахского языка и литературы,43,RURAL,104,109,106.3,7
2023,UNIVERSITY_PEDAGOGICAL,FULL,B016,,Подготовка учителей казахского языка и литературы,196,GENERAL,110,119,112.9,19
2023,UNIVERSITY_PEDAGOGICAL,FULL,B016,,Подготовка учителей казахского языка и литературы,196,RURAL,108,110,109.2,11
2023,UNIVERSITY_PEDAGOGICAL,FULL,B016,,Подготовка учителей казахского языка и литературы,517,GENERAL,102,116,106.8,13
2023,UNIVERSITY_PEDAGOGICAL,FULL,B016,,Подготовка учителей казахского языка и литературы,517,RURAL,94,100,97.4,7
2023,UNIVERSITY_PEDAGOGICAL,FULL,B017,,Подготовка учителей русского языка и литературы,5,GENERAL,79,113,90.1,39
2023,UNIVERSITY_PEDAGOGICAL,FULL,B017,,Подготовка учителей русского языка и литературы,5,RURAL,75,78,75.8,6
2023,UNIVERSITY_PEDAGOGICAL,FULL,B017,,Подготовка учителей русского языка и литературы,8,GENERAL,79,82,80.5,2
2023,UNIVERSITY_PEDAGOGICAL,FULL,B017,,Подготовка учителей русского языка и литературы,11,GENERAL,79,112,89.4,17
2023,UNIVERSITY_PEDAGOGICAL,FULL,B017,,Подготовка учителей русского языка и литературы,11,RURAL,75,79,77.0,2
2023,UNIVERSITY_PEDAGOGICAL,FULL,B017,,Подготовка учителей русского языка и литературы,15,GENERAL,82,95,86.4,16
2023,UNIVERSITY_PEDAGOGICAL,FULL,B017,,Подготовка учителей русского языка и литературы,15,RURAL,75,79,76.2,4
2023,UNIVERSITY_PEDAGOGICAL,FULL,B017,,Подготовка учителей русского языка и литературы,16,GENERAL,75,109,90.4,34
2023,UNIVERSITY_PEDAGOGICAL,FULL,B017,,Подготовка учителей русского языка и литературы,31,GENERAL,81,111,92.1,29
2023,UNIVERSITY_PEDAGOGICAL,FULL,B017,,Подготовка учителей русского языка и литературы,31,RURAL,77,80,78.8,8
2023,UNIVERSITY_PEDAGOGICAL,FULL,B017,,Подготовка учителей русского языка и литературы,34,GENERAL,86,126,96.2,28
2023,UNIVERSITY_PEDAGOGICAL,FULL,B017,,Подготовка учителей русского языка и литературы,34,RURAL,81,85,82.8,5
2023,UNIVERSITY_PEDAGOGICAL,FULL,B017,,Подготовка учителей русского языка и литературы,35,GENERAL,79,124,89.8,25
2023,UNIVERSITY_PEDAGOGICAL,FULL,B017,,Подготовка учителей русского языка и литературы,35,RURAL,76,79,77.3,6
2023,UNIVERSITY_PEDAGOGICAL,FULL,B017,,Подготовка учителей русского языка и литературы,36,GENERAL,75,121,88.5,37
2023,UNIVERSITY_PEDAGOGICAL,FULL,B017,,Подготовка учителей русского языка и литературы,37,GENERAL,78,118,93.0,45
2023,UNIVERSITY_PEDAGOGICAL,FULL,B017,,Подготовка учителей русского языка и литературы,37,RURAL,75,77,75.8,5
2023,UNIVERSITY_PEDAGOGICAL,FULL,B017,,Подготовка учителей русского языка и литературы,40,GENERAL,75,103,87.3,32
2023,UNIVERSITY_PEDAGOGICAL,FULL,B017,,Подготовка учителей русского языка и литературы,43,GENERAL,78,115,89.3,23
2023,UNIVERSITY_PEDAGOGICAL,FULL,B017,,Подготовка учителей русского языка и литературы,43,RURAL,77,77,77.0,1
2023,UNIVERSITY_PEDAGOGICAL,FULL,B017,,Подготовка учителей русского языка и литературы,196,GENERAL,78,114,88.0,55
2023,UNIVERSITY_PEDAGOGICAL,FULL,B017,,Подготовка учителей русского языка и литературы,196,RURAL,75,76,75.3,3
2023,UNIVERSITY_PEDAGOGICAL,FULL,B017,,Подготовка учителей русского языка и литературы,517,GENERAL,75,109,89.2,33
2023,UNIVERSITY_PEDAGOGICAL,FULL,B017,,Подготовка учителей русского языка и литературы,517,RURAL,75,75,75.0,2
2023,UNIVERSITY_PEDAGOGICAL,FULL,B018,,Подготовка учителей иностранного языка,3,GENERAL,107,120,111.4,14
2023,UNIVERSITY_PEDAGOGICAL,FULL,B018,,Подготовка учителей иностранного языка,3,RURAL,100,103,101.2,8
2023,UNIVERSITY_PEDAGOGICAL,FULL,B018,,Подготовка учителей иностранного языка,5,GENERAL,109,126,113.3,39
2023,UNIVERSITY_PEDAGOGICAL,FULL,B018,,Подготовка учителей иностранного языка,5,RURAL,103,108,105.9,22
2023,UNIVERSITY_PEDAGOGICAL,FULL,B018,,Подготовка учителей иностранного языка,8,GENERAL,95,104,98.9,23
2023,UNIVERSITY_PEDAGOGICAL,FULL,B018,,Подготовка учителей иностранного языка,8,RURAL,88,95,91.2,12
2023,UNIVERSITY_PEDAGOGICAL,FULL,B018,,Подготовка учителей иностранного языка,10,GENERAL,103,116,107.9,19
2023,UNIVERSITY_PEDAGOGICAL,FULL,B018,,Подготовка учителей иностранного языка,10,RURAL,97,103,99.3,11
2023,UNIVERSITY_PEDAGOGICAL,FULL,B018,,Подготовка учителей иностранного языка,11,GENERAL,107,120,112.7,19
2023,UNIVERSITY_PEDAGOGICAL,FULL,B018,,Подготовка учителей иностранного языка,11,RURAL,99,107,102.9,11
2023,UNIVERSITY_PEDAGOGICAL,FULL,B018,,Подготовка учителей иностранного языка,15,GENERAL,105,116,108.5,26
2023,UNIVERSITY_PEDAGOGICAL,FULL,B018,,Подготовка учителей иностранного языка,15,RURAL,100,104,102.3,14
2023,UNIVERSITY_PEDAGOGICAL,FULL,B018,,Подготовка учителей иностранного языка,16,GENERAL,106,120,110.6,29
2023,UNIVERSITY_PEDAGOGICAL,FULL,B018,,Подготовка учителей иностранного языка,16,RURAL,98,106,100.8,16
2023,UNIVERSITY_PEDAGOGICAL,FULL,B018,,Подготовка учителей иностранного языка,31,GENERAL,113,121,116.2,26
2023,UNIVERSITY_PEDAGOGICAL,FULL,B018,,Подготовка учителей иностранного языка,31,RURAL,110,113,111.3,14
2023,UNIVERSITY_PEDAGOGICAL,FULL,B018,,Подготовка учителей иностранного языка,34,GENERAL,114,126,117.4,13
2023,UNIVERSITY_PEDAGOGICAL,FULL,B018,,Подготовка учителей иностранного языка,34,RURAL,108,113,111.0,7
2023,UNIVERSITY_PEDAGOGICAL,FULL,B018,,Подготовка учителей иностранного языка,35,GENERAL,108,125,111.8,26
2023,UNIVERSITY_PEDAGOGICAL,FULL,B018,,Подготовка учителей иностранного языка,35,RURAL,105,107,106.1,14
2023,UNIVERSITY_PEDAGOGICAL,FULL,B018,,Подготовка учителей иностранного языка,36,GENERAL,104,123,108.4,26
2023,UNIVERSITY_PEDAGOGICAL,FULL,B018,,Подготовка учителей иностранного языка,36,RURAL,97,103,99.2,14
2023,UNIVERSITY_PEDAGOGICAL,FULL,B018,,Подготовка учителей иностранного языка,37,GENERAL,113,123,116.7,26
2023,UNIVERSITY_PEDAGOGICAL,FULL,B018,,Подготовка учителей иностранного языка,37,RURAL,106,113,108.7,14
2023,UNIVERSITY_PEDAGOGICAL,FULL,B018,,Подготовка учителей иностранного языка,40,GENERAL,111,120,115.7,10
2023,UNIVERSITY_PEDAGOGICAL,FULL,B018,,Подготовка учителей иностранного языка,40,RURAL,105,108,106.0,5
2023,UNIVERSITY_PEDAGOGICAL,FULL,B018,,Подготовка учителей иностранного языка,42,GENERAL,106,114,109.1,19
2023,UNIVERSITY_PEDAGOGICAL,FULL,B018,,Подготовка учителей иностранного языка,42,RURAL,96,102,98.5,11
2023,UNIVERSITY_PEDAGOGICAL,FULL,B018,,Подготовка учителей иностранного языка,43,GENERAL,111,123,115.2,26
2023,UNIVERSITY_PEDAGOGICAL,FULL,B018,,Подготовка учителей иностранного языка,43,RURAL,102,111,106.9,14
2023,UNIVERSITY_PEDAGOGICAL,FULL,B018,,Подготовка учителей иностранного языка,196,GENERAL,115,129,117.8,13
2023,UNIVERSITY_PEDAGOGICAL,FULL,B018,,Подготовка учителей иностранного языка,196,RURAL,108,114,110.7,7
2023,UNIVERSITY_PEDAGOGICAL,FULL,B018,,Подготовка учителей иностранного языка,517,GENERAL,110,132,115.5,19
2023,UNIVERSITY_PEDAGOGICAL,FULL,B018,,Подготовка учителей иностранного языка,517,RURAL,96,107,100.6,11
2023,UNIVERSITY_PEDAGOGICAL,FULL,B019,,Подготовка социальных педагогов,31,GENERAL,81,88,83.7,3
2023,UNIVERSITY_PEDAGOGICAL,FULL,B019,,Подготовка социальных педагогов,35,GENERAL,78,83,80.5,2
2023,UNIVERSITY_PEDAGOGICAL,FULL,B019,,Подготовка социальных педагогов,43,GENERAL,77,82,79.5,2
2023,UNIVERSITY_PEDAGOGICAL,FULL,B019,,Подготовка социальных педагогов,196,GENERAL,75,83,78.5,11
2023,UNIVERSITY_PEDAGOGICAL,FULL,B020,,Специальная педагогика,3,GENERAL,76,84,78.6,7
2023,UNIVERSITY_PEDAGOGICAL,FULL,B020,,Специальная педагогика,11,GENERAL,76,100,83.3,27
2023,UNIVERSITY_PEDAGOGICAL,FULL,B020,,Специальная педагогика,11,RURAL,76,76,76.0,1
2023,UNIVERSITY_PEDAGOGICAL,FULL,B020,,Специальная педагогика,15,GENERAL,80,107,88.9,10
2023,UNIVERSITY_PEDAGOGICAL,FULL,B020,,Специальная педагогика,15,RURAL,77,79,78.0,3
2023,UNIVERSITY_PEDAGOGICAL,FULL,B020,,Специальная педагогика,31,GENERAL,84,121,92.6,28
2023,UNIVERSITY_PEDAGOGICAL,FULL,B020,,Специальная педагогика,31,RURAL,77,82,79.7,7
2023,UNIVERSITY_PEDAGOGICAL,FULL,B020,,Специальная педагогика,36,GENERAL,75,103,83.1,28
2023,UNIVERSITY_PEDAGOGICAL,FULL,B020,,Специальная педагогика,43,GENERAL,75,99,81.5,24
2023,UNIVERSITY_PEDAGOGICAL,FULL,B020,,Специальная педагогика,196,GENERAL,77,110,83.3,63
2023,UNIVERSITY_PEDAGOGICAL,FULL,B020,,Специальная педагогика,196,RURAL,75,77,75.6,13
2023,UNIVERSITY_PEDAGOGICAL,FULL,B020,,Специальная педагогика,517,GENERAL,79,109,89.3,23
2023,UNIVERSITY_PEDAGOGICAL,FULL,B020,,Специальная педагогика,517,RURAL,76,78,77.0,2
2023,UNIVERSITY_TECHNICAL,FULL,B050,,Биологические и смежные науки,5,GENERAL,82,105,88.2,20
2023,UNIVERSITY_TECHNICAL,FULL,B050,,Биологические и смежные науки,10,GENERAL,65,89,70.0,20
2023,UNIVERSITY_TECHNICAL,FULL,B050,,Биологические и смежные науки,32,GENERAL,61,100,70.0,40
2023,UNIVERSITY_TECHNICAL,FULL,B050,,Биологические и смежные науки,35,GENERAL,81,97,86.8,10
2023,UNIVERSITY_TECHNICAL,FULL,B050,,Биологические и смежные науки,42,GENERAL,64,72,67.5,20
2023,UNIVERSITY_TECHNICAL,FULL,B050,,Биологические и смежные науки,45,GENERAL,82,90,84.7,10
2023,UNIVERSITY_TECHNICAL,FULL,B051,,Окружающая среда,3,GENERAL,72,89,78.0,10
2023,UNIVERSITY_TECHNICAL,FULL,B051,,Окружающая среда,5,GENERAL,74,92,80.5,10
2023,UNIVERSITY_TECHNICAL,FULL,B051,,Окружающая среда,10,GENERAL,69,86,71.7,20
2023,UNIVERSITY_TECHNICAL,FULL,B051,,Окружающая среда,34,GENERAL,72,84,74.1,15
2023,UNIVERSITY_TECHNICAL,FULL,B051,,Окружающая среда,35,GENERAL,72,79,74.1,10
2023,UNIVERSITY_TECHNICAL,FULL,B051,,Окружающая среда,42,GENERAL,73,74,73.9,10
2023,UNIVERSITY_TECHNICAL,FULL,B051,,Окружающая среда,45,GENERAL,81,92,84.1,10
2023,UNIVERSITY_TECHNICAL,FULL,B051,,Окружающая среда,501,GENERAL,69,87,72.0,16
2023,UNIVERSITY_TECHNICAL,FULL,B052,,Наука о земле,5,GENERAL,93,106,99.6,10
2023,UNIVERSITY_TECHNICAL,FULL,B052,,Наука о земле,45,GENERAL,79,104,88.7,10
2023,UNIVERSITY_TECHNICAL,FULL,B053,,Химия,5,GENERAL,79,101,85.7,10
2023,UNIVERSITY_TECHNICAL,FULL,B053,,Химия,10,GENERAL,60,63,61.1,10
2023,UNIVERSITY_TECHNICAL,FULL,B053,,Химия,42,GENERAL,70,74,71.9,10
2023,UNIVERSITY_TECHNICAL,FULL,B053,,Химия,43,GENERAL,76,102,84.1,10
2023,UNIVERSITY_TECHNICAL,FULL,B053,,Химия,45,GENERAL,84,95,89.0,10
2023,UNIVERSITY_TECHNICAL,FULL,B054,,Физика,5,GENERAL,83,92,86.5,10
2023,UNIVERSITY_TECHNICAL,FULL,B054,,Физика,10,GENERAL,51,55,53.1,15
2023,UNIVERSITY_TECHNICAL,FULL,B054,,Физика,12,GENERAL,87,128,106.6,10
2023,UNIVERSITY_TECHNICAL,FULL,B054,,Физика,35,GENERAL,70,104,78.3,10
2023,UNIVERSITY_TECHNICAL,FULL,B054,,Физика,42,GENERAL,65,79,71.2,20
2023,UNIVERSITY_TECHNICAL,FULL,B054,,Физика,45,GENERAL,85,96,88.3,10
2023,UNIVERSITY_TECHNICAL,FULL,B055,,Математика и статистика,5,GENERAL,93,118,98.3,10
2023,UNIVERSITY_TECHNICAL,FULL,B055,,Математика и статистика,10,GENERAL,64,67,65.4,10
2023,UNIVERSITY_TECHNICAL,FULL,B055,,Математика и статистика,45,GENERAL,100,111,104.9,10
2023,UNIVERSITY_TECHNICAL,FULL,B060,,Химическая инженерия и процессы,5,GENERAL,59,112,85.5,2
2023,UNIVERSITY_TECHNICAL,FULL,B060,,Химическая инженерия и процессы,32,GENERAL,50,69,57.3,3
2023,UNIVERSITY_TECHNICAL,FULL,B060,,Химическая инженерия и процессы,38,GENERAL,60,85,68.7,7
2023,UNIVERSITY_TECHNICAL,FULL,B060,,Химическая инженерия и процессы,43,GENERAL,94,94,94.0,1
2023,UNIVERSITY_TECHNICAL,FULL,B060,,Химическая инженерия и процессы,45,GENERAL,54,119,76.5,10
2023,UNIVERSITY_TECHNICAL,FULL,B061,,Материаловедение и технологии,32,GENERAL,52,61,54.8,4
2023,UNIVERSITY_TECHNICAL,FULL,B061,,Материаловедение и технологии,33,GENERAL,50,63,57.5,4
2023,UNIVERSITY_TECHNICAL,FULL,B061,,Материаловедение и технологии,45,GENERAL,59,76,64.9,10
2023,UNIVERSITY_TECHNICAL,FULL,B062,,Электротехника и энергетика,3,GENERAL,57,64,60.8,6
2023,UNIVERSITY_TECHNICAL,FULL,B062,,Электротехника и энергетика,3,RURAL,54,56,55.3,6
2023,UNIVERSITY_TECHNICAL,FULL,B062,,Электротехника и энергетика,9,GENERAL,51,57,53.7,6
2023,UNIVERSITY_TECHNICAL,FULL,B062,,Электротехника и энергетика,12,GENERAL,69,93,80.1,23
2023,UNIVERSITY_TECHNICAL,FULL,B062,,Электротехника и энергетика,12,RURAL,58,66,61.6,5
2023,UNIVERSITY_TECHNICAL,FULL,B062,,Электротехника и энергетика,32,GENERAL,86,111,97.0,18
2023,UNIVERSITY_TECHNICAL,FULL,B062,,Электротехника и энергетика,32,RURAL,70,86,76.0,7
2023,UNIVERSITY_TECHNICAL,FULL,B062,,Электротехника и энергетика,33,GENERAL,51,101,63.9,14
2023,UNIVERSITY_TECHNICAL,FULL,B062,,Электротехника и энергетика,33,RURAL,51,51,51.0,1
2023,UNIVERSITY_TECHNICAL,FULL,B062,,Электротехника и энергетика,34,GENERAL,84,98,90.2,6
2023,UNIVERSITY_TECHNICAL,FULL,B062,,Электротехника и энергетика,34,RURAL,77,84,81.0,4
2023,UNIVERSITY_TECHNICAL,FULL,B062,,Электротехника и энергетика,36,GENERAL,75,93,80.6,8
2023,UNIVERSITY_TECHNICAL,FULL,B062,,Электротехника и энергетика,36,RURAL,69,74,71.2,4
2023,UNIVERSITY_TECHNICAL,FULL,B062,,Электротехника и энергетика,38,GENERAL,79,101,88.6,9
2023,UNIVERSITY_TECHNICAL,FULL,B062,,Электротехника и энергетика,38,RURAL,62,73,67.5,4
2023,UNIVERSITY_TECHNICAL,FULL,B062,,Электротехника и энергетика,39,GENERAL,61,86,72.9,8
2023,UNIVERSITY_TECHNICAL,FULL,B062,,Электротехника и энергетика,39,RURAL,60,60,60.0,1
2023,UNIVERSITY_TECHNICAL,FULL,B062,,Электротехника и энергетика,42,GENERAL,51,58,54.8,6
2023,UNIVERSITY_TECHNICAL,FULL,B062,,Электротехника и энергетика,45,GENERAL,69,96,80.7,23
2023,UNIVERSITY_TECHNICAL,FULL,B062,,Электротехника и энергетика,45,RURAL,67,69,68.0,4
2023,UNIVERSITY_TECHNICAL,FULL,B062,,Электротехника и энергетика,501,GENERAL,72,90,78.2,18
2023,UNIVERSITY_TECHNICAL,FULL,B062,,Электротехника и энергетика,501,RURAL,67,69,68.2,5
2023,UNIVERSITY_TECHNICAL,FULL,B063,,Электротехника и автоматизация,3,GENERAL,54,85,63.7,29
2023,UNIVERSITY_TECHNICAL,FULL,B063,,Электротехника и автоматизация,5,GENERAL,66,88,74.8,38
2023,UNIVERSITY_TECHNICAL,FULL,B063,,Электротехника и автоматизация,9,GENERAL,50,55,52.2,20
2023,UNIVERSITY_TECHNICAL,FULL,B063,,Электротехника и автоматизация,12,GENERAL,74,106,87.8,12
2023,UNIVERSITY_TECHNICAL,FULL,B063,,Электротехника и автоматизация,32,GENERAL,83,122,97.6,25
2023,UNIVERSITY_TECHNICAL,FULL,B063,,Электротехника и автоматизация,33,GENERAL,50,81,62.5,17
2023,UNIVERSITY_TECHNICAL,FULL,B063,,Электротехника и автоматизация,38,GENERAL,79,119,90.9,11
2023,UNIVERSITY_TECHNICAL,FULL,B063,,Электротехника и автоматизация,39,GENERAL,51,85,67.9,7
2023,UNIVERSITY_TECHNICAL,FULL,B063,,Электротехника и автоматизация,42,GENERAL,60,66,62.0,10
2023,UNIVERSITY_TECHNICAL,FULL,B063,,Электротехника и автоматизация,45,GENERAL,67,126,83.5,29
2023,UNIVERSITY_TECHNICAL,FULL,B064,,Механика и металлообработка,12,GENERAL,61,88,68.9,10
2023,UNIVERSITY_TECHNICAL,FULL,B064,,Механика и металлообработка,32,GENERAL,67,99,75.9,15
2023,UNIVERSITY_TECHNICAL,FULL,B064,,Механика и металлообработка,33,GENERAL,50,60,55.3,3
2023,UNIVERSITY_TECHNICAL,FULL,B064,,Механика и металлообработка,34,GENERAL,52,69,58.9,11
2023,UNIVERSITY_TECHNICAL,FULL,B064,,Механика и металлообработка,35,GENERAL,50,95,63.1,9
2023,UNIVERSITY_TECHNICAL,FULL,B064,,Механика и металлообработка,36,GENERAL,67,102,78.9,11
2023,UNIVERSITY_TECHNICAL,FULL,B064,,Механика и металлообработка,38,GENERAL,56,101,74.8,12
2023,UNIVERSITY_TECHNICAL,FULL,B064,,Механика и металлообработка,39,GENERAL,56,74,65.0,2
2023,UNIVERSITY_TECHNICAL,FULL,B064,,Механика и металлообработка,45,GENERAL,62,84,69.2,14
2023,UNIVERSITY_TECHNICAL,FULL,B064,,Механика и металлообработка,501,GENERAL,64,89,74.3,16
2023,UNIVERSITY_TECHNICAL,FULL,B065,,Транспортная техника и технологии,5,GENERAL,57,85,65.4,19
2023,UNIVERSITY_TECHNICAL,FULL,B065,,Транспортная техника и технологии,5,RURAL,51,57,54.1,7
2023,UNIVERSITY_TECHNICAL,FULL,B065,,Транспортная техника и технологии,12,GENERAL,60,98,67.6,11
2023,UNIVERSITY_TECHNICAL,FULL,B065,,Транспортная техника и технологии,12,RURAL,53,59,56.2,4
2023,UNIVERSITY_TECHNICAL,FULL,B065,,Транспортная техника и технологии,32,GENERAL,61,125,73.3,14
2023,UNIVERSITY_TECHNICAL,FULL,B065,,Транспортная техника и технологии,32,RURAL,51,61,55.2,8
2023,UNIVERSITY_TECHNICAL,FULL,B065,,Транспортная техника и технологии,33,GENERAL,50,71,56.3,11
2023,UNIVERSITY_TECHNICAL,FULL,B065,,Транспортная техника и технологии,34,GENERAL,60,80,68.3,10
2023,UNIVERSITY_TECHNICAL,FULL,B065,,Транспортная техника и технологии,34,RURAL,54,60,58.0,3
2023,UNIVERSITY_TECHNICAL,FULL,B065,,Транспортная техника и технологии,35,GENERAL,64,87,75.5,8
2023,UNIVERSITY_TECHNICAL,FULL,B065,,Транспортная техника и технологии,35,RURAL,50,62,54.8,4
2023,UNIVERSITY_TECHNICAL,FULL,B065,,Транспортная техника и технологии,36,GENERAL,66,77,69.7,7
2023,UNIVERSITY_TECHNICAL,FULL,B065,,Транспортная техника и технологии,36,RURAL,55,64,59.5,4
2023,UNIVERSITY_TECHNICAL,FULL,B065,,Транспортная техника и технологии,38,GENERAL,61,89,70.8,6
2023,UNIVERSITY_TECHNICAL,FULL,B065,,Транспортная техника и технологии,38,RURAL,50,60,54.8,4
2023,UNIVERSITY_TECHNICAL,FULL,B065,,Транспортная техника и технологии,39,GENERAL,50,77,61.3,3
2023,UNIVERSITY_TECHNICAL,FULL,B065,,Транспортная техника и технологии,45,GENERAL,69,78,71.4,8
2023,UNIVERSITY_TECHNICAL,FULL,B065,,Транспортная техника и технологии,45,RURAL,60,68,63.3,6
2023,UNIVERSITY_TECHNICAL,FULL,B066,,Морской транспорт и технологии,3,GENERAL,50,53,51.1,14
2023,UNIVERSITY_TECHNICAL,FULL,B068,,Производство продуктов питания,5,GENERAL,73,90,79.1,13
2023,UNIVERSITY_TECHNICAL,FULL,B068,,Производство продуктов питания,5,RURAL,68,73,70.4,8
2023,UNIVERSITY_TECHNICAL,FULL,B068,,Производство продуктов питания,34,GENERAL,71,80,75.1,9
2023,UNIVERSITY_TECHNICAL,FULL,B068,,Производство продуктов питания,34,RURAL,69,71,70.2,6
2023,UNIVERSITY_TECHNICAL,FULL,B068,,Производство продуктов питания,35,GENERAL,69,83,74.0,7
2023,UNIVERSITY_TECHNICAL,FULL,B068,,Производство продуктов питания,35,RURAL,64,68,66.2,5
2023,UNIVERSITY_TECHNICAL,FULL,B068,,Производство продуктов питания,36,GENERAL,65,110,79.1,9
2023,UNIVERSITY_TECHNICAL,FULL,B068,,Производство продуктов питания,36,RURAL,61,65,63.0,4
2023,UNIVERSITY_TECHNICAL,FULL,B068,,Производство продуктов питания,38,GENERAL,70,82,76.0,6
2023,UNIVERSITY_TECHNICAL,FULL,B068,,Производство продуктов питания,38,RURAL,65,68,67.0,4
2023,UNIVERSITY_TECHNICAL,FULL,B068,,Производство продуктов питания,42,GENERAL,66,81,73.4,9
2023,UNIVERSITY_TECHNICAL,FULL,B068,,Производство продуктов питания,42,RURAL,60,64,61.8,6
2023,UNIVERSITY_TECHNICAL,FULL,B068,,Производство продуктов питания,45,GENERAL,71,79,74.1,11
2023,UNIVERSITY_TECHNICAL,FULL,B068,,Производство продуктов питания,45,RURAL,67,71,68.8,6
2023,UNIVERSITY_TECHNICAL,FULL,B069,,"Производство материалов (стекло, бумага, пластик, дерево)",33,GENERAL,54,62,58.0,2
2023,UNIVERSITY_TECHNICAL,FULL,B070,,"Текстиль: одежда, обувь и кожаные изделия",5,GENERAL,67,92,79.2,4
2023,UNIVERSITY_TECHNICAL,FULL,B070,,"Текстиль: одежда, обувь и кожаные изделия",5,RURAL,51,59,55.0,4
2023,UNIVERSITY_TECHNICAL,FULL,B070,,"Текстиль: одежда, обувь и кожаные изделия",43,GENERAL,62,64,63.2,6
2023,UNIVERSITY_TECHNICAL,FULL,B070,,"Текстиль: одежда, обувь и кожаные изделия",43,RURAL,56,62,58.5,4
2023,UNIVERSITY_TECHNICAL,FULL,B070,,"Текстиль: одежда, обувь и кожаные изделия",45,GENERAL,68,73,70.2,6
2023,UNIVERSITY_TECHNICAL,FULL,B070,,"Текстиль: одежда, обувь и кожаные изделия",45,RURAL,63,68,66.2,4
2023,UNIVERSITY_TECHNICAL,FULL,B071,,Горное дело и добыча полезных ископаемых,3,GENERAL,58,62,59.0,10
2023,UNIVERSITY_TECHNICAL,FULL,B071,,Горное дело и добыча полезных ископаемых,5,GENERAL,75,97,81.7,10
2023,UNIVERSITY_TECHNICAL,FULL,B071,,Горное дело и добыча полезных ископаемых,9,GENERAL,58,62,60.0,10
2023,UNIVERSITY_TECHNICAL,FULL,B071,,Горное дело и добыча полезных ископаемых,12,GENERAL,82,104,88.0,10
2023,UNIVERSITY_TECHNICAL,FULL,B071,,Горное дело и добыча полезных ископаемых,32,GENERAL,92,118,102.3,10
2023,UNIVERSITY_TECHNICAL,FULL,B071,,Горное дело и добыча полезных ископаемых,34,GENERAL,79,92,84.2,4
2023,UNIVERSITY_TECHNICAL,FULL,B071,,Горное дело и добыча полезных ископаемых,38,GENERAL,78,110,90.9,10
2023,UNIVERSITY_TECHNICAL,FULL,B071,,Горное дело и добыча полезных ископаемых,39,GENERAL,50,84,63.2,9
2023,UNIVERSITY_TECHNICAL,FULL,B071,,Горное дело и добыча полезных ископаемых,501,GENERAL,62,82,67.3,10
2023,UNIVERSITY_TECHNICAL,FULL,B073,,Архитектура,12,GENERAL,121,123,121.4,5
2023,UNIVERSITY_TECHNICAL,FULL,B073,,Архитектура,32,GENERAL,120,124,121.9,10
2023,UNIVERSITY_TECHNICAL,FULL,B074,,"Градостроительство, строительные работы и гражданское строительство",3,GENERAL,50,66,56.5,23
2023,UNIVERSITY_TECHNICAL,FULL,B074,,"Градостроительство, строительные работы и гражданское строительство",5,GENERAL,76,105,83.9,14
2023,UNIVERSITY_TECHNICAL,FULL,B074,,"Градостроительство, строительные работы и гражданское строительство",9,GENERAL,50,55,52.8,4
2023,UNIVERSITY_TECHNICAL,FULL,B074,,"Градостроительство, строительные работы и гражданское строительство",12,GENERAL,91,109,99.8,6
2023,UNIVERSITY_TECHNICAL,FULL,B074,,"Градостроительство, строительные работы и гражданское строительство",32,GENERAL,91,122,99.3,15
2023,UNIVERSITY_TECHNICAL,FULL,B074,,"Градостроительство, строительные работы и гражданское строительство",33,GENERAL,53,91,64.5,10
2023,UNIVERSITY_TECHNICAL,FULL,B074,,"Градостроительство, строительные работы и гражданское строительство",34,GENERAL,81,101,90.9,11
2023,UNIVERSITY_TECHNICAL,FULL,B074,,"Градостроительство, строительные работы и гражданское строительство",35,GENERAL,86,127,100.2,5
2023,UNIVERSITY_TECHNICAL,FULL,B074,,"Градостроительство, строительные работы и гражданское строительство",39,GENERAL,62,86,74.8,4
2023,UNIVERSITY_TECHNICAL,FULL,B074,,"Градостроительство, строительные работы и гражданское строительство",42,GENERAL,65,71,67.2,12
2023,UNIVERSITY_TECHNICAL,FULL,B075,,Кадастр и землеустройство,12,GENERAL,105,117,111.2,4
2023,UNIVERSITY_TECHNICAL,FULL,B075,,Кадастр и землеустройство,12,RURAL,90,104,97.0,2
2023,UNIVERSITY_TECHNICAL,FULL,B075,,Кадастр и землеустройство,32,GENERAL,105,108,106.3,3
2023,UNIVERSITY_TECHNICAL,FULL,B075,,Кадастр и землеустройство,32,RURAL,98,99,98.5,2
2023,UNIVERSITY_TECHNICAL,FULL,B075,,Кадастр и землеустройство,34,GENERAL,99,100,99.3,3
2023,UNIVERSITY_TECHNICAL,FULL,B075,,Кадастр и землеустройство,34,RURAL,94,96,95.0,2
2023,UNIVERSITY_TECHNICAL,FULL,B076,,"Стандартизация, сертификация и метрология (по отраслям)",3,GENERAL,52,56,53.4,5
2023,UNIVERSITY_TECHNICAL,FULL,B076,,"Стандартизация, сертификация и метрология (по отраслям)",32,GENERAL,74,92,81.6,5
2023,UNIVERSITY_TECHNICAL,FULL,B076,,"Стандартизация, сертификация и метрология (по отраслям)",33,GENERAL,56,75,61.3,10
2023,UNIVERSITY_TECHNICAL,FULL,B076,,"Стандартизация, сертификация и метрология (по отраслям)",36,GENERAL,67,83,71.8,5
2023,UNIVERSITY_TECHNICAL,FULL,B076,,"Стандартизация, сертификация и метрология (по отраслям)",501,GENERAL,72,90,77.0,5
2023,UNIVERSITY_TECHNICAL,FULL,B077,,Растениеводство,2,GENERAL,61,116,71.3,86
2023,UNIVERSITY_TECHNICAL,FULL,B077,,Растениеводство,2,RURAL,50,61,56.7,33
2023,UNIVERSITY_TECHNICAL,FULL,B077,,Растениеводство,24,GENERAL,60,112,67.1,44
2023,UNIVERSITY_TECHNICAL,FULL,B077,,Растениеводство,34,GENERAL,62,72,67.1,13
2023,UNIVERSITY_TECHNICAL,FULL,B077,,Растениеводство,34,RURAL,55,62,57.9,8
2023,UNIVERSITY_TECHNICAL,FULL,B077,,Растениеводство,35,GENERAL,73,86,77.3,6
2023,UNIVERSITY_TECHNICAL,FULL,B077,,Растениеводство,35,RURAL,60,71,63.0,5
2023,UNIVERSITY_TECHNICAL,FULL,B077,,Растениеводство,36,GENERAL,68,75,71.7,6
2023,UNIVERSITY_TECHNICAL,FULL,B077,,Растениеводство,36,RURAL,60,68,64.4,5
2023,UNIVERSITY_TECHNICAL,FULL,B077,,Растениеводство,38,GENERAL,51,74,62.0,10
2023,UNIVERSITY_TECHNICAL,FULL,B077,,Растениеводство,223,GENERAL,53,78,62.0,10
2023,UNIVERSITY_TECHNICAL,FULL,B077,,Растениеводство,501,GENERAL,51,77,60.8,21
2023,UNIVERSITY_TECHNICAL,FULL,B078,,Животноводство,2,GENERAL,51,71,58.3,20
2023,UNIVERSITY_TECHNICAL,FULL,B078,,Животноводство,24,GENERAL,60,66,63.4,7
2023,UNIVERSITY_TECHNICAL,FULL,B078,,Животноводство,34,GENERAL,50,71,59.6,13
2023,UNIVERSITY_TECHNICAL,FULL,B078,,Животноводство,35,GENERAL,53,69,59.4,5
2023,UNIVERSITY_TECHNICAL,FULL,B078,,Животноводство,36,GENERAL,50,69,58.1,10
2023,UNIVERSITY_TECHNICAL,FULL,B078,,Животноводство,38,GENERAL,53,73,65.0,4
2023,UNIVERSITY_TECHNICAL,FULL,B078,,Животноводство,53,GENERAL,50,67,54.8,16
2023,UNIVERSITY_TECHNICAL,FULL,B078,,Животноводство,501,GENERAL,60,60,60.0,1
2023,UNIVERSITY_TECHNICAL,FULL,B079,,Лесное хозяйство,2,GENERAL,70,78,71.6,60
2023,UNIVERSITY_TECHNICAL,FULL,B079,,Лесное хозяйство,2,RURAL,67,70,68.9,58
2023,UNIVERSITY_TECHNICAL,FULL,B079,,Лесное хозяйство,24,GENERAL,70,103,72.4,109
2023,UNIVERSITY_TECHNICAL,FULL,B079,,Лесное хозяйство,24,RURAL,67,70,68.2,49
2023,UNIVERSITY_TECHNICAL,FULL,B079,,Лесное хозяйство,35,GENERAL,61,83,66.1,107
2023,UNIVERSITY_TECHNICAL,FULL,B079,,Лесное хозяйство,35,RURAL,59,61,60.0,25
2023,UNIVERSITY_TECHNICAL,FULL,B079,,Лесное хозяйство,42,GENERAL,50,81,61.5,112
2023,UNIVERSITY_TECHNICAL,FULL,B079,,Лесное хозяйство,501,GENERAL,50,83,62.0,133
2023,UNIVERSITY_TECHNICAL,FULL,B079,,Лесное хозяйство,501,RURAL,50,50,50.0,1
2023,UNIVERSITY_TECHNICAL,FULL,B080,,Рыбное хозяйство,2,GENERAL,58,79,67.4,5
2023,UNIVERSITY_TECHNICAL,FULL,B080,,Рыбное хозяйство,10,GENERAL,51,67,56.0,6
2023,UNIVERSITY_TECHNICAL,FULL,B080,,Рыбное хозяйство,10,RURAL,50,50,50.0,1
2023,UNIVERSITY_TECHNICAL,FULL,B080,,Рыбное хозяйство,24,GENERAL,63,78,66.9,8
2023,UNIVERSITY_TECHNICAL,FULL,B082,,Водные ресурсы и водопользование,24,GENERAL,60,100,69.2,14
2023,UNIVERSITY_TECHNICAL,FULL,B082,,Водные ресурсы и водопользование,34,GENERAL,65,90,75.9,13
2023,UNIVERSITY_TECHNICAL,FULL,B082,,Водные ресурсы и водопользование,34,RURAL,51,60,56.7,6
2023,UNIVERSITY_TECHNICAL,FULL,B082,,Водные ресурсы и водопользование,43,GENERAL,50,86,61.5,26
2023,UNIVERSITY_TECHNICAL,FULL,B083,,Ветеринария,2,GENERAL,52,110,65.1,203
2023,UNIVERSITY_TECHNICAL,FULL,B083,,Ветеринария,2,RURAL,50,51,50.8,5
2023,UNIVERSITY_TECHNICAL,FULL,B083,,Ветеринария,38,GENERAL,53,88,65.0,11
2023,UNIVERSITY_TECHNICAL,FULL,B083,,Ветеринария,42,GENERAL,59,88,66.3,19
2023,UNIVERSITY_TECHNICAL,FULL,B083,,Ветеринария,42,RURAL,51,56,53.4,7
2023,UNIVERSITY_TECHNICAL,FULL,B083,,Ветеринария,198,GENERAL,50,74,57.4,9
2023,UNIVERSITY_TECHNICAL,FULL,B083,,Ветеринария,223,GENERAL,55,68,59.2,13
2023,UNIVERSITY_TECHNICAL,FULL,B083,,Ветеринария,223,RURAL,51,51,51.0,1
2023,UNIVERSITY_TECHNICAL,FULL,B083,,Ветеринария,501,GENERAL,50,89,59.6,90
2023,UNIVERSITY_TECHNICAL,FULL,B183,,Агроинженерия,2,GENERAL,50,97,57.9,116
2023,UNIVERSITY_TECHNICAL,FULL,B183,,Агроинженерия,24,GENERAL,60,86,64.3,21
2023,UNIVERSITY_TECHNICAL,FULL,B183,,Агроинженерия,34,GENERAL,50,91,60.0,12
2023,UNIVERSITY_TECHNICAL,FULL,B183,,Агроинженерия,35,GENERAL,53,89,65.5,14
2023,UNIVERSITY_TECHNICAL,FULL,B183,,Агроинженерия,501,GENERAL,51,56,53.0,8
2023,WESTERN_REGIONS,FULL,B001,,Педагогика и психология,3,GENERAL,77,88,84.0,6
2023,WESTERN_REGIONS,FULL,B001,,Педагогика и психология,7,GENERAL,82,90,86.0,4
2023,WESTERN_REGIONS,FULL,B001,,Педагогика и психология,10,GENERAL,75,93,83.0,3
2023,WESTERN_REGIONS,FULL,B001,,Педагогика и психология,13,GENERAL,75,117,89.2,32
2023,WESTERN_REGIONS,FULL,B001,,Педагогика и психология,25,GENERAL,75,100,85.0,3
2023,WESTERN_REGIONS,FULL,B001,,Педагогика и психология,31,GENERAL,84,84,84.0,1
2023,WESTERN_REGIONS,FULL,B001,,Педагогика и психология,35,GENERAL,75,78,76.3,3
2023,WESTERN_REGIONS,FULL,B001,,Педагогика и психология,36,GENERAL,79,79,79.0,1
2023,WESTERN_REGIONS,FULL,B001,,Педагогика и психология,42,GENERAL,78,82,80.3,3
2023,WESTERN_REGIONS,FULL,B001,,Педагогика и психология,141,GENERAL,78,92,86.0,4
2023,WESTERN_REGIONS,FULL,B001,,Педагогика и психология,185,GENERAL,76,77,76.5,2
2023,WESTERN_REGIONS,FULL,B002,,Дошкольное обучение и воспитание,7,GENERAL,75,92,82.5,11
2023,WESTERN_REGIONS,FULL,B002,,Дошкольное обучение и воспитание,13,GENERAL,76,86,82.0,7
2023,WESTERN_REGIONS,FULL,B002,,Дошкольное обучение и воспитание,25,GENERAL,77,88,80.8,9
2023,WESTERN_REGIONS,FULL,B002,,Дошкольное обучение и воспитание,42,GENERAL,75,82,78.8,4
2023,WESTERN_REGIONS,FULL,B002,,Дошкольное обучение и воспитание,141,GENERAL,76,79,77.5,2
2023,WESTERN_REGIONS,FULL,B002,,Дошкольное обучение и воспитание,185,GENERAL,79,88,83.0,3
2023,WESTERN_REGIONS,FULL,B003,,Педагогика и методика начального обучения,3,GENERAL,79,108,86.7,19
2023,WESTERN_REGIONS,FULL,B003,,Педагогика и методика начального обучения,3,RURAL,75,77,76.0,6
2023,WESTERN_REGIONS,FULL,B003,,Педагогика и методика начального обучения,7,GENERAL,90,126,100.3,26
2023,WESTERN_REGIONS,FULL,B003,,Педагогика и методика начального обучения,7,RURAL,80,89,84.4,8
2023,WESTERN_REGIONS,FULL,B003,,Педагогика и методика начального обучения,10,GENERAL,75,97,81.2,19
2023,WESTERN_REGIONS,FULL,B003,,Педагогика и методика начального обучения,25,GENERAL,90,109,97.6,20
2023,WESTERN_REGIONS,FULL,B003,,Педагогика и методика начального обучения,25,RURAL,80,90,84.8,14
2023,WESTERN_REGIONS,FULL,B003,,Педагогика и методика начального обучения,36,RURAL,86,86,86.0,1
2023,WESTERN_REGIONS,FULL,B003,,Педагогика и методика начального обучения,42,GENERAL,90,100,94.0,6
2023,WESTERN_REGIONS,FULL,B003,,Педагогика и методика начального обучения,42,RURAL,83,87,84.8,5
2023,WESTERN_REGIONS,FULL,B003,,Педагогика и методика начального обучения,141,GENERAL,77,82,79.8,4
2023,WESTERN_REGIONS,FULL,B003,,Педагогика и методика начального обучения,517,RURAL,84,84,84.0,1
2023,WESTERN_REGIONS,FULL,B005,,Подготовка учителей физической культуры,3,GENERAL,115,116,115.7,3
2023,WESTERN_REGIONS,FULL,B005,,Подготовка учителей физической культуры,3,RURAL,112,115,113.0,6
2023,WESTERN_REGIONS,FULL,B005,,Подготовка учителей физической культуры,7,GENERAL,116,122,117.6,16
2023,WESTERN_REGIONS,FULL,B005,,Подготовка учителей физической культуры,7,RURAL,113,114,113.7,3
2023,WESTERN_REGIONS,FULL,B005,,Подготовка учителей физической культуры,10,GENERAL,115,124,116.7,24
2023,WESTERN_REGIONS,FULL,B005,,Подготовка учителей физической культуры,10,RURAL,113,115,113.9,11
2023,WESTERN_REGIONS,FULL,B005,,Подготовка учителей физической культуры,11,GENERAL,117,117,117.0,1
2023,WESTERN_REGIONS,FULL,B005,,Подготовка учителей физической культуры,11,RURAL,114,114,114.0,1
2023,WESTERN_REGIONS,FULL,B005,,Подготовка учителей физической культуры,25,GENERAL,114,119,116.0,3
2023,WESTERN_REGIONS,FULL,B005,,Подготовка учителей физической культуры,25,RURAL,112,112,112.0,1
2023,WESTERN_REGIONS,FULL,B005,,Подготовка учителей физической культуры,31,GENERAL,115,118,116.7,3
2023,WESTERN_REGIONS,FULL,B005,,Подготовка учителей физической культуры,31,RURAL,113,114,113.5,4
2023,WESTERN_REGIONS,FULL,B005,,Подготовка учителей физической культуры,36,RURAL,114,114,114.0,1
2023,WESTERN_REGIONS,FULL,B005,,Подготовка учителей физической культуры,42,GENERAL,114,124,117.6,26
2023,WESTERN_REGIONS,FULL,B005,,Подготовка учителей физической культуры,42,RURAL,112,117,114.3,19
2023,WESTERN_REGIONS,FULL,B005,,Подготовка учителей физической культуры,141,GENERAL,108,120,113.5,31
2023,WESTERN_REGIONS,FULL,B005,,Подготовка учителей физической культуры,141,RURAL,82,108,92.3,18
2023,WESTERN_REGIONS,FULL,B006,,Подготовка учителей музыки,8,GENERAL,103,103,103.0,1
2023,WESTERN_REGIONS,FULL,B006,,Подготовка учителей музыки,25,GENERAL,102,118,112.6,8
2023,WESTERN_REGIONS,FULL,B006,,Подготовка учителей музыки,517,GENERAL,107,117,110.7,3
2023,WESTERN_REGIONS,FULL,B009,,Подготовка учителей математики,3,GENERAL,109,116,112.2,10
2023,WESTERN_REGIONS,FULL,B009,,Подготовка учителей математики,3,RURAL,101,108,104.2,10
2023,WESTERN_REGIONS,FULL,B009,,Подготовка учителей математики,7,GENERAL,119,134,122.7,41
2023,WESTERN_REGIONS,FULL,B009,,Подготовка учителей математики,7,RURAL,108,117,112.7,41
2023,WESTERN_REGIONS,FULL,B009,,Подготовка учителей математики,10,GENERAL,92,127,103.5,17
2023,WESTERN_REGIONS,FULL,B009,,Подготовка учителей математики,10,RURAL,85,91,87.0,8
2023,WESTERN_REGIONS,FULL,B009,,Подготовка учителей математики,13,GENERAL,119,127,122.1,10
2023,WESTERN_REGIONS,FULL,B009,,Подготовка учителей математики,13,RURAL,111,118,114.5,4
2023,WESTERN_REGIONS,FULL,B009,,Подготовка учителей математики,25,GENERAL,120,124,121.7,3
2023,WESTERN_REGIONS,FULL,B009,,Подготовка учителей математики,25,RURAL,108,115,110.8,6
2023,WESTERN_REGIONS,FULL,B009,,Подготовка учителей математики,42,GENERAL,104,125,112.9,14
2023,WESTERN_REGIONS,FULL,B009,,Подготовка учителей математики,42,RURAL,98,104,101.1,7
2023,WESTERN_REGIONS,FULL,B009,,Подготовка учителей математики,302,GENERAL,119,134,124.8,26
2023,WESTERN_REGIONS,FULL,B009,,Подготовка учителей математики,302,RURAL,109,118,112.9,9
2023,WESTERN_REGIONS,FULL,B010,,Подготовка учителей физики,3,GENERAL,81,101,89.0,23
2023,WESTERN_REGIONS,FULL,B010,,Подготовка учителей физики,3,RURAL,75,79,76.8,8
2023,WESTERN_REGIONS,FULL,B010,,Подготовка учителей физики,7,GENERAL,110,134,114.3,22
2023,WESTERN_REGIONS,FULL,B010,,Подготовка учителей физики,7,RURAL,103,108,105.7,14
2023,WESTERN_REGIONS,FULL,B010,,Подготовка учителей физики,10,GENERAL,76,117,83.3,19
2023,WESTERN_REGIONS,FULL,B010,,Подготовка учителей физики,10,RURAL,75,76,75.5,2
2023,WESTERN_REGIONS,FULL,B010,,Подготовка учителей физики,13,GENERAL,109,128,114.4,18
2023,WESTERN_REGIONS,FULL,B010,,Подготовка учителей физики,13,RURAL,105,109,107.1,9
2023,WESTERN_REGIONS,FULL,B010,,Подготовка учителей физики,25,GENERAL,110,120,114.2,10
2023,WESTERN_REGIONS,FULL,B010,,Подготовка учителей физики,25,RURAL,102,109,105.5,17
2023,WESTERN_REGIONS,FULL,B010,,Подготовка учителей физики,42,GENERAL,89,124,95.7,10
2023,WESTERN_REGIONS,FULL,B010,,Подготовка учителей физики,42,RURAL,82,85,82.8,5
2023,WESTERN_REGIONS,FULL,B010,,Подготовка учителей физики,302,GENERAL,115,117,116.0,2
2023,WESTERN_REGIONS,FULL,B011,,Подготовка учителей информатики,3,GENERAL,79,99,88.7,9
2023,WESTERN_REGIONS,FULL,B011,,Подготовка учителей информатики,7,GENERAL,75,121,91.5,26
2023,WESTERN_REGIONS,FULL,B011,,Подготовка учителей информатики,10,GENERAL,77,118,88.2,6
2023,WESTERN_REGIONS,FULL,B011,,Подготовка учителей информатики,11,GENERAL,78,78,78.0,1
2023,WESTERN_REGIONS,FULL,B011,,Подготовка учителей информатики,13,GENERAL,81,112,92.5,6
2023,WESTERN_REGIONS,FULL,B011,,Подготовка учителей информатики,25,GENERAL,78,108,92.1,10
2023,WESTERN_REGIONS,FULL,B011,,Подготовка учителей информатики,42,GENERAL,78,106,86.4,10
2023,WESTERN_REGIONS,FULL,B012,,Подготовка учителей химии,3,GENERAL,77,106,87.1,36
2023,WESTERN_REGIONS,FULL,B012,,Подготовка учителей химии,3,RURAL,75,75,75.0,1
2023,WESTERN_REGIONS,FULL,B012,,Подготовка учителей химии,7,GENERAL,92,119,101.2,33
2023,WESTERN_REGIONS,FULL,B012,,Подготовка учителей химии,7,RURAL,79,92,83.9,18
2023,WESTERN_REGIONS,FULL,B012,,Подготовка учителей химии,10,GENERAL,80,106,88.6,13
2023,WESTERN_REGIONS,FULL,B012,,Подготовка учителей химии,10,RURAL,75,76,75.7,3
2023,WESTERN_REGIONS,FULL,B012,,Подготовка учителей химии,25,GENERAL,92,107,98.8,13
2023,WESTERN_REGIONS,FULL,B012,,Подготовка учителей химии,25,RURAL,80,90,83.5,6
2023,WESTERN_REGIONS,FULL,B012,,Подготовка учителей химии,31,RURAL,80,83,81.5,2
2023,WESTERN_REGIONS,FULL,B012,,Подготовка учителей химии,35,GENERAL,94,94,94.0,1
2023,WESTERN_REGIONS,FULL,B012,,Подготовка учителей химии,42,GENERAL,89,108,96.6,10
2023,WESTERN_REGIONS,FULL,B012,,Подготовка учителей химии,42,RURAL,79,89,86.7,6
2023,WESTERN_REGIONS,FULL,B012,,Подготовка учителей химии,141,GENERAL,77,98,84.6,5
2023,WESTERN_REGIONS,FULL,B012,,Подготовка учителей химии,302,GENERAL,98,122,108.6,8
2023,WESTERN_REGIONS,FULL,B012,,Подготовка учителей химии,302,RURAL,86,88,87.0,2
2023,WESTERN_REGIONS,FULL,B013,,Подготовка учителей биологии,3,GENERAL,80,101,85.0,23
2023,WESTERN_REGIONS,FULL,B013,,Подготовка учителей биологии,3,RURAL,75,80,77.6,8
2023,WESTERN_REGIONS,FULL,B013,,Подготовка учителей биологии,7,GENERAL,97,108,101.3,30
2023,WESTERN_REGIONS,FULL,B013,,Подготовка учителей биологии,7,RURAL,94,97,95.4,15
2023,WESTERN_REGIONS,FULL,B013,,Подготовка учителей биологии,10,GENERAL,81,98,86.7,14
2023,WESTERN_REGIONS,FULL,B013,,Подготовка учителей биологии,10,RURAL,77,81,79.1,7
2023,WESTERN_REGIONS,FULL,B013,,Подготовка учителей биологии,25,GENERAL,97,125,103.8,28
2023,WESTERN_REGIONS,FULL,B013,,Подготовка учителей биологии,25,RURAL,94,97,95.6,17
2023,WESTERN_REGIONS,FULL,B013,,Подготовка учителей биологии,42,GENERAL,89,102,94.2,13
2023,WESTERN_REGIONS,FULL,B013,,Подготовка учителей биологии,42,RURAL,85,89,86.1,7
2023,WESTERN_REGIONS,FULL,B013,,Подготовка учителей биологии,185,GENERAL,101,108,104.5,2
2023,WESTERN_REGIONS,FULL,B014,,Подготовка учителей географии,7,GENERAL,95,126,104.5,23
2023,WESTERN_REGIONS,FULL,B014,,Подготовка учителей географии,7,RURAL,89,93,91.2,17
2023,WESTERN_REGIONS,FULL,B014,,Подготовка учителей географии,13,GENERAL,97,110,103.5,11
2023,WESTERN_REGIONS,FULL,B014,,Подготовка учителей географии,13,RURAL,88,93,90.4,7
2023,WESTERN_REGIONS,FULL,B014,,Подготовка учителей географии,25,GENERAL,95,119,102.0,20
2023,WESTERN_REGIONS,FULL,B014,,Подготовка учителей географии,25,RURAL,89,94,91.8,5
2023,WESTERN_REGIONS,FULL,B014,,Подготовка учителей географии,185,GENERAL,99,99,99.0,1
2023,WESTERN_REGIONS,FULL,B014,,Подготовка учителей географии,517,RURAL,90,90,90.0,1
2023,WESTERN_REGIONS,FULL,B015,,Подготовка учителей по гуманитарным предметам,3,GENERAL,87,111,93.5,31
2023,WESTERN_REGIONS,FULL,B015,,Подготовка учителей по гуманитарным предметам,3,RURAL,78,86,82.3,22
2023,WESTERN_REGIONS,FULL,B015,,Подготовка учителей по гуманитарным предметам,7,GENERAL,103,131,111.6,37
2023,WESTERN_REGIONS,FULL,B015,,Подготовка учителей по гуманитарным предметам,7,RURAL,94,102,98.1,19
2023,WESTERN_REGIONS,FULL,B015,,Подготовка учителей по гуманитарным предметам,10,GENERAL,85,110,91.8,20
2023,WESTERN_REGIONS,FULL,B015,,Подготовка учителей по гуманитарным предметам,10,RURAL,76,83,80.0,16
2023,WESTERN_REGIONS,FULL,B015,,Подготовка учителей по гуманитарным предметам,25,GENERAL,105,120,109.2,8
2023,WESTERN_REGIONS,FULL,B015,,Подготовка учителей по гуманитарным предметам,25,RURAL,96,102,99.0,6
2023,WESTERN_REGIONS,FULL,B015,,Подготовка учителей по гуманитарным предметам,42,GENERAL,86,111,96.7,13
2023,WESTERN_REGIONS,FULL,B015,,Подготовка учителей по гуманитарным предметам,42,RURAL,82,86,83.7,10
2023,WESTERN_REGIONS,FULL,B015,,Подготовка учителей по гуманитарным предметам,141,GENERAL,75,101,81.2,19
2023,WESTERN_REGIONS,FULL,B015,,Подготовка учителей по гуманитарным предметам,302,GENERAL,117,117,117.0,1
2023,WESTERN_REGIONS,FULL,B016,,Подготовка учителей казахского языка и литературы,3,GENERAL,109,119,112.1,16
2023,WESTERN_REGIONS,FULL,B016,,Подготовка учителей казахского языка и литературы,3,RURAL,95,107,100.0,38
2023,WESTERN_REGIONS,FULL,B016,,Подготовка учителей казахского языка и литературы,7,GENERAL,120,127,122.1,19
2023,WESTERN_REGIONS,FULL,B016,,Подготовка учителей казахского языка и литературы,7,RURAL,117,119,117.9,8
2023,WESTERN_REGIONS,FULL,B016,,Подготовка учителей казахского языка и литературы,10,GENERAL,100,111,105.1,16
2023,WESTERN_REGIONS,FULL,B016,,Подготовка учителей казахского языка и литературы,10,RURAL,88,99,91.5,26
2023,WESTERN_REGIONS,FULL,B016,,Подготовка учителей казахского языка и литературы,13,GENERAL,120,130,124.4,8
2023,WESTERN_REGIONS,FULL,B016,,Подготовка учителей казахского языка и литературы,13,RURAL,118,119,118.8,4
2023,WESTERN_REGIONS,FULL,B016,,Подготовка учителей казахского языка и литературы,25,GENERAL,120,132,122.5,12
2023,WESTERN_REGIONS,FULL,B016,,Подготовка учителей казахского языка и литературы,25,RURAL,117,120,118.3,9
2023,WESTERN_REGIONS,FULL,B016,,Подготовка учителей казахского языка и литературы,42,GENERAL,110,121,113.4,17
2023,WESTERN_REGIONS,FULL,B016,,Подготовка учителей казахского языка и литературы,42,RURAL,105,110,107.0,9
2023,WESTERN_REGIONS,FULL,B016,,Подготовка учителей казахского языка и литературы,141,GENERAL,75,102,86.9,52
2023,WESTERN_REGIONS,FULL,B016,,Подготовка учителей казахского языка и литературы,302,GENERAL,120,120,120.0,1
2023,WESTERN_REGIONS,FULL,B017,,Подготовка учителей русского языка и литературы,3,GENERAL,75,116,91.7,20
2023,WESTERN_REGIONS,FULL,B017,,Подготовка учителей русского языка и литературы,7,GENERAL,106,133,115.1,14
2023,WESTERN_REGIONS,FULL,B017,,Подготовка учителей русского языка и литературы,7,RURAL,100,105,101.8,4
2023,WESTERN_REGIONS,FULL,B017,,Подготовка учителей русского языка и литературы,10,GENERAL,75,113,86.6,13
2023,WESTERN_REGIONS,FULL,B017,,Подготовка учителей русского языка и литературы,13,GENERAL,105,124,113.5,8
2023,WESTERN_REGIONS,FULL,B017,,Подготовка учителей русского языка и литературы,13,RURAL,100,103,101.7,3
2023,WESTERN_REGIONS,FULL,B017,,Подготовка учителей русского языка и литературы,25,GENERAL,106,121,111.5,11
2023,WESTERN_REGIONS,FULL,B017,,Подготовка учителей русского языка и литературы,25,RURAL,97,105,100.5,10
2023,WESTERN_REGIONS,FULL,B017,,Подготовка учителей русского языка и литературы,42,GENERAL,76,105,90.5,13
2023,WESTERN_REGIONS,FULL,B017,,Подготовка учителей русского языка и литературы,141,GENERAL,75,88,82.0,3
2023,WESTERN_REGIONS,FULL,B017,,Подготовка учителей русского языка и литературы,517,RURAL,102,102,102.0,1
2023,WESTERN_REGIONS,FULL,B018,,Подготовка учителей иностранного языка,7,GENERAL,119,128,122.0,12
2023,WESTERN_REGIONS,FULL,B018,,Подготовка учителей иностранного языка,7,RURAL,110,118,113.3,26
2023,WESTERN_REGIONS,FULL,B018,,Подготовка учителей иностранного языка,13,GENERAL,119,129,123.2,11
2023,WESTERN_REGIONS,FULL,B018,,Подготовка учителей иностранного языка,13,RURAL,110,117,113.6,14
2023,WESTERN_REGIONS,FULL,B018,,Подготовка учителей иностранного языка,23,GENERAL,119,134,126.2,17
2023,WESTERN_REGIONS,FULL,B018,,Подготовка учителей иностранного языка,23,RURAL,110,118,114.7,23
2023,WESTERN_REGIONS,FULL,B018,,Подготовка учителей иностранного языка,42,GENERAL,114,118,116.7,6
2023,WESTERN_REGIONS,FULL,B018,,Подготовка учителей иностранного языка,42,RURAL,103,112,107.6,11
2023,WESTERN_REGIONS,FULL,B018,,Подготовка учителей иностранного языка,141,GENERAL,83,108,91.8,39
2023,WESTERN_REGIONS,FULL,B018,,Подготовка учителей иностранного языка,141,RURAL,75,83,78.3,15
2023,WESTERN_REGIONS,FULL,B018,,Подготовка учителей иностранного языка,302,GENERAL,120,129,124.4,39
2023,WESTERN_REGIONS,FULL,B019,,Подготовка социальных педагогов,7,GENERAL,88,88,88.0,1
2023,WESTERN_REGIONS,FULL,B019,,Подготовка социальных педагогов,25,GENERAL,75,87,78.2,4
2023,WESTERN_REGIONS,FULL,B019,,Подготовка социальных педагогов,302,GENERAL,75,75,75.0,1
2023,WESTERN_REGIONS,FULL,B020,,Специальная педагогика,7,GENERAL,88,100,91.8,10
2023,WESTERN_REGIONS,FULL,B020,,Специальная педагогика,7,RURAL,77,85,80.8,4
2023,WESTERN_REGIONS,FULL,B020,,Специальная педагогика,10,GENERAL,75,108,84.5,12
2023,WESTERN_REGIONS,FULL,B020,,Специальная педагогика,11,RURAL,79,79,79.0,1
2023,WESTERN_REGIONS,FULL,B020,,Специальная педагогика,25,GENERAL,88,116,96.8,20
2023,WESTERN_REGIONS,FULL,B020,,Специальная педагогика,25,RURAL,78,87,83.7,6
2023,WESTERN_REGIONS,FULL,B020,,Специальная педагогика,31,RURAL,78,80,79.0,2
2023,WESTERN_REGIONS,FULL,B050,,Биологические и смежные науки,7,GENERAL,88,89,88.5,2
2023,WESTERN_REGIONS,FULL,B050,,Биологические и смежные науки,11,GENERAL,86,86,86.0,1
2023,WESTERN_REGIONS,FULL,B050,,Биологические и смежные науки,13,GENERAL,86,113,93.6,21
2023,WESTERN_REGIONS,FULL,B050,,Биологические и смежные науки,27,GENERAL,86,103,92.4,27
2023,WESTERN_REGIONS,FULL,B050,,Биологические и смежные науки,30,GENERAL,89,89,89.0,1
2023,WESTERN_REGIONS,FULL,B050,,Биологические и смежные науки,42,GENERAL,72,93,79.1,14
2023,WESTERN_REGIONS,FULL,B050,,Биологические и смежные науки,141,GENERAL,50,71,61.5,21
2023,WESTERN_REGIONS,FULL,B051,,Окружающая среда,11,GENERAL,73,74,73.3,3
2023,WESTERN_REGIONS,FULL,B051,,Окружающая среда,13,GENERAL,73,106,80.8,17
2023,WESTERN_REGIONS,FULL,B051,,Окружающая среда,15,GENERAL,72,88,76.1,7
2023,WESTERN_REGIONS,FULL,B051,,Окружающая среда,21,GENERAL,72,87,76.9,10
2023,WESTERN_REGIONS,FULL,B051,,Окружающая среда,24,GENERAL,72,83,74.5,8
2023,WESTERN_REGIONS,FULL,B051,,Окружающая среда,27,GENERAL,72,84,76.3,14
2023,WESTERN_REGIONS,FULL,B051,,Окружающая среда,29,GENERAL,77,78,77.5,2
2023,WESTERN_REGIONS,FULL,B051,,Окружающая среда,35,GENERAL,73,73,73.0,1
2023,WESTERN_REGIONS,FULL,B051,,Окружающая среда,38,GENERAL,74,74,74.0,1
2023,WESTERN_REGIONS,FULL,B051,,Окружающая среда,42,GENERAL,72,118,84.6,7
2023,WESTERN_REGIONS,FULL,B051,,Окружающая среда,53,GENERAL,73,79,74.3,11
2023,WESTERN_REGIONS,FULL,B052,,Наука о земле,13,GENERAL,93,106,98.5,17
2023,WESTERN_REGIONS,FULL,B052,,Наука о земле,27,GENERAL,93,113,98.2,16
2023,WESTERN_REGIONS,FULL,B052,,Наука о земле,29,GENERAL,93,102,97.0,4
2023,WESTERN_REGIONS,FULL,B053,,Химия,7,GENERAL,95,95,95.0,1
2023,WESTERN_REGIONS,FULL,B053,,Химия,10,GENERAL,63,79,67.9,30
2023,WESTERN_REGIONS,FULL,B053,,Химия,13,GENERAL,91,126,98.1,26
2023,WESTERN_REGIONS,FULL,B053,,Химия,27,GENERAL,91,110,99.1,25
2023,WESTERN_REGIONS,FULL,B053,,Химия,42,GENERAL,74,104,82.8,5
2023,WESTERN_REGIONS,FULL,B054,,Физика,10,GENERAL,56,74,63.7,25
2023,WESTERN_REGIONS,FULL,B054,,Физика,13,GENERAL,85,124,92.9,22
2023,WESTERN_REGIONS,FULL,B054,,Физика,27,GENERAL,85,125,95.9,31
2023,WESTERN_REGIONS,FULL,B054,,Физика,31,GENERAL,87,87,87.0,1
2023,WESTERN_REGIONS,FULL,B054,,Физика,42,GENERAL,81,91,84.8,5
2023,WESTERN_REGIONS,FULL,B055,,Математика и статистика,10,GENERAL,67,96,75.2,30
2023,WESTERN_REGIONS,FULL,B055,,Математика и статистика,13,GENERAL,112,125,118.0,7
2023,WESTERN_REGIONS,FULL,B055,,Математика и статистика,21,GENERAL,112,119,115.5,4
2023,WESTERN_REGIONS,FULL,B055,,Математика и статистика,27,GENERAL,113,130,119.2,13
2023,WESTERN_REGIONS,FULL,B055,,Математика и статистика,302,GENERAL,112,133,120.2,16
2023,WESTERN_REGIONS,FULL,B056,,Механика,13,GENERAL,65,111,75.3,23
2023,WESTERN_REGIONS,FULL,B056,,Механика,27,GENERAL,71,99,84.2,12
2023,WESTERN_REGIONS,FULL,B056,,Механика,31,GENERAL,65,80,70.3,3
2023,WESTERN_REGIONS,FULL,B057,,Информационные технологии,11,RURAL,50,72,57.3,9
2023,WESTERN_REGIONS,FULL,B057,,Информационные технологии,13,GENERAL,95,134,104.1,62
2023,WESTERN_REGIONS,FULL,B057,,Информационные технологии,13,RURAL,70,94,82.2,52
2023,WESTERN_REGIONS,FULL,B057,,Информационные технологии,15,GENERAL,99,113,103.5,6
2023,WESTERN_REGIONS,FULL,B057,,Информационные технологии,15,RURAL,55,74,63.7,9
2023,WESTERN_REGIONS,FULL,B057,,Информационные технологии,21,GENERAL,95,127,104.5,75
2023,WESTERN_REGIONS,FULL,B057,,Информационные технологии,21,RURAL,70,94,82.1,41
2023,WESTERN_REGIONS,FULL,B057,,Информационные технологии,27,GENERAL,95,109,102.4,14
2023,WESTERN_REGIONS,FULL,B057,,Информационные технологии,27,RURAL,65,93,85.0,4
2023,WESTERN_REGIONS,FULL,B057,,Информационные технологии,29,GENERAL,96,109,103.0,7
2023,WESTERN_REGIONS,FULL,B057,,Информационные технологии,29,RURAL,65,87,75.8,17
2023,WESTERN_REGIONS,FULL,B057,,Информационные технологии,31,RURAL,60,85,68.5,22
2023,WESTERN_REGIONS,FULL,B057,,Информационные технологии,32,RURAL,52,82,58.7,12
2023,WESTERN_REGIONS,FULL,B057,,Информационные технологии,33,RURAL,52,70,61.0,2
2023,WESTERN_REGIONS,FULL,B057,,Информационные технологии,35,RURAL,52,78,60.2,4
2023,WESTERN_REGIONS,FULL,B057,,Информационные технологии,36,RURAL,51,51,51.0,1
2023,WESTERN_REGIONS,FULL,B057,,Информационные технологии,38,GENERAL,108,108,108.0,1
2023,WESTERN_REGIONS,FULL,B057,,Информационные технологии,40,RURAL,60,60,60.0,1
2023,WESTERN_REGIONS,FULL,B057,,Информационные технологии,42,GENERAL,100,119,111.0,3
2023,WESTERN_REGIONS,FULL,B057,,Информационные технологии,42,RURAL,51,85,70.1,16
2023,WESTERN_REGIONS,FULL,B057,,Информационные технологии,53,RURAL,50,86,62.3,39
2023,WESTERN_REGIONS,FULL,B057,,Информационные технологии,57,GENERAL,96,99,97.0,3
2023,WESTERN_REGIONS,FULL,B057,,Информационные технологии,57,RURAL,71,88,76.0,7
2023,WESTERN_REGIONS,FULL,B057,,Информационные технологии,83,GENERAL,101,101,101.0,1
2023,WESTERN_REGIONS,FULL,B057,,Информационные технологии,83,RURAL,55,59,57.0,2
2023,WESTERN_REGIONS,FULL,B057,,Информационные технологии,93,RURAL,66,66,66.0,1
2023,WESTERN_REGIONS,FULL,B057,,Информационные технологии,122,RURAL,51,70,59.0,7
2023,WESTERN_REGIONS,FULL,B057,,Информационные технологии,141,GENERAL,101,104,102.5,2
2023,WESTERN_REGIONS,FULL,B057,,Информационные технологии,141,RURAL,55,78,67.2,12
2023,WESTERN_REGIONS,FULL,B057,,Информационные технологии,184,RURAL,60,72,64.5,4
2023,WESTERN_REGIONS,FULL,B057,,Информационные технологии,185,GENERAL,96,96,96.0,1
2023,WESTERN_REGIONS,FULL,B057,,Информационные технологии,185,RURAL,53,79,62.8,9
2023,WESTERN_REGIONS,FULL,B057,,Информационные технологии,190,GENERAL,95,126,103.4,107
2023,WESTERN_REGIONS,FULL,B057,,Информационные технологии,190,RURAL,80,95,87.6,39
2023,WESTERN_REGIONS,FULL,B057,,Информационные технологии,302,GENERAL,105,136,114.4,202
2023,WESTERN_REGIONS,FULL,B057,,Информационные технологии,421,GENERAL,100,137,113.1,158
2023,WESTERN_REGIONS,FULL,B057,,Информационные технологии,522,GENERAL,95,133,109.3,186
2023,WESTERN_REGIONS,FULL,B057,,Информационные технологии,522,RURAL,85,94,89.4,8
2023,WESTERN_REGIONS,FULL,B058,,Информационная безопасность,13,GENERAL,85,116,92.6,50
2023,WESTERN_REGIONS,FULL,B058,,Информационная безопасность,27,GENERAL,85,109,96.8,12
2023,WESTERN_REGIONS,FULL,B058,,Информационная безопасность,29,GENERAL,73,98,81.2,65
2023,WESTERN_REGIONS,FULL,B058,,Информационная безопасность,32,GENERAL,74,92,80.8,9
2023,WESTERN_REGIONS,FULL,B058,,Информационная безопасность,57,GENERAL,75,95,82.5,20
2023,WESTERN_REGIONS,FULL,B058,,Информационная безопасность,190,GENERAL,80,106,87.7,85
2023,WESTERN_REGIONS,FULL,B058,,Информационная безопасность,522,GENERAL,86,134,94.6,48
2023,WESTERN_REGIONS,FULL,B059,,Коммуникации и коммуникационные технологии,13,GENERAL,80,114,90.4,20
2023,WESTERN_REGIONS,FULL,B059,,Коммуникации и коммуникационные технологии,22,GENERAL,50,69,59.7,9
2023,WESTERN_REGIONS,FULL,B059,,Коммуникации и коммуникационные технологии,27,GENERAL,80,101,89.5,6
2023,WESTERN_REGIONS,FULL,B059,,Коммуникации и коммуникационные технологии,29,GENERAL,65,91,77.7,12
2023,WESTERN_REGIONS,FULL,B059,,Коммуникации и коммуникационные технологии,32,GENERAL,50,109,62.3,23
2023,WESTERN_REGIONS,FULL,B059,,Коммуникации и коммуникационные технологии,57,GENERAL,73,92,80.3,9
2023,WESTERN_REGIONS,FULL,B059,,Коммуникации и коммуникационные технологии,190,GENERAL,61,85,69.8,11
2023,WESTERN_REGIONS,FULL,B059,,Коммуникации и коммуникационные технологии,522,GENERAL,71,130,98.7,21
2023,WESTERN_REGIONS,FULL,B060,,Химическая инженерия и процессы,9,GENERAL,52,78,60.9,9
2023,WESTERN_REGIONS,FULL,B060,,Химическая инженерия и процессы,27,GENERAL,79,107,92.2,4
2023,WESTERN_REGIONS,FULL,B060,,Химическая инженерия и процессы,29,GENERAL,65,81,69.8,4
2023,WESTERN_REGIONS,FULL,B060,,Химическая инженерия и процессы,53,GENERAL,53,60,56.5,2
2023,WESTERN_REGIONS,FULL,B060,,Химическая инженерия и процессы,421,GENERAL,82,127,103.6,12
2023,WESTERN_REGIONS,FULL,B062,,Электротехника и энергетика,3,GENERAL,64,125,80.5,32
2023,WESTERN_REGIONS,FULL,B062,,Электротехника и энергетика,3,RURAL,57,64,60.6,18
2023,WESTERN_REGIONS,FULL,B062,,Электротехника и энергетика,9,GENERAL,59,96,67.7,21
2023,WESTERN_REGIONS,FULL,B062,,Электротехника и энергетика,9,RURAL,50,59,53.5,11
2023,WESTERN_REGIONS,FULL,B062,,Электротехника и энергетика,12,GENERAL,50,68,57.7,6
2023,WESTERN_REGIONS,FULL,B062,,Электротехника и энергетика,13,GENERAL,65,126,78.8,58
2023,WESTERN_REGIONS,FULL,B062,,Электротехника и энергетика,19,GENERAL,50,81,58.3,53
2023,WESTERN_REGIONS,FULL,B062,,Электротехника и энергетика,27,GENERAL,68,109,83.9,47
2023,WESTERN_REGIONS,FULL,B062,,Электротехника и энергетика,29,GENERAL,65,127,80.0,40
2023,WESTERN_REGIONS,FULL,B062,,Электротехника и энергетика,32,GENERAL,50,69,59.8,20
2023,WESTERN_REGIONS,FULL,B062,,Электротехника и энергетика,33,GENERAL,50,64,56.0,7
2023,WESTERN_REGIONS,FULL,B062,,Электротехника и энергетика,38,GENERAL,57,61,59.0,2
2023,WESTERN_REGIONS,FULL,B062,,Электротехника и энергетика,39,GENERAL,50,50,50.0,1
2023,WESTERN_REGIONS,FULL,B062,,Электротехника и энергетика,42,GENERAL,50,77,61.5,22
2023,WESTERN_REGIONS,FULL,B062,,Электротехника и энергетика,42,RURAL,50,55,52.2,5
2023,WESTERN_REGIONS,FULL,B062,,Электротехника и энергетика,57,GENERAL,67,100,76.4,5
2023,WESTERN_REGIONS,FULL,B062,,Электротехника и энергетика,141,GENERAL,50,69,56.9,14
2023,WESTERN_REGIONS,FULL,B063,,Электротехника и автоматизация,9,GENERAL,55,115,69.8,46
2023,WESTERN_REGIONS,FULL,B063,,Электротехника и автоматизация,12,GENERAL,59,59,59.0,1
2023,WESTERN_REGIONS,FULL,B063,,Электротехника и автоматизация,13,GENERAL,76,132,93.6,67
2023,WESTERN_REGIONS,FULL,B063,,Электротехника и автоматизация,24,GENERAL,66,77,70.4,5
2023,WESTERN_REGIONS,FULL,B063,,Электротехника и автоматизация,27,GENERAL,65,127,90.8,88
2023,WESTERN_REGIONS,FULL,B063,,Электротехника и автоматизация,29,GENERAL,65,96,75.9,61
2023,WESTERN_REGIONS,FULL,B063,,Электротехника и автоматизация,31,GENERAL,57,87,75.7,3
2023,WESTERN_REGIONS,FULL,B063,,Электротехника и автоматизация,32,GENERAL,59,80,67.8,13
2023,WESTERN_REGIONS,FULL,B063,,Электротехника и автоматизация,33,GENERAL,59,86,72.5,2
2023,WESTERN_REGIONS,FULL,B063,,Электротехника и автоматизация,38,GENERAL,56,70,61.3,3
2023,WESTERN_REGIONS,FULL,B063,,Электротехника и автоматизация,42,GENERAL,66,99,74.2,20
2023,WESTERN_REGIONS,FULL,B063,,Электротехника и автоматизация,53,GENERAL,56,66,60.3,24
2023,WESTERN_REGIONS,FULL,B063,,Электротехника и автоматизация,57,GENERAL,71,103,86.8,33
2023,WESTERN_REGIONS,FULL,B063,,Электротехника и автоматизация,421,GENERAL,100,134,115.3,40
2023,WESTERN_REGIONS,FULL,B064,,Механика и металлообработка,12,GENERAL,55,55,55.0,1
2023,WESTERN_REGIONS,FULL,B064,,Механика и металлообработка,24,GENERAL,65,65,65.0,1
2023,WESTERN_REGIONS,FULL,B064,,Механика и металлообработка,29,GENERAL,65,71,69.0,5
2023,WESTERN_REGIONS,FULL,B064,,Механика и металлообработка,31,GENERAL,55,68,60.3,3
2023,WESTERN_REGIONS,FULL,B064,,Механика и металлообработка,32,GENERAL,54,66,57.6,5
2023,WESTERN_REGIONS,FULL,B064,,Механика и металлообработка,33,GENERAL,56,64,59.7,3
2023,WESTERN_REGIONS,FULL,B064,,Механика и металлообработка,42,GENERAL,50,84,58.4,12
2023,WESTERN_REGIONS,FULL,B064,,Механика и металлообработка,53,GENERAL,50,61,54.1,36
2023,WESTERN_REGIONS,FULL,B065,,Транспортная техника и технологии,9,GENERAL,50,90,60.2,9
2023,WESTERN_REGIONS,FULL,B065,,Транспортная техника и технологии,12,GENERAL,52,52,52.0,1
2023,WESTERN_REGIONS,FULL,B065,,Транспортная техника и технологии,13,GENERAL,72,72,72.0,1
2023,WESTERN_REGIONS,FULL,B065,,Транспортная техника и технологии,19,GENERAL,50,117,58.5,64
2023,WESTERN_REGIONS,FULL,B065,,Транспортная техника и технологии,29,GENERAL,71,96,79.3,3
2023,WESTERN_REGIONS,FULL,B065,,Транспортная техника и технологии,31,GENERAL,61,64,62.5,2
2023,WESTERN_REGIONS,FULL,B065,,Транспортная техника и технологии,32,GENERAL,50,50,50.0,1
2023,WESTERN_REGIONS,FULL,B065,,Транспортная техника и технологии,35,GENERAL,58,58,58.0,1
2023,WESTERN_REGIONS,FULL,B065,,Транспортная техника и технологии,36,GENERAL,50,62,55.0,4
2023,WESTERN_REGIONS,FULL,B066,,Морской транспорт и технологии,3,GENERAL,53,75,60.6,15
2023,WESTERN_REGIONS,FULL,B066,,Морской транспорт и технологии,421,GENERAL,72,108,93.2,9
2023,WESTERN_REGIONS,FULL,B067,,Воздушный транспорт и технологии,13,GENERAL,72,128,90.0,8
2023,WESTERN_REGIONS,FULL,B067,,Воздушный транспорт и технологии,27,GENERAL,79,90,83.7,3
2023,WESTERN_REGIONS,FULL,B067,,Воздушный транспорт и технологии,57,GENERAL,84,86,85.0,2
2023,WESTERN_REGIONS,FULL,B068,,Производство продуктов питания,11,GENERAL,54,64,59.2,4
2023,WESTERN_REGIONS,FULL,B068,,Производство продуктов питания,24,GENERAL,65,104,71.1,22
2023,WESTERN_REGIONS,FULL,B068,,Производство продуктов питания,27,GENERAL,80,100,89.5,6
2023,WESTERN_REGIONS,FULL,B068,,Производство продуктов питания,35,GENERAL,50,70,55.8,16
2023,WESTERN_REGIONS,FULL,B068,,Производство продуктов питания,38,GENERAL,51,75,59.8,12
2023,WESTERN_REGIONS,FULL,B068,,Производство продуктов питания,42,GENERAL,50,64,55.5,14
2023,WESTERN_REGIONS,FULL,B068,,Производство продуктов питания,53,GENERAL,50,89,61.0,227
2023,WESTERN_REGIONS,FULL,B069,,"Производство материалов (стекло, бумага, пластик, дерево)",22,GENERAL,51,60,53.8,4
2023,WESTERN_REGIONS,FULL,B069,,"Производство материалов (стекло, бумага, пластик, дерево)",29,GENERAL,83,83,83.0,1
2023,WESTERN_REGIONS,FULL,B070,,"Текстиль: одежда, обувь и кожаные изделия",53,GENERAL,50,99,61.4,17
2023,WESTERN_REGIONS,FULL,B071,,Горное дело и добыча полезных ископаемых,3,GENERAL,62,94,72.7,15
2023,WESTERN_REGIONS,FULL,B071,,Горное дело и добыча полезных ископаемых,9,GENERAL,63,102,75.5,23
2023,WESTERN_REGIONS,FULL,B071,,Горное дело и добыча полезных ископаемых,12,GENERAL,55,78,64.2,4
2023,WESTERN_REGIONS,FULL,B071,,Горное дело и добыча полезных ископаемых,29,GENERAL,66,111,77.8,22
2023,WESTERN_REGIONS,FULL,B071,,Горное дело и добыча полезных ископаемых,32,GENERAL,54,79,61.7,39
2023,WESTERN_REGIONS,FULL,B071,,Горное дело и добыча полезных ископаемых,421,GENERAL,73,122,92.4,14
2023,WESTERN_REGIONS,FULL,B072,,Технология фармацевтического производства,26,GENERAL,75,109,85.1,181
2023,WESTERN_REGIONS,FULL,B072,,Технология фармацевтического производства,27,GENERAL,77,97,87.3,23
2023,WESTERN_REGIONS,FULL,B072,,Технология фармацевтического производства,30,GENERAL,75,97,82.5,23
2023,WESTERN_REGIONS,FULL,B073,,Архитектура,13,GENERAL,105,124,114.2,54
2023,WESTERN_REGIONS,FULL,B073,,Архитектура,22,GENERAL,104,123,113.4,72
2023,WESTERN_REGIONS,FULL,B073,,Архитектура,29,GENERAL,106,121,113.7,10
2023,WESTERN_REGIONS,FULL,B073,,Архитектура,32,GENERAL,110,118,113.9,11
2023,WESTERN_REGIONS,FULL,B074,,"Градостроительство, строительные работы и гражданское строительство",3,GENERAL,68,91,76.1,15
2023,WESTERN_REGIONS,FULL,B074,,"Градостроительство, строительные работы и гражданское строительство",9,GENERAL,55,105,68.0,22
2023,WESTERN_REGIONS,FULL,B074,,"Градостроительство, строительные работы и гражданское строительство",12,GENERAL,94,94,94.0,1
2023,WESTERN_REGIONS,FULL,B074,,"Градостроительство, строительные работы и гражданское строительство",13,GENERAL,76,138,96.5,29
2023,WESTERN_REGIONS,FULL,B074,,"Градостроительство, строительные работы и гражданское строительство",22,GENERAL,73,119,86.9,90
2023,WESTERN_REGIONS,FULL,B074,,"Градостроительство, строительные работы и гражданское строительство",27,GENERAL,81,108,93.8,8
2023,WESTERN_REGIONS,FULL,B074,,"Градостроительство, строительные работы и гражданское строительство",29,GENERAL,73,120,86.4,59
2023,WESTERN_REGIONS,FULL,B074,,"Градостроительство, строительные работы и гражданское строительство",35,GENERAL,73,73,73.0,1
2023,WESTERN_REGIONS,FULL,B074,,"Градостроительство, строительные работы и гражданское строительство",38,GENERAL,79,79,79.0,1
2023,WESTERN_REGIONS,FULL,B074,,"Градостроительство, строительные работы и гражданское строительство",42,GENERAL,72,94,79.7,15
2023,WESTERN_REGIONS,FULL,B075,,Кадастр и землеустройство,12,RURAL,71,80,76.3,3
2023,WESTERN_REGIONS,FULL,B075,,Кадастр и землеустройство,22,GENERAL,96,96,96.0,1
2023,WESTERN_REGIONS,FULL,B075,,Кадастр и землеустройство,22,RURAL,71,93,77.4,17
2023,WESTERN_REGIONS,FULL,B075,,Кадастр и землеустройство,24,GENERAL,96,98,97.0,3
2023,WESTERN_REGIONS,FULL,B075,,Кадастр и землеустройство,24,RURAL,71,90,81.4,19
2023,WESTERN_REGIONS,FULL,B075,,Кадастр и землеустройство,27,GENERAL,95,130,100.1,51
2023,WESTERN_REGIONS,FULL,B075,,Кадастр и землеустройство,27,RURAL,88,95,91.5,2
2023,WESTERN_REGIONS,FULL,B075,,Кадастр и землеустройство,32,RURAL,71,87,75.8,6
2023,WESTERN_REGIONS,FULL,B076,,"Стандартизация, сертификация и метрология (по отраслям)",3,GENERAL,58,82,65.5,15
2023,WESTERN_REGIONS,FULL,B076,,"Стандартизация, сертификация и метрология (по отраслям)",13,GENERAL,70,105,83.6,10
2023,WESTERN_REGIONS,FULL,B076,,"Стандартизация, сертификация и метрология (по отраслям)",15,GENERAL,53,53,53.0,1
2023,WESTERN_REGIONS,FULL,B076,,"Стандартизация, сертификация и метрология (по отраслям)",24,GENERAL,65,71,68.0,2
2023,WESTERN_REGIONS,FULL,B076,,"Стандартизация, сертификация и метрология (по отраслям)",27,GENERAL,73,92,83.3,7
2023,WESTERN_REGIONS,FULL,B076,,"Стандартизация, сертификация и метрология (по отраслям)",29,GENERAL,65,91,72.2,9
2023,WESTERN_REGIONS,FULL,B076,,"Стандартизация, сертификация и метрология (по отраслям)",38,GENERAL,64,64,64.0,1
2023,WESTERN_REGIONS,FULL,B076,,"Стандартизация, сертификация и метрология (по отраслям)",53,GENERAL,57,90,67.2,8
2023,WESTERN_REGIONS,FULL,B076,,"Стандартизация, сертификация и метрология (по отраслям)",122,GENERAL,52,65,58.2,10
2023,WESTERN_REGIONS,FULL,B095,,Транспортные услуги,3,GENERAL,75,110,87.0,20
2023,WESTERN_REGIONS,FULL,B095,,Транспортные услуги,3,RURAL,50,72,58.6,10
2023,WESTERN_REGIONS,FULL,B165,,Магистральные сети и инфраструктура,19,GENERAL,50,71,57.3,38
2023,WESTERN_REGIONS,FULL,B165,,Магистральные сети и инфраструктура,29,GENERAL,74,74,74.0,1
2023,WESTERN_REGIONS,FULL,B166,,Транспортные сооружения,19,GENERAL,50,78,55.9,27
2023,WESTERN_REGIONS,FULL,B167,,Летная эксплуатация летательных аппаратов и двигателей,157,GENERAL,103,124,111.5,13
