year,section,form,programCode,programTag,programName,universityCode,quota,minScore,maxScore,avgScore,grantCount
2025,FOREIGN_BRANCH,FULL,B001,KZ-040,Педагогика и психология,40,GENERAL,86,111,93.6,10
2025,FOREIGN_BRANCH,FULL,B001,KZ-US-040,Педагогика и психология,40,GENERAL,76,91,83.4,10
2025,FOREIGN_BRANCH,FULL,B003,KZ-040,Педагогика и методика начального обучения,40,GENERAL,78,88,82.7,10
2025,FOREIGN_BRANCH,FULL,B018,KZ-CHN-185,Подготовка учителей иностранного языка,185,GENERAL,89,126,100.9,30
2025,FOREIGN_BRANCH,FULL,B018,KZ-FR-007,Подготовка учителей иностранного языка,7,GENERAL,120,125,121.8,50
2025,FOREIGN_BRANCH,FULL,B020,KZ-040,Специальная педагогика,40,GENERAL,78,96,82.4,10
2025,FOREIGN_BRANCH,FULL,B020,KZ-US-040,Специальная педагогика,40,GENERAL,76,84,81.8,4
2025,FOREIGN_BRANCH,FULL,B036,KZ-CHN-185,Переводческое дело,185,GENERAL,57,116,80.7,47
2025,FOREIGN_BRANCH,FULL,B044,KZ-DE-003,Менеджмент и управление,3,GENERAL,64,95,81.9,8
2025,FOREIGN_BRANCH,FULL,B044,KZ-FR-007,Менеджмент и управление,7,GENERAL,107,119,111.1,20
2025,FOREIGN_BRANCH,FULL,B046,KZ-040,"Финансы, экономика, банковское и страховое дело",40,GENERAL,93,109,99.3,32
2025,FOREIGN_BRANCH,FULL,B046,KZ-FR-007,"Финансы, экономика, банковское и страховое дело",7,GENERAL,108,117,111.2,40
2025,FOREIGN_BRANCH,FULL,B047,KZ-FR-007,Маркетинг и реклама,7,GENERAL,101,111,105.2,20
2025,FOREIGN_BRANCH,FULL,B050,KZ-040,Биологические и смежные науки,40,GENERAL,71,85,74.6,10
2025,FOREIGN_BRANCH,FULL,B050,KZ-US-040,Биологические и смежные науки,40,GENERAL,65,130,79.6,52
2025,FOREIGN_BRANCH,FULL,B053,KZ-040,Химия,40,GENERAL,76,91,80.2,5
2025,FOREIGN_BRANCH,FULL,B054,KZ-040,Физика,40,GENERAL,72,78,74.6,5
2025,FOREIGN_BRANCH,FULL,B057,KZ-040,Информационные технологии,40,GENERAL,77,105,88.2,26
2025,FOREIGN_BRANCH,FULL,B057,KZ-DE-003,Информационные технологии,3,GENERAL,63,110,73.5,11
2025,FOREIGN_BRANCH,FULL,B057,KZ-HKG-029,Информационные технологии,29,GENERAL,105,137,119.2,20
2025,FOREIGN_BRANCH,FULL,B057,KZ-UK-005,Информационные технологии,5,GENERAL,65,108,77.3,118
2025,FOREIGN_BRANCH,FULL,B057,KZ-US-040,Информационные технологии,40,GENERAL,70,115,86.7,62
2025,FOREIGN_BRANCH,FULL,B059,KZ-040,Коммуникации и коммуникационные технологии,40,GENERAL,69,85,75.0,10
2025,FOREIGN_BRANCH,FULL,B061,KZ-HKG-029,Материаловедение и технологии,29,GENERAL,112,119,116.6,5
2025,FOREIGN_BRANCH,FULL,B062,KZ-DE-003,Электротехника и электроэнергетика,3,GENERAL,65,119,78.0,8
2025,FOREIGN_BRANCH,FULL,B062,KZ-UK-005,Электротехника и электроэнергетика,5,GENERAL,66,130,84.5,29
2025,FOREIGN_BRANCH,FULL,B063,KZ-DE-003,Электротехника и автоматизация,3,GENERAL,66,102,77.0,12
2025,FOREIGN_BRANCH,FULL,B071,KZ-UK-005,Горное дело и добыча полезных ископаемых,5,GENERAL,65,116,77.6,25
2025,FOREIGN_BRANCH,FULL,B074,KZ-HKG-029,"Градостроительство, строительные работы и гражданское строительство",29,GENERAL,133,138,134.8,5
2025,FOREIGN_BRANCH,FULL,B077,KZ-040,Растениеводство,40,GENERAL,58,68,62.5,10
2025,FOREIGN_BRANCH,FULL,B082,KZ-UZ-024,Водные ресурсы и водопользования,24,GENERAL,50,76,56.8,59
2025,FOREIGN_BRANCH,FULL,B093,KZ-FR-007,Ресторанное дело и гостиничный бизнес,7,GENERAL,108,130,109.7,30
2025,FOREIGN_BRANCH,FULL,B095,KZ-DE-003,Транспортные услуги,3,GENERAL,62,85,72.1,10
2025,FOREIGN_BRANCH,FULL,B140,KZ-FR-007,Международные отношения и дипломатия,7,GENERAL,118,128,121.7,49
2025,GENERAL,FULL,B001,,Педагогика и психология,7,GENERAL,98,111,102.5,6
2025,GENERAL,FULL,B001,,Педагогика и психология,7,RURAL,84,98,90.1,16
2025,GENERAL,FULL,B001,,Педагогика и психология,13,GENERAL,98,123,106.6,47
2025,GENERAL,FULL,B001,,Педагогика и психология,13,RURAL,96,98,97.6,5
2025,GENERAL,FULL,B001,,Педагогика и психология,25,GENERAL,99,113,105.9,7
2025,GENERAL,FULL,B001,,Педагогика и психология,25,RURAL,90,98,93.6,8
2025,GENERAL,FULL,B001,,Педагогика и психология,45,RURAL,92,92,92.0,1
2025,GENERAL,FULL,B001,,Педагогика и психология,47,RURAL,90,93,91.5,2
2025,GENERAL,FULL,B001,,Педагогика и психология,143,GENERAL,98,98,98.0,1
2025,GENERAL,FULL,B001,,Педагогика и психология,185,RURAL,85,91,88.1,9
2025,GENERAL,FULL,B001,,Педагогика и психология,302,GENERAL,99,122,105.9,13
2025,GENERAL,FULL,B001,,Педагогика и психология,302,RURAL,86,97,92.3,7
2025,GENERAL,FULL,B001,,Педагогика и психология,517,GENERAL,100,104,102.0,2
2025,GENERAL,FULL,B001,,Педагогика и психология,517,RURAL,92,92,92.0,1
2025,GENERAL,FULL,B002,,Дошкольное обучение и воспитание,7,GENERAL,83,100,85.9,30
2025,GENERAL,FULL,B002,,Дошкольное обучение и воспитание,7,RURAL,76,81,78.2,27
2025,GENERAL,FULL,B002,,Дошкольное обучение и воспитание,25,GENERAL,82,92,85.6,46
2025,GENERAL,FULL,B002,,Дошкольное обучение и воспитание,25,RURAL,80,82,80.7,19
2025,GENERAL,FULL,B002,,Дошкольное обучение и воспитание,31,GENERAL,84,84,84.0,1
2025,GENERAL,FULL,B002,,Дошкольное обучение и воспитание,31,RURAL,76,78,77.0,4
2025,GENERAL,FULL,B002,,Дошкольное обучение и воспитание,34,GENERAL,82,82,82.0,1
2025,GENERAL,FULL,B002,,Дошкольное обучение и воспитание,34,RURAL,76,80,78.1,11
2025,GENERAL,FULL,B002,,Дошкольное обучение и воспитание,35,RURAL,77,77,77.0,1
2025,GENERAL,FULL,B002,,Дошкольное обучение и воспитание,45,GENERAL,83,87,85.0,2
2025,GENERAL,FULL,B002,,Дошкольное обучение и воспитание,45,RURAL,78,80,79.0,3
2025,GENERAL,FULL,B002,,Дошкольное обучение и воспитание,47,GENERAL,83,92,87.0,5
2025,GENERAL,FULL,B002,,Дошкольное обучение и воспитание,47,RURAL,76,82,78.4,7
2025,GENERAL,FULL,B002,,Дошкольное обучение и воспитание,141,RURAL,78,78,78.0,1
2025,GENERAL,FULL,B002,,Дошкольное обучение и воспитание,143,RURAL,78,78,78.0,1
2025,GENERAL,FULL,B002,,Дошкольное обучение и воспитание,158,RURAL,79,79,79.0,1
2025,GENERAL,FULL,B002,,Дошкольное обучение и воспитание,185,GENERAL,83,87,84.9,25
2025,GENERAL,FULL,B002,,Дошкольное обучение и воспитание,185,RURAL,80,80,80.0,2
2025,GENERAL,FULL,B002,,Дошкольное обучение и воспитание,196,RURAL,77,78,77.4,5
2025,GENERAL,FULL,B002,,Дошкольное обучение и воспитание,416,GENERAL,85,85,85.0,1
2025,GENERAL,FULL,B003,,Педагогика и методика начального обучения,7,GENERAL,91,124,101.7,70
2025,GENERAL,FULL,B003,,Педагогика и методика начального обучения,7,RURAL,83,91,86.9,80
2025,GENERAL,FULL,B003,,Педагогика и методика начального обучения,25,GENERAL,92,122,101.0,124
2025,GENERAL,FULL,B003,,Педагогика и методика начального обучения,25,RURAL,90,91,90.6,9
2025,GENERAL,FULL,B003,,Педагогика и методика начального обучения,31,RURAL,83,83,83.0,1
2025,GENERAL,FULL,B003,,Педагогика и методика начального обучения,34,GENERAL,92,97,93.8,4
2025,GENERAL,FULL,B003,,Педагогика и методика начального обучения,34,RURAL,83,91,87.1,19
2025,GENERAL,FULL,B003,,Педагогика и методика начального обучения,37,GENERAL,91,103,96.8,16
2025,GENERAL,FULL,B003,,Педагогика и методика начального обучения,37,RURAL,83,85,83.8,4
2025,GENERAL,FULL,B003,,Педагогика и методика начального обучения,45,GENERAL,92,127,103.6,9
2025,GENERAL,FULL,B003,,Педагогика и методика начального обучения,45,RURAL,86,90,88.7,3
2025,GENERAL,FULL,B003,,Педагогика и методика начального обучения,47,GENERAL,93,105,99.0,2
2025,GENERAL,FULL,B003,,Педагогика и методика начального обучения,143,GENERAL,92,92,92.0,1
2025,GENERAL,FULL,B003,,Педагогика и методика начального обучения,153,GENERAL,97,97,97.0,1
2025,GENERAL,FULL,B003,,Педагогика и методика начального обучения,185,GENERAL,91,104,95.3,30
2025,GENERAL,FULL,B003,,Педагогика и методика начального обучения,185,RURAL,84,91,86.0,20
2025,GENERAL,FULL,B003,,Педагогика и методика начального обучения,196,GENERAL,92,95,94.0,3
2025,GENERAL,FULL,B003,,Педагогика и методика начального обучения,196,RURAL,83,90,86.1,9
2025,GENERAL,FULL,B003,,Педагогика и методика начального обучения,198,RURAL,86,86,86.0,1
2025,GENERAL,FULL,B003,,Педагогика и методика начального обучения,223,RURAL,85,85,85.0,1
2025,GENERAL,FULL,B003,,Педагогика и методика начального обучения,302,GENERAL,91,114,99.8,19
2025,GENERAL,FULL,B003,,Педагогика и методика начального обучения,302,RURAL,84,87,86.2,5
2025,GENERAL,FULL,B003,,Педагогика и методика начального обучения,416,GENERAL,100,100,100.0,1
2025,GENERAL,FULL,B004,,Подготовка учителей начальной военной подготовки,7,GENERAL,121,127,123.0,20
2025,GENERAL,FULL,B004,,Подготовка учителей начальной военной подготовки,7,RURAL,120,121,120.8,5
2025,GENERAL,FULL,B004,,Подготовка учителей начальной военной подготовки,16,GENERAL,122,125,123.0,7
2025,GENERAL,FULL,B004,,Подготовка учителей начальной военной подготовки,16,RURAL,121,121,121.0,3
2025,GENERAL,FULL,B004,,Подготовка учителей начальной военной подготовки,31,GENERAL,122,122,122.0,1
2025,GENERAL,FULL,B004,,Подготовка учителей начальной военной подготовки,31,RURAL,120,121,120.8,4
2025,GENERAL,FULL,B004,,Подготовка учителей начальной военной подготовки,34,GENERAL,121,128,123.6,12
2025,GENERAL,FULL,B004,,Подготовка учителей начальной военной подготовки,34,RURAL,121,121,121.0,5
2025,GENERAL,FULL,B004,,Подготовка учителей начальной военной подготовки,36,GENERAL,123,124,123.5,2
2025,GENERAL,FULL,B004,,Подготовка учителей начальной военной подготовки,36,RURAL,120,121,120.5,2
2025,GENERAL,FULL,B004,,Подготовка учителей начальной военной подготовки,37,GENERAL,121,126,123.0,5
2025,GENERAL,FULL,B004,,Подготовка учителей начальной военной подготовки,37,RURAL,121,121,121.0,2
2025,GENERAL,FULL,B004,,Подготовка учителей начальной военной подготовки,43,GENERAL,123,123,123.0,2
2025,GENERAL,FULL,B004,,Подготовка учителей начальной военной подготовки,43,RURAL,121,121,121.0,1
2025,GENERAL,FULL,B004,,Подготовка учителей начальной военной подготовки,45,GENERAL,122,124,123.0,4
2025,GENERAL,FULL,B004,,Подготовка учителей начальной военной подготовки,45,RURAL,120,121,120.8,4
2025,GENERAL,FULL,B004,,Подготовка учителей начальной военной подготовки,158,GENERAL,122,126,123.5,4
2025,GENERAL,FULL,B004,,Подготовка учителей начальной военной подготовки,158,RURAL,121,121,121.0,1
2025,GENERAL,FULL,B004,,Подготовка учителей начальной военной подготовки,196,GENERAL,121,128,123.2,5
2025,GENERAL,FULL,B004,,Подготовка учителей начальной военной подготовки,196,RURAL,120,121,120.7,3
2025,GENERAL,FULL,B004,,Подготовка учителей начальной военной подготовки,223,GENERAL,122,123,122.7,3
2025,GENERAL,FULL,B004,,Подготовка учителей начальной военной подготовки,223,RURAL,121,121,121.0,1
2025,GENERAL,FULL,B004,,Подготовка учителей начальной военной подготовки,501,GENERAL,122,126,123.5,4
2025,GENERAL,FULL,B004,,Подготовка учителей начальной военной подготовки,501,RURAL,121,121,121.0,1
2025,GENERAL,FULL,B004,,Подготовка учителей начальной военной подготовки,517,GENERAL,121,123,122.0,3
2025,GENERAL,FULL,B004,,Подготовка учителей начальной военной подготовки,517,RURAL,120,121,120.7,3
2025,GENERAL,FULL,B005,,Подготовка учителей физической культуры,3,RURAL,121,121,121.0,1
2025,GENERAL,FULL,B005,,Подготовка учителей физической культуры,7,GENERAL,123,130,125.0,27
2025,GENERAL,FULL,B005,,Подготовка учителей физической культуры,7,RURAL,121,123,121.6,30
2025,GENERAL,FULL,B005,,Подготовка учителей физической культуры,10,RURAL,121,121,121.0,3
2025,GENERAL,FULL,B005,,Подготовка учителей физической культуры,13,GENERAL,125,128,126.2,5
2025,GENERAL,FULL,B005,,Подготовка учителей физической культуры,15,GENERAL,123,127,124.6,9
2025,GENERAL,FULL,B005,,Подготовка учителей физической культуры,15,RURAL,121,123,121.6,7
2025,GENERAL,FULL,B005,,Подготовка учителей физической культуры,16,GENERAL,123,129,125.9,14
2025,GENERAL,FULL,B005,,Подготовка учителей физической культуры,16,RURAL,121,122,121.4,10
2025,GENERAL,FULL,B005,,Подготовка учителей физической культуры,20,GENERAL,123,130,125.0,107
2025,GENERAL,FULL,B005,,Подготовка учителей физической культуры,20,RURAL,121,123,121.5,99
2025,GENERAL,FULL,B005,,Подготовка учителей физической культуры,25,GENERAL,123,126,124.6,5
2025,GENERAL,FULL,B005,,Подготовка учителей физической культуры,25,RURAL,121,122,121.3,3
2025,GENERAL,FULL,B005,,Подготовка учителей физической культуры,34,GENERAL,123,129,124.8,42
2025,GENERAL,FULL,B005,,Подготовка учителей физической культуры,34,RURAL,121,123,121.7,23
2025,GENERAL,FULL,B005,,Подготовка учителей физической культуры,35,GENERAL,124,127,125.5,2
2025,GENERAL,FULL,B005,,Подготовка учителей физической культуры,35,RURAL,121,122,121.3,3
2025,GENERAL,FULL,B005,,Подготовка учителей физической культуры,36,GENERAL,123,127,124.3,3
2025,GENERAL,FULL,B005,,Подготовка учителей физической культуры,36,RURAL,121,122,121.5,2
2025,GENERAL,FULL,B005,,Подготовка учителей физической культуры,37,GENERAL,123,128,124.5,21
2025,GENERAL,FULL,B005,,Подготовка учителей физической культуры,37,RURAL,121,123,121.8,12
2025,GENERAL,FULL,B005,,Подготовка учителей физической культуры,40,GENERAL,123,123,123.0,1
2025,GENERAL,FULL,B005,,Подготовка учителей физической культуры,40,RURAL,121,121,121.0,1
2025,GENERAL,FULL,B005,,Подготовка учителей физической культуры,42,RURAL,121,121,121.0,2
2025,GENERAL,FULL,B005,,Подготовка учителей физической культуры,43,GENERAL,123,128,124.6,16
2025,GENERAL,FULL,B005,,Подготовка учителей физической культуры,43,RURAL,121,123,121.7,11
2025,GENERAL,FULL,B005,,Подготовка учителей физической культуры,45,GENERAL,123,127,124.3,21
2025,GENERAL,FULL,B005,,Подготовка учителей физической культуры,45,RURAL,121,123,121.6,20
2025,GENERAL,FULL,B005,,Подготовка учителей физической культуры,122,GENERAL,125,125,125.0,1
2025,GENERAL,FULL,B005,,Подготовка учителей физической культуры,143,GENERAL,123,124,123.5,4
2025,GENERAL,FULL,B005,,Подготовка учителей физической культуры,143,RURAL,121,123,121.5,19
2025,GENERAL,FULL,B005,,Подготовка учителей физической культуры,153,GENERAL,123,124,123.5,2
2025,GENERAL,FULL,B005,,Подготовка учителей физической культуры,158,GENERAL,123,126,123.5,6
2025,GENERAL,FULL,B005,,Подготовка учителей физической культуры,158,RURAL,121,123,121.4,7
2025,GENERAL,FULL,B005,,Подготовка учителей физической культуры,196,GENERAL,123,128,124.5,20
2025,GENERAL,FULL,B005,,Подготовка учителей физической культуры,196,RURAL,121,123,121.6,9
2025,GENERAL,FULL,B005,,Подготовка учителей физической культуры,198,GENERAL,123,123,123.0,1
2025,GENERAL,FULL,B005,,Подготовка учителей физической культуры,198,RURAL,121,122,121.7,3
2025,GENERAL,FULL,B005,,Подготовка учителей физической культуры,202,GENERAL,123,126,124.2,4
2025,GENERAL,FULL,B005,,Подготовка учителей физической культуры,223,GENERAL,123,126,124.0,5
2025,GENERAL,FULL,B005,,Подготовка учителей физической культуры,223,RURAL,121,121,121.0,3
2025,GENERAL,FULL,B005,,Подготовка учителей физической культуры,305,GENERAL,124,124,124.0,1
2025,GENERAL,FULL,B005,,Подготовка учителей физической культуры,305,RURAL,121,122,121.3,3
2025,GENERAL,FULL,B005,,Подготовка учителей физической культуры,501,GENERAL,123,125,123.9,7
2025,GENERAL,FULL,B005,,Подготовка учителей физической культуры,501,RURAL,121,122,121.3,6
2025,GENERAL,FULL,B005,,Подготовка учителей физической культуры,517,GENERAL,123,127,124.5,11
2025,GENERAL,FULL,B005,,Подготовка учителей физической культуры,517,RURAL,121,121,121.0,3
2025,GENERAL,FULL,B006,,Подготовка учителей музыки,7,GENERAL,122,126,123.3,15
2025,GENERAL,FULL,B006,,Подготовка учителей музыки,7,RURAL,120,121,120.3,6
2025,GENERAL,FULL,B006,,Подготовка учителей музыки,25,GENERAL,122,127,124.1,13
2025,GENERAL,FULL,B006,,Подготовка учителей музыки,25,RURAL,120,121,120.8,6
2025,GENERAL,FULL,B006,,Подготовка учителей музыки,34,GENERAL,122,122,122.0,1
2025,GENERAL,FULL,B006,,Подготовка учителей музыки,36,GENERAL,123,124,123.5,2
2025,GENERAL,FULL,B006,,Подготовка учителей музыки,37,GENERAL,122,123,122.5,4
2025,GENERAL,FULL,B006,,Подготовка учителей музыки,37,RURAL,120,121,120.7,3
2025,GENERAL,FULL,B006,,Подготовка учителей музыки,42,GENERAL,123,123,123.0,1
2025,GENERAL,FULL,B006,,Подготовка учителей музыки,42,RURAL,120,121,120.3,3
2025,GENERAL,FULL,B006,,Подготовка учителей музыки,43,GENERAL,122,125,123.6,7
2025,GENERAL,FULL,B006,,Подготовка учителей музыки,43,RURAL,121,121,121.0,1
2025,GENERAL,FULL,B006,,Подготовка учителей музыки,45,GENERAL,122,128,123.4,9
2025,GENERAL,FULL,B006,,Подготовка учителей музыки,45,RURAL,120,121,120.7,7
2025,GENERAL,FULL,B006,,Подготовка учителей музыки,143,GENERAL,122,122,122.0,1
2025,GENERAL,FULL,B006,,Подготовка учителей музыки,143,RURAL,120,121,120.8,4
2025,GENERAL,FULL,B006,,Подготовка учителей музыки,185,GENERAL,122,127,124.4,7
2025,GENERAL,FULL,B006,,Подготовка учителей музыки,185,RURAL,121,121,121.0,1
2025,GENERAL,FULL,B006,,Подготовка учителей музыки,196,GENERAL,122,127,123.3,9
2025,GENERAL,FULL,B006,,Подготовка учителей музыки,196,RURAL,120,121,120.5,2
2025,GENERAL,FULL,B006,,Подготовка учителей музыки,517,GENERAL,121,125,123.2,9
2025,GENERAL,FULL,B006,,Подготовка учителей музыки,517,RURAL,121,121,121.0,2
2025,GENERAL,FULL,B007,,Подготовка учителей художественного труда и черчения,7,GENERAL,123,125,123.8,6
2025,GENERAL,FULL,B007,,Подготовка учителей художественного труда и черчения,7,RURAL,121,122,121.8,4
2025,GENERAL,FULL,B007,,Подготовка учителей художественного труда и черчения,25,GENERAL,122,126,123.6,8
2025,GENERAL,FULL,B007,,Подготовка учителей художественного труда и черчения,25,RURAL,121,121,121.0,1
2025,GENERAL,FULL,B007,,Подготовка учителей художественного труда и черчения,36,GENERAL,123,124,123.7,3
2025,GENERAL,FULL,B007,,Подготовка учителей художественного труда и черчения,37,GENERAL,123,126,124.0,7
2025,GENERAL,FULL,B007,,Подготовка учителей художественного труда и черчения,37,RURAL,122,122,122.0,3
2025,GENERAL,FULL,B007,,Подготовка учителей художественного труда и черчения,42,GENERAL,124,126,125.0,4
2025,GENERAL,FULL,B007,,Подготовка учителей художественного труда и черчения,43,GENERAL,125,126,125.7,3
2025,GENERAL,FULL,B007,,Подготовка учителей художественного труда и черчения,43,RURAL,121,121,121.0,1
2025,GENERAL,FULL,B007,,Подготовка учителей художественного труда и черчения,45,GENERAL,122,127,123.8,13
2025,GENERAL,FULL,B007,,Подготовка учителей художественного труда и черчения,45,RURAL,121,122,121.6,10
2025,GENERAL,FULL,B007,,Подготовка учителей художественного труда и черчения,143,GENERAL,124,125,124.5,2
2025,GENERAL,FULL,B007,,Подготовка учителей художественного труда и черчения,143,RURAL,121,122,121.6,5
2025,GENERAL,FULL,B007,,Подготовка учителей художественного труда и черчения,196,GENERAL,122,124,123.3,6
2025,GENERAL,FULL,B007,,Подготовка учителей художественного труда и черчения,196,RURAL,121,122,121.4,5
2025,GENERAL,FULL,B007,,Подготовка учителей художественного труда и черчения,223,GENERAL,124,124,124.0,1
2025,GENERAL,FULL,B007,,Подготовка учителей художественного труда и черчения,517,GENERAL,122,125,123.5,2
2025,GENERAL,FULL,B007,,Подготовка учителей художественного труда и черчения,517,RURAL,121,122,121.2,4
2025,GENERAL,FULL,B008,,Подготовка учителей основы права и экономики,7,GENERAL,95,108,98.7,51
2025,GENERAL,FULL,B008,,Подготовка учителей основы права и экономики,7,RURAL,90,94,91.9,27
2025,GENERAL,FULL,B008,,Подготовка учителей основы права и экономики,31,GENERAL,95,97,96.4,5
2025,GENERAL,FULL,B008,,Подготовка учителей основы права и экономики,31,RURAL,91,91,91.0,1
2025,GENERAL,FULL,B008,,Подготовка учителей основы права и экономики,196,RURAL,90,90,90.0,1
2025,GENERAL,FULL,B008,,Подготовка учителей основы права и экономики,517,GENERAL,96,101,98.2,5
2025,GENERAL,FULL,B008,,Подготовка учителей основы права и экономики,517,RURAL,90,94,92.0,4
2025,GENERAL,FULL,B009,,Подготовка учителей математики,5,GENERAL,107,109,107.8,4
2025,GENERAL,FULL,B009,,Подготовка учителей математики,5,RURAL,91,98,95.3,7
2025,GENERAL,FULL,B009,,Подготовка учителей математики,7,GENERAL,106,136,114.9,171
2025,GENERAL,FULL,B009,,Подготовка учителей математики,7,RURAL,91,106,99.0,94
2025,GENERAL,FULL,B009,,Подготовка учителей математики,13,GENERAL,120,139,125.5,101
2025,GENERAL,FULL,B009,,Подготовка учителей математики,25,GENERAL,107,130,114.0,46
2025,GENERAL,FULL,B009,,Подготовка учителей математики,25,RURAL,91,106,98.3,52
2025,GENERAL,FULL,B009,,Подготовка учителей математики,31,RURAL,91,93,92.0,2
2025,GENERAL,FULL,B009,,Подготовка учителей математики,34,GENERAL,109,110,109.3,3
2025,GENERAL,FULL,B009,,Подготовка учителей математики,34,RURAL,92,93,92.5,4
2025,GENERAL,FULL,B009,,Подготовка учителей математики,37,GENERAL,106,112,108.4,7
2025,GENERAL,FULL,B009,,Подготовка учителей математики,37,RURAL,93,94,93.3,3
2025,GENERAL,FULL,B009,,Подготовка учителей математики,43,GENERAL,107,107,107.0,2
2025,GENERAL,FULL,B009,,Подготовка учителей математики,43,RURAL,91,91,91.0,1
2025,GENERAL,FULL,B009,,Подготовка учителей математики,45,GENERAL,107,116,111.7,3
2025,GENERAL,FULL,B009,,Подготовка учителей математики,45,RURAL,93,93,93.0,1
2025,GENERAL,FULL,B009,,Подготовка учителей математики,143,RURAL,98,98,98.0,1
2025,GENERAL,FULL,B009,,Подготовка учителей математики,185,GENERAL,106,116,109.3,49
2025,GENERAL,FULL,B009,,Подготовка учителей математики,185,RURAL,91,106,97.3,72
2025,GENERAL,FULL,B009,,Подготовка учителей математики,196,GENERAL,107,114,109.8,8
2025,GENERAL,FULL,B009,,Подготовка учителей математики,196,RURAL,91,91,91.0,2
2025,GENERAL,FULL,B009,,Подготовка учителей математики,302,GENERAL,125,138,129.4,53
2025,GENERAL,FULL,B009,,Подготовка учителей математики,517,RURAL,93,93,93.0,1
2025,GENERAL,FULL,B010,,Подготовка учителей физики,7,GENERAL,106,119,109.2,12
2025,GENERAL,FULL,B010,,Подготовка учителей физики,7,RURAL,86,102,91.8,27
2025,GENERAL,FULL,B010,,Подготовка учителей физики,13,GENERAL,110,135,116.6,46
2025,GENERAL,FULL,B010,,Подготовка учителей физики,25,GENERAL,105,118,108.5,8
2025,GENERAL,FULL,B010,,Подготовка учителей физики,25,RURAL,86,104,93.8,22
2025,GENERAL,FULL,B010,,Подготовка учителей физики,31,RURAL,86,86,86.0,1
2025,GENERAL,FULL,B010,,Подготовка учителей физики,34,RURAL,85,88,86.0,3
2025,GENERAL,FULL,B010,,Подготовка учителей физики,37,RURAL,88,88,88.0,1
2025,GENERAL,FULL,B010,,Подготовка учителей физики,45,RURAL,90,90,90.0,1
2025,GENERAL,FULL,B010,,Подготовка учителей физики,185,RURAL,86,97,89.5,17
2025,GENERAL,FULL,B010,,Подготовка учителей физики,196,RURAL,85,86,85.5,2
2025,GENERAL,FULL,B010,,Подготовка учителей физики,302,GENERAL,110,135,118.8,54
2025,GENERAL,FULL,B011,,Подготовка учителей информатики,3,GENERAL,75,79,77.0,2
2025,GENERAL,FULL,B011,,Подготовка учителей информатики,5,GENERAL,78,78,78.0,1
2025,GENERAL,FULL,B011,,Подготовка учителей информатики,7,GENERAL,75,128,90.5,109
2025,GENERAL,FULL,B011,,Подготовка учителей информатики,13,GENERAL,115,123,119.1,8
2025,GENERAL,FULL,B011,,Подготовка учителей информатики,15,GENERAL,75,83,78.7,3
2025,GENERAL,FULL,B011,,Подготовка учителей информатики,25,GENERAL,80,115,90.6,51
2025,GENERAL,FULL,B011,,Подготовка учителей информатики,31,GENERAL,76,78,77.3,6
2025,GENERAL,FULL,B011,,Подготовка учителей информатики,34,GENERAL,75,87,78.9,7
2025,GENERAL,FULL,B011,,Подготовка учителей информатики,35,GENERAL,75,91,82.4,9
2025,GENERAL,FULL,B011,,Подготовка учителей информатики,36,GENERAL,84,88,86.0,4
2025,GENERAL,FULL,B011,,Подготовка учителей информатики,37,GENERAL,75,94,83.6,26
2025,GENERAL,FULL,B011,,Подготовка учителей информатики,45,GENERAL,75,99,82.3,17
2025,GENERAL,FULL,B011,,Подготовка учителей информатики,143,GENERAL,92,95,93.5,2
2025,GENERAL,FULL,B011,,Подготовка учителей информатики,185,GENERAL,80,101,87.4,86
2025,GENERAL,FULL,B011,,Подготовка учителей информатики,196,GENERAL,75,79,77.3,6
2025,GENERAL,FULL,B011,,Подготовка учителей информатики,302,GENERAL,110,136,118.5,30
2025,GENERAL,FULL,B011,,Подготовка учителей информатики,517,GENERAL,76,83,79.5,6
2025,GENERAL,FULL,B012,,Подготовка учителей химии,7,GENERAL,101,134,108.5,82
2025,GENERAL,FULL,B012,,Подготовка учителей химии,7,RURAL,93,101,97.4,53
2025,GENERAL,FULL,B012,,Подготовка учителей химии,25,GENERAL,101,114,105.5,23
2025,GENERAL,FULL,B012,,Подготовка учителей химии,25,RURAL,93,101,96.8,23
2025,GENERAL,FULL,B012,,Подготовка учителей химии,31,RURAL,93,93,93.0,2
2025,GENERAL,FULL,B012,,Подготовка учителей химии,37,GENERAL,102,110,104.9,9
2025,GENERAL,FULL,B012,,Подготовка учителей химии,37,RURAL,94,99,96.5,2
2025,GENERAL,FULL,B012,,Подготовка учителей химии,45,RURAL,93,95,94.0,2
2025,GENERAL,FULL,B012,,Подготовка учителей химии,185,GENERAL,102,110,105.4,26
2025,GENERAL,FULL,B012,,Подготовка учителей химии,185,RURAL,93,98,95.6,12
2025,GENERAL,FULL,B012,,Подготовка учителей химии,196,GENERAL,102,102,102.0,2
2025,GENERAL,FULL,B012,,Подготовка учителей химии,302,GENERAL,110,135,118.1,32
2025,GENERAL,FULL,B013,,Подготовка учителей биологии,7,GENERAL,99,119,103.9,67
2025,GENERAL,FULL,B013,,Подготовка учителей биологии,7,RURAL,92,98,95.0,35
2025,GENERAL,FULL,B013,,Подготовка учителей биологии,25,GENERAL,99,119,102.8,55
2025,GENERAL,FULL,B013,,Подготовка учителей биологии,25,RURAL,92,98,95.2,28
2025,GENERAL,FULL,B013,,Подготовка учителей биологии,37,GENERAL,99,100,99.7,6
2025,GENERAL,FULL,B013,,Подготовка учителей биологии,45,GENERAL,101,110,107.0,3
2025,GENERAL,FULL,B013,,Подготовка учителей биологии,45,RURAL,94,94,94.0,1
2025,GENERAL,FULL,B013,,Подготовка учителей биологии,185,GENERAL,99,108,101.2,40
2025,GENERAL,FULL,B013,,Подготовка учителей биологии,185,RURAL,92,98,95.2,28
2025,GENERAL,FULL,B014,,Подготовка учителей географии,7,GENERAL,101,132,106.9,70
2025,GENERAL,FULL,B014,,Подготовка учителей географии,7,RURAL,94,100,97.0,31
2025,GENERAL,FULL,B014,,Подготовка учителей географии,13,GENERAL,115,128,119.4,23
2025,GENERAL,FULL,B014,,Подготовка учителей географии,25,GENERAL,101,126,106.2,36
2025,GENERAL,FULL,B014,,Подготовка учителей географии,25,RURAL,94,100,96.8,27
2025,GENERAL,FULL,B014,,Подготовка учителей географии,34,RURAL,95,96,95.7,3
2025,GENERAL,FULL,B014,,Подготовка учителей географии,45,GENERAL,111,111,111.0,1
2025,GENERAL,FULL,B014,,Подготовка учителей географии,45,RURAL,96,96,96.0,1
2025,GENERAL,FULL,B014,,Подготовка учителей географии,185,GENERAL,101,106,103.2,32
2025,GENERAL,FULL,B014,,Подготовка учителей географии,185,RURAL,94,101,97.4,24
2025,GENERAL,FULL,B014,,Подготовка учителей географии,517,RURAL,94,94,94.0,1
2025,GENERAL,FULL,B015,,Подготовка учителей по гуманитарным предметам,7,GENERAL,114,127,118.0,52
2025,GENERAL,FULL,B015,,Подготовка учителей по гуманитарным предметам,7,RURAL,106,113,109.2,47
2025,GENERAL,FULL,B015,,Подготовка учителей по гуманитарным предметам,25,GENERAL,114,121,117.2,11
2025,GENERAL,FULL,B015,,Подготовка учителей по гуманитарным предметам,25,RURAL,106,110,107.2,9
2025,GENERAL,FULL,B015,,Подготовка учителей по гуманитарным предметам,45,RURAL,112,112,112.0,1
2025,GENERAL,FULL,B015,,Подготовка учителей по гуманитарным предметам,47,GENERAL,115,115,115.0,1
2025,GENERAL,FULL,B015,,Подготовка учителей по гуманитарным предметам,185,GENERAL,115,117,116.2,4
2025,GENERAL,FULL,B015,,Подготовка учителей по гуманитарным предметам,185,RURAL,106,106,106.0,1
2025,GENERAL,FULL,B015,,Подготовка учителей по гуманитарным предметам,302,GENERAL,118,134,122.8,41
2025,GENERAL,FULL,B016,,Подготовка учителей казахского языка и литературы,7,GENERAL,122,137,127.0,89
2025,GENERAL,FULL,B016,,Подготовка учителей казахского языка и литературы,7,RURAL,116,122,118.5,82
2025,GENERAL,FULL,B016,,Подготовка учителей казахского языка и литературы,13,GENERAL,122,136,126.7,102
2025,GENERAL,FULL,B016,,Подготовка учителей казахского языка и литературы,13,RURAL,120,122,120.9,13
2025,GENERAL,FULL,B016,,Подготовка учителей казахского языка и литературы,25,GENERAL,122,135,126.2,40
2025,GENERAL,FULL,B016,,Подготовка учителей казахского языка и литературы,25,RURAL,115,122,117.8,49
2025,GENERAL,FULL,B016,,Подготовка учителей казахского языка и литературы,45,GENERAL,123,123,123.0,1
2025,GENERAL,FULL,B016,,Подготовка учителей казахского языка и литературы,45,RURAL,117,121,119.0,2
2025,GENERAL,FULL,B016,,Подготовка учителей казахского языка и литературы,185,RURAL,117,118,117.3,6
2025,GENERAL,FULL,B016,,Подготовка учителей казахского языка и литературы,302,GENERAL,125,139,130.2,49
2025,GENERAL,FULL,B017,,Подготовка учителей русского языка и литературы,7,GENERAL,93,128,104.5,89
2025,GENERAL,FULL,B017,,Подготовка учителей русского языка и литературы,7,RURAL,75,93,82.7,50
2025,GENERAL,FULL,B017,,Подготовка учителей русского языка и литературы,10,RURAL,75,75,75.0,3
2025,GENERAL,FULL,B017,,Подготовка учителей русского языка и литературы,11,RURAL,76,76,76.0,1
2025,GENERAL,FULL,B017,,Подготовка учителей русского языка и литературы,13,GENERAL,100,135,112.3,91
2025,GENERAL,FULL,B017,,Подготовка учителей русского языка и литературы,16,RURAL,77,81,78.2,4
2025,GENERAL,FULL,B017,,Подготовка учителей русского языка и литературы,25,GENERAL,94,129,105.3,76
2025,GENERAL,FULL,B017,,Подготовка учителей русского языка и литературы,25,RURAL,85,92,87.6,17
2025,GENERAL,FULL,B017,,Подготовка учителей русского языка и литературы,31,GENERAL,94,98,95.6,7
2025,GENERAL,FULL,B017,,Подготовка учителей русского языка и литературы,31,RURAL,77,92,84.3,13
2025,GENERAL,FULL,B017,,Подготовка учителей русского языка и литературы,36,RURAL,78,81,79.3,3
2025,GENERAL,FULL,B017,,Подготовка учителей русского языка и литературы,37,RURAL,78,79,78.5,2
2025,GENERAL,FULL,B017,,Подготовка учителей русского языка и литературы,40,GENERAL,93,95,94.0,2
2025,GENERAL,FULL,B017,,Подготовка учителей русского языка и литературы,40,RURAL,75,85,78.5,8
2025,GENERAL,FULL,B017,,Подготовка учителей русского языка и литературы,43,GENERAL,95,96,95.5,2
2025,GENERAL,FULL,B017,,Подготовка учителей русского языка и литературы,43,RURAL,79,81,80.0,2
2025,GENERAL,FULL,B017,,Подготовка учителей русского языка и литературы,45,GENERAL,95,117,103.7,6
2025,GENERAL,FULL,B017,,Подготовка учителей русского языка и литературы,45,RURAL,81,87,85.2,4
2025,GENERAL,FULL,B017,,Подготовка учителей русского языка и литературы,143,RURAL,75,90,82.5,2
2025,GENERAL,FULL,B017,,Подготовка учителей русского языка и литературы,185,GENERAL,94,98,95.9,14
2025,GENERAL,FULL,B017,,Подготовка учителей русского языка и литературы,185,RURAL,80,93,86.2,23
2025,GENERAL,FULL,B017,,Подготовка учителей русского языка и литературы,196,RURAL,76,76,76.0,1
2025,GENERAL,FULL,B017,,Подготовка учителей русского языка и литературы,302,GENERAL,99,134,114.3,24
2025,GENERAL,FULL,B017,,Подготовка учителей русского языка и литературы,302,RURAL,78,88,83.0,12
2025,GENERAL,FULL,B017,,Подготовка учителей русского языка и литературы,416,RURAL,93,93,93.0,1
2025,GENERAL,FULL,B017,,Подготовка учителей русского языка и литературы,517,RURAL,76,83,79.3,7
2025,GENERAL,FULL,B018,,Подготовка учителей иностранного языка,7,GENERAL,124,129,125.3,35
2025,GENERAL,FULL,B018,,Подготовка учителей иностранного языка,7,RURAL,117,123,119.6,50
2025,GENERAL,FULL,B018,,Подготовка учителей иностранного языка,13,GENERAL,125,135,126.9,94
2025,GENERAL,FULL,B018,,Подготовка учителей иностранного языка,23,GENERAL,124,131,125.6,35
2025,GENERAL,FULL,B018,,Подготовка учителей иностранного языка,23,RURAL,117,124,120.1,43
2025,GENERAL,FULL,B018,,Подготовка учителей иностранного языка,25,GENERAL,124,132,124.9,16
2025,GENERAL,FULL,B018,,Подготовка учителей иностранного языка,25,RURAL,117,123,120.3,31
2025,GENERAL,FULL,B018,,Подготовка учителей иностранного языка,45,GENERAL,128,129,128.5,2
2025,GENERAL,FULL,B018,,Подготовка учителей иностранного языка,47,RURAL,118,118,118.0,1
2025,GENERAL,FULL,B018,,Подготовка учителей иностранного языка,185,GENERAL,124,124,124.0,3
2025,GENERAL,FULL,B018,,Подготовка учителей иностранного языка,185,RURAL,117,120,118.2,13
2025,GENERAL,FULL,B018,,Подготовка учителей иностранного языка,302,GENERAL,130,140,132.6,69
2025,GENERAL,FULL,B019,,Подготовка социальных педагогов,7,GENERAL,75,94,80.1,95
2025,GENERAL,FULL,B019,,Подготовка социальных педагогов,13,GENERAL,96,99,97.0,5
2025,GENERAL,FULL,B019,,Подготовка социальных педагогов,16,GENERAL,75,77,76.0,3
2025,GENERAL,FULL,B019,,Подготовка социальных педагогов,25,GENERAL,90,90,90.0,1
2025,GENERAL,FULL,B019,,Подготовка социальных педагогов,31,GENERAL,75,83,79.3,9
2025,GENERAL,FULL,B019,,Подготовка социальных педагогов,43,GENERAL,78,79,78.3,3
2025,GENERAL,FULL,B019,,Подготовка социальных педагогов,158,GENERAL,76,89,82.5,2
2025,GENERAL,FULL,B019,,Подготовка социальных педагогов,196,GENERAL,75,81,77.4,27
2025,GENERAL,FULL,B019,,Подготовка социальных педагогов,302,GENERAL,75,99,82.8,33
2025,GENERAL,FULL,B019,,Подготовка социальных педагогов,517,GENERAL,75,80,76.8,8
2025,GENERAL,FULL,B020,,Специальная педагогика,5,GENERAL,92,93,92.8,4
2025,GENERAL,FULL,B020,,Специальная педагогика,5,RURAL,81,86,83.3,6
2025,GENERAL,FULL,B020,,Специальная педагогика,7,GENERAL,90,129,98.3,139
2025,GENERAL,FULL,B020,,Специальная педагогика,7,RURAL,80,90,84.7,110
2025,GENERAL,FULL,B020,,Специальная педагогика,25,GENERAL,90,124,99.9,98
2025,GENERAL,FULL,B020,,Специальная педагогика,25,RURAL,90,90,90.0,1
2025,GENERAL,FULL,B020,,Специальная педагогика,31,GENERAL,91,98,93.2,10
2025,GENERAL,FULL,B020,,Специальная педагогика,31,RURAL,80,84,82.4,9
2025,GENERAL,FULL,B020,,Специальная педагогика,40,RURAL,81,81,81.0,1
2025,GENERAL,FULL,B020,,Специальная педагогика,43,GENERAL,91,91,91.0,2
2025,GENERAL,FULL,B020,,Специальная педагогика,43,RURAL,81,81,81.0,1
2025,GENERAL,FULL,B020,,Специальная педагогика,45,GENERAL,92,108,97.3,10
2025,GENERAL,FULL,B020,,Специальная педагогика,45,RURAL,81,88,83.8,5
2025,GENERAL,FULL,B020,,Специальная педагогика,196,GENERAL,91,97,93.6,7
2025,GENERAL,FULL,B020,,Специальная педагогика,196,RURAL,80,89,83.3,12
2025,GENERAL,FULL,B021,,Исполнительское искусство,3,GENERAL,121,121,121.0,1
2025,GENERAL,FULL,B021,,Исполнительское искусство,10,GENERAL,124,124,124.0,1
2025,GENERAL,FULL,B021,,Исполнительское искусство,16,GENERAL,121,125,123.0,4
2025,GENERAL,FULL,B021,,Исполнительское искусство,34,GENERAL,121,124,122.0,5
2025,GENERAL,FULL,B021,,Исполнительское искусство,37,GENERAL,120,126,123.8,6
2025,GENERAL,FULL,B021,,Исполнительское искусство,38,GENERAL,126,126,126.0,1
2025,GENERAL,FULL,B023,,"Режиссура, арт-менеджмент",93,GENERAL,118,128,122.6,13
2025,GENERAL,FULL,B023,,"Режиссура, арт-менеджмент",184,GENERAL,118,125,121.3,6
2025,GENERAL,FULL,B027,,Театральное искусство,16,GENERAL,122,128,123.8,8
2025,GENERAL,FULL,B027,,Театральное искусство,37,GENERAL,123,126,124.2,5
2025,GENERAL,FULL,B027,,Театральное искусство,38,GENERAL,122,127,124.4,5
2025,GENERAL,FULL,B027,,Театральное искусство,45,GENERAL,122,126,124.1,9
2025,GENERAL,FULL,B027,,Театральное искусство,93,GENERAL,122,126,124.3,3
2025,GENERAL,FULL,B028,,Хореография,5,GENERAL,125,125,125.0,1
2025,GENERAL,FULL,B028,,Хореография,7,GENERAL,123,126,124.0,6
2025,GENERAL,FULL,B028,,Хореография,16,GENERAL,122,124,123.0,3
2025,GENERAL,FULL,B028,,Хореография,25,GENERAL,122,125,123.2,13
2025,GENERAL,FULL,B028,,Хореография,34,GENERAL,122,124,123.2,4
2025,GENERAL,FULL,B028,,Хореография,37,GENERAL,124,127,125.7,3
2025,GENERAL,FULL,B028,,Хореография,43,GENERAL,125,130,127.0,3
2025,GENERAL,FULL,B028,,Хореография,45,GENERAL,122,124,123.7,7
2025,GENERAL,FULL,B029,,Аудиовизуальные средства и медиа производство,7,GENERAL,123,123,123.0,1
2025,GENERAL,FULL,B029,,Аудиовизуальные средства и медиа производство,13,GENERAL,122,130,124.5,40
2025,GENERAL,FULL,B029,,Аудиовизуальные средства и медиа производство,27,GENERAL,122,127,124.3,46
2025,GENERAL,FULL,B029,,Аудиовизуальные средства и медиа производство,93,GENERAL,123,125,124.0,2
2025,GENERAL,FULL,B030,,Изобразительное искусство,7,GENERAL,119,129,122.6,14
2025,GENERAL,FULL,B030,,Изобразительное искусство,31,GENERAL,120,128,122.2,5
2025,GENERAL,FULL,B030,,Изобразительное искусство,45,GENERAL,119,126,120.7,22
2025,GENERAL,FULL,B031,,"Мода, дизайн",5,GENERAL,125,125,125.0,2
2025,GENERAL,FULL,B031,,"Мода, дизайн",7,GENERAL,124,127,125.4,5
2025,GENERAL,FULL,B031,,"Мода, дизайн",13,GENERAL,124,130,125.8,27
2025,GENERAL,FULL,B031,,"Мода, дизайн",15,GENERAL,124,124,124.0,2
2025,GENERAL,FULL,B031,,"Мода, дизайн",16,GENERAL,130,130,130.0,1
2025,GENERAL,FULL,B031,,"Мода, дизайн",22,GENERAL,124,130,126.4,43
2025,GENERAL,FULL,B031,,"Мода, дизайн",27,GENERAL,124,127,125.6,8
2025,GENERAL,FULL,B031,,"Мода, дизайн",29,GENERAL,125,125,125.0,1
2025,GENERAL,FULL,B031,,"Мода, дизайн",31,GENERAL,125,128,126.0,5
2025,GENERAL,FULL,B031,,"Мода, дизайн",34,GENERAL,124,128,125.8,6
2025,GENERAL,FULL,B031,,"Мода, дизайн",35,GENERAL,124,127,125.5,2
2025,GENERAL,FULL,B031,,"Мода, дизайн",37,GENERAL,124,126,125.0,3
2025,GENERAL,FULL,B031,,"Мода, дизайн",38,GENERAL,128,128,128.0,1
2025,GENERAL,FULL,B031,,"Мода, дизайн",40,GENERAL,125,128,126.7,3
2025,GENERAL,FULL,B031,,"Мода, дизайн",42,GENERAL,128,128,128.0,1
2025,GENERAL,FULL,B031,,"Мода, дизайн",43,GENERAL,124,129,125.8,4
2025,GENERAL,FULL,B031,,"Мода, дизайн",45,GENERAL,124,127,125.4,11
2025,GENERAL,FULL,B031,,"Мода, дизайн",53,GENERAL,124,127,125.5,10
2025,GENERAL,FULL,B031,,"Мода, дизайн",158,GENERAL,126,126,126.0,1
2025,GENERAL,FULL,B031,,"Мода, дизайн",182,GENERAL,124,130,125.8,12
2025,GENERAL,FULL,B031,,"Мода, дизайн",185,GENERAL,124,127,125.0,13
2025,GENERAL,FULL,B031,,"Мода, дизайн",196,GENERAL,124,126,125.0,5
2025,GENERAL,FULL,B032,,Философия и этика,7,GENERAL,88,98,92.2,19
2025,GENERAL,FULL,B032,,Философия и этика,13,GENERAL,95,108,99.3,35
2025,GENERAL,FULL,B032,,Философия и этика,27,GENERAL,87,111,94.4,42
2025,GENERAL,FULL,B032,,Философия и этика,31,GENERAL,88,96,91.9,14
2025,GENERAL,FULL,B032,,Философия и этика,37,GENERAL,87,96,90.2,6
2025,GENERAL,FULL,B032,,Философия и этика,45,GENERAL,90,95,92.5,2
2025,GENERAL,FULL,B033,,Религия и теология,7,RURAL,120,123,121.2,8
2025,GENERAL,FULL,B033,,Религия и теология,10,RURAL,121,123,122.0,3
2025,GENERAL,FULL,B033,,Религия и теология,11,RURAL,121,121,121.0,1
2025,GENERAL,FULL,B033,,Религия и теология,13,GENERAL,124,127,125.0,3
2025,GENERAL,FULL,B033,,Религия и теология,13,RURAL,121,122,121.7,3
2025,GENERAL,FULL,B033,,Религия и теология,27,GENERAL,124,126,124.7,3
2025,GENERAL,FULL,B033,,Религия и теология,27,RURAL,120,123,121.5,18
2025,GENERAL,FULL,B033,,Религия и теология,31,GENERAL,128,128,128.0,1
2025,GENERAL,FULL,B033,,Религия и теология,31,RURAL,121,121,121.0,3
2025,GENERAL,FULL,B033,,Религия и теология,37,GENERAL,124,129,125.7,9
2025,GENERAL,FULL,B033,,Религия и теология,37,RURAL,121,122,121.5,2
2025,GENERAL,FULL,B033,,Религия и теология,45,GENERAL,124,126,124.8,4
2025,GENERAL,FULL,B033,,Религия и теология,45,RURAL,121,122,121.4,5
2025,GENERAL,FULL,B033,,Религия и теология,503,GENERAL,124,130,126.0,152
2025,GENERAL,FULL,B033,,Религия и теология,503,RURAL,120,123,122.0,50
2025,GENERAL,FULL,B034,,История,5,GENERAL,108,108,108.0,1
2025,GENERAL,FULL,B034,,История,7,GENERAL,110,110,110.0,1
2025,GENERAL,FULL,B034,,История,13,GENERAL,107,133,114.1,74
2025,GENERAL,FULL,B034,,История,27,GENERAL,107,125,112.6,21
2025,GENERAL,FULL,B034,,История,31,GENERAL,113,113,113.0,1
2025,GENERAL,FULL,B034,,История,36,GENERAL,112,112,112.0,1
2025,GENERAL,FULL,B034,,История,38,GENERAL,110,110,110.0,1
2025,GENERAL,FULL,B034,,История,185,GENERAL,107,113,109.3,3
2025,GENERAL,FULL,B035,,Тюркология,13,GENERAL,117,125,119.1,26
2025,GENERAL,FULL,B035,,Тюркология,27,GENERAL,117,121,118.3,13
2025,GENERAL,FULL,B035,,Тюркология,37,GENERAL,121,123,122.0,2
2025,GENERAL,FULL,B036,,Переводческое дело,13,GENERAL,126,134,127.0,20
2025,GENERAL,FULL,B036,,Переводческое дело,23,GENERAL,131,131,131.0,1
2025,GENERAL,FULL,B036,,Переводческое дело,27,GENERAL,126,132,128.2,6
2025,GENERAL,FULL,B036,,Переводческое дело,174,GENERAL,130,139,132.2,61
2025,GENERAL,FULL,B036,,Переводческое дело,185,GENERAL,126,126,126.0,1
2025,GENERAL,FULL,B036,,Переводческое дело,302,GENERAL,126,137,127.5,64
2025,GENERAL,FULL,B036,,Переводческое дело,503,GENERAL,127,127,127.0,1
2025,GENERAL,FULL,B037,,Филология,5,GENERAL,128,128,128.0,1
2025,GENERAL,FULL,B037,,Филология,7,GENERAL,120,122,121.0,3
2025,GENERAL,FULL,B037,,Филология,13,GENERAL,120,135,124.3,42
2025,GENERAL,FULL,B037,,Филология,25,GENERAL,120,127,122.5,4
2025,GENERAL,FULL,B037,,Филология,27,GENERAL,120,136,125.2,91
2025,GENERAL,FULL,B037,,Филология,34,GENERAL,120,120,120.0,1
2025,GENERAL,FULL,B037,,Филология,45,GENERAL,127,127,127.0,1
2025,GENERAL,FULL,B037,,Филология,196,GENERAL,130,131,130.5,2
2025,GENERAL,FULL,B037,,Филология,302,GENERAL,120,137,127.5,23
2025,GENERAL,FULL,B038,,Социология,7,GENERAL,103,103,103.0,1
2025,GENERAL,FULL,B038,,Социология,13,GENERAL,103,116,108.1,85
2025,GENERAL,FULL,B038,,Социология,16,GENERAL,105,105,105.0,1
2025,GENERAL,FULL,B038,,Социология,21,GENERAL,103,114,107.3,56
2025,GENERAL,FULL,B038,,Социология,25,GENERAL,104,112,108.2,4
2025,GENERAL,FULL,B038,,Социология,27,GENERAL,103,110,106.3,18
2025,GENERAL,FULL,B038,,Социология,31,GENERAL,104,104,104.0,1
2025,GENERAL,FULL,B039,,Культурология,7,GENERAL,116,121,117.9,10
2025,GENERAL,FULL,B039,,Культурология,13,GENERAL,116,122,117.6,60
2025,GENERAL,FULL,B039,,Культурология,27,GENERAL,116,122,117.5,28
2025,GENERAL,FULL,B039,,Культурология,38,GENERAL,118,118,118.0,1
2025,GENERAL,FULL,B040,,Политология,7,GENERAL,119,123,121.0,2
2025,GENERAL,FULL,B040,,Политология,13,GENERAL,119,132,122.2,98
2025,GENERAL,FULL,B040,,Политология,21,GENERAL,119,128,122.2,58
2025,GENERAL,FULL,B040,,Политология,27,GENERAL,119,128,121.9,30
2025,GENERAL,FULL,B040,,Политология,45,GENERAL,121,121,121.0,1
2025,GENERAL,FULL,B040,,Политология,93,GENERAL,120,120,120.0,1
2025,GENERAL,FULL,B041,,Психология,5,GENERAL,105,105,105.0,1
2025,GENERAL,FULL,B041,,Психология,7,GENERAL,100,108,104.0,4
2025,GENERAL,FULL,B041,,Психология,11,GENERAL,102,102,102.0,1
2025,GENERAL,FULL,B041,,Психология,13,GENERAL,100,125,109.4,75
2025,GENERAL,FULL,B041,,Психология,21,GENERAL,100,133,111.5,40
2025,GENERAL,FULL,B041,,Психология,25,GENERAL,101,114,106.3,12
2025,GENERAL,FULL,B041,,Психология,27,GENERAL,100,121,107.0,29
2025,GENERAL,FULL,B041,,Психология,31,GENERAL,101,109,106.0,3
2025,GENERAL,FULL,B041,,Психология,35,GENERAL,107,107,107.0,1
2025,GENERAL,FULL,B041,,Психология,37,GENERAL,101,101,101.0,1
2025,GENERAL,FULL,B041,,Психология,38,GENERAL,103,103,103.0,1
2025,GENERAL,FULL,B041,,Психология,42,GENERAL,102,102,102.0,1
2025,GENERAL,FULL,B041,,Психология,45,GENERAL,101,101,101.0,1
2025,GENERAL,FULL,B041,,Психология,69,GENERAL,100,105,102.5,2
2025,GENERAL,FULL,B041,,Психология,79,GENERAL,108,108,108.0,1
2025,GENERAL,FULL,B041,,Психология,83,GENERAL,100,135,118.3,3
2025,GENERAL,FULL,B041,,Психология,93,GENERAL,111,111,111.0,2
2025,GENERAL,FULL,B041,,Психология,174,GENERAL,120,136,126.3,38
2025,GENERAL,FULL,B041,,Психология,184,GENERAL,100,110,105.3,3
2025,GENERAL,FULL,B041,,Психология,185,GENERAL,101,101,101.0,1
2025,GENERAL,FULL,B041,,Психология,302,GENERAL,99,128,110.7,16
2025,GENERAL,FULL,B042,,Журналистика и репортерское дело,11,GENERAL,126,128,127.0,2
2025,GENERAL,FULL,B042,,Журналистика и репортерское дело,11,RURAL,123,124,123.7,3
2025,GENERAL,FULL,B042,,Журналистика и репортерское дело,13,GENERAL,126,130,127.3,50
2025,GENERAL,FULL,B042,,Журналистика и репортерское дело,13,RURAL,123,126,124.0,9
2025,GENERAL,FULL,B042,,Журналистика и репортерское дело,15,GENERAL,126,126,126.0,3
2025,GENERAL,FULL,B042,,Журналистика и репортерское дело,15,RURAL,123,123,123.0,2
2025,GENERAL,FULL,B042,,Журналистика и репортерское дело,22,GENERAL,128,128,128.0,1
2025,GENERAL,FULL,B042,,Журналистика и репортерское дело,23,GENERAL,126,126,126.0,1
2025,GENERAL,FULL,B042,,Журналистика и репортерское дело,23,RURAL,122,122,122.0,1
2025,GENERAL,FULL,B042,,Журналистика и репортерское дело,27,GENERAL,126,130,127.3,51
2025,GENERAL,FULL,B042,,Журналистика и репортерское дело,27,RURAL,122,126,124.0,25
2025,GENERAL,FULL,B042,,Журналистика и репортерское дело,31,GENERAL,127,128,127.3,3
2025,GENERAL,FULL,B042,,Журналистика и репортерское дело,31,RURAL,123,124,123.2,4
2025,GENERAL,FULL,B042,,Журналистика и репортерское дело,34,RURAL,124,125,124.5,2
2025,GENERAL,FULL,B042,,Журналистика и репортерское дело,36,GENERAL,126,126,126.0,1
2025,GENERAL,FULL,B042,,Журналистика и репортерское дело,36,RURAL,124,124,124.0,1
2025,GENERAL,FULL,B042,,Журналистика и репортерское дело,37,GENERAL,127,129,128.0,3
2025,GENERAL,FULL,B042,,Журналистика и репортерское дело,37,RURAL,122,125,123.3,3
2025,GENERAL,FULL,B042,,Журналистика и репортерское дело,38,GENERAL,126,126,126.0,1
2025,GENERAL,FULL,B042,,Журналистика и репортерское дело,38,RURAL,124,125,124.5,2
2025,GENERAL,FULL,B042,,Журналистика и репортерское дело,40,RURAL,123,123,123.0,1
2025,GENERAL,FULL,B042,,Журналистика и репортерское дело,43,GENERAL,126,127,126.5,2
2025,GENERAL,FULL,B042,,Журналистика и репортерское дело,43,RURAL,123,125,124.3,3
2025,GENERAL,FULL,B042,,Журналистика и репортерское дело,45,GENERAL,126,126,126.0,3
2025,GENERAL,FULL,B042,,Журналистика и репортерское дело,45,RURAL,123,125,124.1,9
2025,GENERAL,FULL,B042,,Журналистика и репортерское дело,69,GENERAL,126,127,126.5,2
2025,GENERAL,FULL,B042,,Журналистика и репортерское дело,69,RURAL,123,125,124.5,4
2025,GENERAL,FULL,B042,,Журналистика и репортерское дело,83,GENERAL,127,127,127.0,1
2025,GENERAL,FULL,B042,,Журналистика и репортерское дело,93,RURAL,124,125,124.5,2
2025,GENERAL,FULL,B042,,Журналистика и репортерское дело,174,GENERAL,126,129,127.2,5
2025,GENERAL,FULL,B042,,Журналистика и репортерское дело,174,RURAL,122,125,123.5,2
2025,GENERAL,FULL,B042,,Журналистика и репортерское дело,190,GENERAL,127,127,127.0,1
2025,GENERAL,FULL,B042,,Журналистика и репортерское дело,190,RURAL,123,125,123.4,5
2025,GENERAL,FULL,B042,,Журналистика и репортерское дело,302,GENERAL,126,129,127.2,20
2025,GENERAL,FULL,B042,,Журналистика и репортерское дело,302,RURAL,123,126,124.1,9
2025,GENERAL,FULL,B042,,Журналистика и репортерское дело,522,GENERAL,126,129,127.4,9
2025,GENERAL,FULL,B043,,"Библиотечное дело, обработка информации и архивное дело",25,GENERAL,111,118,113.1,18
2025,GENERAL,FULL,B043,,"Библиотечное дело, обработка информации и архивное дело",25,RURAL,107,110,108.8,12
2025,GENERAL,FULL,B043,,"Библиотечное дело, обработка информации и архивное дело",27,GENERAL,111,119,114.8,36
2025,GENERAL,FULL,B043,,"Библиотечное дело, обработка информации и архивное дело",27,RURAL,108,111,108.8,21
2025,GENERAL,FULL,B043,,"Библиотечное дело, обработка информации и архивное дело",36,GENERAL,112,115,113.5,2
2025,GENERAL,FULL,B043,,"Библиотечное дело, обработка информации и архивное дело",38,GENERAL,113,113,113.0,1
2025,GENERAL,FULL,B043,,"Библиотечное дело, обработка информации и архивное дело",45,GENERAL,111,114,112.4,5
2025,GENERAL,FULL,B043,,"Библиотечное дело, обработка информации и архивное дело",45,RURAL,109,109,109.0,1
2025,GENERAL,FULL,B043,,"Библиотечное дело, обработка информации и архивное дело",305,GENERAL,113,113,113.0,1
2025,GENERAL,FULL,B043,,"Библиотечное дело, обработка информации и архивное дело",528,RURAL,108,108,108.0,1
2025,GENERAL,FULL,B044,,Менеджмент и управление,3,RURAL,112,112,112.0,1
2025,GENERAL,FULL,B044,,Менеджмент и управление,5,GENERAL,120,120,120.0,1
2025,GENERAL,FULL,B044,,Менеджмент и управление,12,GENERAL,127,127,127.0,1
2025,GENERAL,FULL,B044,,Менеджмент и управление,12,RURAL,115,115,115.0,1
2025,GENERAL,FULL,B044,,Менеджмент и управление,13,GENERAL,118,133,124.2,35
2025,GENERAL,FULL,B044,,Менеджмент и управление,13,RURAL,106,117,111.0,40
2025,GENERAL,FULL,B044,,Менеджмент и управление,21,GENERAL,118,133,123.2,46
2025,GENERAL,FULL,B044,,Менеджмент и управление,21,RURAL,106,117,112.3,34
2025,GENERAL,FULL,B044,,Менеджмент и управление,27,GENERAL,119,126,122.1,8
2025,GENERAL,FULL,B044,,Менеджмент и управление,27,RURAL,106,117,111.1,10
2025,GENERAL,FULL,B044,,Менеджмент и управление,29,RURAL,106,107,106.5,2
2025,GENERAL,FULL,B044,,Менеджмент и управление,31,RURAL,108,115,111.5,2
2025,GENERAL,FULL,B044,,Менеджмент и управление,32,RURAL,111,111,111.0,1
2025,GENERAL,FULL,B044,,Менеджмент и управление,34,GENERAL,120,120,120.0,1
2025,GENERAL,FULL,B044,,Менеджмент и управление,34,RURAL,112,112,112.0,1
2025,GENERAL,FULL,B044,,Менеджмент и управление,35,GENERAL,121,121,121.0,1
2025,GENERAL,FULL,B044,,Менеджмент и управление,37,GENERAL,126,128,127.0,2
2025,GENERAL,FULL,B044,,Менеджмент и управление,37,RURAL,109,109,109.0,1
2025,GENERAL,FULL,B044,,Менеджмент и управление,45,GENERAL,125,125,125.0,1
2025,GENERAL,FULL,B044,,Менеджмент и управление,45,RURAL,113,113,113.0,1
2025,GENERAL,FULL,B044,,Менеджмент и управление,69,RURAL,109,109,109.0,1
2025,GENERAL,FULL,B044,,Менеджмент и управление,83,GENERAL,118,129,122.2,4
2025,GENERAL,FULL,B044,,Менеджмент и управление,83,RURAL,106,111,108.3,3
2025,GENERAL,FULL,B044,,Менеджмент и управление,158,RURAL,110,110,110.0,1
2025,GENERAL,FULL,B044,,Менеджмент и управление,174,GENERAL,125,138,128.8,46
2025,GENERAL,FULL,B044,,Менеджмент и управление,184,GENERAL,119,119,119.0,1
2025,GENERAL,FULL,B044,,Менеджмент и управление,185,RURAL,106,109,107.5,2
2025,GENERAL,FULL,B044,,Менеджмент и управление,190,RURAL,111,111,111.0,1
2025,GENERAL,FULL,B044,,Менеджмент и управление,302,GENERAL,118,136,123.9,33
2025,GENERAL,FULL,B044,,Менеджмент и управление,302,RURAL,108,117,112.1,7
2025,GENERAL,FULL,B044,,Менеджмент и управление,421,GENERAL,118,131,123.9,22
2025,GENERAL,FULL,B044,,Менеджмент и управление,421,RURAL,117,117,117.0,1
2025,GENERAL,FULL,B044,,Менеджмент и управление,522,GENERAL,119,129,123.9,7
2025,GENERAL,FULL,B044,,Менеджмент и управление,522,RURAL,112,113,112.7,3
2025,GENERAL,FULL,B045,,Аудит и налогообложение,7,RURAL,117,117,117.0,1
2025,GENERAL,FULL,B045,,Аудит и налогообложение,13,GENERAL,122,134,125.5,8
2025,GENERAL,FULL,B045,,Аудит и налогообложение,13,RURAL,111,120,113.4,20
2025,GENERAL,FULL,B045,,Аудит и налогообложение,21,GENERAL,120,129,123.9,8
2025,GENERAL,FULL,B045,,Аудит и налогообложение,21,RURAL,112,116,113.2,6
2025,GENERAL,FULL,B045,,Аудит и налогообложение,27,GENERAL,121,134,126.0,6
2025,GENERAL,FULL,B045,,Аудит и налогообложение,27,RURAL,111,116,113.6,7
2025,GENERAL,FULL,B045,,Аудит и налогообложение,37,GENERAL,124,124,124.0,1
2025,GENERAL,FULL,B045,,Аудит и налогообложение,38,RURAL,113,119,116.0,2
2025,GENERAL,FULL,B045,,Аудит и налогообложение,45,GENERAL,120,120,120.0,1
2025,GENERAL,FULL,B045,,Аудит и налогообложение,83,RURAL,114,114,114.0,1
2025,GENERAL,FULL,B045,,Аудит и налогообложение,174,GENERAL,120,134,124.3,52
2025,GENERAL,FULL,B045,,Аудит и налогообложение,174,RURAL,120,120,120.0,1
2025,GENERAL,FULL,B045,,Аудит и налогообложение,302,GENERAL,121,130,125.2,5
2025,GENERAL,FULL,B045,,Аудит и налогообложение,302,RURAL,112,116,113.6,7
2025,GENERAL,FULL,B045,,Аудит и налогообложение,421,GENERAL,121,134,127.9,8
2025,GENERAL,FULL,B045,,Аудит и налогообложение,421,RURAL,117,120,118.7,3
2025,GENERAL,FULL,B046,,"Финансы, экономика, банковское и страховое дело",7,GENERAL,117,117,117.0,1
2025,GENERAL,FULL,B046,,"Финансы, экономика, банковское и страховое дело",11,GENERAL,122,122,122.0,1
2025,GENERAL,FULL,B046,,"Финансы, экономика, банковское и страховое дело",13,GENERAL,117,134,121.1,72
2025,GENERAL,FULL,B046,,"Финансы, экономика, банковское и страховое дело",15,GENERAL,118,118,118.0,1
2025,GENERAL,FULL,B046,,"Финансы, экономика, банковское и страховое дело",16,GENERAL,119,119,119.0,1
2025,GENERAL,FULL,B046,,"Финансы, экономика, банковское и страховое дело",21,GENERAL,117,135,122.3,55
2025,GENERAL,FULL,B046,,"Финансы, экономика, банковское и страховое дело",27,GENERAL,117,132,121.8,12
2025,GENERAL,FULL,B046,,"Финансы, экономика, банковское и страховое дело",29,GENERAL,119,119,119.0,1
2025,GENERAL,FULL,B046,,"Финансы, экономика, банковское и страховое дело",31,GENERAL,119,119,119.0,1
2025,GENERAL,FULL,B046,,"Финансы, экономика, банковское и страховое дело",34,GENERAL,117,123,121.0,3
2025,GENERAL,FULL,B046,,"Финансы, экономика, банковское и страховое дело",37,GENERAL,119,129,124.0,2
2025,GENERAL,FULL,B046,,"Финансы, экономика, банковское и страховое дело",38,GENERAL,117,117,117.0,1
2025,GENERAL,FULL,B046,,"Финансы, экономика, банковское и страховое дело",45,GENERAL,127,127,127.0,1
2025,GENERAL,FULL,B046,,"Финансы, экономика, банковское и страховое дело",69,GENERAL,122,122,122.0,1
2025,GENERAL,FULL,B046,,"Финансы, экономика, банковское и страховое дело",83,GENERAL,117,117,117.0,1
2025,GENERAL,FULL,B046,,"Финансы, экономика, банковское и страховое дело",122,GENERAL,122,122,122.0,1
2025,GENERAL,FULL,B046,,"Финансы, экономика, банковское и страховое дело",174,GENERAL,130,139,132.6,41
2025,GENERAL,FULL,B046,,"Финансы, экономика, банковское и страховое дело",185,GENERAL,117,120,118.2,4
2025,GENERAL,FULL,B046,,"Финансы, экономика, банковское и страховое дело",302,GENERAL,118,138,125.1,61
2025,GENERAL,FULL,B046,,"Финансы, экономика, банковское и страховое дело",421,GENERAL,117,137,123.4,91
2025,GENERAL,FULL,B047,,Маркетинг и реклама,2,GENERAL,118,118,118.0,1
2025,GENERAL,FULL,B047,,Маркетинг и реклама,7,GENERAL,116,116,116.0,1
2025,GENERAL,FULL,B047,,Маркетинг и реклама,12,GENERAL,116,116,116.0,1
2025,GENERAL,FULL,B047,,Маркетинг и реклама,21,GENERAL,114,119,115.2,13
2025,GENERAL,FULL,B047,,Маркетинг и реклама,22,GENERAL,116,116,116.0,1
2025,GENERAL,FULL,B047,,Маркетинг и реклама,27,GENERAL,114,122,118.4,5
2025,GENERAL,FULL,B047,,Маркетинг и реклама,32,GENERAL,118,118,118.0,1
2025,GENERAL,FULL,B047,,Маркетинг и реклама,45,GENERAL,114,116,115.0,2
2025,GENERAL,FULL,B047,,Маркетинг и реклама,69,GENERAL,115,115,115.0,1
2025,GENERAL,FULL,B047,,Маркетинг и реклама,83,GENERAL,114,124,118.6,5
2025,GENERAL,FULL,B047,,Маркетинг и реклама,174,GENERAL,120,133,123.6,22
2025,GENERAL,FULL,B047,,Маркетинг и реклама,185,GENERAL,114,118,115.7,3
2025,GENERAL,FULL,B047,,Маркетинг и реклама,302,GENERAL,114,129,118.1,15
2025,GENERAL,FULL,B047,,Маркетинг и реклама,421,GENERAL,115,119,116.5,8
2025,GENERAL,FULL,B048,,Трудовые навыки,21,GENERAL,108,117,111.3,31
2025,GENERAL,FULL,B049,,Право,13,GENERAL,119,132,122.4,47
2025,GENERAL,FULL,B049,,Право,27,GENERAL,120,127,122.6,19
2025,GENERAL,FULL,B049,,Право,36,GENERAL,126,126,126.0,1
2025,GENERAL,FULL,B049,,Право,83,GENERAL,124,124,124.0,1
2025,GENERAL,FULL,B049,,Право,174,GENERAL,125,135,128.3,55
2025,GENERAL,FULL,B049,,Право,302,GENERAL,120,132,123.0,21
2025,GENERAL,FULL,B050,,Биологические и смежные науки,2,GENERAL,81,103,87.5,80
2025,GENERAL,FULL,B050,,Биологические и смежные науки,5,GENERAL,81,96,86.5,36
2025,GENERAL,FULL,B050,,Биологические и смежные науки,7,GENERAL,81,103,87.3,132
2025,GENERAL,FULL,B050,,Биологические и смежные науки,10,GENERAL,94,94,94.0,1
2025,GENERAL,FULL,B050,,Биологические и смежные науки,11,GENERAL,90,111,100.5,2
2025,GENERAL,FULL,B050,,Биологические и смежные науки,13,GENERAL,100,134,108.3,67
2025,GENERAL,FULL,B050,,Биологические и смежные науки,24,GENERAL,81,86,84.0,7
2025,GENERAL,FULL,B050,,Биологические и смежные науки,25,GENERAL,90,98,93.2,21
2025,GENERAL,FULL,B050,,Биологические и смежные науки,27,GENERAL,81,135,90.9,536
2025,GENERAL,FULL,B050,,Биологические и смежные науки,29,GENERAL,81,110,89.1,32
2025,GENERAL,FULL,B050,,Биологические и смежные науки,30,GENERAL,81,104,88.2,83
2025,GENERAL,FULL,B050,,Биологические и смежные науки,31,GENERAL,82,98,88.3,29
2025,GENERAL,FULL,B050,,Биологические и смежные науки,32,GENERAL,81,92,87.0,7
2025,GENERAL,FULL,B050,,Биологические и смежные науки,35,GENERAL,82,90,84.5,4
2025,GENERAL,FULL,B050,,Биологические и смежные науки,36,GENERAL,81,97,87.9,9
2025,GENERAL,FULL,B050,,Биологические и смежные науки,37,GENERAL,81,120,88.0,43
2025,GENERAL,FULL,B050,,Биологические и смежные науки,38,GENERAL,82,99,87.9,14
2025,GENERAL,FULL,B050,,Биологические и смежные науки,42,GENERAL,81,98,86.6,13
2025,GENERAL,FULL,B050,,Биологические и смежные науки,43,GENERAL,81,95,85.3,7
2025,GENERAL,FULL,B050,,Биологические и смежные науки,45,GENERAL,81,104,87.1,23
2025,GENERAL,FULL,B050,,Биологические и смежные науки,49,GENERAL,83,95,87.2,11
2025,GENERAL,FULL,B050,,Биологические и смежные науки,53,GENERAL,82,95,85.8,13
2025,GENERAL,FULL,B050,,Биологические и смежные науки,141,GENERAL,85,93,88.0,5
2025,GENERAL,FULL,B050,,Биологические и смежные науки,143,GENERAL,84,84,84.0,1
2025,GENERAL,FULL,B050,,Биологические и смежные науки,182,GENERAL,81,98,88.0,18
2025,GENERAL,FULL,B050,,Биологические и смежные науки,185,GENERAL,81,133,88.8,191
2025,GENERAL,FULL,B050,,Биологические и смежные науки,196,GENERAL,81,96,87.0,21
2025,GENERAL,FULL,B051,,Окружающая среда,2,GENERAL,74,98,80.0,96
2025,GENERAL,FULL,B051,,Окружающая среда,2,RURAL,68,73,70.4,51
2025,GENERAL,FULL,B051,,Окружающая среда,3,GENERAL,74,87,78.1,8
2025,GENERAL,FULL,B051,,Окружающая среда,3,RURAL,69,73,70.6,11
2025,GENERAL,FULL,B051,,Окружающая среда,5,GENERAL,74,84,77.4,17
2025,GENERAL,FULL,B051,,Окружающая среда,5,RURAL,70,73,71.5,8
2025,GENERAL,FULL,B051,,Окружающая среда,7,GENERAL,74,89,77.3,26
2025,GENERAL,FULL,B051,,Окружающая среда,7,RURAL,68,73,70.9,24
2025,GENERAL,FULL,B051,,Окружающая среда,10,GENERAL,74,77,75.5,2
2025,GENERAL,FULL,B051,,Окружающая среда,10,RURAL,69,69,69.0,1
2025,GENERAL,FULL,B051,,Окружающая среда,11,GENERAL,74,99,81.6,15
2025,GENERAL,FULL,B051,,Окружающая среда,11,RURAL,68,73,70.7,6
2025,GENERAL,FULL,B051,,Окружающая среда,13,GENERAL,95,114,102.7,21
2025,GENERAL,FULL,B051,,Окружающая среда,15,GENERAL,74,82,76.8,12
2025,GENERAL,FULL,B051,,Окружающая среда,15,RURAL,68,73,69.9,8
2025,GENERAL,FULL,B051,,Окружающая среда,16,GENERAL,74,87,78.1,7
2025,GENERAL,FULL,B051,,Окружающая среда,16,RURAL,70,73,72.0,3
2025,GENERAL,FULL,B051,,Окружающая среда,21,GENERAL,76,119,87.9,56
2025,GENERAL,FULL,B051,,Окружающая среда,24,GENERAL,74,103,78.2,21
2025,GENERAL,FULL,B051,,Окружающая среда,24,RURAL,68,73,69.7,31
2025,GENERAL,FULL,B051,,Окружающая среда,27,GENERAL,74,99,80.1,79
2025,GENERAL,FULL,B051,,Окружающая среда,27,RURAL,68,73,70.2,38
2025,GENERAL,FULL,B051,,Окружающая среда,29,GENERAL,74,134,87.2,30
2025,GENERAL,FULL,B051,,Окружающая среда,29,RURAL,68,73,70.6,9
2025,GENERAL,FULL,B051,,Окружающая среда,31,GENERAL,74,112,84.2,28
2025,GENERAL,FULL,B051,,Окружающая среда,31,RURAL,68,73,70.1,11
2025,GENERAL,FULL,B051,,Окружающая среда,34,GENERAL,74,91,78.5,14
2025,GENERAL,FULL,B051,,Окружающая среда,34,RURAL,68,73,69.8,13
2025,GENERAL,FULL,B051,,Окружающая среда,35,GENERAL,74,95,80.1,7
2025,GENERAL,FULL,B051,,Окружающая среда,35,RURAL,69,73,69.8,6
2025,GENERAL,FULL,B051,,Окружающая среда,36,GENERAL,74,92,81.4,19
2025,GENERAL,FULL,B051,,Окружающая среда,36,RURAL,68,72,70.1,10
2025,GENERAL,FULL,B051,,Окружающая среда,37,GENERAL,74,85,76.1,12
2025,GENERAL,FULL,B051,,Окружающая среда,37,RURAL,69,73,70.9,12
2025,GENERAL,FULL,B051,,Окружающая среда,38,GENERAL,74,88,78.4,16
2025,GENERAL,FULL,B051,,Окружающая среда,38,RURAL,68,73,71.6,7
2025,GENERAL,FULL,B051,,Окружающая среда,40,GENERAL,74,99,77.5,10
2025,GENERAL,FULL,B051,,Окружающая среда,40,RURAL,69,73,70.8,5
2025,GENERAL,FULL,B051,,Окружающая среда,42,GENERAL,75,79,77.0,4
2025,GENERAL,FULL,B051,,Окружающая среда,42,RURAL,69,73,71.0,4
2025,GENERAL,FULL,B051,,Окружающая среда,45,GENERAL,73,90,79.6,26
2025,GENERAL,FULL,B051,,Окружающая среда,45,RURAL,69,73,70.2,26
2025,GENERAL,FULL,B051,,Окружающая среда,53,GENERAL,74,81,75.4,18
2025,GENERAL,FULL,B051,,Окружающая среда,53,RURAL,68,73,70.1,38
2025,GENERAL,FULL,B051,,Окружающая среда,122,GENERAL,76,81,77.7,6
2025,GENERAL,FULL,B051,,Окружающая среда,122,RURAL,70,70,70.0,1
2025,GENERAL,FULL,B051,,Окружающая среда,146,GENERAL,74,74,74.0,1
2025,GENERAL,FULL,B051,,Окружающая среда,158,GENERAL,74,86,77.2,4
2025,GENERAL,FULL,B051,,Окружающая среда,182,GENERAL,74,100,79.6,38
2025,GENERAL,FULL,B051,,Окружающая среда,182,RURAL,68,73,71.0,5
2025,GENERAL,FULL,B051,,Окружающая среда,185,GENERAL,80,94,85.9,46
2025,GENERAL,FULL,B051,,Окружающая среда,501,GENERAL,83,86,84.5,2
2025,GENERAL,FULL,B051,,Окружающая среда,501,RURAL,69,72,70.1,8
2025,GENERAL,FULL,B051,,Окружающая среда,529,GENERAL,74,89,78.7,7
2025,GENERAL,FULL,B051,,Окружающая среда,529,RURAL,69,72,70.2,10
2025,GENERAL,FULL,B052,,Наука о земле,5,GENERAL,72,107,84.4,38
2025,GENERAL,FULL,B052,,Наука о земле,7,GENERAL,72,111,83.0,126
2025,GENERAL,FULL,B052,,Наука о земле,11,GENERAL,73,101,81.5,25
2025,GENERAL,FULL,B052,,Наука о земле,13,GENERAL,110,113,111.3,10
2025,GENERAL,FULL,B052,,Наука о земле,16,GENERAL,73,95,80.5,17
2025,GENERAL,FULL,B052,,Наука о земле,27,GENERAL,75,113,87.6,398
2025,GENERAL,FULL,B052,,Наука о земле,29,GENERAL,72,116,82.5,286
2025,GENERAL,FULL,B052,,Наука о земле,31,GENERAL,72,109,81.7,67
2025,GENERAL,FULL,B052,,Наука о земле,38,GENERAL,73,106,84.8,38
2025,GENERAL,FULL,B052,,Наука о земле,40,GENERAL,72,101,81.5,24
2025,GENERAL,FULL,B052,,Наука о земле,43,GENERAL,72,99,84.1,13
2025,GENERAL,FULL,B052,,Наука о земле,45,GENERAL,72,108,81.4,46
2025,GENERAL,FULL,B052,,Наука о земле,185,GENERAL,80,120,91.0,368
2025,GENERAL,FULL,B053,,Химия,5,GENERAL,70,101,78.3,95
2025,GENERAL,FULL,B053,,Химия,7,GENERAL,70,102,77.6,530
2025,GENERAL,FULL,B053,,Химия,10,GENERAL,72,84,75.3,13
2025,GENERAL,FULL,B053,,Химия,11,GENERAL,70,87,75.7,29
2025,GENERAL,FULL,B053,,Химия,12,GENERAL,70,117,80.2,21
2025,GENERAL,FULL,B053,,Химия,13,GENERAL,95,137,101.8,104
2025,GENERAL,FULL,B053,,Химия,16,GENERAL,70,93,77.5,35
2025,GENERAL,FULL,B053,,Химия,25,GENERAL,90,101,94.3,15
2025,GENERAL,FULL,B053,,Химия,27,GENERAL,80,134,90.3,230
2025,GENERAL,FULL,B053,,Химия,31,GENERAL,70,99,77.7,114
2025,GENERAL,FULL,B053,,Химия,36,GENERAL,71,93,78.2,12
2025,GENERAL,FULL,B053,,Химия,38,GENERAL,71,92,80.0,22
2025,GENERAL,FULL,B053,,Химия,42,GENERAL,70,87,75.1,27
2025,GENERAL,FULL,B053,,Химия,43,GENERAL,70,90,76.1,46
2025,GENERAL,FULL,B053,,Химия,45,GENERAL,70,99,77.4,87
2025,GENERAL,FULL,B053,,Химия,223,GENERAL,76,84,79.0,3
2025,GENERAL,FULL,B054,,Физика,5,GENERAL,65,81,71.2,39
2025,GENERAL,FULL,B054,,Физика,7,GENERAL,65,100,75.8,193
2025,GENERAL,FULL,B054,,Физика,10,GENERAL,50,90,59.9,59
2025,GENERAL,FULL,B054,,Физика,11,GENERAL,51,74,60.4,36
2025,GENERAL,FULL,B054,,Физика,12,GENERAL,50,106,68.2,25
2025,GENERAL,FULL,B054,,Физика,13,GENERAL,95,133,105.9,77
2025,GENERAL,FULL,B054,,Физика,25,GENERAL,91,101,94.3,6
2025,GENERAL,FULL,B054,,Физика,27,GENERAL,70,122,82.4,259
2025,GENERAL,FULL,B054,,Физика,31,GENERAL,65,88,71.3,64
2025,GENERAL,FULL,B054,,Физика,35,GENERAL,50,109,62.9,73
2025,GENERAL,FULL,B054,,Физика,36,GENERAL,52,89,64.2,26
2025,GENERAL,FULL,B054,,Физика,37,GENERAL,60,91,67.6,101
2025,GENERAL,FULL,B054,,Физика,38,GENERAL,52,91,66.5,39
2025,GENERAL,FULL,B054,,Физика,42,GENERAL,52,82,63.4,32
2025,GENERAL,FULL,B054,,Физика,43,GENERAL,50,87,62.9,95
2025,GENERAL,FULL,B054,,Физика,45,GENERAL,65,91,71.1,61
2025,GENERAL,FULL,B054,,Физика,223,GENERAL,52,76,58.8,19
2025,GENERAL,FULL,B055,,Математика и статистика,5,GENERAL,83,117,90.7,26
2025,GENERAL,FULL,B055,,Математика и статистика,7,GENERAL,82,118,90.4,334
2025,GENERAL,FULL,B055,,Математика и статистика,10,GENERAL,90,90,90.0,1
2025,GENERAL,FULL,B055,,Математика и статистика,11,GENERAL,82,118,95.0,7
2025,GENERAL,FULL,B055,,Математика и статистика,13,GENERAL,105,136,112.3,99
2025,GENERAL,FULL,B055,,Математика и статистика,21,GENERAL,100,127,108.7,123
2025,GENERAL,FULL,B055,,Математика и статистика,27,GENERAL,95,136,102.4,203
2025,GENERAL,FULL,B055,,Математика и статистика,31,GENERAL,84,107,91.5,21
2025,GENERAL,FULL,B055,,Математика и статистика,36,GENERAL,82,104,91.2,6
2025,GENERAL,FULL,B055,,Математика и статистика,37,GENERAL,82,127,92.8,34
2025,GENERAL,FULL,B055,,Математика и статистика,38,GENERAL,84,101,92.0,5
2025,GENERAL,FULL,B055,,Математика и статистика,43,GENERAL,82,120,90.9,16
2025,GENERAL,FULL,B055,,Математика и статистика,45,GENERAL,82,109,89.6,37
2025,GENERAL,FULL,B055,,Математика и статистика,154,GENERAL,82,87,84.0,3
2025,GENERAL,FULL,B055,,Математика и статистика,173,GENERAL,83,102,90.4,59
2025,GENERAL,FULL,B055,,Математика и статистика,223,GENERAL,84,91,88.0,3
2025,GENERAL,FULL,B055,,Математика и статистика,302,GENERAL,120,136,125.2,51
2025,GENERAL,FULL,B056,,Механика,13,GENERAL,96,119,102.0,19
2025,GENERAL,FULL,B056,,Механика,27,GENERAL,65,108,75.2,84
2025,GENERAL,FULL,B056,,Механика,31,GENERAL,65,79,70.5,10
2025,GENERAL,FULL,B056,,Механика,38,GENERAL,50,69,56.9,18
2025,GENERAL,FULL,B057,,Информационные технологии,2,GENERAL,100,112,104.1,11
2025,GENERAL,FULL,B057,,Информационные технологии,2,RURAL,65,99,74.1,128
2025,GENERAL,FULL,B057,,Информационные технологии,3,RURAL,66,96,77.4,13
2025,GENERAL,FULL,B057,,Информационные технологии,5,GENERAL,105,111,108.0,3
2025,GENERAL,FULL,B057,,Информационные технологии,5,RURAL,67,98,75.3,23
2025,GENERAL,FULL,B057,,Информационные технологии,7,GENERAL,100,111,106.0,3
2025,GENERAL,FULL,B057,,Информационные технологии,7,RURAL,66,95,75.7,70
2025,GENERAL,FULL,B057,,Информационные технологии,9,GENERAL,100,100,100.0,1
2025,GENERAL,FULL,B057,,Информационные технологии,9,RURAL,68,79,72.6,5
2025,GENERAL,FULL,B057,,Информационные технологии,10,RURAL,67,77,72.2,5
2025,GENERAL,FULL,B057,,Информационные технологии,11,GENERAL,102,114,108.0,2
2025,GENERAL,FULL,B057,,Информационные технологии,11,RURAL,67,85,78.2,4
2025,GENERAL,FULL,B057,,Информационные технологии,12,GENERAL,102,107,104.7,6
2025,GENERAL,FULL,B057,,Информационные технологии,12,RURAL,65,97,79.0,16
2025,GENERAL,FULL,B057,,Информационные технологии,13,GENERAL,110,133,116.9,78
2025,GENERAL,FULL,B057,,Информационные технологии,15,RURAL,79,92,86.2,8
2025,GENERAL,FULL,B057,,Информационные технологии,16,GENERAL,113,113,113.0,1
2025,GENERAL,FULL,B057,,Информационные технологии,16,RURAL,65,84,72.4,9
2025,GENERAL,FULL,B057,,Информационные технологии,19,GENERAL,100,107,103.4,5
2025,GENERAL,FULL,B057,,Информационные технологии,19,RURAL,65,86,70.9,123
2025,GENERAL,FULL,B057,,Информационные технологии,21,GENERAL,105,127,109.7,172
2025,GENERAL,FULL,B057,,Информационные технологии,24,RURAL,67,89,74.5,18
2025,GENERAL,FULL,B057,,Информационные технологии,25,GENERAL,102,102,102.0,1
2025,GENERAL,FULL,B057,,Информационные технологии,25,RURAL,75,92,82.8,11
2025,GENERAL,FULL,B057,,Информационные технологии,27,GENERAL,99,125,106.0,108
2025,GENERAL,FULL,B057,,Информационные технологии,27,RURAL,90,99,94.4,50
2025,GENERAL,FULL,B057,,Информационные технологии,29,GENERAL,100,119,106.2,61
2025,GENERAL,FULL,B057,,Информационные технологии,29,RURAL,75,99,83.4,266
2025,GENERAL,FULL,B057,,Информационные технологии,31,GENERAL,103,113,105.6,7
2025,GENERAL,FULL,B057,,Информационные технологии,31,RURAL,65,94,74.7,23
2025,GENERAL,FULL,B057,,Информационные технологии,32,GENERAL,101,124,107.7,17
2025,GENERAL,FULL,B057,,Информационные технологии,32,RURAL,66,93,74.6,13
2025,GENERAL,FULL,B057,,Информационные технологии,33,GENERAL,105,105,105.0,1
2025,GENERAL,FULL,B057,,Информационные технологии,35,RURAL,66,90,76.4,9
2025,GENERAL,FULL,B057,,Информационные технологии,36,GENERAL,99,126,108.0,9
2025,GENERAL,FULL,B057,,Информационные технологии,36,RURAL,66,95,78.5,13
2025,GENERAL,FULL,B057,,Информационные технологии,37,RURAL,66,94,76.2,11
2025,GENERAL,FULL,B057,,Информационные технологии,38,GENERAL,101,122,110.6,14
2025,GENERAL,FULL,B057,,Информационные технологии,38,RURAL,67,97,79.0,20
2025,GENERAL,FULL,B057,,Информационные технологии,40,RURAL,66,94,75.1,18
2025,GENERAL,FULL,B057,,Информационные технологии,42,GENERAL,108,126,117.0,2
2025,GENERAL,FULL,B057,,Информационные технологии,42,RURAL,70,87,74.6,5
2025,GENERAL,FULL,B057,,Информационные технологии,43,GENERAL,101,107,103.2,5
2025,GENERAL,FULL,B057,,Информационные технологии,43,RURAL,67,80,70.3,10
2025,GENERAL,FULL,B057,,Информационные технологии,45,GENERAL,101,128,109.0,12
2025,GENERAL,FULL,B057,,Информационные технологии,45,RURAL,65,96,75.9,42
2025,GENERAL,FULL,B057,,Информационные технологии,49,GENERAL,102,115,107.7,3
2025,GENERAL,FULL,B057,,Информационные технологии,49,RURAL,65,97,71.4,70
2025,GENERAL,FULL,B057,,Информационные технологии,53,GENERAL,106,106,106.0,1
2025,GENERAL,FULL,B057,,Информационные технологии,53,RURAL,66,94,72.0,87
2025,GENERAL,FULL,B057,,Информационные технологии,57,GENERAL,102,128,108.9,8
2025,GENERAL,FULL,B057,,Информационные технологии,57,RURAL,70,96,78.2,52
2025,GENERAL,FULL,B057,,Информационные технологии,69,GENERAL,99,112,104.8,6
2025,GENERAL,FULL,B057,,Информационные технологии,69,RURAL,65,94,74.8,20
2025,GENERAL,FULL,B057,,Информационные технологии,79,RURAL,66,86,73.6,7
2025,GENERAL,FULL,B057,,Информационные технологии,82,GENERAL,100,122,108.9,11
2025,GENERAL,FULL,B057,,Информационные технологии,82,RURAL,72,72,72.0,1
2025,GENERAL,FULL,B057,,Информационные технологии,83,GENERAL,100,125,106.5,15
2025,GENERAL,FULL,B057,,Информационные технологии,83,RURAL,76,92,83.1,32
2025,GENERAL,FULL,B057,,Информационные технологии,89,RURAL,86,86,86.0,1
2025,GENERAL,FULL,B057,,Информационные технологии,93,RURAL,66,79,71.3,11
2025,GENERAL,FULL,B057,,Информационные технологии,140,GENERAL,104,104,104.0,1
2025,GENERAL,FULL,B057,,Информационные технологии,140,RURAL,66,92,79.0,2
2025,GENERAL,FULL,B057,,Информационные технологии,141,GENERAL,100,118,105.0,4
2025,GENERAL,FULL,B057,,Информационные технологии,141,RURAL,70,94,80.0,6
2025,GENERAL,FULL,B057,,Информационные технологии,143,RURAL,68,68,68.0,2
2025,GENERAL,FULL,B057,,Информационные технологии,146,RURAL,71,71,71.0,1
2025,GENERAL,FULL,B057,,Информационные технологии,153,GENERAL,103,103,103.0,1
2025,GENERAL,FULL,B057,,Информационные технологии,154,RURAL,71,71,71.0,1
2025,GENERAL,FULL,B057,,Информационные технологии,158,RURAL,66,83,72.0,3
2025,GENERAL,FULL,B057,,Информационные технологии,160,RURAL,65,94,74.5,26
2025,GENERAL,FULL,B057,,Информационные технологии,173,GENERAL,102,102,102.0,1
2025,GENERAL,FULL,B057,,Информационные технологии,173,RURAL,67,89,76.6,13
2025,GENERAL,FULL,B057,,Информационные технологии,182,GENERAL,100,113,103.5,8
2025,GENERAL,FULL,B057,,Информационные технологии,182,RURAL,66,91,73.1,31
2025,GENERAL,FULL,B057,,Информационные технологии,184,GENERAL,101,106,104.5,4
2025,GENERAL,FULL,B057,,Информационные технологии,184,RURAL,66,99,75.4,47
2025,GENERAL,FULL,B057,,Информационные технологии,185,GENERAL,100,115,103.4,47
2025,GENERAL,FULL,B057,,Информационные технологии,185,RURAL,80,99,88.1,82
2025,GENERAL,FULL,B057,,Информационные технологии,190,GENERAL,100,132,106.0,331
2025,GENERAL,FULL,B057,,Информационные технологии,190,RURAL,90,99,94.3,100
2025,GENERAL,FULL,B057,,Информационные технологии,198,RURAL,67,69,67.8,4
2025,GENERAL,FULL,B057,,Информационные технологии,202,RURAL,68,68,68.0,1
2025,GENERAL,FULL,B057,,Информационные технологии,302,GENERAL,120,138,126.7,274
2025,GENERAL,FULL,B057,,Информационные технологии,416,RURAL,66,66,66.0,1
2025,GENERAL,FULL,B057,,Информационные технологии,421,GENERAL,110,139,118.3,778
2025,GENERAL,FULL,B057,,Информационные технологии,501,GENERAL,101,104,102.5,2
2025,GENERAL,FULL,B057,,Информационные технологии,501,RURAL,67,83,77.0,5
2025,GENERAL,FULL,B057,,Информационные технологии,522,GENERAL,99,140,112.2,1269
2025,GENERAL,FULL,B057,,Информационные технологии,522,RURAL,80,99,91.0,121
2025,GENERAL,FULL,B058,,Информационная безопасность,9,GENERAL,72,95,78.9,17
2025,GENERAL,FULL,B058,,Информационная безопасность,13,GENERAL,110,123,116.2,11
2025,GENERAL,FULL,B058,,Информационная безопасность,21,GENERAL,100,125,104.2,106
2025,GENERAL,FULL,B058,,Информационная безопасность,27,GENERAL,110,135,116.7,10
2025,GENERAL,FULL,B058,,Информационная безопасность,29,GENERAL,85,126,91.0,350
2025,GENERAL,FULL,B058,,Информационная безопасность,32,GENERAL,71,103,80.6,200
2025,GENERAL,FULL,B058,,Информационная безопасность,34,GENERAL,71,71,71.0,3
2025,GENERAL,FULL,B058,,Информационная безопасность,57,GENERAL,71,121,79.5,856
2025,GENERAL,FULL,B058,,Информационная безопасность,190,GENERAL,90,120,95.8,284
2025,GENERAL,FULL,B058,,Информационная безопасность,522,GENERAL,85,136,95.4,837
2025,GENERAL,FULL,B059,,Коммуникации и коммуникационные технологии,2,GENERAL,69,94,76.6,133
2025,GENERAL,FULL,B059,,Коммуникации и коммуникационные технологии,2,RURAL,59,69,63.3,79
2025,GENERAL,FULL,B059,,Коммуникации и коммуникационные технологии,12,GENERAL,71,100,79.0,9
2025,GENERAL,FULL,B059,,Коммуникации и коммуникационные технологии,12,RURAL,59,64,61.5,2
2025,GENERAL,FULL,B059,,Коммуникации и коммуникационные технологии,13,GENERAL,95,138,101.6,29
2025,GENERAL,FULL,B059,,Коммуникации и коммуникационные технологии,19,GENERAL,69,76,71.5,17
2025,GENERAL,FULL,B059,,Коммуникации и коммуникационные технологии,19,RURAL,59,69,62.1,56
2025,GENERAL,FULL,B059,,Коммуникации и коммуникационные технологии,22,GENERAL,69,90,73.8,19
2025,GENERAL,FULL,B059,,Коммуникации и коммуникационные технологии,22,RURAL,59,69,62.8,73
2025,GENERAL,FULL,B059,,Коммуникации и коммуникационные технологии,27,GENERAL,70,118,79.2,51
2025,GENERAL,FULL,B059,,Коммуникации и коммуникационные технологии,29,GENERAL,69,106,77.0,56
2025,GENERAL,FULL,B059,,Коммуникации и коммуникационные технологии,29,RURAL,65,69,66.4,20
2025,GENERAL,FULL,B059,,Коммуникации и коммуникационные технологии,31,GENERAL,69,77,73.8,5
2025,GENERAL,FULL,B059,,Коммуникации и коммуникационные технологии,31,RURAL,66,66,66.0,1
2025,GENERAL,FULL,B059,,Коммуникации и коммуникационные технологии,32,GENERAL,69,127,75.9,19
2025,GENERAL,FULL,B059,,Коммуникации и коммуникационные технологии,32,RURAL,59,68,62.0,9
2025,GENERAL,FULL,B059,,Коммуникации и коммуникационные технологии,38,GENERAL,72,86,78.0,3
2025,GENERAL,FULL,B059,,Коммуникации и коммуникационные технологии,38,RURAL,61,68,64.2,4
2025,GENERAL,FULL,B059,,Коммуникации и коммуникационные технологии,40,GENERAL,71,78,74.0,3
2025,GENERAL,FULL,B059,,Коммуникации и коммуникационные технологии,40,RURAL,59,68,64.5,8
2025,GENERAL,FULL,B059,,Коммуникации и коммуникационные технологии,43,GENERAL,73,88,79.2,4
2025,GENERAL,FULL,B059,,Коммуникации и коммуникационные технологии,43,RURAL,59,66,61.2,5
2025,GENERAL,FULL,B059,,Коммуникации и коммуникационные технологии,45,GENERAL,69,97,77.8,17
2025,GENERAL,FULL,B059,,Коммуникации и коммуникационные технологии,45,RURAL,65,69,67.0,5
2025,GENERAL,FULL,B059,,Коммуникации и коммуникационные технологии,49,GENERAL,69,84,76.2,4
2025,GENERAL,FULL,B059,,Коммуникации и коммуникационные технологии,49,RURAL,59,67,61.8,30
2025,GENERAL,FULL,B059,,Коммуникации и коммуникационные технологии,57,GENERAL,69,108,78.8,42
2025,GENERAL,FULL,B059,,Коммуникации и коммуникационные технологии,57,RURAL,59,68,62.6,45
2025,GENERAL,FULL,B059,,Коммуникации и коммуникационные технологии,93,GENERAL,75,93,82.8,5
2025,GENERAL,FULL,B059,,Коммуникации и коммуникационные технологии,93,RURAL,59,69,62.1,11
2025,GENERAL,FULL,B059,,Коммуникации и коммуникационные технологии,162,RURAL,63,64,63.5,2
2025,GENERAL,FULL,B059,,Коммуникации и коммуникационные технологии,190,GENERAL,71,108,85.7,11
2025,GENERAL,FULL,B059,,Коммуникации и коммуникационные технологии,199,GENERAL,72,77,74.5,2
2025,GENERAL,FULL,B059,,Коммуникации и коммуникационные технологии,202,RURAL,59,64,61.5,4
2025,GENERAL,FULL,B059,,Коммуникации и коммуникационные технологии,522,GENERAL,70,137,92.4,227
2025,GENERAL,FULL,B060,,Химическая инженерия и процессы,27,GENERAL,70,127,87.8,24
2025,GENERAL,FULL,B060,,Химическая инженерия и процессы,29,GENERAL,65,136,83.8,26
2025,GENERAL,FULL,B060,,Химическая инженерия и процессы,49,GENERAL,54,63,58.8,5
2025,GENERAL,FULL,B060,,Химическая инженерия и процессы,53,GENERAL,51,62,56.5,12
2025,GENERAL,FULL,B060,,Химическая инженерия и процессы,182,GENERAL,52,84,59.7,22
2025,GENERAL,FULL,B060,,Химическая инженерия и процессы,202,GENERAL,62,62,62.0,1
2025,GENERAL,FULL,B060,,Химическая инженерия и процессы,421,GENERAL,86,140,114.2,45
2025,GENERAL,FULL,B060,,Химическая инженерия и процессы,501,GENERAL,57,59,58.0,2
2025,GENERAL,FULL,B061,,Материаловедение и технологии,27,GENERAL,65,135,75.3,28
2025,GENERAL,FULL,B061,,Материаловедение и технологии,29,GENERAL,65,128,75.5,19
2025,GENERAL,FULL,B061,,Материаловедение и технологии,32,GENERAL,54,86,60.1,25
2025,GENERAL,FULL,B061,,Материаловедение и технологии,421,GENERAL,76,138,96.6,97
2025,GENERAL,FULL,B062,,Электротехника и электроэнергетика,2,GENERAL,76,100,82.6,84
2025,GENERAL,FULL,B062,,Электротехника и электроэнергетика,2,RURAL,62,76,67.5,75
2025,GENERAL,FULL,B062,,Электротехника и электроэнергетика,5,RURAL,70,70,70.0,3
2025,GENERAL,FULL,B062,,Электротехника и электроэнергетика,13,GENERAL,95,134,104.5,87
2025,GENERAL,FULL,B062,,Электротехника и электроэнергетика,19,GENERAL,77,84,80.6,5
2025,GENERAL,FULL,B062,,Электротехника и электроэнергетика,19,RURAL,62,75,65.6,30
2025,GENERAL,FULL,B062,,Электротехника и электроэнергетика,24,RURAL,68,71,69.5,2
2025,GENERAL,FULL,B062,,Электротехника и электроэнергетика,27,GENERAL,76,125,89.9,68
2025,GENERAL,FULL,B062,,Электротехника и электроэнергетика,27,RURAL,71,74,72.4,5
2025,GENERAL,FULL,B062,,Электротехника и электроэнергетика,29,GENERAL,76,136,85.3,95
2025,GENERAL,FULL,B062,,Электротехника и электроэнергетика,29,RURAL,65,76,69.6,35
2025,GENERAL,FULL,B062,,Электротехника и электроэнергетика,32,RURAL,62,63,62.5,4
2025,GENERAL,FULL,B062,,Электротехника и электроэнергетика,37,GENERAL,77,78,77.5,2
2025,GENERAL,FULL,B062,,Электротехника и электроэнергетика,37,RURAL,63,64,63.5,2
2025,GENERAL,FULL,B062,,Электротехника и электроэнергетика,40,GENERAL,77,118,87.8,5
2025,GENERAL,FULL,B062,,Электротехника и электроэнергетика,40,RURAL,65,75,69.2,5
2025,GENERAL,FULL,B062,,Электротехника и электроэнергетика,49,GENERAL,77,112,88.7,3
2025,GENERAL,FULL,B062,,Электротехника и электроэнергетика,49,RURAL,62,71,65.0,7
2025,GENERAL,FULL,B062,,Электротехника и электроэнергетика,53,GENERAL,78,80,79.0,2
2025,GENERAL,FULL,B062,,Электротехника и электроэнергетика,53,RURAL,62,69,64.5,21
2025,GENERAL,FULL,B062,,Электротехника и электроэнергетика,57,GENERAL,76,111,87.5,88
2025,GENERAL,FULL,B062,,Электротехника и электроэнергетика,57,RURAL,62,74,66.1,55
2025,GENERAL,FULL,B062,,Электротехника и электроэнергетика,82,GENERAL,78,111,89.7,12
2025,GENERAL,FULL,B062,,Электротехника и электроэнергетика,160,GENERAL,76,80,78.0,2
2025,GENERAL,FULL,B062,,Электротехника и электроэнергетика,160,RURAL,63,73,66.3,10
2025,GENERAL,FULL,B062,,Электротехника и электроэнергетика,198,GENERAL,76,79,77.5,2
2025,GENERAL,FULL,B062,,Электротехника и электроэнергетика,198,RURAL,63,66,64.5,2
2025,GENERAL,FULL,B062,,Электротехника и электроэнергетика,199,GENERAL,83,83,83.0,1
2025,GENERAL,FULL,B062,,Электротехника и электроэнергетика,202,RURAL,66,67,66.5,2
2025,GENERAL,FULL,B062,,Электротехника и электроэнергетика,501,GENERAL,77,89,80.2,4
2025,GENERAL,FULL,B062,,Электротехника и электроэнергетика,501,RURAL,63,74,68.7,12
2025,GENERAL,FULL,B062,,Электротехника и электроэнергетика,529,GENERAL,77,98,85.7,3
2025,GENERAL,FULL,B062,,Электротехника и электроэнергетика,529,RURAL,62,63,62.7,3
2025,GENERAL,FULL,B063,,Электротехника и автоматизация,2,GENERAL,85,99,89.8,42
2025,GENERAL,FULL,B063,,Электротехника и автоматизация,13,GENERAL,100,133,109.4,76
2025,GENERAL,FULL,B063,,Электротехника и автоматизация,19,GENERAL,93,94,93.5,2
2025,GENERAL,FULL,B063,,Электротехника и автоматизация,27,GENERAL,85,132,97.1,77
2025,GENERAL,FULL,B063,,Электротехника и автоматизация,29,GENERAL,85,135,96.1,118
2025,GENERAL,FULL,B063,,Электротехника и автоматизация,37,GENERAL,90,90,90.0,1
2025,GENERAL,FULL,B063,,Электротехника и автоматизация,40,GENERAL,102,102,102.0,1
2025,GENERAL,FULL,B063,,Электротехника и автоматизация,53,GENERAL,99,99,99.0,1
2025,GENERAL,FULL,B063,,Электротехника и автоматизация,57,GENERAL,86,114,96.3,35
2025,GENERAL,FULL,B063,,Электротехника и автоматизация,140,GENERAL,107,107,107.0,1
2025,GENERAL,FULL,B063,,Электротехника и автоматизация,182,GENERAL,85,102,90.4,17
2025,GENERAL,FULL,B063,,Электротехника и автоматизация,421,GENERAL,110,140,120.1,275
2025,GENERAL,FULL,B063,,Электротехника и автоматизация,501,GENERAL,88,88,88.0,1
2025,GENERAL,FULL,B063,,Электротехника и автоматизация,522,GENERAL,85,139,102.6,279
2025,GENERAL,FULL,B064,,Механика и металлообработка,2,GENERAL,52,85,58.5,284
2025,GENERAL,FULL,B064,,Механика и металлообработка,9,GENERAL,53,76,57.4,20
2025,GENERAL,FULL,B064,,Механика и металлообработка,12,GENERAL,52,61,56.2,34
2025,GENERAL,FULL,B064,,Механика и металлообработка,14,GENERAL,52,57,54.2,4
2025,GENERAL,FULL,B064,,Механика и металлообработка,19,GENERAL,52,72,57.2,150
2025,GENERAL,FULL,B064,,Механика и металлообработка,24,GENERAL,65,65,65.0,1
2025,GENERAL,FULL,B064,,Механика и металлообработка,29,GENERAL,65,122,76.1,96
2025,GENERAL,FULL,B064,,Механика и металлообработка,32,GENERAL,52,64,56.3,108
2025,GENERAL,FULL,B064,,Механика и металлообработка,34,GENERAL,52,56,54.0,28
2025,GENERAL,FULL,B064,,Механика и металлообработка,35,GENERAL,52,54,53.0,7
2025,GENERAL,FULL,B064,,Механика и металлообработка,36,GENERAL,52,58,56.2,26
2025,GENERAL,FULL,B064,,Механика и металлообработка,37,GENERAL,53,73,59.1,15
2025,GENERAL,FULL,B064,,Механика и металлообработка,38,GENERAL,52,59,55.4,19
2025,GENERAL,FULL,B064,,Механика и металлообработка,40,GENERAL,53,98,63.6,24
2025,GENERAL,FULL,B064,,Механика и металлообработка,42,GENERAL,52,55,53.4,9
2025,GENERAL,FULL,B064,,Механика и металлообработка,49,GENERAL,52,70,57.5,91
2025,GENERAL,FULL,B064,,Механика и металлообработка,53,GENERAL,52,77,57.7,168
2025,GENERAL,FULL,B064,,Механика и металлообработка,57,GENERAL,52,96,61.4,179
2025,GENERAL,FULL,B064,,Механика и металлообработка,140,GENERAL,55,89,70.3,6
2025,GENERAL,FULL,B064,,Механика и металлообработка,146,GENERAL,52,58,54.2,4
2025,GENERAL,FULL,B064,,Механика и металлообработка,147,GENERAL,57,57,57.0,2
2025,GENERAL,FULL,B064,,Механика и металлообработка,160,GENERAL,52,68,58.2,43
2025,GENERAL,FULL,B064,,Механика и металлообработка,162,GENERAL,54,62,57.2,4
2025,GENERAL,FULL,B064,,Механика и металлообработка,182,GENERAL,52,94,59.7,101
2025,GENERAL,FULL,B064,,Механика и металлообработка,198,GENERAL,52,60,55.7,13
2025,GENERAL,FULL,B064,,Механика и металлообработка,501,GENERAL,52,109,59.7,95
2025,GENERAL,FULL,B064,,Механика и металлообработка,529,GENERAL,53,69,58.5,17
2025,GENERAL,FULL,B065,,Транспортная техника и технологии,2,GENERAL,59,108,66.1,160
2025,GENERAL,FULL,B065,,Транспортная техника и технологии,2,RURAL,52,58,54.7,71
2025,GENERAL,FULL,B065,,Транспортная техника и технологии,5,GENERAL,60,64,61.8,17
2025,GENERAL,FULL,B065,,Транспортная техника и технологии,9,RURAL,53,54,53.7,3
2025,GENERAL,FULL,B065,,Транспортная техника и технологии,12,GENERAL,59,63,61.0,6
2025,GENERAL,FULL,B065,,Транспортная техника и технологии,12,RURAL,52,55,53.2,9
2025,GENERAL,FULL,B065,,Транспортная техника и технологии,13,GENERAL,95,129,105.3,21
2025,GENERAL,FULL,B065,,Транспортная техника и технологии,19,GENERAL,58,112,65.3,88
2025,GENERAL,FULL,B065,,Транспортная техника и технологии,19,RURAL,52,58,55.0,92
2025,GENERAL,FULL,B065,,Транспортная техника и технологии,24,GENERAL,66,84,75.0,2
2025,GENERAL,FULL,B065,,Транспортная техника и технологии,29,GENERAL,65,111,76.0,46
2025,GENERAL,FULL,B065,,Транспортная техника и технологии,32,GENERAL,59,63,60.9,7
2025,GENERAL,FULL,B065,,Транспортная техника и технологии,32,RURAL,52,56,53.2,19
2025,GENERAL,FULL,B065,,Транспортная техника и технологии,34,GENERAL,59,59,59.0,1
2025,GENERAL,FULL,B065,,Транспортная техника и технологии,34,RURAL,53,54,53.3,6
2025,GENERAL,FULL,B065,,Транспортная техника и технологии,36,GENERAL,59,63,61.0,3
2025,GENERAL,FULL,B065,,Транспортная техника и технологии,40,GENERAL,59,98,70.0,14
2025,GENERAL,FULL,B065,,Транспортная техника и технологии,40,RURAL,52,56,54.0,4
2025,GENERAL,FULL,B065,,Транспортная техника и технологии,57,GENERAL,59,70,62.8,30
2025,GENERAL,FULL,B065,,Транспортная техника и технологии,57,RURAL,52,58,54.1,15
2025,GENERAL,FULL,B065,,Транспортная техника и технологии,78,GENERAL,68,68,68.0,2
2025,GENERAL,FULL,B065,,Транспортная техника и технологии,78,RURAL,56,57,56.5,2
2025,GENERAL,FULL,B065,,Транспортная техника и технологии,140,GENERAL,71,74,72.0,3
2025,GENERAL,FULL,B065,,Транспортная техника и технологии,140,RURAL,52,54,53.0,2
2025,GENERAL,FULL,B065,,Транспортная техника и технологии,147,GENERAL,65,65,65.0,1
2025,GENERAL,FULL,B065,,Транспортная техника и технологии,160,GENERAL,59,71,62.5,19
2025,GENERAL,FULL,B065,,Транспортная техника и технологии,160,RURAL,53,57,54.6,5
2025,GENERAL,FULL,B065,,Транспортная техника и технологии,162,GENERAL,60,77,64.8,6
2025,GENERAL,FULL,B065,,Транспортная техника и технологии,162,RURAL,52,54,53.2,4
2025,GENERAL,FULL,B065,,Транспортная техника и технологии,198,GENERAL,64,64,64.0,1
2025,GENERAL,FULL,B065,,Транспортная техника и технологии,198,RURAL,57,57,57.0,1
2025,GENERAL,FULL,B065,,Транспортная техника и технологии,199,RURAL,54,54,54.0,1
2025,GENERAL,FULL,B065,,Транспортная техника и технологии,501,GENERAL,59,76,63.7,7
2025,GENERAL,FULL,B065,,Транспортная техника и технологии,501,RURAL,52,58,53.9,10
2025,GENERAL,FULL,B065,,Транспортная техника и технологии,529,GENERAL,60,77,66.0,6
2025,GENERAL,FULL,B065,,Транспортная техника и технологии,529,RURAL,52,52,52.0,1
2025,GENERAL,FULL,B066,,Морской транспорт и технологии,3,GENERAL,50,53,50.9,16
2025,GENERAL,FULL,B066,,Морской транспорт и технологии,421,GENERAL,70,100,79.6,25
2025,GENERAL,FULL,B067,,Воздушный транспорт и технологии,13,GENERAL,95,132,107.0,31
2025,GENERAL,FULL,B067,,Воздушный транспорт и технологии,27,GENERAL,76,111,92.3,16
2025,GENERAL,FULL,B067,,Воздушный транспорт и технологии,29,GENERAL,76,129,90.3,16
2025,GENERAL,FULL,B067,,Воздушный транспорт и технологии,57,GENERAL,74,129,90.4,14
2025,GENERAL,FULL,B067,,Воздушный транспорт и технологии,157,GENERAL,74,122,84.6,248
2025,GENERAL,FULL,B068,,Производство продуктов питания,2,GENERAL,69,93,75.3,95
2025,GENERAL,FULL,B068,,Производство продуктов питания,2,RURAL,64,69,66.8,70
2025,GENERAL,FULL,B068,,Производство продуктов питания,5,GENERAL,70,77,71.5,13
2025,GENERAL,FULL,B068,,Производство продуктов питания,5,RURAL,65,69,67.3,19
2025,GENERAL,FULL,B068,,Производство продуктов питания,24,GENERAL,69,97,74.6,37
2025,GENERAL,FULL,B068,,Производство продуктов питания,24,RURAL,65,69,67.1,23
2025,GENERAL,FULL,B068,,Производство продуктов питания,27,GENERAL,70,137,77.1,86
2025,GENERAL,FULL,B068,,Производство продуктов питания,33,GENERAL,74,97,80.8,5
2025,GENERAL,FULL,B068,,Производство продуктов питания,33,RURAL,67,67,67.0,1
2025,GENERAL,FULL,B068,,Производство продуктов питания,34,GENERAL,70,71,70.7,3
2025,GENERAL,FULL,B068,,Производство продуктов питания,34,RURAL,65,66,65.4,7
2025,GENERAL,FULL,B068,,Производство продуктов питания,40,GENERAL,70,80,74.1,9
2025,GENERAL,FULL,B068,,Производство продуктов питания,40,RURAL,68,69,68.7,3
2025,GENERAL,FULL,B068,,Производство продуктов питания,45,GENERAL,70,75,72.0,15
2025,GENERAL,FULL,B068,,Производство продуктов питания,45,RURAL,65,69,67.4,10
2025,GENERAL,FULL,B068,,Производство продуктов питания,49,GENERAL,70,81,74.3,17
2025,GENERAL,FULL,B068,,Производство продуктов питания,49,RURAL,65,69,66.7,14
2025,GENERAL,FULL,B068,,Производство продуктов питания,53,GENERAL,69,128,75.4,85
2025,GENERAL,FULL,B068,,Производство продуктов питания,53,RURAL,65,69,66.5,69
2025,GENERAL,FULL,B068,,Производство продуктов питания,122,GENERAL,70,73,71.0,3
2025,GENERAL,FULL,B068,,Производство продуктов питания,122,RURAL,66,68,67.0,3
2025,GENERAL,FULL,B068,,Производство продуктов питания,146,GENERAL,78,84,81.3,3
2025,GENERAL,FULL,B068,,Производство продуктов питания,182,GENERAL,70,95,74.9,24
2025,GENERAL,FULL,B068,,Производство продуктов питания,182,RURAL,66,69,67.0,9
2025,GENERAL,FULL,B068,,Производство продуктов питания,198,GENERAL,73,74,73.5,2
2025,GENERAL,FULL,B068,,Производство продуктов питания,198,RURAL,65,65,65.0,1
2025,GENERAL,FULL,B068,,Производство продуктов питания,501,GENERAL,72,96,78.7,9
2025,GENERAL,FULL,B068,,Производство продуктов питания,501,RURAL,65,69,66.5,11
2025,GENERAL,FULL,B069,,"Производство материалов (стекло, бумага, пластик, дерево)",22,GENERAL,50,68,55.9,81
2025,GENERAL,FULL,B070,,"Текстиль: одежда, обувь и кожаные изделия",5,GENERAL,55,59,56.9,15
2025,GENERAL,FULL,B070,,"Текстиль: одежда, обувь и кожаные изделия",43,GENERAL,50,58,53.2,13
2025,GENERAL,FULL,B070,,"Текстиль: одежда, обувь и кожаные изделия",53,GENERAL,50,109,58.2,89
2025,GENERAL,FULL,B070,,"Текстиль: одежда, обувь и кожаные изделия",154,GENERAL,65,65,65.0,1
2025,GENERAL,FULL,B070,,"Текстиль: одежда, обувь и кожаные изделия",182,GENERAL,50,108,57.1,41
2025,GENERAL,FULL,B071,,Горное дело и добыча полезных ископаемых,3,GENERAL,58,59,58.2,6
2025,GENERAL,FULL,B071,,Горное дело и добыча полезных ископаемых,5,GENERAL,60,68,62.8,72
2025,GENERAL,FULL,B071,,Горное дело и добыча полезных ископаемых,9,GENERAL,58,58,58.0,2
2025,GENERAL,FULL,B071,,Горное дело и добыча полезных ископаемых,12,GENERAL,58,63,60.0,22
2025,GENERAL,FULL,B071,,Горное дело и добыча полезных ископаемых,14,GENERAL,58,87,65.8,5
2025,GENERAL,FULL,B071,,Горное дело и добыча полезных ископаемых,29,GENERAL,65,124,75.3,256
2025,GENERAL,FULL,B071,,Горное дело и добыча полезных ископаемых,32,GENERAL,58,75,63.7,153
2025,GENERAL,FULL,B071,,Горное дело и добыча полезных ископаемых,34,GENERAL,58,61,59.5,17
2025,GENERAL,FULL,B071,,Горное дело и добыча полезных ископаемых,35,GENERAL,59,59,59.0,1
2025,GENERAL,FULL,B071,,Горное дело и добыча полезных ископаемых,38,GENERAL,58,64,60.4,17
2025,GENERAL,FULL,B071,,Горное дело и добыча полезных ископаемых,79,GENERAL,58,84,62.5,94
2025,GENERAL,FULL,B071,,Горное дело и добыча полезных ископаемых,147,GENERAL,59,87,71.3,6
2025,GENERAL,FULL,B071,,Горное дело и добыча полезных ископаемых,182,GENERAL,58,94,65.1,203
2025,GENERAL,FULL,B071,,Горное дело и добыча полезных ископаемых,416,GENERAL,58,59,58.8,12
2025,GENERAL,FULL,B071,,Горное дело и добыча полезных ископаемых,421,GENERAL,75,138,96.2,505
2025,GENERAL,FULL,B071,,Горное дело и добыча полезных ископаемых,501,GENERAL,58,102,65.8,45
2025,GENERAL,FULL,B071,,Горное дело и добыча полезных ископаемых,529,GENERAL,58,89,67.7,25
2025,GENERAL,FULL,B072,,Технология фармацевтического производства,26,GENERAL,88,115,95.7,95
2025,GENERAL,FULL,B072,,Технология фармацевтического производства,27,GENERAL,89,109,96.2,16
2025,GENERAL,FULL,B072,,Технология фармацевтического производства,29,GENERAL,89,101,94.5,6
2025,GENERAL,FULL,B072,,Технология фармацевтического производства,30,GENERAL,89,108,95.6,27
2025,GENERAL,FULL,B072,,Технология фармацевтического производства,44,GENERAL,89,98,92.4,17
2025,GENERAL,FULL,B072,,Технология фармацевтического производства,53,GENERAL,89,96,92.0,4
2025,GENERAL,FULL,B073,,Архитектура,2,GENERAL,100,127,112.4,277
2025,GENERAL,FULL,B073,,Архитектура,13,GENERAL,125,129,125.5,63
2025,GENERAL,FULL,B073,,Архитектура,19,GENERAL,100,125,112.7,98
2025,GENERAL,FULL,B073,,Архитектура,22,GENERAL,100,130,113.3,770
2025,GENERAL,FULL,B073,,Архитектура,29,GENERAL,100,126,114.1,86
2025,GENERAL,FULL,B073,,Архитектура,32,GENERAL,100,114,108.5,56
2025,GENERAL,FULL,B073,,Архитектура,45,GENERAL,100,118,114.4,361
2025,GENERAL,FULL,B073,,Архитектура,79,GENERAL,102,126,117.1,12
2025,GENERAL,FULL,B073,,Архитектура,198,GENERAL,101,127,114.2,178
2025,GENERAL,FULL,B073,,Архитектура,202,GENERAL,101,121,109.6,17
2025,GENERAL,FULL,B073,,Архитектура,529,GENERAL,101,128,114.2,88
2025,GENERAL,FULL,B074,,"Градостроительство, строительные работы и гражданское строительство",2,GENERAL,72,121,81.6,225
2025,GENERAL,FULL,B074,,"Градостроительство, строительные работы и гражданское строительство",12,GENERAL,74,76,74.8,5
2025,GENERAL,FULL,B074,,"Градостроительство, строительные работы и гражданское строительство",13,GENERAL,100,137,110.3,171
2025,GENERAL,FULL,B074,,"Градостроительство, строительные работы и гражданское строительство",14,GENERAL,74,87,80.5,2
2025,GENERAL,FULL,B074,,"Градостроительство, строительные работы и гражданское строительство",19,GENERAL,73,120,82.5,8
2025,GENERAL,FULL,B074,,"Градостроительство, строительные работы и гражданское строительство",22,GENERAL,72,132,85.5,411
2025,GENERAL,FULL,B074,,"Градостроительство, строительные работы и гражданское строительство",27,GENERAL,75,135,88.0,80
2025,GENERAL,FULL,B074,,"Градостроительство, строительные работы и гражданское строительство",29,GENERAL,72,121,86.0,226
2025,GENERAL,FULL,B074,,"Градостроительство, строительные работы и гражданское строительство",32,GENERAL,72,80,75.7,37
2025,GENERAL,FULL,B074,,"Градостроительство, строительные работы и гражданское строительство",40,GENERAL,72,88,80.0,7
2025,GENERAL,FULL,B074,,"Градостроительство, строительные работы и гражданское строительство",45,GENERAL,73,79,76.1,15
2025,GENERAL,FULL,B074,,"Градостроительство, строительные работы и гражданское строительство",78,GENERAL,72,72,72.0,1
2025,GENERAL,FULL,B074,,"Градостроительство, строительные работы и гражданское строительство",79,GENERAL,76,79,77.5,2
2025,GENERAL,FULL,B074,,"Градостроительство, строительные работы и гражданское строительство",501,GENERAL,73,107,82.1,10
2025,GENERAL,FULL,B074,,"Градостроительство, строительные работы и гражданское строительство",529,GENERAL,75,96,82.4,7
2025,GENERAL,FULL,B075,,Кадастр и землеустройство,2,GENERAL,100,115,104.3,68
2025,GENERAL,FULL,B075,,Кадастр и землеустройство,2,RURAL,92,100,96.0,35
2025,GENERAL,FULL,B075,,Кадастр и землеустройство,19,GENERAL,100,111,104.5,10
2025,GENERAL,FULL,B075,,Кадастр и землеустройство,19,RURAL,93,100,95.7,7
2025,GENERAL,FULL,B075,,Кадастр и землеустройство,22,GENERAL,100,111,104.0,46
2025,GENERAL,FULL,B075,,Кадастр и землеустройство,22,RURAL,92,99,95.3,21
2025,GENERAL,FULL,B075,,Кадастр и землеустройство,24,GENERAL,109,112,110.5,2
2025,GENERAL,FULL,B075,,Кадастр и землеустройство,24,RURAL,92,94,93.0,2
2025,GENERAL,FULL,B075,,Кадастр и землеустройство,27,GENERAL,100,111,103.7,148
2025,GENERAL,FULL,B075,,Кадастр и землеустройство,27,RURAL,98,99,98.7,15
2025,GENERAL,FULL,B075,,Кадастр и землеустройство,29,GENERAL,100,110,102.8,51
2025,GENERAL,FULL,B075,,Кадастр и землеустройство,29,RURAL,92,98,94.9,43
2025,GENERAL,FULL,B075,,Кадастр и землеустройство,45,GENERAL,101,110,105.0,16
2025,GENERAL,FULL,B075,,Кадастр и землеустройство,45,RURAL,93,99,96.2,6
2025,GENERAL,FULL,B075,,Кадастр и землеустройство,501,RURAL,95,99,97.0,2
2025,GENERAL,FULL,B076,,"Стандартизация, сертификация и метрология (по отраслям)",2,GENERAL,69,90,76.5,41
2025,GENERAL,FULL,B076,,"Стандартизация, сертификация и метрология (по отраслям)",13,GENERAL,95,122,100.2,13
2025,GENERAL,FULL,B076,,"Стандартизация, сертификация и метрология (по отраслям)",24,GENERAL,71,80,74.7,3
2025,GENERAL,FULL,B076,,"Стандартизация, сертификация и метрология (по отраслям)",27,GENERAL,70,124,80.3,47
2025,GENERAL,FULL,B076,,"Стандартизация, сертификация и метрология (по отраслям)",29,GENERAL,69,103,76.2,19
2025,GENERAL,FULL,B076,,"Стандартизация, сертификация и метрология (по отраслям)",32,GENERAL,70,82,74.8,6
2025,GENERAL,FULL,B076,,"Стандартизация, сертификация и метрология (по отраслям)",33,GENERAL,89,89,89.0,1
2025,GENERAL,FULL,B076,,"Стандартизация, сертификация и метрология (по отраслям)",38,GENERAL,69,70,69.7,3
2025,GENERAL,FULL,B076,,"Стандартизация, сертификация и метрология (по отраслям)",40,GENERAL,74,75,74.5,2
2025,GENERAL,FULL,B076,,"Стандартизация, сертификация и метрология (по отраслям)",45,GENERAL,69,123,82.6,14
2025,GENERAL,FULL,B076,,"Стандартизация, сертификация и метрология (по отраслям)",49,GENERAL,73,73,73.0,1
2025,GENERAL,FULL,B076,,"Стандартизация, сертификация и метрология (по отраслям)",53,GENERAL,69,81,74.7,7
2025,GENERAL,FULL,B076,,"Стандартизация, сертификация и метрология (по отраслям)",122,GENERAL,80,80,80.0,1
2025,GENERAL,FULL,B076,,"Стандартизация, сертификация и метрология (по отраслям)",182,GENERAL,69,84,74.3,26
2025,GENERAL,FULL,B076,,"Стандартизация, сертификация и метрология (по отраслям)",223,GENERAL,71,73,71.7,3
2025,GENERAL,FULL,B076,,"Стандартизация, сертификация и метрология (по отраслям)",501,GENERAL,71,78,74.2,4
2025,GENERAL,FULL,B077,,Растениеводство,2,GENERAL,64,74,67.2,53
2025,GENERAL,FULL,B077,,Растениеводство,2,RURAL,61,64,62.4,26
2025,GENERAL,FULL,B077,,Растениеводство,24,GENERAL,64,69,66.7,26
2025,GENERAL,FULL,B077,,Растениеводство,24,RURAL,61,64,62.8,27
2025,GENERAL,FULL,B077,,Растениеводство,34,GENERAL,64,81,67.9,12
2025,GENERAL,FULL,B077,,Растениеводство,34,RURAL,61,64,62.9,9
2025,GENERAL,FULL,B077,,Растениеводство,35,GENERAL,64,64,64.0,1
2025,GENERAL,FULL,B077,,Растениеводство,35,RURAL,61,62,61.8,4
2025,GENERAL,FULL,B077,,Растениеводство,36,GENERAL,65,89,75.3,6
2025,GENERAL,FULL,B077,,Растениеводство,36,RURAL,62,64,63.2,4
2025,GENERAL,FULL,B077,,Растениеводство,38,GENERAL,64,103,73.1,7
2025,GENERAL,FULL,B077,,Растениеводство,40,GENERAL,65,87,72.2,22
2025,GENERAL,FULL,B077,,Растениеводство,40,RURAL,62,64,62.8,5
2025,GENERAL,FULL,B077,,Растениеводство,42,GENERAL,65,75,67.8,4
2025,GENERAL,FULL,B077,,Растениеводство,42,RURAL,63,63,63.0,2
2025,GENERAL,FULL,B077,,Растениеводство,45,GENERAL,64,94,67.5,15
2025,GENERAL,FULL,B077,,Растениеводство,45,RURAL,62,64,63.1,8
2025,GENERAL,FULL,B077,,Растениеводство,49,GENERAL,64,77,67.0,22
2025,GENERAL,FULL,B077,,Растениеводство,49,RURAL,62,64,62.9,11
2025,GENERAL,FULL,B077,,Растениеводство,223,GENERAL,66,67,66.5,2
2025,GENERAL,FULL,B077,,Растениеводство,529,GENERAL,67,69,68.0,2
2025,GENERAL,FULL,B077,,Растениеводство,529,RURAL,63,63,63.0,1
2025,GENERAL,FULL,B078,,Животноводство,2,GENERAL,56,61,57.9,36
2025,GENERAL,FULL,B078,,Животноводство,2,RURAL,51,56,53.5,13
2025,GENERAL,FULL,B078,,Животноводство,24,GENERAL,56,60,57.9,17
2025,GENERAL,FULL,B078,,Животноводство,24,RURAL,51,55,53.1,27
2025,GENERAL,FULL,B078,,Животноводство,38,GENERAL,56,93,62.7,18
2025,GENERAL,FULL,B078,,Животноводство,38,RURAL,52,55,54.2,4
2025,GENERAL,FULL,B078,,Животноводство,40,GENERAL,56,89,62.4,24
2025,GENERAL,FULL,B078,,Животноводство,40,RURAL,52,56,54.1,7
2025,GENERAL,FULL,B078,,Животноводство,42,GENERAL,56,76,60.3,14
2025,GENERAL,FULL,B078,,Животноводство,42,RURAL,52,55,53.6,9
2025,GENERAL,FULL,B078,,Животноводство,45,GENERAL,56,70,60.3,22
2025,GENERAL,FULL,B078,,Животноводство,45,RURAL,51,55,53.4,16
2025,GENERAL,FULL,B078,,Животноводство,53,GENERAL,56,73,61.2,54
2025,GENERAL,FULL,B078,,Животноводство,53,RURAL,51,56,53.6,23
2025,GENERAL,FULL,B079,,Лесное хозяйство,2,GENERAL,70,75,71.8,62
2025,GENERAL,FULL,B079,,Лесное хозяйство,2,RURAL,67,68,67.5,17
2025,GENERAL,FULL,B079,,Лесное хозяйство,12,GENERAL,71,87,76.4,5
2025,GENERAL,FULL,B079,,Лесное хозяйство,12,RURAL,68,70,69.0,2
2025,GENERAL,FULL,B079,,Лесное хозяйство,24,GENERAL,70,73,71.4,49
2025,GENERAL,FULL,B079,,Лесное хозяйство,24,RURAL,67,70,68.0,44
2025,GENERAL,FULL,B079,,Лесное хозяйство,38,GENERAL,71,90,75.2,6
2025,GENERAL,FULL,B079,,Лесное хозяйство,38,RURAL,67,68,67.9,7
2025,GENERAL,FULL,B079,,Лесное хозяйство,40,GENERAL,71,86,75.7,13
2025,GENERAL,FULL,B079,,Лесное хозяйство,40,RURAL,68,70,68.3,9
2025,GENERAL,FULL,B079,,Лесное хозяйство,42,GENERAL,71,78,73.6,7
2025,GENERAL,FULL,B079,,Лесное хозяйство,42,RURAL,67,69,68.0,2
2025,GENERAL,FULL,B080,,Рыбное хозяйство,2,GENERAL,56,59,57.5,8
2025,GENERAL,FULL,B080,,Рыбное хозяйство,10,GENERAL,56,56,56.0,1
2025,GENERAL,FULL,B080,,Рыбное хозяйство,10,RURAL,50,52,51.0,3
2025,GENERAL,FULL,B080,,Рыбное хозяйство,24,GENERAL,56,60,57.4,19
2025,GENERAL,FULL,B080,,Рыбное хозяйство,24,RURAL,50,54,51.3,26
2025,GENERAL,FULL,B080,,Рыбное хозяйство,27,GENERAL,60,77,65.8,24
2025,GENERAL,FULL,B082,,Водные ресурсы и водопользования,12,GENERAL,58,75,64.0,5
2025,GENERAL,FULL,B082,,Водные ресурсы и водопользования,12,RURAL,50,55,52.2,4
2025,GENERAL,FULL,B082,,Водные ресурсы и водопользования,24,GENERAL,56,66,59.2,31
2025,GENERAL,FULL,B082,,Водные ресурсы и водопользования,24,RURAL,50,55,51.9,21
2025,GENERAL,FULL,B082,,Водные ресурсы и водопользования,29,GENERAL,56,75,60.6,64
2025,GENERAL,FULL,B082,,Водные ресурсы и водопользования,29,RURAL,50,56,52.3,26
2025,GENERAL,FULL,B082,,Водные ресурсы и водопользования,34,GENERAL,56,58,57.1,8
2025,GENERAL,FULL,B082,,Водные ресурсы и водопользования,34,RURAL,50,54,52.2,12
2025,GENERAL,FULL,B082,,Водные ресурсы и водопользования,45,GENERAL,56,74,60.1,64
2025,GENERAL,FULL,B082,,Водные ресурсы и водопользования,45,RURAL,50,55,51.6,40
2025,GENERAL,FULL,B083,,Ветеринария,2,GENERAL,62,71,65.2,131
2025,GENERAL,FULL,B083,,Ветеринария,2,RURAL,56,62,59.2,83
2025,GENERAL,FULL,B083,,Ветеринария,24,GENERAL,62,71,65.2,153
2025,GENERAL,FULL,B083,,Ветеринария,24,RURAL,56,62,59.0,115
2025,GENERAL,FULL,B083,,Ветеринария,36,GENERAL,62,100,72.7,25
2025,GENERAL,FULL,B083,,Ветеринария,36,RURAL,57,61,58.2,11
2025,GENERAL,FULL,B083,,Ветеринария,38,GENERAL,63,80,68.0,13
2025,GENERAL,FULL,B083,,Ветеринария,38,RURAL,57,61,59.2,4
2025,GENERAL,FULL,B083,,Ветеринария,42,GENERAL,62,88,70.4,23
2025,GENERAL,FULL,B083,,Ветеринария,42,RURAL,57,61,58.6,11
2025,GENERAL,FULL,B083,,Ветеринария,45,GENERAL,62,86,68.4,41
2025,GENERAL,FULL,B083,,Ветеринария,45,RURAL,56,62,59.1,16
2025,GENERAL,FULL,B083,,Ветеринария,146,GENERAL,63,79,68.7,3
2025,GENERAL,FULL,B083,,Ветеринария,146,RURAL,57,57,57.0,1
2025,GENERAL,FULL,B083,,Ветеринария,198,GENERAL,64,65,64.7,3
2025,GENERAL,FULL,B083,,Ветеринария,198,RURAL,57,60,58.3,3
2025,GENERAL,FULL,B083,,Ветеринария,223,GENERAL,63,89,70.0,14
2025,GENERAL,FULL,B083,,Ветеринария,223,RURAL,57,59,57.7,3
2025,GENERAL,FULL,B083,,Ветеринария,416,GENERAL,62,78,67.1,17
2025,GENERAL,FULL,B083,,Ветеринария,416,RURAL,56,61,59.2,10
2025,GENERAL,FULL,B090,,Социальная работа,13,GENERAL,96,97,96.4,5
2025,GENERAL,FULL,B090,,Социальная работа,21,GENERAL,74,98,80.7,83
2025,GENERAL,FULL,B090,,Социальная работа,21,RURAL,72,74,72.7,27
2025,GENERAL,FULL,B090,,Социальная работа,25,GENERAL,80,94,84.7,17
2025,GENERAL,FULL,B090,,Социальная работа,27,GENERAL,80,95,86.3,20
2025,GENERAL,FULL,B090,,Социальная работа,31,GENERAL,74,91,79.9,16
2025,GENERAL,FULL,B090,,Социальная работа,31,RURAL,71,74,72.1,15
2025,GENERAL,FULL,B090,,Социальная работа,34,GENERAL,74,88,78.9,31
2025,GENERAL,FULL,B090,,Социальная работа,34,RURAL,71,73,72.1,22
2025,GENERAL,FULL,B090,,Социальная работа,38,GENERAL,75,87,80.2,4
2025,GENERAL,FULL,B090,,Социальная работа,38,RURAL,71,73,71.7,3
2025,GENERAL,FULL,B090,,Социальная работа,45,GENERAL,74,89,78.6,27
2025,GENERAL,FULL,B090,,Социальная работа,45,RURAL,70,74,72.0,26
2025,GENERAL,FULL,B090,,Социальная работа,122,GENERAL,75,88,81.0,4
2025,GENERAL,FULL,B090,,Социальная работа,122,RURAL,72,72,72.0,2
2025,GENERAL,FULL,B090,,Социальная работа,158,GENERAL,74,84,79.0,2
2025,GENERAL,FULL,B090,,Социальная работа,158,RURAL,71,72,71.7,3
2025,GENERAL,FULL,B090,,Социальная работа,173,GENERAL,74,93,79.0,51
2025,GENERAL,FULL,B090,,Социальная работа,173,RURAL,70,74,72.0,41
2025,GENERAL,FULL,B090,,Социальная работа,528,RURAL,74,74,74.0,1
2025,GENERAL,FULL,B091,,Туризм,3,RURAL,96,96,96.0,1
2025,GENERAL,FULL,B091,,Туризм,5,GENERAL,115,115,115.0,1
2025,GENERAL,FULL,B091,,Туризм,5,RURAL,91,100,95.3,3
2025,GENERAL,FULL,B091,,Туризм,7,RURAL,90,90,90.0,1
2025,GENERAL,FULL,B091,,Туризм,11,GENERAL,121,121,121.0,1
2025,GENERAL,FULL,B091,,Туризм,11,RURAL,104,104,104.0,1
2025,GENERAL,FULL,B091,,Туризм,13,GENERAL,115,131,121.1,123
2025,GENERAL,FULL,B091,,Туризм,20,RURAL,99,99,99.0,1
2025,GENERAL,FULL,B091,,Туризм,21,GENERAL,115,134,120.6,84
2025,GENERAL,FULL,B091,,Туризм,21,RURAL,100,114,108.8,33
2025,GENERAL,FULL,B091,,Туризм,22,GENERAL,115,115,115.0,1
2025,GENERAL,FULL,B091,,Туризм,22,RURAL,92,111,96.4,7
2025,GENERAL,FULL,B091,,Туризм,23,RURAL,101,103,102.0,2
2025,GENERAL,FULL,B091,,Туризм,25,RURAL,92,105,99.8,6
2025,GENERAL,FULL,B091,,Туризм,27,GENERAL,115,129,120.0,10
2025,GENERAL,FULL,B091,,Туризм,27,RURAL,91,113,99.2,31
2025,GENERAL,FULL,B091,,Туризм,31,GENERAL,116,116,116.0,1
2025,GENERAL,FULL,B091,,Туризм,31,RURAL,93,102,97.5,2
2025,GENERAL,FULL,B091,,Туризм,35,RURAL,91,91,91.0,1
2025,GENERAL,FULL,B091,,Туризм,36,RURAL,92,92,92.0,1
2025,GENERAL,FULL,B091,,Туризм,37,GENERAL,115,115,115.0,1
2025,GENERAL,FULL,B091,,Туризм,37,RURAL,94,112,102.5,4
2025,GENERAL,FULL,B091,,Туризм,38,GENERAL,120,120,120.0,1
2025,GENERAL,FULL,B091,,Туризм,45,GENERAL,116,118,117.0,2
2025,GENERAL,FULL,B091,,Туризм,45,RURAL,95,109,102.0,3
2025,GENERAL,FULL,B091,,Туризм,49,RURAL,92,99,95.5,6
2025,GENERAL,FULL,B091,,Туризм,53,GENERAL,120,120,120.0,1
2025,GENERAL,FULL,B091,,Туризм,53,RURAL,93,94,93.5,2
2025,GENERAL,FULL,B091,,Туризм,69,RURAL,90,110,97.7,10
2025,GENERAL,FULL,B091,,Туризм,83,GENERAL,116,129,122.4,5
2025,GENERAL,FULL,B091,,Туризм,83,RURAL,94,110,102.2,13
2025,GENERAL,FULL,B091,,Туризм,93,RURAL,97,97,97.0,1
2025,GENERAL,FULL,B091,,Туризм,122,RURAL,92,92,92.0,1
2025,GENERAL,FULL,B091,,Туризм,173,RURAL,103,112,107.5,2
2025,GENERAL,FULL,B091,,Туризм,174,GENERAL,130,137,132.6,44
2025,GENERAL,FULL,B091,,Туризм,182,GENERAL,118,118,118.0,1
2025,GENERAL,FULL,B091,,Туризм,182,RURAL,97,110,103.0,6
2025,GENERAL,FULL,B091,,Туризм,184,GENERAL,118,118,118.0,2
2025,GENERAL,FULL,B091,,Туризм,184,RURAL,91,109,100.5,13
2025,GENERAL,FULL,B092,,Досуг,5,GENERAL,122,122,122.0,1
2025,GENERAL,FULL,B092,,Досуг,5,RURAL,119,119,119.0,1
2025,GENERAL,FULL,B092,,Досуг,7,GENERAL,121,126,123.8,5
2025,GENERAL,FULL,B092,,Досуг,7,RURAL,119,119,119.0,1
2025,GENERAL,FULL,B092,,Досуг,16,GENERAL,121,126,123.3,6
2025,GENERAL,FULL,B092,,Досуг,16,RURAL,119,120,119.7,3
2025,GENERAL,FULL,B092,,Досуг,25,GENERAL,121,128,122.4,39
2025,GENERAL,FULL,B092,,Досуг,25,RURAL,119,120,119.4,23
2025,GENERAL,FULL,B092,,Досуг,31,GENERAL,121,124,122.7,7
2025,GENERAL,FULL,B092,,Досуг,31,RURAL,120,120,120.0,3
2025,GENERAL,FULL,B092,,Досуг,36,GENERAL,121,123,122.0,6
2025,GENERAL,FULL,B092,,Досуг,36,RURAL,120,120,120.0,1
2025,GENERAL,FULL,B092,,Досуг,40,GENERAL,122,122,122.0,1
2025,GENERAL,FULL,B092,,Досуг,43,GENERAL,121,127,122.3,19
2025,GENERAL,FULL,B092,,Досуг,43,RURAL,119,121,119.8,6
2025,GENERAL,FULL,B092,,Досуг,45,GENERAL,121,127,122.3,32
2025,GENERAL,FULL,B092,,Досуг,45,RURAL,119,121,120.1,25
2025,GENERAL,FULL,B092,,Досуг,158,GENERAL,123,123,123.0,1
2025,GENERAL,FULL,B093,,Ресторанное дело и гостиничный бизнес,3,RURAL,89,89,89.0,1
2025,GENERAL,FULL,B093,,Ресторанное дело и гостиничный бизнес,13,GENERAL,110,129,114.5,79
2025,GENERAL,FULL,B093,,Ресторанное дело и гостиничный бизнес,20,RURAL,85,85,85.0,1
2025,GENERAL,FULL,B093,,Ресторанное дело и гостиничный бизнес,21,GENERAL,111,133,117.5,67
2025,GENERAL,FULL,B093,,Ресторанное дело и гостиничный бизнес,21,RURAL,100,109,104.3,16
2025,GENERAL,FULL,B093,,Ресторанное дело и гостиничный бизнес,23,GENERAL,111,111,111.0,2
2025,GENERAL,FULL,B093,,Ресторанное дело и гостиничный бизнес,23,RURAL,85,87,86.0,4
2025,GENERAL,FULL,B093,,Ресторанное дело и гостиничный бизнес,27,GENERAL,110,119,113.7,9
2025,GENERAL,FULL,B093,,Ресторанное дело и гостиничный бизнес,27,RURAL,88,108,94.8,20
2025,GENERAL,FULL,B093,,Ресторанное дело и гостиничный бизнес,31,RURAL,85,90,87.3,3
2025,GENERAL,FULL,B093,,Ресторанное дело и гостиничный бизнес,36,RURAL,87,89,88.0,2
2025,GENERAL,FULL,B093,,Ресторанное дело и гостиничный бизнес,43,GENERAL,112,112,112.0,1
2025,GENERAL,FULL,B093,,Ресторанное дело и гостиничный бизнес,45,GENERAL,112,112,112.0,1
2025,GENERAL,FULL,B093,,Ресторанное дело и гостиничный бизнес,45,RURAL,88,88,88.0,1
2025,GENERAL,FULL,B093,,Ресторанное дело и гостиничный бизнес,53,GENERAL,114,114,114.0,1
2025,GENERAL,FULL,B093,,Ресторанное дело и гостиничный бизнес,53,RURAL,85,90,86.4,10
2025,GENERAL,FULL,B093,,Ресторанное дело и гостиничный бизнес,69,GENERAL,111,121,114.2,4
2025,GENERAL,FULL,B093,,Ресторанное дело и гостиничный бизнес,69,RURAL,88,107,94.6,5
2025,GENERAL,FULL,B093,,Ресторанное дело и гостиничный бизнес,83,GENERAL,110,128,116.8,20
2025,GENERAL,FULL,B093,,Ресторанное дело и гостиничный бизнес,83,RURAL,86,105,95.0,11
2025,GENERAL,FULL,B093,,Ресторанное дело и гостиничный бизнес,93,GENERAL,113,113,113.0,1
2025,GENERAL,FULL,B093,,Ресторанное дело и гостиничный бизнес,93,RURAL,86,104,91.2,4
2025,GENERAL,FULL,B093,,Ресторанное дело и гостиничный бизнес,122,GENERAL,114,114,114.0,1
2025,GENERAL,FULL,B093,,Ресторанное дело и гостиничный бизнес,122,RURAL,86,86,86.0,1
2025,GENERAL,FULL,B093,,Ресторанное дело и гостиничный бизнес,153,RURAL,107,107,107.0,1
2025,GENERAL,FULL,B093,,Ресторанное дело и гостиничный бизнес,160,GENERAL,113,113,113.0,1
2025,GENERAL,FULL,B093,,Ресторанное дело и гостиничный бизнес,160,RURAL,97,97,97.0,1
2025,GENERAL,FULL,B093,,Ресторанное дело и гостиничный бизнес,182,GENERAL,114,114,114.0,1
2025,GENERAL,FULL,B093,,Ресторанное дело и гостиничный бизнес,182,RURAL,85,104,91.3,9
2025,GENERAL,FULL,B093,,Ресторанное дело и гостиничный бизнес,184,RURAL,87,105,93.2,12
2025,GENERAL,FULL,B094,,Санитарно-профилактические мероприятия,3,GENERAL,69,88,78.0,3
2025,GENERAL,FULL,B094,,Санитарно-профилактические мероприятия,3,RURAL,61,62,61.5,2
2025,GENERAL,FULL,B094,,Санитарно-профилактические мероприятия,11,GENERAL,70,77,72.3,3
2025,GENERAL,FULL,B094,,Санитарно-профилактические мероприятия,11,RURAL,61,64,62.2,6
2025,GENERAL,FULL,B094,,Санитарно-профилактические мероприятия,12,GENERAL,68,93,78.8,4
2025,GENERAL,FULL,B094,,Санитарно-профилактические мероприятия,12,RURAL,63,65,64.0,2
2025,GENERAL,FULL,B094,,Санитарно-профилактические мероприятия,15,GENERAL,69,91,76.7,7
2025,GENERAL,FULL,B094,,Санитарно-профилактические мероприятия,15,RURAL,63,66,64.7,3
2025,GENERAL,FULL,B094,,Санитарно-профилактические мероприятия,19,RURAL,60,63,61.2,5
2025,GENERAL,FULL,B094,,Санитарно-профилактические мероприятия,24,GENERAL,75,77,76.0,2
2025,GENERAL,FULL,B094,,Санитарно-профилактические мероприятия,24,RURAL,67,67,67.0,1
2025,GENERAL,FULL,B094,,Санитарно-профилактические мероприятия,27,GENERAL,68,98,75.9,20
2025,GENERAL,FULL,B094,,Санитарно-профилактические мероприятия,27,RURAL,65,67,66.0,3
2025,GENERAL,FULL,B094,,Санитарно-профилактические мероприятия,29,GENERAL,68,80,71.4,5
2025,GENERAL,FULL,B094,,Санитарно-профилактические мероприятия,29,RURAL,66,68,67.0,3
2025,GENERAL,FULL,B094,,Санитарно-профилактические мероприятия,31,GENERAL,77,101,85.7,3
2025,GENERAL,FULL,B094,,Санитарно-профилактические мероприятия,32,GENERAL,73,74,73.5,2
2025,GENERAL,FULL,B094,,Санитарно-профилактические мероприятия,34,GENERAL,69,87,76.5,8
2025,GENERAL,FULL,B094,,Санитарно-профилактические мероприятия,34,RURAL,60,68,64.8,4
2025,GENERAL,FULL,B094,,Санитарно-профилактические мероприятия,35,GENERAL,75,75,75.0,1
2025,GENERAL,FULL,B094,,Санитарно-профилактические мероприятия,35,RURAL,68,68,68.0,1
2025,GENERAL,FULL,B094,,Санитарно-профилактические мероприятия,38,GENERAL,68,76,72.0,2
2025,GENERAL,FULL,B094,,Санитарно-профилактические мероприятия,38,RURAL,60,61,60.5,2
2025,GENERAL,FULL,B094,,Санитарно-профилактические мероприятия,42,GENERAL,71,106,84.3,3
2025,GENERAL,FULL,B094,,Санитарно-профилактические мероприятия,42,RURAL,60,60,60.0,1
2025,GENERAL,FULL,B094,,Санитарно-профилактические мероприятия,45,GENERAL,70,73,71.3,3
2025,GENERAL,FULL,B094,,Санитарно-профилактические мероприятия,45,RURAL,67,67,67.0,1
2025,GENERAL,FULL,B094,,Санитарно-профилактические мероприятия,49,GENERAL,74,74,74.0,1
2025,GENERAL,FULL,B094,,Санитарно-профилактические мероприятия,49,RURAL,60,65,62.5,2
2025,GENERAL,FULL,B094,,Санитарно-профилактические мероприятия,57,GENERAL,68,77,73.0,3
2025,GENERAL,FULL,B094,,Санитарно-профилактические мероприятия,57,RURAL,60,68,64.3,3
2025,GENERAL,FULL,B094,,Санитарно-профилактические мероприятия,79,GENERAL,69,69,69.0,1
2025,GENERAL,FULL,B094,,Санитарно-профилактические мероприятия,79,RURAL,65,65,65.0,1
2025,GENERAL,FULL,B094,,Санитарно-профилактические мероприятия,158,GENERAL,72,89,80.5,2
2025,GENERAL,FULL,B094,,Санитарно-профилактические мероприятия,158,RURAL,61,63,62.0,2
2025,GENERAL,FULL,B094,,Санитарно-профилактические мероприятия,182,GENERAL,69,88,77.9,11
2025,GENERAL,FULL,B094,,Санитарно-профилактические мероприятия,182,RURAL,62,66,64.0,2
2025,GENERAL,FULL,B094,,Санитарно-профилактические мероприятия,198,RURAL,67,67,67.0,1
2025,GENERAL,FULL,B094,,Санитарно-профилактические мероприятия,501,GENERAL,68,105,77.4,10
2025,GENERAL,FULL,B094,,Санитарно-профилактические мероприятия,501,RURAL,62,67,64.2,8
2025,GENERAL,FULL,B094,,Санитарно-профилактические мероприятия,529,GENERAL,69,74,71.7,3
2025,GENERAL,FULL,B095,,Транспортные услуги,2,GENERAL,118,118,118.0,1
2025,GENERAL,FULL,B095,,Транспортные услуги,2,RURAL,107,110,108.5,2
2025,GENERAL,FULL,B095,,Транспортные услуги,12,GENERAL,116,116,116.0,1
2025,GENERAL,FULL,B095,,Транспортные услуги,13,GENERAL,112,126,115.3,49
2025,GENERAL,FULL,B095,,Транспортные услуги,13,RURAL,104,109,106.2,14
2025,GENERAL,FULL,B095,,Транспортные услуги,19,GENERAL,112,114,113.0,3
2025,GENERAL,FULL,B095,,Транспортные услуги,19,RURAL,104,104,104.0,1
2025,GENERAL,FULL,B095,,Транспортные услуги,24,RURAL,106,106,106.0,1
2025,GENERAL,FULL,B095,,Транспортные услуги,27,GENERAL,112,121,114.6,33
2025,GENERAL,FULL,B095,,Транспортные услуги,27,RURAL,104,111,106.0,21
2025,GENERAL,FULL,B095,,Транспортные услуги,29,GENERAL,112,120,114.2,5
2025,GENERAL,FULL,B095,,Транспортные услуги,29,RURAL,105,109,107.0,2
2025,GENERAL,FULL,B095,,Транспортные услуги,31,RURAL,105,109,107.0,2
2025,GENERAL,FULL,B095,,Транспортные услуги,32,GENERAL,124,124,124.0,1
2025,GENERAL,FULL,B095,,Транспортные услуги,38,GENERAL,121,121,121.0,1
2025,GENERAL,FULL,B095,,Транспортные услуги,45,GENERAL,114,114,114.0,2
2025,GENERAL,FULL,B095,,Транспортные услуги,69,GENERAL,112,115,113.3,3
2025,GENERAL,FULL,B095,,Транспортные услуги,69,RURAL,106,110,107.7,3
2025,GENERAL,FULL,B095,,Транспортные услуги,82,GENERAL,113,115,114.0,2
2025,GENERAL,FULL,B095,,Транспортные услуги,82,RURAL,104,104,104.0,1
2025,GENERAL,FULL,B095,,Транспортные услуги,83,GENERAL,113,120,114.8,9
2025,GENERAL,FULL,B095,,Транспортные услуги,83,RURAL,105,111,108.6,7
2025,GENERAL,FULL,B095,,Транспортные услуги,93,GENERAL,114,114,114.0,1
2025,GENERAL,FULL,B095,,Транспортные услуги,157,GENERAL,120,120,120.0,1
2025,GENERAL,FULL,B095,,Транспортные услуги,157,RURAL,105,109,107.0,2
2025,GENERAL,FULL,B095,,Транспортные услуги,160,RURAL,106,110,108.3,3
2025,GENERAL,FULL,B095,,Транспортные услуги,501,RURAL,105,105,105.0,1
2025,GENERAL,FULL,B126,,Транспортное строительство,12,GENERAL,50,53,51.2,4
2025,GENERAL,FULL,B126,,Транспортное строительство,19,GENERAL,50,81,54.0,263
2025,GENERAL,FULL,B126,,Транспортное строительство,22,GENERAL,55,73,61.4,71
2025,GENERAL,FULL,B126,,Транспортное строительство,32,GENERAL,50,97,55.8,107
2025,GENERAL,FULL,B126,,Транспортное строительство,38,GENERAL,50,69,56.5,35
2025,GENERAL,FULL,B126,,Транспортное строительство,78,GENERAL,51,69,56.6,11
2025,GENERAL,FULL,B126,,Транспортное строительство,162,GENERAL,51,58,53.2,10
2025,GENERAL,FULL,B134,,Археология и этнология,13,GENERAL,96,109,100.2,21
2025,GENERAL,FULL,B134,,Археология и этнология,27,GENERAL,95,105,99.6,8
2025,GENERAL,FULL,B134,,Археология и этнология,27,RURAL,86,95,90.6,13
2025,GENERAL,FULL,B134,,Археология и этнология,31,GENERAL,97,97,97.0,1
2025,GENERAL,FULL,B134,,Археология и этнология,31,RURAL,93,93,93.0,1
2025,GENERAL,FULL,B134,,Археология и этнология,34,RURAL,88,88,88.0,1
2025,GENERAL,FULL,B134,,Археология и этнология,38,GENERAL,96,98,97.0,2
2025,GENERAL,FULL,B134,,Археология и этнология,38,RURAL,87,87,87.0,1
2025,GENERAL,FULL,B134,,Археология и этнология,45,RURAL,86,94,90.0,2
2025,GENERAL,FULL,B135,,Востоковедение,13,GENERAL,122,133,125.3,45
2025,GENERAL,FULL,B135,,Востоковедение,23,GENERAL,122,126,123.7,6
2025,GENERAL,FULL,B135,,Востоковедение,27,GENERAL,122,133,124.5,28
2025,GENERAL,FULL,B140,,Международные отношения и дипломатия,13,GENERAL,128,138,130.7,40
2025,GENERAL,FULL,B140,,Международные отношения и дипломатия,21,GENERAL,128,133,129.7,7
2025,GENERAL,FULL,B140,,Международные отношения и дипломатия,27,GENERAL,128,134,130.6,10
2025,GENERAL,FULL,B140,,Международные отношения и дипломатия,69,GENERAL,129,129,129.0,1
2025,GENERAL,FULL,B140,,Международные отношения и дипломатия,174,GENERAL,135,138,135.9,22
2025,GENERAL,FULL,B140,,Международные отношения и дипломатия,302,GENERAL,128,137,130.8,44
2025,GENERAL,FULL,B145,,Государственный аудит,13,GENERAL,113,132,117.5,22
2025,GENERAL,FULL,B157,,Математическое и компьютерное моделирование,190,GENERAL,90,119,95.2,59
2025,GENERAL,FULL,B158,,Криптология,13,GENERAL,103,117,106.6,31
2025,GENERAL,FULL,B158,,Криптология,27,GENERAL,123,123,123.0,1
2025,GENERAL,FULL,B162,,Теплоэнергетика,38,GENERAL,50,65,55.6,28
2025,GENERAL,FULL,B162,,Теплоэнергетика,57,GENERAL,50,107,58.2,200
2025,GENERAL,FULL,B162,,Теплоэнергетика,147,GENERAL,54,83,66.2,4
2025,GENERAL,FULL,B165,,Магистральные сети и инфраструктура,19,GENERAL,55,69,59.3,111
2025,GENERAL,FULL,B165,,Магистральные сети и инфраструктура,29,GENERAL,65,127,72.5,19
2025,GENERAL,FULL,B166,,Транспортные сооружения,19,GENERAL,50,80,55.0,66
2025,GENERAL,FULL,B166,,Транспортные сооружения,29,GENERAL,65,72,67.8,12
2025,GENERAL,FULL,B167,,Летная эксплуатация летательных аппаратов и двигателей,157,GENERAL,88,134,103.2,188
2025,GENERAL,FULL,B171,,Металлургия,5,GENERAL,60,66,62.3,23
2025,GENERAL,FULL,B171,,Металлургия,33,GENERAL,50,58,52.5,10
2025,GENERAL,FULL,B171,,Металлургия,38,GENERAL,50,76,55.2,29
2025,GENERAL,FULL,B171,,Металлургия,147,GENERAL,50,72,54.9,10
2025,GENERAL,FULL,B173,,Гидромелиорация,501,GENERAL,50,70,53.8,68
2025,GENERAL,FULL,B175,,Водоснабжение и водоотведение,529,GENERAL,50,50,50.0,1
2025,GENERAL,FULL,B176,,Гидротехническое строительство и управление водными ресурсами,529,GENERAL,50,56,53.0,31
2025,GENERAL,FULL,B183,,Агроинженерия,2,GENERAL,57,71,61.8,119
2025,GENERAL,FULL,B183,,Агроинженерия,2,RURAL,52,57,54.2,40
2025,GENERAL,FULL,B183,,Агроинженерия,24,RURAL,52,55,53.0,14
2025,GENERAL,FULL,B183,,Агроинженерия,34,GENERAL,57,59,57.8,6
2025,GENERAL,FULL,B183,,Агроинженерия,34,RURAL,52,56,54.3,3
2025,GENERAL,FULL,B183,,Агроинженерия,35,RURAL,53,53,53.0,1
2025,GENERAL,FULL,B183,,Агроинженерия,36,GENERAL,57,73,62.4,7
2025,GENERAL,FULL,B183,,Агроинженерия,45,GENERAL,57,67,61.6,21
2025,GENERAL,FULL,B183,,Агроинженерия,45,RURAL,52,57,54.2,21
2025,GENERAL,FULL,B183,,Агроинженерия,140,GENERAL,63,63,63.0,1
2025,GENERAL,FULL,B183,,Агроинженерия,140,RURAL,54,54,54.0,1
2025,GENERAL,FULL,B183,,Агроинженерия,501,GENERAL,59,59,59.0,1
2025,GENERAL,FULL,B183,,Агроинженерия,501,RURAL,52,55,53.8,4
2025,GENERAL,FULL,B234,,Музейное дело и охрана памятников,27,GENERAL,113,118,114.9,26
2025,GENERAL,FULL,B234,,Музейное дело и охрана памятников,27,RURAL,107,112,109.4,14
2025,GENERAL,SHORT,B001,,Педагогика и психология,3,GENERAL,35,35,35.0,1
2025,GENERAL,SHORT,B001,,Педагогика и психология,7,GENERAL,35,43,37.9,14
2025,GENERAL,SHORT,B001,,Педагогика и психология,15,GENERAL,36,38,37.0,2
2025,GENERAL,SHORT,B001,,Педагогика и психология,16,GENERAL,36,37,36.5,2
2025,GENERAL,SHORT,B001,,Педагогика и психология,31,GENERAL,36,41,38.2,4
2025,GENERAL,SHORT,B001,,Педагогика и психология,34,GENERAL,37,38,37.8,4
2025,GENERAL,SHORT,B001,,Педагогика и психология,35,GENERAL,38,38,38.0,1
2025,GENERAL,SHORT,B001,,Педагогика и психология,36,GENERAL,35,37,36.4,5
2025,GENERAL,SHORT,B001,,Педагогика и психология,40,GENERAL,45,45,45.0,1
2025,GENERAL,SHORT,B001,,Педагогика и психология,42,GENERAL,36,37,36.5,2
2025,GENERAL,SHORT,B001,,Педагогика и психология,43,GENERAL,36,36,36.0,2
2025,GENERAL,SHORT,B001,,Педагогика и психология,45,GENERAL,36,36,36.0,1
2025,GENERAL,SHORT,B001,,Педагогика и психология,47,GENERAL,36,37,36.5,2
2025,GENERAL,SHORT,B001,,Педагогика и психология,154,GENERAL,36,36,36.0,2
2025,GENERAL,SHORT,B001,,Педагогика и психология,158,GENERAL,40,40,40.0,1
2025,GENERAL,SHORT,B001,,Педагогика и психология,302,GENERAL,46,46,46.0,1
2025,GENERAL,SHORT,B001,,Педагогика и психология,305,GENERAL,37,37,37.0,2
2025,GENERAL,SHORT,B001,,Педагогика и психология,517,GENERAL,35,45,38.7,3
2025,GENERAL,SHORT,B002,,Дошкольное обучение и воспитание,5,GENERAL,36,36,36.0,2
2025,GENERAL,SHORT,B002,,Дошкольное обучение и воспитание,7,GENERAL,37,37,37.0,1
2025,GENERAL,SHORT,B002,,Дошкольное обучение и воспитание,16,GENERAL,39,39,39.0,1
2025,GENERAL,SHORT,B002,,Дошкольное обучение и воспитание,25,GENERAL,37,42,39.3,3
2025,GENERAL,SHORT,B002,,Дошкольное обучение и воспитание,31,GENERAL,36,37,36.5,2
2025,GENERAL,SHORT,B002,,Дошкольное обучение и воспитание,34,GENERAL,35,54,41.2,15
2025,GENERAL,SHORT,B002,,Дошкольное обучение и воспитание,36,GENERAL,35,41,38.1,7
2025,GENERAL,SHORT,B002,,Дошкольное обучение и воспитание,45,GENERAL,44,44,44.0,1
2025,GENERAL,SHORT,B002,,Дошкольное обучение и воспитание,47,GENERAL,43,48,45.5,2
2025,GENERAL,SHORT,B002,,Дошкольное обучение и воспитание,158,GENERAL,40,40,40.0,1
2025,GENERAL,SHORT,B002,,Дошкольное обучение и воспитание,185,GENERAL,35,43,39.0,2
2025,GENERAL,SHORT,B002,,Дошкольное обучение и воспитание,517,GENERAL,35,44,39.8,4
2025,GENERAL,SHORT,B003,,Педагогика и методика начального обучения,5,GENERAL,38,49,43.5,2
2025,GENERAL,SHORT,B003,,Педагогика и методика начального обучения,7,GENERAL,38,53,41.9,17
2025,GENERAL,SHORT,B003,,Педагогика и методика начального обучения,10,GENERAL,38,42,40.0,2
2025,GENERAL,SHORT,B003,,Педагогика и методика начального обучения,11,GENERAL,38,43,39.8,4
2025,GENERAL,SHORT,B003,,Педагогика и методика начального обучения,16,GENERAL,38,43,40.5,4
2025,GENERAL,SHORT,B003,,Педагогика и методика начального обучения,25,GENERAL,38,50,41.9,17
2025,GENERAL,SHORT,B003,,Педагогика и методика начального обучения,31,GENERAL,38,46,41.8,5
2025,GENERAL,SHORT,B003,,Педагогика и методика начального обучения,34,GENERAL,38,54,43.4,27
2025,GENERAL,SHORT,B003,,Педагогика и методика начального обучения,35,GENERAL,38,41,39.5,2
2025,GENERAL,SHORT,B003,,Педагогика и методика начального обучения,36,GENERAL,38,51,41.1,9
2025,GENERAL,SHORT,B003,,Педагогика и методика начального обучения,40,GENERAL,39,40,39.5,2
2025,GENERAL,SHORT,B003,,Педагогика и методика начального обучения,42,GENERAL,43,43,43.0,1
2025,GENERAL,SHORT,B003,,Педагогика и методика начального обучения,43,GENERAL,40,40,40.0,1
2025,GENERAL,SHORT,B003,,Педагогика и методика начального обучения,47,GENERAL,39,42,40.5,2
2025,GENERAL,SHORT,B003,,Педагогика и методика начального обучения,141,GENERAL,42,42,42.0,1
2025,GENERAL,SHORT,B003,,Педагогика и методика начального обучения,158,GENERAL,38,38,38.0,1
2025,GENERAL,SHORT,B003,,Педагогика и методика начального обучения,185,GENERAL,39,53,44.2,16
2025,GENERAL,SHORT,B003,,Педагогика и методика начального обучения,302,GENERAL,41,49,44.7,3
2025,GENERAL,SHORT,B003,,Педагогика и методика начального обучения,517,GENERAL,38,43,39.8,8
2025,GENERAL,SHORT,B005,,Подготовка учителей физической культуры,7,GENERAL,38,48,42.8,8
2025,GENERAL,SHORT,B005,,Подготовка учителей физической культуры,10,GENERAL,38,38,38.0,2
2025,GENERAL,SHORT,B005,,Подготовка учителей физической культуры,11,GENERAL,40,50,45.0,7
2025,GENERAL,SHORT,B005,,Подготовка учителей физической культуры,14,GENERAL,40,51,45.4,5
2025,GENERAL,SHORT,B005,,Подготовка учителей физической культуры,15,GENERAL,39,44,41.5,2
2025,GENERAL,SHORT,B005,,Подготовка учителей физической культуры,16,GENERAL,49,49,49.0,1
2025,GENERAL,SHORT,B005,,Подготовка учителей физической культуры,20,GENERAL,37,54,43.3,21
2025,GENERAL,SHORT,B005,,Подготовка учителей физической культуры,25,GENERAL,41,42,41.3,3
2025,GENERAL,SHORT,B005,,Подготовка учителей физической культуры,31,GENERAL,39,49,43.5,11
2025,GENERAL,SHORT,B005,,Подготовка учителей физической культуры,34,GENERAL,38,42,39.2,4
2025,GENERAL,SHORT,B005,,Подготовка учителей физической культуры,35,GENERAL,43,47,45.0,2
2025,GENERAL,SHORT,B005,,Подготовка учителей физической культуры,36,GENERAL,39,55,45.7,13
2025,GENERAL,SHORT,B005,,Подготовка учителей физической культуры,37,GENERAL,46,46,46.0,1
2025,GENERAL,SHORT,B005,,Подготовка учителей физической культуры,40,GENERAL,38,50,42.4,16
2025,GENERAL,SHORT,B005,,Подготовка учителей физической культуры,42,GENERAL,44,49,46.5,2
2025,GENERAL,SHORT,B005,,Подготовка учителей физической культуры,122,GENERAL,45,45,45.0,1
2025,GENERAL,SHORT,B005,,Подготовка учителей физической культуры,153,GENERAL,38,55,45.6,7
2025,GENERAL,SHORT,B005,,Подготовка учителей физической культуры,158,GENERAL,38,56,46.3,7
2025,GENERAL,SHORT,B005,,Подготовка учителей физической культуры,196,GENERAL,42,45,43.5,2
2025,GENERAL,SHORT,B005,,Подготовка учителей физической культуры,198,GENERAL,40,40,40.0,1
2025,GENERAL,SHORT,B005,,Подготовка учителей физической культуры,305,GENERAL,39,39,39.0,1
2025,GENERAL,SHORT,B005,,Подготовка учителей физической культуры,501,GENERAL,38,45,41.0,4
2025,GENERAL,SHORT,B005,,Подготовка учителей физической культуры,517,GENERAL,38,50,43.0,9
2025,GENERAL,SHORT,B005,,Подготовка учителей физической культуры,527,GENERAL,39,50,42.5,13
2025,GENERAL,SHORT,B006,,Подготовка учителей музыки,5,GENERAL,46,46,46.0,1
2025,GENERAL,SHORT,B006,,Подготовка учителей музыки,7,GENERAL,38,47,42.2,6
2025,GENERAL,SHORT,B006,,Подготовка учителей музыки,8,GENERAL,46,46,46.0,1
2025,GENERAL,SHORT,B006,,Подготовка учителей музыки,10,GENERAL,39,39,39.0,1
2025,GENERAL,SHORT,B006,,Подготовка учителей музыки,16,GENERAL,38,40,39.0,2
2025,GENERAL,SHORT,B006,,Подготовка учителей музыки,25,GENERAL,40,43,41.5,2
2025,GENERAL,SHORT,B006,,Подготовка учителей музыки,34,GENERAL,40,47,44.2,5
2025,GENERAL,SHORT,B006,,Подготовка учителей музыки,36,GENERAL,38,48,42.2,4
2025,GENERAL,SHORT,B006,,Подготовка учителей музыки,40,GENERAL,40,53,44.7,7
2025,GENERAL,SHORT,B007,,Подготовка учителей художественного труда и черчения,7,GENERAL,41,46,44.0,3
2025,GENERAL,SHORT,B007,,Подготовка учителей художественного труда и черчения,10,GENERAL,41,45,43.0,2
2025,GENERAL,SHORT,B007,,Подготовка учителей художественного труда и черчения,16,GENERAL,40,52,44.2,5
2025,GENERAL,SHORT,B007,,Подготовка учителей художественного труда и черчения,25,GENERAL,49,49,49.0,1
2025,GENERAL,SHORT,B007,,Подготовка учителей художественного труда и черчения,34,GENERAL,40,48,43.4,5
2025,GENERAL,SHORT,B007,,Подготовка учителей художественного труда и черчения,36,GENERAL,45,51,48.0,4
2025,GENERAL,SHORT,B007,,Подготовка учителей художественного труда и черчения,158,GENERAL,39,39,39.0,1
2025,GENERAL,SHORT,B007,,Подготовка учителей художественного труда и черчения,196,GENERAL,38,41,39.0,3
2025,GENERAL,SHORT,B007,,Подготовка учителей художественного труда и черчения,517,GENERAL,46,48,47.0,2
2025,GENERAL,SHORT,B011,,Подготовка учителей информатики,5,GENERAL,45,45,45.0,1
2025,GENERAL,SHORT,B011,,Подготовка учителей информатики,11,GENERAL,37,37,37.0,1
2025,GENERAL,SHORT,B011,,Подготовка учителей информатики,16,GENERAL,47,47,47.0,1
2025,GENERAL,SHORT,B011,,Подготовка учителей информатики,25,GENERAL,44,44,44.0,1
2025,GENERAL,SHORT,B011,,Подготовка учителей информатики,34,GENERAL,35,57,40.4,19
2025,GENERAL,SHORT,B011,,Подготовка учителей информатики,35,GENERAL,36,45,40.0,3
2025,GENERAL,SHORT,B011,,Подготовка учителей информатики,158,GENERAL,36,37,36.5,2
2025,GENERAL,SHORT,B011,,Подготовка учителей информатики,185,GENERAL,35,46,39.6,8
2025,GENERAL,SHORT,B011,,Подготовка учителей информатики,517,GENERAL,35,48,42.2,5
2025,GENERAL,SHORT,B016,,Подготовка учителей казахского языка и литературы,5,GENERAL,41,41,41.0,1
2025,GENERAL,SHORT,B016,,Подготовка учителей казахского языка и литературы,7,GENERAL,41,48,44.5,2
2025,GENERAL,SHORT,B016,,Подготовка учителей казахского языка и литературы,11,GENERAL,42,42,42.0,1
2025,GENERAL,SHORT,B016,,Подготовка учителей казахского языка и литературы,16,GENERAL,38,49,42.1,7
2025,GENERAL,SHORT,B016,,Подготовка учителей казахского языка и литературы,25,GENERAL,38,41,39.7,3
2025,GENERAL,SHORT,B016,,Подготовка учителей казахского языка и литературы,31,GENERAL,51,51,51.0,1
2025,GENERAL,SHORT,B016,,Подготовка учителей казахского языка и литературы,34,GENERAL,38,55,44.5,17
2025,GENERAL,SHORT,B016,,Подготовка учителей казахского языка и литературы,35,GENERAL,38,40,39.0,2
2025,GENERAL,SHORT,B016,,Подготовка учителей казахского языка и литературы,36,GENERAL,36,36,36.0,1
2025,GENERAL,SHORT,B016,,Подготовка учителей казахского языка и литературы,40,GENERAL,42,42,42.0,1
2025,GENERAL,SHORT,B016,,Подготовка учителей казахского языка и литературы,47,GENERAL,39,39,39.0,1
2025,GENERAL,SHORT,B016,,Подготовка учителей казахского языка и литературы,185,GENERAL,37,45,40.9,8
2025,GENERAL,SHORT,B016,,Подготовка учителей казахского языка и литературы,517,GENERAL,37,49,42.0,5
2025,GENERAL,SHORT,B017,,Подготовка учителей русского языка и литературы,3,GENERAL,45,45,45.0,1
2025,GENERAL,SHORT,B017,,Подготовка учителей русского языка и литературы,5,GENERAL,47,47,47.0,1
2025,GENERAL,SHORT,B017,,Подготовка учителей русского языка и литературы,8,GENERAL,48,48,48.0,1
2025,GENERAL,SHORT,B017,,Подготовка учителей русского языка и литературы,15,GENERAL,38,43,40.0,3
2025,GENERAL,SHORT,B017,,Подготовка учителей русского языка и литературы,16,GENERAL,38,42,40.0,2
2025,GENERAL,SHORT,B017,,Подготовка учителей русского языка и литературы,25,GENERAL,41,55,44.9,15
2025,GENERAL,SHORT,B017,,Подготовка учителей русского языка и литературы,31,GENERAL,40,52,45.2,5
2025,GENERAL,SHORT,B017,,Подготовка учителей русского языка и литературы,34,GENERAL,38,46,42.2,13
2025,GENERAL,SHORT,B017,,Подготовка учителей русского языка и литературы,35,GENERAL,37,54,46.6,9
2025,GENERAL,SHORT,B017,,Подготовка учителей русского языка и литературы,141,GENERAL,40,41,40.3,3
2025,GENERAL,SHORT,B017,,Подготовка учителей русского языка и литературы,305,GENERAL,39,47,43.0,2
2025,GENERAL,SHORT,B017,,Подготовка учителей русского языка и литературы,517,GENERAL,37,47,40.4,5
2025,GENERAL,SHORT,B018,,Подготовка учителей иностранного языка,3,GENERAL,44,44,44.0,1
2025,GENERAL,SHORT,B018,,Подготовка учителей иностранного языка,5,GENERAL,46,56,51.0,2
2025,GENERAL,SHORT,B018,,Подготовка учителей иностранного языка,7,GENERAL,38,65,47.2,67
2025,GENERAL,SHORT,B018,,Подготовка учителей иностранного языка,7,RURAL,35,35,35.0,1
2025,GENERAL,SHORT,B018,,Подготовка учителей иностранного языка,10,GENERAL,38,50,43.5,8
2025,GENERAL,SHORT,B018,,Подготовка учителей иностранного языка,11,GENERAL,39,53,45.1,10
2025,GENERAL,SHORT,B018,,Подготовка учителей иностранного языка,15,GENERAL,38,53,41.7,6
2025,GENERAL,SHORT,B018,,Подготовка учителей иностранного языка,16,GENERAL,38,58,48.0,6
2025,GENERAL,SHORT,B018,,Подготовка учителей иностранного языка,23,GENERAL,38,68,52.5,55
2025,GENERAL,SHORT,B018,,Подготовка учителей иностранного языка,25,GENERAL,40,67,47.6,32
2025,GENERAL,SHORT,B018,,Подготовка учителей иностранного языка,34,GENERAL,39,65,50.8,18
2025,GENERAL,SHORT,B018,,Подготовка учителей иностранного языка,35,GENERAL,38,66,48.5,26
2025,GENERAL,SHORT,B018,,Подготовка учителей иностранного языка,36,GENERAL,39,58,46.9,26
2025,GENERAL,SHORT,B018,,Подготовка учителей иностранного языка,40,GENERAL,38,60,44.7,25
2025,GENERAL,SHORT,B018,,Подготовка учителей иностранного языка,42,GENERAL,42,46,43.7,3
2025,GENERAL,SHORT,B018,,Подготовка учителей иностранного языка,43,GENERAL,38,50,43.8,5
2025,GENERAL,SHORT,B018,,Подготовка учителей иностранного языка,45,GENERAL,42,42,42.0,1
2025,GENERAL,SHORT,B018,,Подготовка учителей иностранного языка,45,RURAL,37,37,37.0,1
2025,GENERAL,SHORT,B018,,Подготовка учителей иностранного языка,47,GENERAL,40,57,47.5,15
2025,GENERAL,SHORT,B018,,Подготовка учителей иностранного языка,116,GENERAL,40,54,46.4,17
2025,GENERAL,SHORT,B018,,Подготовка учителей иностранного языка,141,GENERAL,48,48,48.0,2
2025,GENERAL,SHORT,B018,,Подготовка учителей иностранного языка,153,GENERAL,38,61,47.6,5
2025,GENERAL,SHORT,B018,,Подготовка учителей иностранного языка,158,GENERAL,40,52,44.4,5
2025,GENERAL,SHORT,B018,,Подготовка учителей иностранного языка,185,GENERAL,38,67,50.7,98
2025,GENERAL,SHORT,B018,,Подготовка учителей иностранного языка,196,GENERAL,42,52,47.0,2
2025,GENERAL,SHORT,B018,,Подготовка учителей иностранного языка,196,RURAL,37,37,37.0,1
2025,GENERAL,SHORT,B018,,Подготовка учителей иностранного языка,223,GENERAL,38,38,38.0,1
2025,GENERAL,SHORT,B018,,Подготовка учителей иностранного языка,305,GENERAL,47,47,47.0,1
2025,GENERAL,SHORT,B018,,Подготовка учителей иностранного языка,416,GENERAL,40,43,41.7,3
2025,GENERAL,SHORT,B018,,Подготовка учителей иностранного языка,517,GENERAL,38,47,42.2,12
2025,GENERAL,SHORT,B020,,Специальная педагогика,7,GENERAL,35,35,35.0,1
2025,GENERAL,SHORT,B020,,Специальная педагогика,11,GENERAL,39,39,39.0,2
2025,GENERAL,SHORT,B020,,Специальная педагогика,31,GENERAL,40,40,40.0,1
2025,GENERAL,SHORT,B028,,Хореография,16,GENERAL,43,46,44.5,2
2025,GENERAL,SHORT,B028,,Хореография,25,GENERAL,45,45,45.0,1
2025,GENERAL,SHORT,B028,,Хореография,34,GENERAL,45,47,46.0,2
2025,GENERAL,SHORT,B029,,Аудиовизуальные средства и медиа производство,7,GENERAL,37,49,40.8,10
2025,GENERAL,SHORT,B031,,"Мода, дизайн",22,GENERAL,49,63,54.3,28
2025,GENERAL,SHORT,B031,,"Мода, дизайн",35,GENERAL,52,53,52.5,2
2025,GENERAL,SHORT,B031,,"Мода, дизайн",53,GENERAL,50,50,50.0,1
2025,GENERAL,SHORT,B031,,"Мода, дизайн",182,GENERAL,51,52,51.7,3
2025,GENERAL,SHORT,B031,,"Мода, дизайн",184,GENERAL,50,54,51.8,4
2025,GENERAL,SHORT,B033,,Религия и теология,37,GENERAL,45,48,46.5,2
2025,GENERAL,SHORT,B033,,Религия и теология,37,RURAL,44,44,44.0,1
2025,GENERAL,SHORT,B033,,Религия и теология,503,GENERAL,44,51,47.1,17
2025,GENERAL,SHORT,B033,,Религия и теология,503,RURAL,43,44,43.2,10
2025,GENERAL,SHORT,B036,,Переводческое дело,7,GENERAL,51,51,51.0,1
2025,GENERAL,SHORT,B036,,Переводческое дело,23,GENERAL,50,65,56.6,9
2025,GENERAL,SHORT,B036,,Переводческое дело,31,GENERAL,52,60,56.7,3
2025,GENERAL,SHORT,B036,,Переводческое дело,36,GENERAL,50,50,50.0,1
2025,GENERAL,SHORT,B036,,Переводческое дело,47,GENERAL,55,55,55.0,1
2025,GENERAL,SHORT,B036,,Переводческое дело,79,GENERAL,59,59,59.0,1
2025,GENERAL,SHORT,B036,,Переводческое дело,93,GENERAL,56,61,58.0,3
2025,GENERAL,SHORT,B036,,Переводческое дело,184,GENERAL,50,63,56.8,13
2025,GENERAL,SHORT,B041,,Психология,36,GENERAL,30,33,31.0,3
2025,GENERAL,SHORT,B041,,Психология,38,GENERAL,31,31,31.0,1
2025,GENERAL,SHORT,B041,,Психология,45,GENERAL,26,26,26.0,1
2025,GENERAL,SHORT,B041,,Психология,79,GENERAL,34,34,34.0,1
2025,GENERAL,SHORT,B041,,Психология,184,GENERAL,25,45,30.8,6
2025,GENERAL,SHORT,B042,,Журналистика и репортерское дело,38,GENERAL,32,32,32.0,1
2025,GENERAL,SHORT,B042,,Журналистика и репортерское дело,153,GENERAL,46,46,46.0,1
2025,GENERAL,SHORT,B043,,"Библиотечное дело, обработка информации и архивное дело",16,GENERAL,28,28,28.0,1
2025,GENERAL,SHORT,B051,,Окружающая среда,24,GENERAL,26,29,27.5,2
2025,GENERAL,SHORT,B051,,Окружающая среда,122,GENERAL,32,32,32.0,1
2025,GENERAL,SHORT,B051,,Окружающая среда,182,GENERAL,25,25,25.0,1
2025,GENERAL,SHORT,B057,,Информационные технологии,2,GENERAL,29,44,35.0,21
2025,GENERAL,SHORT,B057,,Информационные технологии,3,GENERAL,30,30,30.0,1
2025,GENERAL,SHORT,B057,,Информационные технологии,5,GENERAL,30,50,38.2,4
2025,GENERAL,SHORT,B057,,Информационные технологии,9,GENERAL,31,33,32.0,3
2025,GENERAL,SHORT,B057,,Информационные технологии,11,GENERAL,40,40,40.0,1
2025,GENERAL,SHORT,B057,,Информационные технологии,12,GENERAL,29,52,38.8,17
2025,GENERAL,SHORT,B057,,Информационные технологии,15,GENERAL,30,40,33.3,3
2025,GENERAL,SHORT,B057,,Информационные технологии,19,GENERAL,29,48,34.2,12
2025,GENERAL,SHORT,B057,,Информационные технологии,25,GENERAL,45,45,45.0,1
2025,GENERAL,SHORT,B057,,Информационные технологии,29,GENERAL,29,55,39.8,49
2025,GENERAL,SHORT,B057,,Информационные технологии,31,GENERAL,30,40,33.8,5
2025,GENERAL,SHORT,B057,,Информационные технологии,32,GENERAL,31,48,39.6,25
2025,GENERAL,SHORT,B057,,Информационные технологии,33,GENERAL,31,43,38.6,7
2025,GENERAL,SHORT,B057,,Информационные технологии,34,GENERAL,30,33,31.5,2
2025,GENERAL,SHORT,B057,,Информационные технологии,35,GENERAL,30,47,35.6,7
2025,GENERAL,SHORT,B057,,Информационные технологии,36,GENERAL,33,48,41.3,7
2025,GENERAL,SHORT,B057,,Информационные технологии,37,GENERAL,32,32,32.0,1
2025,GENERAL,SHORT,B057,,Информационные технологии,38,GENERAL,29,53,38.6,43
2025,GENERAL,SHORT,B057,,Информационные технологии,40,GENERAL,31,48,36.9,7
2025,GENERAL,SHORT,B057,,Информационные технологии,43,GENERAL,30,53,36.7,9
2025,GENERAL,SHORT,B057,,Информационные технологии,45,GENERAL,30,44,34.4,7
2025,GENERAL,SHORT,B057,,Информационные технологии,49,GENERAL,29,38,34.0,9
2025,GENERAL,SHORT,B057,,Информационные технологии,53,GENERAL,35,41,38.0,3
2025,GENERAL,SHORT,B057,,Информационные технологии,57,GENERAL,29,53,39.2,19
2025,GENERAL,SHORT,B057,,Информационные технологии,69,GENERAL,33,40,35.3,6
2025,GENERAL,SHORT,B057,,Информационные технологии,79,GENERAL,39,43,40.3,3
2025,GENERAL,SHORT,B057,,Информационные технологии,83,GENERAL,32,51,40.5,8
2025,GENERAL,SHORT,B057,,Информационные технологии,93,GENERAL,29,44,36.9,10
2025,GENERAL,SHORT,B057,,Информационные технологии,122,GENERAL,35,53,40.2,14
2025,GENERAL,SHORT,B057,,Информационные технологии,140,GENERAL,30,56,37.6,7
2025,GENERAL,SHORT,B057,,Информационные технологии,141,GENERAL,41,41,41.0,1
2025,GENERAL,SHORT,B057,,Информационные технологии,146,GENERAL,30,45,35.3,6
2025,GENERAL,SHORT,B057,,Информационные технологии,147,GENERAL,31,37,33.7,3
2025,GENERAL,SHORT,B057,,Информационные технологии,153,GENERAL,44,49,47.3,3
2025,GENERAL,SHORT,B057,,Информационные технологии,158,GENERAL,29,48,38.5,2
2025,GENERAL,SHORT,B057,,Информационные технологии,160,GENERAL,29,47,36.5,11
2025,GENERAL,SHORT,B057,,Информационные технологии,173,GENERAL,31,49,40.2,11
2025,GENERAL,SHORT,B057,,Информационные технологии,182,GENERAL,29,47,35.6,49
2025,GENERAL,SHORT,B057,,Информационные технологии,184,GENERAL,29,51,38.4,30
2025,GENERAL,SHORT,B057,,Информационные технологии,190,GENERAL,30,58,39.9,60
2025,GENERAL,SHORT,B057,,Информационные технологии,198,GENERAL,31,50,35.3,7
2025,GENERAL,SHORT,B057,,Информационные технологии,199,GENERAL,34,44,39.0,2
2025,GENERAL,SHORT,B057,,Информационные технологии,223,GENERAL,34,36,34.7,3
2025,GENERAL,SHORT,B057,,Информационные технологии,302,GENERAL,45,57,48.9,11
2025,GENERAL,SHORT,B057,,Информационные технологии,501,GENERAL,33,33,33.0,1
2025,GENERAL,SHORT,B057,,Информационные технологии,522,GENERAL,40,62,47.1,81
2025,GENERAL,SHORT,B058,,Информационная безопасность,9,GENERAL,26,40,29.5,4
2025,GENERAL,SHORT,B058,,Информационная безопасность,29,GENERAL,25,52,34.0,56
2025,GENERAL,SHORT,B058,,Информационная безопасность,32,GENERAL,25,38,31.5,11
2025,GENERAL,SHORT,B058,,Информационная безопасность,34,GENERAL,25,36,29.6,12
2025,GENERAL,SHORT,B058,,Информационная безопасность,57,GENERAL,25,43,33.4,18
2025,GENERAL,SHORT,B058,,Информационная безопасность,190,GENERAL,25,62,36.1,44
2025,GENERAL,SHORT,B058,,Информационная безопасность,522,GENERAL,42,48,45.3,6
2025,GENERAL,SHORT,B059,,Коммуникации и коммуникационные технологии,32,GENERAL,28,33,30.5,2
2025,GENERAL,SHORT,B059,,Коммуникации и коммуникационные технологии,40,GENERAL,30,30,30.0,1
2025,GENERAL,SHORT,B059,,Коммуникации и коммуникационные технологии,49,GENERAL,25,25,25.0,1
2025,GENERAL,SHORT,B059,,Коммуникации и коммуникационные технологии,57,GENERAL,25,28,26.3,3
2025,GENERAL,SHORT,B060,,Химическая инженерия и процессы,9,GENERAL,25,25,25.0,1
2025,GENERAL,SHORT,B060,,Химическая инженерия и процессы,38,GENERAL,25,31,28.2,9
2025,GENERAL,SHORT,B062,,Электротехника и электроэнергетика,2,GENERAL,33,33,33.0,1
2025,GENERAL,SHORT,B062,,Электротехника и электроэнергетика,9,GENERAL,25,34,30.1,8
2025,GENERAL,SHORT,B062,,Электротехника и электроэнергетика,12,GENERAL,27,39,31.4,13
2025,GENERAL,SHORT,B062,,Электротехника и электроэнергетика,19,GENERAL,26,26,26.0,2
2025,GENERAL,SHORT,B062,,Электротехника и электроэнергетика,24,GENERAL,25,31,28.7,9
2025,GENERAL,SHORT,B062,,Электротехника и электроэнергетика,29,GENERAL,27,31,29.7,3
2025,GENERAL,SHORT,B062,,Электротехника и электроэнергетика,32,GENERAL,25,41,30.4,8
2025,GENERAL,SHORT,B062,,Электротехника и электроэнергетика,33,GENERAL,25,33,28.5,8
2025,GENERAL,SHORT,B062,,Электротехника и электроэнергетика,36,GENERAL,25,30,27.5,2
2025,GENERAL,SHORT,B062,,Электротехника и электроэнергетика,37,GENERAL,27,29,28.0,2
2025,GENERAL,SHORT,B062,,Электротехника и электроэнергетика,38,GENERAL,25,37,30.0,9
2025,GENERAL,SHORT,B062,,Электротехника и электроэнергетика,39,GENERAL,32,42,36.6,5
2025,GENERAL,SHORT,B062,,Электротехника и электроэнергетика,40,GENERAL,28,36,32.0,4
2025,GENERAL,SHORT,B062,,Электротехника и электроэнергетика,45,GENERAL,29,34,31.5,2
2025,GENERAL,SHORT,B062,,Электротехника и электроэнергетика,49,GENERAL,30,30,30.0,1
2025,GENERAL,SHORT,B062,,Электротехника и электроэнергетика,57,GENERAL,25,43,29.5,38
2025,GENERAL,SHORT,B062,,Электротехника и электроэнергетика,140,GENERAL,27,27,27.0,1
2025,GENERAL,SHORT,B062,,Электротехника и электроэнергетика,146,GENERAL,25,40,29.9,8
2025,GENERAL,SHORT,B062,,Электротехника и электроэнергетика,147,GENERAL,40,40,40.0,1
2025,GENERAL,SHORT,B062,,Электротехника и электроэнергетика,162,GENERAL,30,30,30.0,1
2025,GENERAL,SHORT,B062,,Электротехника и электроэнергетика,198,GENERAL,27,32,29.9,7
2025,GENERAL,SHORT,B062,,Электротехника и электроэнергетика,501,GENERAL,32,32,32.0,1
2025,GENERAL,SHORT,B063,,Электротехника и автоматизация,2,GENERAL,28,35,30.7,6
2025,GENERAL,SHORT,B063,,Электротехника и автоматизация,9,GENERAL,26,38,30.6,15
2025,GENERAL,SHORT,B063,,Электротехника и автоматизация,12,GENERAL,29,29,29.0,1
2025,GENERAL,SHORT,B063,,Электротехника и автоматизация,14,GENERAL,25,25,25.0,1
2025,GENERAL,SHORT,B063,,Электротехника и автоматизация,19,GENERAL,25,27,26.2,4
2025,GENERAL,SHORT,B063,,Электротехника и автоматизация,33,GENERAL,25,28,26.2,5
2025,GENERAL,SHORT,B063,,Электротехника и автоматизация,38,GENERAL,27,31,29.7,3
2025,GENERAL,SHORT,B063,,Электротехника и автоматизация,39,GENERAL,31,39,35.0,4
2025,GENERAL,SHORT,B063,,Электротехника и автоматизация,43,GENERAL,35,35,35.0,1
2025,GENERAL,SHORT,B063,,Электротехника и автоматизация,45,GENERAL,29,30,29.5,2
2025,GENERAL,SHORT,B063,,Электротехника и автоматизация,57,GENERAL,25,47,32.3,15
2025,GENERAL,SHORT,B063,,Электротехника и автоматизация,140,GENERAL,27,39,33.0,2
2025,GENERAL,SHORT,B063,,Электротехника и автоматизация,416,GENERAL,25,25,25.0,1
2025,GENERAL,SHORT,B064,,Механика и металлообработка,12,GENERAL,33,33,33.0,1
2025,GENERAL,SHORT,B064,,Механика и металлообработка,24,GENERAL,29,29,29.0,1
2025,GENERAL,SHORT,B064,,Механика и металлообработка,29,GENERAL,37,37,37.0,1
2025,GENERAL,SHORT,B064,,Механика и металлообработка,32,GENERAL,30,39,33.6,9
2025,GENERAL,SHORT,B064,,Механика и металлообработка,33,GENERAL,27,33,29.3,3
2025,GENERAL,SHORT,B064,,Механика и металлообработка,35,GENERAL,30,30,30.0,1
2025,GENERAL,SHORT,B064,,Механика и металлообработка,36,GENERAL,35,41,38.0,2
2025,GENERAL,SHORT,B064,,Механика и металлообработка,38,GENERAL,25,39,31.5,11
2025,GENERAL,SHORT,B064,,Механика и металлообработка,40,GENERAL,27,38,31.3,6
2025,GENERAL,SHORT,B064,,Механика и металлообработка,45,GENERAL,29,29,29.0,1
2025,GENERAL,SHORT,B064,,Механика и металлообработка,140,GENERAL,28,36,31.3,3
2025,GENERAL,SHORT,B064,,Механика и металлообработка,146,GENERAL,26,27,26.5,2
2025,GENERAL,SHORT,B064,,Механика и металлообработка,182,GENERAL,43,43,43.0,1
2025,GENERAL,SHORT,B064,,Механика и металлообработка,198,GENERAL,30,33,31.5,2
2025,GENERAL,SHORT,B064,,Механика и металлообработка,501,GENERAL,40,40,40.0,1
2025,GENERAL,SHORT,B065,,Транспортная техника и технологии,2,GENERAL,25,32,28.7,6
2025,GENERAL,SHORT,B065,,Транспортная техника и технологии,12,GENERAL,26,36,29.2,9
2025,GENERAL,SHORT,B065,,Транспортная техника и технологии,19,GENERAL,25,40,28.3,21
2025,GENERAL,SHORT,B065,,Транспортная техника и технологии,24,GENERAL,35,35,35.0,1
2025,GENERAL,SHORT,B065,,Транспортная техника и технологии,31,GENERAL,25,30,27.5,2
2025,GENERAL,SHORT,B065,,Транспортная техника и технологии,32,GENERAL,30,31,30.5,2
2025,GENERAL,SHORT,B065,,Транспортная техника и технологии,33,GENERAL,28,34,31.0,2
2025,GENERAL,SHORT,B065,,Транспортная техника и технологии,34,GENERAL,27,27,27.0,1
2025,GENERAL,SHORT,B065,,Транспортная техника и технологии,36,GENERAL,25,38,30.0,10
2025,GENERAL,SHORT,B065,,Транспортная техника и технологии,38,GENERAL,26,35,29.0,9
2025,GENERAL,SHORT,B065,,Транспортная техника и технологии,40,GENERAL,25,30,27.5,2
2025,GENERAL,SHORT,B065,,Транспортная техника и технологии,78,GENERAL,25,30,26.2,6
2025,GENERAL,SHORT,B065,,Транспортная техника и технологии,140,GENERAL,26,26,26.0,1
2025,GENERAL,SHORT,B065,,Транспортная техника и технологии,147,GENERAL,25,25,25.0,1
2025,GENERAL,SHORT,B065,,Транспортная техника и технологии,162,GENERAL,27,30,28.5,2
2025,GENERAL,SHORT,B065,,Транспортная техника и технологии,198,GENERAL,26,30,28.3,3
2025,GENERAL,SHORT,B065,,Транспортная техника и технологии,501,GENERAL,28,28,28.0,1
2025,GENERAL,SHORT,B066,,Морской транспорт и технологии,3,GENERAL,25,42,32.2,5
2025,GENERAL,SHORT,B067,,Воздушный транспорт и технологии,157,GENERAL,25,47,31.1,36
2025,GENERAL,SHORT,B068,,Производство продуктов питания,34,GENERAL,26,26,26.0,2
2025,GENERAL,SHORT,B068,,Производство продуктов питания,36,GENERAL,26,40,31.0,4
2025,GENERAL,SHORT,B068,,Производство продуктов питания,53,GENERAL,25,33,27.6,10
2025,GENERAL,SHORT,B068,,Производство продуктов питания,182,GENERAL,26,29,27.5,2
2025,GENERAL,SHORT,B068,,Производство продуктов питания,501,GENERAL,25,25,25.0,1
2025,GENERAL,SHORT,B070,,"Текстиль: одежда, обувь и кожаные изделия",53,GENERAL,25,33,30.5,4
2025,GENERAL,SHORT,B070,,"Текстиль: одежда, обувь и кожаные изделия",182,GENERAL,26,34,28.3,9
2025,GENERAL,SHORT,B071,,Горное дело и добыча полезных ископаемых,12,GENERAL,33,38,35.5,2
2025,GENERAL,SHORT,B071,,Горное дело и добыча полезных ископаемых,32,GENERAL,28,34,30.6,7
2025,GENERAL,SHORT,B071,,Горное дело и добыча полезных ископаемых,39,GENERAL,32,32,32.0,1
2025,GENERAL,SHORT,B071,,Горное дело и добыча полезных ископаемых,147,GENERAL,41,41,41.0,1
2025,GENERAL,SHORT,B073,,Архитектура,12,GENERAL,35,39,37.3,3
2025,GENERAL,SHORT,B073,,Архитектура,22,GENERAL,35,61,44.0,127
2025,GENERAL,SHORT,B073,,Архитектура,29,GENERAL,33,56,44.2,18
2025,GENERAL,SHORT,B073,,Архитектура,32,GENERAL,39,48,43.3,3
2025,GENERAL,SHORT,B073,,Архитектура,38,GENERAL,31,55,44.5,6
2025,GENERAL,SHORT,B073,,Архитектура,45,GENERAL,39,39,39.0,1
2025,GENERAL,SHORT,B073,,Архитектура,79,GENERAL,30,45,36.3,3
2025,GENERAL,SHORT,B074,,"Градостроительство, строительные работы и гражданское строительство",12,GENERAL,25,39,31.1,13
2025,GENERAL,SHORT,B074,,"Градостроительство, строительные работы и гражданское строительство",14,GENERAL,27,27,27.0,1
2025,GENERAL,SHORT,B074,,"Градостроительство, строительные работы и гражданское строительство",19,GENERAL,25,30,27.4,8
2025,GENERAL,SHORT,B074,,"Градостроительство, строительные работы и гражданское строительство",22,GENERAL,30,38,32.6,24
2025,GENERAL,SHORT,B074,,"Градостроительство, строительные работы и гражданское строительство",29,GENERAL,25,37,29.0,21
2025,GENERAL,SHORT,B074,,"Градостроительство, строительные работы и гражданское строительство",32,GENERAL,25,36,30.1,10
2025,GENERAL,SHORT,B074,,"Градостроительство, строительные работы и гражданское строительство",33,GENERAL,25,36,30.0,5
2025,GENERAL,SHORT,B074,,"Градостроительство, строительные работы и гражданское строительство",34,GENERAL,25,35,30.2,5
2025,GENERAL,SHORT,B074,,"Градостроительство, строительные работы и гражданское строительство",35,GENERAL,26,29,28.2,5
2025,GENERAL,SHORT,B074,,"Градостроительство, строительные работы и гражданское строительство",38,GENERAL,25,40,31.3,19
2025,GENERAL,SHORT,B074,,"Градостроительство, строительные работы и гражданское строительство",39,GENERAL,25,25,25.0,1
2025,GENERAL,SHORT,B074,,"Градостроительство, строительные работы и гражданское строительство",40,GENERAL,27,27,27.0,1
2025,GENERAL,SHORT,B074,,"Градостроительство, строительные работы и гражданское строительство",45,GENERAL,27,32,29.8,4
2025,GENERAL,SHORT,B074,,"Градостроительство, строительные работы и гражданское строительство",79,GENERAL,25,31,27.7,3
2025,GENERAL,SHORT,B074,,"Градостроительство, строительные работы и гражданское строительство",198,GENERAL,25,34,28.8,4
2025,GENERAL,SHORT,B074,,"Градостроительство, строительные работы и гражданское строительство",199,GENERAL,29,29,29.0,1
2025,GENERAL,SHORT,B074,,"Градостроительство, строительные работы и гражданское строительство",202,GENERAL,34,34,34.0,1
2025,GENERAL,SHORT,B074,,"Градостроительство, строительные работы и гражданское строительство",529,GENERAL,30,30,30.0,1
2025,GENERAL,SHORT,B075,,Кадастр и землеустройство,24,GENERAL,25,33,28.8,4
2025,GENERAL,SHORT,B075,,Кадастр и землеустройство,29,GENERAL,27,27,27.0,1
2025,GENERAL,SHORT,B075,,Кадастр и землеустройство,198,GENERAL,25,25,25.0,1
2025,GENERAL,SHORT,B076,,"Стандартизация, сертификация и метрология (по отраслям)",33,GENERAL,29,29,29.0,1
2025,GENERAL,SHORT,B076,,"Стандартизация, сертификация и метрология (по отраслям)",36,GENERAL,30,30,30.0,1
2025,GENERAL,SHORT,B076,,"Стандартизация, сертификация и метрология (по отраслям)",49,GENERAL,26,26,26.0,1
2025,GENERAL,SHORT,B076,,"Стандартизация, сертификация и метрология (по отраслям)",53,GENERAL,30,30,30.0,1
2025,GENERAL,SHORT,B076,,"Стандартизация, сертификация и метрология (по отраслям)",122,GENERAL,34,34,34.0,1
2025,GENERAL,SHORT,B076,,"Стандартизация, сертификация и метрология (по отраслям)",182,GENERAL,26,26,26.0,1
2025,GENERAL,SHORT,B077,,Растениеводство,36,GENERAL,25,34,29.3,7
2025,GENERAL,SHORT,B079,,Лесное хозяйство,2,GENERAL,32,32,32.0,1
2025,GENERAL,SHORT,B079,,Лесное хозяйство,12,GENERAL,30,30,30.0,1
2025,GENERAL,SHORT,B079,,Лесное хозяйство,24,GENERAL,26,48,33.7,9
2025,GENERAL,SHORT,B082,,Водные ресурсы и водопользования,24,GENERAL,28,32,30.0,2
2025,GENERAL,SHORT,B083,,Ветеринария,2,GENERAL,29,42,34.8,4
2025,GENERAL,SHORT,B083,,Ветеринария,24,GENERAL,26,49,34.5,20
2025,GENERAL,SHORT,B083,,Ветеринария,36,GENERAL,27,52,35.5,18
2025,GENERAL,SHORT,B083,,Ветеринария,42,GENERAL,25,25,25.0,1
2025,GENERAL,SHORT,B083,,Ветеринария,45,GENERAL,31,35,33.0,3
2025,GENERAL,SHORT,B083,,Ветеринария,198,GENERAL,25,38,32.4,7
2025,GENERAL,SHORT,B083,,Ветеринария,501,GENERAL,27,39,33.0,2
2025,GENERAL,SHORT,B091,,Туризм,3,GENERAL,30,30,30.0,1
2025,GENERAL,SHORT,B091,,Туризм,20,GENERAL,29,47,36.0,4
2025,GENERAL,SHORT,B091,,Туризм,23,GENERAL,31,41,36.6,7
2025,GENERAL,SHORT,B091,,Туризм,35,GENERAL,29,29,29.0,1
2025,GENERAL,SHORT,B091,,Туризм,49,GENERAL,28,35,32.3,6
2025,GENERAL,SHORT,B091,,Туризм,53,GENERAL,28,28,28.0,3
2025,GENERAL,SHORT,B091,,Туризм,69,GENERAL,29,40,35.5,6
2025,GENERAL,SHORT,B091,,Туризм,83,GENERAL,28,40,36.4,5
2025,GENERAL,SHORT,B091,,Туризм,93,GENERAL,28,34,31.3,6
2025,GENERAL,SHORT,B091,,Туризм,122,GENERAL,37,37,37.0,1
2025,GENERAL,SHORT,B091,,Туризм,140,GENERAL,36,36,36.0,1
2025,GENERAL,SHORT,B091,,Туризм,153,GENERAL,37,37,37.0,1
2025,GENERAL,SHORT,B091,,Туризм,160,GENERAL,32,34,33.0,2
2025,GENERAL,SHORT,B091,,Туризм,173,GENERAL,30,44,35.2,4
2025,GENERAL,SHORT,B091,,Туризм,182,GENERAL,30,49,37.5,13
2025,GENERAL,SHORT,B091,,Туризм,184,GENERAL,28,37,31.2,9
2025,GENERAL,SHORT,B092,,Досуг,40,GENERAL,56,56,56.0,1
2025,GENERAL,SHORT,B093,,Ресторанное дело и гостиничный бизнес,23,GENERAL,31,46,38.2,5
2025,GENERAL,SHORT,B093,,Ресторанное дело и гостиничный бизнес,45,GENERAL,34,35,34.5,2
2025,GENERAL,SHORT,B093,,Ресторанное дело и гостиничный бизнес,53,GENERAL,26,47,35.5,11
2025,GENERAL,SHORT,B093,,Ресторанное дело и гостиничный бизнес,69,GENERAL,30,32,31.0,2
2025,GENERAL,SHORT,B093,,Ресторанное дело и гостиничный бизнес,122,GENERAL,26,38,33.2,6
2025,GENERAL,SHORT,B093,,Ресторанное дело и гостиничный бизнес,153,GENERAL,38,43,40.5,2
2025,GENERAL,SHORT,B093,,Ресторанное дело и гостиничный бизнес,160,GENERAL,34,34,34.0,1
2025,GENERAL,SHORT,B093,,Ресторанное дело и гостиничный бизнес,182,GENERAL,26,44,36.6,10
2025,GENERAL,SHORT,B093,,Ресторанное дело и гостиничный бизнес,184,GENERAL,29,41,35.2,10
2025,GENERAL,SHORT,B095,,Транспортные услуги,12,GENERAL,30,30,30.0,1
2025,GENERAL,SHORT,B095,,Транспортные услуги,19,GENERAL,27,35,30.5,17
2025,GENERAL,SHORT,B095,,Транспортные услуги,29,GENERAL,28,28,28.0,1
2025,GENERAL,SHORT,B095,,Транспортные услуги,32,GENERAL,31,33,32.0,2
2025,GENERAL,SHORT,B095,,Транспортные услуги,38,GENERAL,31,38,33.8,4
2025,GENERAL,SHORT,B095,,Транспортные услуги,45,GENERAL,29,29,29.0,1
2025,GENERAL,SHORT,B095,,Транспортные услуги,78,GENERAL,28,31,29.7,6
2025,GENERAL,SHORT,B095,,Транспортные услуги,93,GENERAL,35,35,35.0,1
2025,GENERAL,SHORT,B095,,Транспортные услуги,140,GENERAL,31,32,31.5,2
2025,GENERAL,SHORT,B095,,Транспортные услуги,147,GENERAL,29,34,31.5,2
2025,GENERAL,SHORT,B095,,Транспортные услуги,157,GENERAL,28,38,30.9,12
2025,GENERAL,SHORT,B095,,Транспортные услуги,162,GENERAL,33,33,33.0,1
2025,GENERAL,SHORT,B126,,Транспортное строительство,19,GENERAL,31,32,31.5,2
2025,GENERAL,SHORT,B126,,Транспортное строительство,78,GENERAL,27,30,28.5,4
2025,GENERAL,SHORT,B162,,Теплоэнергетика,2,GENERAL,28,28,28.0,1
2025,GENERAL,SHORT,B162,,Теплоэнергетика,12,GENERAL,36,36,36.0,1
2025,GENERAL,SHORT,B162,,Теплоэнергетика,24,GENERAL,25,31,28.0,2
2025,GENERAL,SHORT,B162,,Теплоэнергетика,32,GENERAL,34,39,36.5,2
2025,GENERAL,SHORT,B162,,Теплоэнергетика,33,GENERAL,27,28,27.3,3
2025,GENERAL,SHORT,B162,,Теплоэнергетика,38,GENERAL,32,36,34.0,2
2025,GENERAL,SHORT,B162,,Теплоэнергетика,57,GENERAL,25,39,30.3,11
2025,GENERAL,SHORT,B171,,Металлургия,12,GENERAL,35,35,35.0,1
2025,GENERAL,SHORT,B171,,Металлургия,29,GENERAL,25,25,25.0,1
2025,GENERAL,SHORT,B171,,Металлургия,33,GENERAL,26,36,31.2,5
2025,GENERAL,SHORT,B171,,Металлургия,38,GENERAL,25,35,30.3,3
2025,GENERAL,SHORT,B271,,Нефтегазовое дело,29,GENERAL,30,46,38.1,9
2025,GENERAL,SHORT,B271,,Нефтегазовое дело,38,GENERAL,28,42,34.9,20
2025,GENERAL,SHORT,B271,,Нефтегазовое дело,182,GENERAL,30,40,35.0,7
2025,GENERAL,SHORT,B271,,Нефтегазовое дело,198,GENERAL,25,44,33.3,3
2025,GENERAL,SHORT,B271,,Нефтегазовое дело,501,GENERAL,25,25,25.0,1
2025,HEALTH_MINISTRY,FULL,B084,,Сестринское дело,1,GENERAL,103,112,106.0,6
2025,HEALTH_MINISTRY,FULL,B084,,Сестринское дело,1,RURAL,92,102,97.5,4
2025,HEALTH_MINISTRY,FULL,B084,,Сестринское дело,4,GENERAL,100,103,101.5,2
2025,HEALTH_MINISTRY,FULL,B084,,Сестринское дело,4,RURAL,99,99,99.0,1
2025,HEALTH_MINISTRY,FULL,B084,,Сестринское дело,26,GENERAL,100,103,101.5,2
2025,HEALTH_MINISTRY,FULL,B084,,Сестринское дело,26,RURAL,99,99,99.0,1
2025,HEALTH_MINISTRY,FULL,B084,,Сестринское дело,41,GENERAL,100,101,100.5,2
2025,HEALTH_MINISTRY,FULL,B084,,Сестринское дело,80,RURAL,96,96,96.0,1
2025,HEALTH_MINISTRY,FULL,B085,,Фармация,1,GENERAL,126,138,130.6,5
2025,HEALTH_MINISTRY,FULL,B085,,Фармация,1,RURAL,111,113,112.3,3
2025,HEALTH_MINISTRY,FULL,B085,,Фармация,4,GENERAL,106,106,106.0,1
2025,HEALTH_MINISTRY,FULL,B085,,Фармация,4,RURAL,101,101,101.0,1
2025,HEALTH_MINISTRY,FULL,B085,,Фармация,26,GENERAL,112,131,118.7,11
2025,HEALTH_MINISTRY,FULL,B085,,Фармация,26,RURAL,104,112,107.0,6
2025,HEALTH_MINISTRY,FULL,B085,,Фармация,27,GENERAL,124,124,124.0,1
2025,HEALTH_MINISTRY,FULL,B085,,Фармация,27,RURAL,107,107,107.0,1
2025,HEALTH_MINISTRY,FULL,B085,,Фармация,30,GENERAL,105,121,108.9,9
2025,HEALTH_MINISTRY,FULL,B085,,Фармация,30,RURAL,99,102,101.0,3
2025,HEALTH_MINISTRY,FULL,B085,,Фармация,41,GENERAL,107,118,110.2,5
2025,HEALTH_MINISTRY,FULL,B085,,Фармация,44,GENERAL,110,110,110.0,1
2025,HEALTH_MINISTRY,FULL,B085,,Фармация,44,RURAL,100,104,102.0,2
2025,HEALTH_MINISTRY,FULL,B085,,Фармация,80,GENERAL,105,116,108.7,11
2025,HEALTH_MINISTRY,FULL,B085,,Фармация,80,RURAL,99,103,100.8,8
2025,HEALTH_MINISTRY,FULL,BM086,,Медицина,1,GENERAL,128,139,132.3,241
2025,HEALTH_MINISTRY,FULL,BM086,,Медицина,1,RURAL,117,127,122.0,130
2025,HEALTH_MINISTRY,FULL,BM086,,Медицина,4,GENERAL,112,135,117.4,92
2025,HEALTH_MINISTRY,FULL,BM086,,Медицина,4,RURAL,103,112,107.5,53
2025,HEALTH_MINISTRY,FULL,BM086,,Медицина,26,GENERAL,124,138,128.9,134
2025,HEALTH_MINISTRY,FULL,BM086,,Медицина,26,RURAL,116,124,119.6,74
2025,HEALTH_MINISTRY,FULL,BM086,,Медицина,27,GENERAL,119,119,119.0,1
2025,HEALTH_MINISTRY,FULL,BM086,,Медицина,27,RURAL,116,116,116.0,1
2025,HEALTH_MINISTRY,FULL,BM086,,Медицина,30,GENERAL,112,134,117.7,316
2025,HEALTH_MINISTRY,FULL,BM086,,Медицина,30,RURAL,103,112,107.0,158
2025,HEALTH_MINISTRY,FULL,BM086,,Медицина,37,GENERAL,125,136,128.5,10
2025,HEALTH_MINISTRY,FULL,BM086,,Медицина,37,RURAL,122,125,123.5,6
2025,HEALTH_MINISTRY,FULL,BM086,,Медицина,41,GENERAL,112,135,117.8,71
2025,HEALTH_MINISTRY,FULL,BM086,,Медицина,41,RURAL,103,111,106.6,13
2025,HEALTH_MINISTRY,FULL,BM086,,Медицина,44,GENERAL,113,135,119.6,17
2025,HEALTH_MINISTRY,FULL,BM086,,Медицина,44,RURAL,104,110,107.7,3
2025,HEALTH_MINISTRY,FULL,BM086,,Медицина,80,GENERAL,112,124,115.9,90
2025,HEALTH_MINISTRY,FULL,BM086,,Медицина,80,RURAL,103,112,106.9,88
2025,HEALTH_MINISTRY,FULL,BM088,,Педиатрия,1,GENERAL,122,127,124.5,26
2025,HEALTH_MINISTRY,FULL,BM088,,Педиатрия,1,RURAL,115,121,116.8,14
2025,HEALTH_MINISTRY,FULL,BM088,,Педиатрия,4,GENERAL,106,114,108.6,34
2025,HEALTH_MINISTRY,FULL,BM088,,Педиатрия,4,RURAL,99,105,101.3,24
2025,HEALTH_MINISTRY,FULL,BM088,,Педиатрия,26,GENERAL,113,126,117.6,81
2025,HEALTH_MINISTRY,FULL,BM088,,Педиатрия,26,RURAL,107,113,109.9,43
2025,HEALTH_MINISTRY,FULL,BM088,,Педиатрия,30,GENERAL,105,116,108.5,125
2025,HEALTH_MINISTRY,FULL,BM088,,Педиатрия,30,RURAL,99,105,100.9,74
2025,HEALTH_MINISTRY,FULL,BM088,,Педиатрия,41,GENERAL,105,115,108.7,39
2025,HEALTH_MINISTRY,FULL,BM088,,Педиатрия,41,RURAL,100,102,100.8,6
2025,HEALTH_MINISTRY,FULL,BM088,,Педиатрия,44,GENERAL,105,118,108.4,10
2025,HEALTH_MINISTRY,FULL,BM088,,Педиатрия,44,RURAL,99,103,101.0,8
2025,HEALTH_MINISTRY,FULL,BM089,,Медико-профилактическое дело,1,GENERAL,113,127,116.9,14
2025,HEALTH_MINISTRY,FULL,BM089,,Медико-профилактическое дело,1,RURAL,102,111,105.7,7
2025,HEALTH_MINISTRY,FULL,BM089,,Медико-профилактическое дело,4,GENERAL,100,112,103.4,12
2025,HEALTH_MINISTRY,FULL,BM089,,Медико-профилактическое дело,4,RURAL,95,97,96.0,6
2025,HEALTH_MINISTRY,FULL,BM089,,Медико-профилактическое дело,26,GENERAL,102,116,106.4,24
2025,HEALTH_MINISTRY,FULL,BM089,,Медико-профилактическое дело,26,RURAL,98,102,100.0,13
2025,HEALTH_MINISTRY,FULL,BM089,,Медико-профилактическое дело,30,GENERAL,100,105,102.7,30
2025,HEALTH_MINISTRY,FULL,BM089,,Медико-профилактическое дело,30,RURAL,94,100,97.0,20
2025,HEALTH_MINISTRY,FULL,BM089,,Медико-профилактическое дело,41,GENERAL,101,105,102.9,10
2025,HEALTH_MINISTRY,FULL,BM089,,Медико-профилактическое дело,41,RURAL,97,97,97.0,1
2025,HEALTH_MINISTRY,FULL,BM089,,Медико-профилактическое дело,44,GENERAL,101,106,102.8,5
2025,HEALTH_MINISTRY,FULL,BM089,,Медико-профилактическое дело,44,RURAL,96,98,97.0,4
2025,RURAL_RELOCATION,FULL,B001,,Педагогика и психология,31,GENERAL,80,80,80.0,2
2025,RURAL_RELOCATION,FULL,B001,,Педагогика и психология,35,GENERAL,76,76,76.0,1
2025,RURAL_RELOCATION,FULL,B001,,Педагогика и психология,517,GENERAL,80,80,80.0,1
2025,RURAL_RELOCATION,FULL,B002,,Дошкольное обучение и воспитание,31,GENERAL,75,76,75.5,2
2025,RURAL_RELOCATION,FULL,B002,,Дошкольное обучение и воспитание,35,GENERAL,75,75,75.0,2
2025,RURAL_RELOCATION,FULL,B003,,Педагогика и методика начального обучения,8,GENERAL,75,75,75.0,1
2025,RURAL_RELOCATION,FULL,B003,,Педагогика и методика начального обучения,11,GENERAL,76,79,77.7,3
2025,RURAL_RELOCATION,FULL,B003,,Педагогика и методика начального обучения,31,GENERAL,80,82,81.2,5
2025,RURAL_RELOCATION,FULL,B003,,Педагогика и методика начального обучения,35,GENERAL,78,80,79.2,5
2025,RURAL_RELOCATION,FULL,B003,,Педагогика и методика начального обучения,42,GENERAL,77,77,77.0,1
2025,RURAL_RELOCATION,FULL,B003,,Педагогика и методика начального обучения,517,GENERAL,75,77,75.7,3
2025,RURAL_RELOCATION,FULL,B004,,Подготовка учителей начальной военной подготовки,36,GENERAL,103,118,113.8,17
2025,RURAL_RELOCATION,FULL,B005,,Подготовка учителей физической культуры,8,GENERAL,105,121,112.4,10
2025,RURAL_RELOCATION,FULL,B005,,Подготовка учителей физической культуры,36,GENERAL,111,120,115.0,5
2025,RURAL_RELOCATION,FULL,B005,,Подготовка учителей физической культуры,141,GENERAL,105,117,112.2,9
2025,RURAL_RELOCATION,FULL,B005,,Подготовка учителей физической культуры,158,GENERAL,111,120,116.8,13
2025,RURAL_RELOCATION,FULL,B005,,Подготовка учителей физической культуры,517,GENERAL,112,118,115.5,8
2025,RURAL_RELOCATION,FULL,B006,,Подготовка учителей музыки,8,GENERAL,91,95,93.0,5
2025,RURAL_RELOCATION,FULL,B006,,Подготовка учителей музыки,517,GENERAL,113,119,116.4,13
2025,RURAL_RELOCATION,FULL,B007,,Подготовка учителей художественного труда и черчения,8,GENERAL,114,115,114.5,2
2025,RURAL_RELOCATION,FULL,B007,,Подготовка учителей художественного труда и черчения,517,GENERAL,113,121,117.1,14
2025,RURAL_RELOCATION,FULL,B008,,Подготовка учителей основы права и экономики,31,GENERAL,76,90,81.9,25
2025,RURAL_RELOCATION,FULL,B008,,Подготовка учителей основы права и экономики,517,GENERAL,75,78,76.2,5
2025,RURAL_RELOCATION,FULL,B009,,Подготовка учителей математики,8,GENERAL,75,75,75.0,3
2025,RURAL_RELOCATION,FULL,B009,,Подготовка учителей математики,11,GENERAL,75,87,79.3,11
2025,RURAL_RELOCATION,FULL,B009,,Подготовка учителей математики,31,GENERAL,90,91,90.2,5
2025,RURAL_RELOCATION,FULL,B009,,Подготовка учителей математики,35,GENERAL,84,86,84.8,5
2025,RURAL_RELOCATION,FULL,B009,,Подготовка учителей математики,36,GENERAL,75,75,75.0,1
2025,RURAL_RELOCATION,FULL,B009,,Подготовка учителей математики,40,GENERAL,77,80,78.2,4
2025,RURAL_RELOCATION,FULL,B009,,Подготовка учителей математики,42,GENERAL,75,80,77.2,4
2025,RURAL_RELOCATION,FULL,B009,,Подготовка учителей математики,517,GENERAL,84,90,86.7,6
2025,RURAL_RELOCATION,FULL,B010,,Подготовка учителей физики,31,GENERAL,83,85,83.8,5
2025,RURAL_RELOCATION,FULL,B010,,Подготовка учителей физики,35,GENERAL,75,78,77.0,3
2025,RURAL_RELOCATION,FULL,B010,,Подготовка учителей физики,517,GENERAL,75,75,75.0,1
2025,RURAL_RELOCATION,FULL,B012,,Подготовка учителей химии,8,GENERAL,77,77,77.0,1
2025,RURAL_RELOCATION,FULL,B012,,Подготовка учителей химии,11,GENERAL,79,81,80.0,3
2025,RURAL_RELOCATION,FULL,B012,,Подготовка учителей химии,31,GENERAL,91,92,91.3,6
2025,RURAL_RELOCATION,FULL,B012,,Подготовка учителей химии,35,GENERAL,85,85,85.0,6
2025,RURAL_RELOCATION,FULL,B012,,Подготовка учителей химии,40,GENERAL,76,76,76.0,2
2025,RURAL_RELOCATION,FULL,B012,,Подготовка учителей химии,517,GENERAL,76,82,78.5,6
2025,RURAL_RELOCATION,FULL,B013,,Подготовка учителей биологии,8,GENERAL,75,78,76.4,5
2025,RURAL_RELOCATION,FULL,B013,,Подготовка учителей биологии,11,GENERAL,75,79,76.7,9
2025,RURAL_RELOCATION,FULL,B013,,Подготовка учителей биологии,31,GENERAL,90,92,90.7,14
2025,RURAL_RELOCATION,FULL,B013,,Подготовка учителей биологии,35,GENERAL,82,88,84.7,14
2025,RURAL_RELOCATION,FULL,B013,,Подготовка учителей биологии,36,GENERAL,76,76,76.0,1
2025,RURAL_RELOCATION,FULL,B013,,Подготовка учителей биологии,40,GENERAL,75,79,76.8,6
2025,RURAL_RELOCATION,FULL,B013,,Подготовка учителей биологии,517,GENERAL,78,86,81.6,14
2025,RURAL_RELOCATION,FULL,B014,,Подготовка учителей географии,8,GENERAL,76,81,79.2,5
2025,RURAL_RELOCATION,FULL,B014,,Подготовка учителей географии,11,GENERAL,78,85,81.8,5
2025,RURAL_RELOCATION,FULL,B014,,Подготовка учителей географии,31,GENERAL,90,92,90.6,5
2025,RURAL_RELOCATION,FULL,B014,,Подготовка учителей географии,35,GENERAL,86,89,87.6,5
2025,RURAL_RELOCATION,FULL,B014,,Подготовка учителей географии,36,GENERAL,76,86,82.2,5
2025,RURAL_RELOCATION,FULL,B014,,Подготовка учителей географии,40,GENERAL,78,82,80.0,2
2025,RURAL_RELOCATION,FULL,B014,,Подготовка учителей географии,145,GENERAL,75,75,75.0,1
2025,RURAL_RELOCATION,FULL,B014,,Подготовка учителей географии,517,GENERAL,81,88,84.3,3
2025,RURAL_RELOCATION,FULL,B015,,Подготовка учителей по гуманитарным предметам,8,GENERAL,77,84,82.5,6
2025,RURAL_RELOCATION,FULL,B015,,Подготовка учителей по гуманитарным предметам,11,GENERAL,79,91,83.6,7
2025,RURAL_RELOCATION,FULL,B015,,Подготовка учителей по гуманитарным предметам,31,GENERAL,93,98,95.0,6
2025,RURAL_RELOCATION,FULL,B015,,Подготовка учителей по гуманитарным предметам,35,GENERAL,89,92,90.7,6
2025,RURAL_RELOCATION,FULL,B015,,Подготовка учителей по гуманитарным предметам,36,GENERAL,78,84,80.0,6
2025,RURAL_RELOCATION,FULL,B015,,Подготовка учителей по гуманитарным предметам,40,GENERAL,75,85,78.8,6
2025,RURAL_RELOCATION,FULL,B015,,Подготовка учителей по гуманитарным предметам,42,GENERAL,77,85,81.5,6
2025,RURAL_RELOCATION,FULL,B015,,Подготовка учителей по гуманитарным предметам,141,GENERAL,75,84,80.2,12
2025,RURAL_RELOCATION,FULL,B015,,Подготовка учителей по гуманитарным предметам,145,GENERAL,78,78,78.0,1
2025,RURAL_RELOCATION,FULL,B015,,Подготовка учителей по гуманитарным предметам,158,GENERAL,77,87,79.7,7
2025,RURAL_RELOCATION,FULL,B015,,Подготовка учителей по гуманитарным предметам,517,GENERAL,85,90,87.4,7
2025,RURAL_RELOCATION,FULL,B016,,Подготовка учителей казахского языка и литературы,8,GENERAL,94,99,95.8,6
2025,RURAL_RELOCATION,FULL,B016,,Подготовка учителей казахского языка и литературы,11,GENERAL,97,107,101.8,12
2025,RURAL_RELOCATION,FULL,B016,,Подготовка учителей казахского языка и литературы,31,GENERAL,101,114,107.5,128
2025,RURAL_RELOCATION,FULL,B016,,Подготовка учителей казахского языка и литературы,35,GENERAL,98,114,103.8,58
2025,RURAL_RELOCATION,FULL,B016,,Подготовка учителей казахского языка и литературы,36,GENERAL,92,106,98.2,10
2025,RURAL_RELOCATION,FULL,B016,,Подготовка учителей казахского языка и литературы,40,GENERAL,93,104,96.2,11
2025,RURAL_RELOCATION,FULL,B016,,Подготовка учителей казахского языка и литературы,42,GENERAL,99,110,103.9,8
2025,RURAL_RELOCATION,FULL,B016,,Подготовка учителей казахского языка и литературы,141,GENERAL,95,104,97.7,11
2025,RURAL_RELOCATION,FULL,B016,,Подготовка учителей казахского языка и литературы,145,GENERAL,77,85,81.0,2
2025,RURAL_RELOCATION,FULL,B016,,Подготовка учителей казахского языка и литературы,153,GENERAL,78,80,79.0,2
2025,RURAL_RELOCATION,FULL,B016,,Подготовка учителей казахского языка и литературы,517,GENERAL,94,109,100.2,13
2025,RURAL_RELOCATION,FULL,B018,,Подготовка учителей иностранного языка,8,GENERAL,94,102,97.5,10
2025,RURAL_RELOCATION,FULL,B018,,Подготовка учителей иностранного языка,11,GENERAL,94,108,101.6,15
2025,RURAL_RELOCATION,FULL,B018,,Подготовка учителей иностранного языка,31,GENERAL,101,116,107.0,186
2025,RURAL_RELOCATION,FULL,B018,,Подготовка учителей иностранного языка,35,GENERAL,95,109,100.5,69
2025,RURAL_RELOCATION,FULL,B018,,Подготовка учителей иностранного языка,36,GENERAL,94,107,99.4,10
2025,RURAL_RELOCATION,FULL,B018,,Подготовка учителей иностранного языка,40,GENERAL,93,97,95.3,7
2025,RURAL_RELOCATION,FULL,B018,,Подготовка учителей иностранного языка,42,GENERAL,92,109,99.8,8
2025,RURAL_RELOCATION,FULL,B018,,Подготовка учителей иностранного языка,141,GENERAL,91,105,97.9,17
2025,RURAL_RELOCATION,FULL,B018,,Подготовка учителей иностранного языка,153,GENERAL,87,114,93.4,7
2025,RURAL_RELOCATION,FULL,B018,,Подготовка учителей иностранного языка,158,GENERAL,96,108,99.6,10
2025,RURAL_RELOCATION,FULL,B018,,Подготовка учителей иностранного языка,517,GENERAL,91,107,96.0,20
2025,RURAL_RELOCATION,FULL,B020,,Специальная педагогика,31,GENERAL,75,79,77.0,10
2025,RURAL_RELOCATION,FULL,B020,,Специальная педагогика,40,GENERAL,76,76,76.0,1
2025,RURAL_RELOCATION,FULL,B020,,Специальная педагогика,517,GENERAL,75,78,76.0,4
2025,RURAL_RELOCATION,FULL,B061,,Материаловедение и технологии,32,GENERAL,51,53,52.0,2
2025,RURAL_RELOCATION,FULL,B062,,Электротехника и электроэнергетика,12,GENERAL,50,55,52.5,2
2025,RURAL_RELOCATION,FULL,B062,,Электротехника и электроэнергетика,32,GENERAL,51,58,53.9,11
2025,RURAL_RELOCATION,FULL,B062,,Электротехника и электроэнергетика,38,GENERAL,51,57,54.0,2
2025,RURAL_RELOCATION,FULL,B062,,Электротехника и электроэнергетика,40,GENERAL,56,58,57.0,2
2025,RURAL_RELOCATION,FULL,B062,,Электротехника и электроэнергетика,140,GENERAL,54,55,54.5,2
2025,RURAL_RELOCATION,FULL,B062,,Электротехника и электроэнергетика,141,GENERAL,50,58,55.2,5
2025,RURAL_RELOCATION,FULL,B063,,Электротехника и автоматизация,32,GENERAL,51,67,58.0,8
2025,RURAL_RELOCATION,FULL,B063,,Электротехника и автоматизация,33,GENERAL,50,50,50.0,1
2025,RURAL_RELOCATION,FULL,B063,,Электротехника и автоматизация,40,GENERAL,51,58,54.5,2
2025,RURAL_RELOCATION,FULL,B063,,Электротехника и автоматизация,140,GENERAL,51,51,51.0,2
2025,RURAL_RELOCATION,FULL,B064,,Механика и металлообработка,32,GENERAL,50,50,50.0,1
2025,RURAL_RELOCATION,FULL,B064,,Механика и металлообработка,35,GENERAL,51,51,51.0,1
2025,RURAL_RELOCATION,FULL,B065,,Транспортная техника и технологии,32,GENERAL,51,51,51.0,1
2025,RURAL_RELOCATION,FULL,B068,,Производство продуктов питания,11,GENERAL,50,57,52.8,21
2025,RURAL_RELOCATION,FULL,B068,,Производство продуктов питания,33,GENERAL,50,64,56.4,27
2025,RURAL_RELOCATION,FULL,B068,,Производство продуктов питания,35,GENERAL,50,62,56.5,20
2025,RURAL_RELOCATION,FULL,B068,,Производство продуктов питания,38,GENERAL,50,54,51.8,8
2025,RURAL_RELOCATION,FULL,B068,,Производство продуктов питания,140,GENERAL,52,64,58.0,5
2025,RURAL_RELOCATION,FULL,B068,,Производство продуктов питания,146,GENERAL,55,55,55.0,1
2025,RURAL_RELOCATION,FULL,B071,,Горное дело и добыча полезных ископаемых,12,GENERAL,52,54,53.3,3
2025,RURAL_RELOCATION,FULL,B071,,Горное дело и добыча полезных ископаемых,32,GENERAL,50,57,52.7,14
2025,RURAL_RELOCATION,FULL,B071,,Горное дело и добыча полезных ископаемых,35,GENERAL,57,57,57.0,1
2025,RURAL_RELOCATION,FULL,B071,,Горное дело и добыча полезных ископаемых,38,GENERAL,53,53,53.0,1
2025,RURAL_RELOCATION,FULL,B072,,Технология фармацевтического производства,31,GENERAL,65,81,69.3,112
2025,RURAL_RELOCATION,FULL,B072,,Технология фармацевтического производства,33,GENERAL,50,73,58.1,307
2025,RURAL_RELOCATION,FULL,B073,,Архитектура,32,GENERAL,100,100,100.0,1
2025,RURAL_RELOCATION,FULL,B073,,Архитектура,38,GENERAL,52,52,52.0,1
2025,RURAL_RELOCATION,FULL,B074,,"Градостроительство, строительные работы и гражданское строительство",12,GENERAL,50,57,53.4,5
2025,RURAL_RELOCATION,FULL,B074,,"Градостроительство, строительные работы и гражданское строительство",32,GENERAL,51,70,57.3,31
2025,RURAL_RELOCATION,FULL,B074,,"Градостроительство, строительные работы и гражданское строительство",35,GENERAL,50,65,53.2,8
2025,RURAL_RELOCATION,FULL,B074,,"Градостроительство, строительные работы и гражданское строительство",38,GENERAL,67,67,67.0,1
2025,RURAL_RELOCATION,FULL,B075,,Кадастр и землеустройство,12,GENERAL,51,72,59.6,18
2025,RURAL_RELOCATION,FULL,B075,,Кадастр и землеустройство,32,GENERAL,50,79,62.3,106
2025,RURAL_RELOCATION,FULL,B076,,"Стандартизация, сертификация и метрология (по отраслям)",32,GENERAL,53,63,58.2,8
2025,RURAL_RELOCATION,FULL,B076,,"Стандартизация, сертификация и метрология (по отраслям)",33,GENERAL,51,51,51.0,1
2025,RURAL_RELOCATION,FULL,B076,,"Стандартизация, сертификация и метрология (по отраслям)",140,GENERAL,50,50,50.0,1
2025,RURAL_RELOCATION,FULL,B077,,Растениеводство,35,GENERAL,51,60,55.0,7
2025,RURAL_RELOCATION,FULL,B077,,Растениеводство,38,GENERAL,50,50,50.0,1
2025,RURAL_RELOCATION,FULL,B077,,Растениеводство,40,GENERAL,52,61,56.5,8
2025,RURAL_RELOCATION,FULL,B079,,Лесное хозяйство,11,GENERAL,53,65,59.2,36
2025,RURAL_RELOCATION,FULL,B079,,Лесное хозяйство,12,GENERAL,53,67,60.4,29
2025,RURAL_RELOCATION,FULL,B079,,Лесное хозяйство,35,GENERAL,52,67,59.1,103
2025,RURAL_RELOCATION,FULL,B079,,Лесное хозяйство,38,GENERAL,52,62,56.2,24
2025,RURAL_RELOCATION,FULL,B079,,Лесное хозяйство,40,GENERAL,52,67,60.4,25
2025,RURAL_RELOCATION,FULL,B083,,Ветеринария,36,GENERAL,50,51,50.5,2
2025,RURAL_RELOCATION,FULL,B083,,Ветеринария,146,GENERAL,53,53,53.0,1
2025,RURAL_RELOCATION,FULL,B183,,Агроинженерия,35,GENERAL,51,51,51.0,1
2025,SOCIAL_QUOTA,FULL,B001,,,15,GENERAL,83,83,83.0,1
2025,SOCIAL_QUOTA,FULL,B001,,,16,GENERAL,80,80,80.0,1
2025,SOCIAL_QUOTA,FULL,B001,,,40,GENERAL,75,79,76.7,3
2025,SOCIAL_QUOTA,FULL,B001,,,47,GENERAL,91,91,91.0,1
2025,SOCIAL_QUOTA,FULL,B001,,,143,GENERAL,75,75,75.0,1
2025,SOCIAL_QUOTA,FULL,B001,,,185,GENERAL,81,88,84.5,4
2025,SOCIAL_QUOTA,FULL,B001,KZ-040,,40,GENERAL,75,85,80.9,7
2025,SOCIAL_QUOTA,FULL,B002,,,5,GENERAL,77,77,77.0,1
2025,SOCIAL_QUOTA,FULL,B003,,,7,GENERAL,81,81,81.0,1
2025,SOCIAL_QUOTA,FULL,B003,,,15,GENERAL,85,85,85.0,1
2025,SOCIAL_QUOTA,FULL,B003,,,47,GENERAL,75,75,75.0,1
2025,SOCIAL_QUOTA,FULL,B003,,,185,GENERAL,80,84,82.0,2
2025,SOCIAL_QUOTA,FULL,B003,KZ-040,,40,GENERAL,77,78,77.5,2
2025,SOCIAL_QUOTA,FULL,B004,,,7,GENERAL,109,121,117.4,18
2025,SOCIAL_QUOTA,FULL,B004,,,10,GENERAL,92,114,101.8,4
2025,SOCIAL_QUOTA,FULL,B004,,,16,GENERAL,118,119,118.6,5
2025,SOCIAL_QUOTA,FULL,B004,,,31,GENERAL,115,121,118.2,13
2025,SOCIAL_QUOTA,FULL,B004,,,34,GENERAL,93,121,115.7,19
2025,SOCIAL_QUOTA,FULL,B004,,,36,GENERAL,115,120,117.7,3
2025,SOCIAL_QUOTA,FULL,B004,,,37,GENERAL,115,121,118.1,13
2025,SOCIAL_QUOTA,FULL,B004,,,43,GENERAL,117,120,118.8,13
2025,SOCIAL_QUOTA,FULL,B004,,,45,GENERAL,114,120,118.3,19
2025,SOCIAL_QUOTA,FULL,B004,,,158,GENERAL,115,118,117.1,8
2025,SOCIAL_QUOTA,FULL,B004,,,196,GENERAL,115,119,117.2,8
2025,SOCIAL_QUOTA,FULL,B004,,,223,GENERAL,118,120,119.3,3
2025,SOCIAL_QUOTA,FULL,B004,,,305,GENERAL,111,121,117.6,5
2025,SOCIAL_QUOTA,FULL,B004,,,501,GENERAL,115,120,117.9,7
2025,SOCIAL_QUOTA,FULL,B004,,,517,GENERAL,117,121,119.0,3
2025,SOCIAL_QUOTA,FULL,B005,,,3,GENERAL,106,120,115.5,4
2025,SOCIAL_QUOTA,FULL,B005,,,5,GENERAL,94,121,105.2,5
2025,SOCIAL_QUOTA,FULL,B005,,,7,GENERAL,83,122,115.1,37
2025,SOCIAL_QUOTA,FULL,B005,,,8,GENERAL,110,120,116.8,8
2025,SOCIAL_QUOTA,FULL,B005,,,10,GENERAL,94,121,115.1,25
2025,SOCIAL_QUOTA,FULL,B005,,,11,GENERAL,111,121,117.5,19
2025,SOCIAL_QUOTA,FULL,B005,,,15,GENERAL,92,120,110.0,28
2025,SOCIAL_QUOTA,FULL,B005,,,16,GENERAL,101,122,118.0,21
2025,SOCIAL_QUOTA,FULL,B005,,,20,GENERAL,85,123,117.3,269
2025,SOCIAL_QUOTA,FULL,B005,,,25,GENERAL,110,121,118.0,10
2025,SOCIAL_QUOTA,FULL,B005,,,31,GENERAL,35,121,107.9,35
2025,SOCIAL_QUOTA,FULL,B005,,,34,GENERAL,115,122,118.6,55
2025,SOCIAL_QUOTA,FULL,B005,,,35,GENERAL,102,120,116.0,10
2025,SOCIAL_QUOTA,FULL,B005,,,36,GENERAL,96,122,117.0,10
2025,SOCIAL_QUOTA,FULL,B005,,,37,GENERAL,110,123,118.7,41
2025,SOCIAL_QUOTA,FULL,B005,,,40,GENERAL,112,122,117.6,11
2025,SOCIAL_QUOTA,FULL,B005,,,42,GENERAL,115,121,117.8,18
2025,SOCIAL_QUOTA,FULL,B005,,,43,GENERAL,100,121,116.8,55
2025,SOCIAL_QUOTA,FULL,B005,,,45,GENERAL,106,122,118.1,94
2025,SOCIAL_QUOTA,FULL,B005,,,141,GENERAL,115,119,117.1,7
2025,SOCIAL_QUOTA,FULL,B005,,,143,GENERAL,104,123,118.1,60
2025,SOCIAL_QUOTA,FULL,B005,,,153,GENERAL,81,120,113.4,8
2025,SOCIAL_QUOTA,FULL,B005,,,154,GENERAL,118,118,118.0,1
2025,SOCIAL_QUOTA,FULL,B005,,,158,GENERAL,109,120,116.5,13
2025,SOCIAL_QUOTA,FULL,B005,,,196,GENERAL,105,121,115.7,52
2025,SOCIAL_QUOTA,FULL,B005,,,198,GENERAL,111,120,117.4,5
2025,SOCIAL_QUOTA,FULL,B005,,,202,GENERAL,116,121,119.0,6
2025,SOCIAL_QUOTA,FULL,B005,,,223,GENERAL,115,122,118.9,14
2025,SOCIAL_QUOTA,FULL,B005,,,305,GENERAL,114,120,116.8,8
2025,SOCIAL_QUOTA,FULL,B005,,,416,GENERAL,99,118,108.5,2
2025,SOCIAL_QUOTA,FULL,B005,,,501,GENERAL,100,122,116.3,19
2025,SOCIAL_QUOTA,FULL,B005,,,517,GENERAL,112,122,118.0,24
2025,SOCIAL_QUOTA,FULL,B005,,,527,GENERAL,111,121,117.8,105
2025,SOCIAL_QUOTA,FULL,B006,,,5,GENERAL,116,117,116.5,2
2025,SOCIAL_QUOTA,FULL,B006,,,7,GENERAL,110,121,117.5,8
2025,SOCIAL_QUOTA,FULL,B006,,,8,GENERAL,117,120,118.5,4
2025,SOCIAL_QUOTA,FULL,B006,,,10,GENERAL,109,109,109.0,1
2025,SOCIAL_QUOTA,FULL,B006,,,15,GENERAL,117,118,117.4,5
2025,SOCIAL_QUOTA,FULL,B006,,,16,GENERAL,103,119,114.6,5
2025,SOCIAL_QUOTA,FULL,B006,,,25,GENERAL,112,120,117.0,9
2025,SOCIAL_QUOTA,FULL,B006,,,34,GENERAL,114,121,117.8,8
2025,SOCIAL_QUOTA,FULL,B006,,,36,GENERAL,115,118,116.5,2
2025,SOCIAL_QUOTA,FULL,B006,,,37,GENERAL,117,121,119.1,8
2025,SOCIAL_QUOTA,FULL,B006,,,42,GENERAL,115,118,116.5,2
2025,SOCIAL_QUOTA,FULL,B006,,,43,GENERAL,119,121,120.0,2
2025,SOCIAL_QUOTA,FULL,B006,,,45,GENERAL,115,119,117.8,8
2025,SOCIAL_QUOTA,FULL,B006,,,143,GENERAL,118,121,119.5,4
2025,SOCIAL_QUOTA,FULL,B006,,,185,GENERAL,108,121,115.2,5
2025,SOCIAL_QUOTA,FULL,B006,,,196,GENERAL,110,120,115.7,15
2025,SOCIAL_QUOTA,FULL,B006,,,517,GENERAL,116,119,117.6,5
2025,SOCIAL_QUOTA,FULL,B007,,,5,GENERAL,95,121,111.7,3
2025,SOCIAL_QUOTA,FULL,B007,,,7,GENERAL,103,121,114.2,9
2025,SOCIAL_QUOTA,FULL,B007,,,8,GENERAL,110,110,110.0,1
2025,SOCIAL_QUOTA,FULL,B007,,,14,GENERAL,118,122,120.0,2
2025,SOCIAL_QUOTA,FULL,B007,,,15,GENERAL,116,116,116.0,2
2025,SOCIAL_QUOTA,FULL,B007,,,16,GENERAL,113,119,116.3,3
2025,SOCIAL_QUOTA,FULL,B007,,,25,GENERAL,107,120,116.8,15
2025,SOCIAL_QUOTA,FULL,B007,,,34,GENERAL,111,119,116.4,9
2025,SOCIAL_QUOTA,FULL,B007,,,35,GENERAL,116,118,117.3,3
2025,SOCIAL_QUOTA,FULL,B007,,,36,GENERAL,116,118,116.4,5
2025,SOCIAL_QUOTA,FULL,B007,,,37,GENERAL,113,122,118.0,8
2025,SOCIAL_QUOTA,FULL,B007,,,43,GENERAL,115,120,117.6,5
2025,SOCIAL_QUOTA,FULL,B007,,,45,GENERAL,111,122,118.1,16
2025,SOCIAL_QUOTA,FULL,B007,,,143,GENERAL,90,122,116.4,28
2025,SOCIAL_QUOTA,FULL,B007,,,158,GENERAL,116,117,116.5,2
2025,SOCIAL_QUOTA,FULL,B007,,,185,GENERAL,100,120,112.3,3
2025,SOCIAL_QUOTA,FULL,B007,,,196,GENERAL,101,122,117.5,39
2025,SOCIAL_QUOTA,FULL,B007,,,223,GENERAL,98,119,111.3,3
2025,SOCIAL_QUOTA,FULL,B007,,,501,GENERAL,117,117,117.0,1
2025,SOCIAL_QUOTA,FULL,B007,,,517,GENERAL,114,121,118.0,7
2025,SOCIAL_QUOTA,FULL,B008,,,31,GENERAL,87,87,87.0,1
2025,SOCIAL_QUOTA,FULL,B009,,,5,GENERAL,89,105,97.0,2
2025,SOCIAL_QUOTA,FULL,B009,,,7,GENERAL,96,104,100.7,3
2025,SOCIAL_QUOTA,FULL,B009,,,25,GENERAL,100,105,102.0,3
2025,SOCIAL_QUOTA,FULL,B009,,,34,GENERAL,76,76,76.0,1
2025,SOCIAL_QUOTA,FULL,B009,,,42,GENERAL,79,79,79.0,1
2025,SOCIAL_QUOTA,FULL,B009,,,185,GENERAL,85,89,87.0,2
2025,SOCIAL_QUOTA,FULL,B009,,,517,GENERAL,78,78,78.0,1
2025,SOCIAL_QUOTA,FULL,B010,,,25,GENERAL,82,82,82.0,1
2025,SOCIAL_QUOTA,FULL,B012,,,5,GENERAL,78,78,78.0,1
2025,SOCIAL_QUOTA,FULL,B012,,,7,GENERAL,79,99,88.6,5
2025,SOCIAL_QUOTA,FULL,B012,,,35,GENERAL,84,84,84.0,1
2025,SOCIAL_QUOTA,FULL,B012,,,43,GENERAL,79,79,79.0,1
2025,SOCIAL_QUOTA,FULL,B012,,,185,GENERAL,93,93,93.0,1
2025,SOCIAL_QUOTA,FULL,B013,,,5,GENERAL,76,78,77.0,2
2025,SOCIAL_QUOTA,FULL,B013,,,7,GENERAL,76,82,79.0,2
2025,SOCIAL_QUOTA,FULL,B013,,,37,GENERAL,95,95,95.0,1
2025,SOCIAL_QUOTA,FULL,B013,,,40,GENERAL,78,78,78.0,1
2025,SOCIAL_QUOTA,FULL,B013,,,185,GENERAL,86,86,86.0,1
2025,SOCIAL_QUOTA,FULL,B013,,,196,GENERAL,86,92,89.0,2
2025,SOCIAL_QUOTA,FULL,B013,,,517,GENERAL,85,85,85.0,1
2025,SOCIAL_QUOTA,FULL,B014,,,34,GENERAL,75,75,75.0,1
2025,SOCIAL_QUOTA,FULL,B015,,,5,GENERAL,89,102,95.5,2
2025,SOCIAL_QUOTA,FULL,B015,,,7,GENERAL,79,109,95.3,7
2025,SOCIAL_QUOTA,FULL,B015,,,11,GENERAL,76,76,76.0,1
2025,SOCIAL_QUOTA,FULL,B015,,,16,GENERAL,87,87,87.0,1
2025,SOCIAL_QUOTA,FULL,B015,,,35,GENERAL,75,75,75.0,1
2025,SOCIAL_QUOTA,FULL,B015,,,36,GENERAL,89,89,89.0,1
2025,SOCIAL_QUOTA,FULL,B015,,,43,GENERAL,79,79,79.0,1
2025,SOCIAL_QUOTA,FULL,B015,,,47,GENERAL,78,79,78.5,2
2025,SOCIAL_QUOTA,FULL,B015,,,185,GENERAL,101,104,102.3,3
2025,SOCIAL_QUOTA,FULL,B015,,,196,GENERAL,75,83,79.0,2
2025,SOCIAL_QUOTA,FULL,B015,,,517,GENERAL,87,87,87.0,1
2025,SOCIAL_QUOTA,FULL,B016,,,3,GENERAL,83,83,83.0,1
2025,SOCIAL_QUOTA,FULL,B016,,,5,GENERAL,81,81,81.0,1
2025,SOCIAL_QUOTA,FULL,B016,,,7,GENERAL,76,121,108.2,20
2025,SOCIAL_QUOTA,FULL,B016,,,10,GENERAL,101,101,101.0,1
2025,SOCIAL_QUOTA,FULL,B016,,,11,GENERAL,82,102,92.0,2
2025,SOCIAL_QUOTA,FULL,B016,,,13,GENERAL,121,122,121.5,2
2025,SOCIAL_QUOTA,FULL,B016,,,25,GENERAL,81,115,104.6,12
2025,SOCIAL_QUOTA,FULL,B016,,,31,GENERAL,91,114,102.5,2
2025,SOCIAL_QUOTA,FULL,B016,,,34,GENERAL,109,120,114.5,2
2025,SOCIAL_QUOTA,FULL,B016,,,35,GENERAL,84,84,84.0,1
2025,SOCIAL_QUOTA,FULL,B016,,,37,GENERAL,101,101,101.0,1
2025,SOCIAL_QUOTA,FULL,B016,,,42,GENERAL,106,106,106.0,1
2025,SOCIAL_QUOTA,FULL,B016,,,45,GENERAL,79,79,79.0,1
2025,SOCIAL_QUOTA,FULL,B016,,,47,GENERAL,100,102,101.0,2
2025,SOCIAL_QUOTA,FULL,B016,,,185,GENERAL,83,112,100.3,6
2025,SOCIAL_QUOTA,FULL,B016,,,196,GENERAL,92,109,101.3,3
2025,SOCIAL_QUOTA,FULL,B017,,,7,GENERAL,79,79,79.0,1
2025,SOCIAL_QUOTA,FULL,B017,,,31,GENERAL,83,83,83.0,1
2025,SOCIAL_QUOTA,FULL,B017,,,196,GENERAL,81,81,81.0,1
2025,SOCIAL_QUOTA,FULL,B018,,,5,GENERAL,93,108,100.3,3
2025,SOCIAL_QUOTA,FULL,B018,,,7,GENERAL,77,119,99.8,29
2025,SOCIAL_QUOTA,FULL,B018,,,11,GENERAL,112,112,112.0,1
2025,SOCIAL_QUOTA,FULL,B018,,,15,GENERAL,88,110,99.0,2
2025,SOCIAL_QUOTA,FULL,B018,,,16,GENERAL,106,106,106.0,1
2025,SOCIAL_QUOTA,FULL,B018,,,23,GENERAL,102,124,109.3,9
2025,SOCIAL_QUOTA,FULL,B018,,,25,GENERAL,93,119,106.6,14
2025,SOCIAL_QUOTA,FULL,B018,,,31,GENERAL,81,112,99.7,3
2025,SOCIAL_QUOTA,FULL,B018,,,34,GENERAL,81,103,97.0,4
2025,SOCIAL_QUOTA,FULL,B018,,,35,GENERAL,95,103,99.0,2
2025,SOCIAL_QUOTA,FULL,B018,,,36,GENERAL,85,111,98.0,2
2025,SOCIAL_QUOTA,FULL,B018,,,37,GENERAL,99,118,111.2,4
2025,SOCIAL_QUOTA,FULL,B018,,,42,GENERAL,106,111,108.5,2
2025,SOCIAL_QUOTA,FULL,B018,,,47,GENERAL,75,106,88.2,6
2025,SOCIAL_QUOTA,FULL,B018,,,185,GENERAL,95,123,106.4,38
2025,SOCIAL_QUOTA,FULL,B018,,,196,GENERAL,78,105,87.6,5
2025,SOCIAL_QUOTA,FULL,B018,,,305,GENERAL,79,79,79.0,1
2025,SOCIAL_QUOTA,FULL,B018,,,517,GENERAL,81,87,84.0,3
2025,SOCIAL_QUOTA,FULL,B020,,,36,GENERAL,75,75,75.0,1
2025,SOCIAL_QUOTA,FULL,B020,,,43,GENERAL,84,84,84.0,1
2025,SOCIAL_QUOTA,FULL,B021,,,10,GENERAL,116,116,116.0,1
2025,SOCIAL_QUOTA,FULL,B021,,,16,GENERAL,119,120,119.5,2
2025,SOCIAL_QUOTA,FULL,B021,,,34,GENERAL,115,120,117.5,2
2025,SOCIAL_QUOTA,FULL,B023,,,83,GENERAL,111,111,111.0,1
2025,SOCIAL_QUOTA,FULL,B027,,,16,GENERAL,121,121,121.0,2
2025,SOCIAL_QUOTA,FULL,B027,,,37,GENERAL,121,121,121.0,1
2025,SOCIAL_QUOTA,FULL,B027,,,38,GENERAL,120,120,120.0,1
2025,SOCIAL_QUOTA,FULL,B027,,,45,GENERAL,121,121,121.0,2
2025,SOCIAL_QUOTA,FULL,B028,,,7,GENERAL,77,114,95.5,2
2025,SOCIAL_QUOTA,FULL,B028,,,16,GENERAL,114,122,118.4,5
2025,SOCIAL_QUOTA,FULL,B028,,,25,GENERAL,114,121,117.8,6
2025,SOCIAL_QUOTA,FULL,B028,,,34,GENERAL,121,122,121.3,3
2025,SOCIAL_QUOTA,FULL,B028,,,37,GENERAL,122,122,122.0,1
2025,SOCIAL_QUOTA,FULL,B028,,,43,GENERAL,121,121,121.0,1
2025,SOCIAL_QUOTA,FULL,B028,,,45,GENERAL,114,122,119.1,11
2025,SOCIAL_QUOTA,FULL,B029,,,7,GENERAL,121,121,121.0,2
2025,SOCIAL_QUOTA,FULL,B029,,,13,GENERAL,120,122,121.4,13
2025,SOCIAL_QUOTA,FULL,B029,,,27,GENERAL,118,122,121.1,10
2025,SOCIAL_QUOTA,FULL,B029,,,93,GENERAL,121,121,121.0,1
2025,SOCIAL_QUOTA,FULL,B030,,,7,GENERAL,115,117,116.0,2
2025,SOCIAL_QUOTA,FULL,B031,,,7,GENERAL,115,123,120.9,11
2025,SOCIAL_QUOTA,FULL,B031,,,10,GENERAL,51,52,51.3,3
2025,SOCIAL_QUOTA,FULL,B031,,,13,GENERAL,121,123,122.1,12
2025,SOCIAL_QUOTA,FULL,B031,,,15,GENERAL,110,122,118.0,4
2025,SOCIAL_QUOTA,FULL,B031,,,16,GENERAL,91,123,114.0,5
2025,SOCIAL_QUOTA,FULL,B031,,,22,GENERAL,81,124,117.3,26
2025,SOCIAL_QUOTA,FULL,B031,,,27,GENERAL,119,121,120.0,2
2025,SOCIAL_QUOTA,FULL,B031,,,29,GENERAL,114,121,117.5,2
2025,SOCIAL_QUOTA,FULL,B031,,,31,GENERAL,71,122,107.5,4
2025,SOCIAL_QUOTA,FULL,B031,,,34,GENERAL,117,124,121.2,5
2025,SOCIAL_QUOTA,FULL,B031,,,37,GENERAL,121,122,121.5,2
2025,SOCIAL_QUOTA,FULL,B031,,,38,GENERAL,100,100,100.0,1
2025,SOCIAL_QUOTA,FULL,B031,,,40,GENERAL,82,82,82.0,1
2025,SOCIAL_QUOTA,FULL,B031,,,42,GENERAL,108,108,108.0,1
2025,SOCIAL_QUOTA,FULL,B031,,,43,GENERAL,73,123,110.9,9
2025,SOCIAL_QUOTA,FULL,B031,,,45,GENERAL,112,123,120.2,8
2025,SOCIAL_QUOTA,FULL,B031,,,53,GENERAL,101,121,111.0,2
2025,SOCIAL_QUOTA,FULL,B031,,,79,GENERAL,88,88,88.0,1
2025,SOCIAL_QUOTA,FULL,B031,,,143,GENERAL,121,123,122.0,3
2025,SOCIAL_QUOTA,FULL,B031,,,158,GENERAL,112,123,118.0,6
2025,SOCIAL_QUOTA,FULL,B031,,,160,GENERAL,122,122,122.0,1
2025,SOCIAL_QUOTA,FULL,B031,,,182,GENERAL,119,123,121.7,10
2025,SOCIAL_QUOTA,FULL,B031,,,184,GENERAL,84,84,84.0,1
2025,SOCIAL_QUOTA,FULL,B031,,,185,GENERAL,109,122,117.7,3
2025,SOCIAL_QUOTA,FULL,B031,,,196,GENERAL,110,123,118.2,4
2025,SOCIAL_QUOTA,FULL,B031,,,305,GENERAL,119,119,119.0,1
2025,SOCIAL_QUOTA,FULL,B032,,,7,GENERAL,75,75,75.0,1
2025,SOCIAL_QUOTA,FULL,B033,,,7,GENERAL,118,123,120.5,2
2025,SOCIAL_QUOTA,FULL,B033,,,11,GENERAL,121,121,121.0,1
2025,SOCIAL_QUOTA,FULL,B033,,,13,GENERAL,118,122,119.3,3
2025,SOCIAL_QUOTA,FULL,B033,,,27,GENERAL,122,122,122.0,2
2025,SOCIAL_QUOTA,FULL,B033,,,31,GENERAL,109,109,109.0,1
2025,SOCIAL_QUOTA,FULL,B033,,,37,GENERAL,91,123,117.1,9
2025,SOCIAL_QUOTA,FULL,B033,,,45,GENERAL,122,122,122.0,1
2025,SOCIAL_QUOTA,FULL,B033,,,503,GENERAL,30,123,116.9,28
2025,SOCIAL_QUOTA,FULL,B034,,,5,GENERAL,102,102,102.0,1
2025,SOCIAL_QUOTA,FULL,B034,,,10,GENERAL,68,68,68.0,1
2025,SOCIAL_QUOTA,FULL,B034,,,13,GENERAL,100,100,100.0,1
2025,SOCIAL_QUOTA,FULL,B034,,,16,GENERAL,72,72,72.0,1
2025,SOCIAL_QUOTA,FULL,B034,,,31,GENERAL,70,81,75.5,2
2025,SOCIAL_QUOTA,FULL,B034,,,36,GENERAL,59,59,59.0,1
2025,SOCIAL_QUOTA,FULL,B034,,,38,GENERAL,63,63,63.0,1
2025,SOCIAL_QUOTA,FULL,B034,,,43,GENERAL,58,58,58.0,1
2025,SOCIAL_QUOTA,FULL,B034,,,45,GENERAL,71,71,71.0,1
2025,SOCIAL_QUOTA,FULL,B034,,,185,GENERAL,84,84,84.0,1
2025,SOCIAL_QUOTA,FULL,B035,,,37,GENERAL,63,65,64.0,2
2025,SOCIAL_QUOTA,FULL,B036,,,7,GENERAL,36,85,64.3,3
2025,SOCIAL_QUOTA,FULL,B036,,,10,GENERAL,57,71,64.0,2
2025,SOCIAL_QUOTA,FULL,B036,,,13,GENERAL,98,120,106.6,5
2025,SOCIAL_QUOTA,FULL,B036,,,22,GENERAL,59,64,61.5,2
2025,SOCIAL_QUOTA,FULL,B036,,,27,GENERAL,97,97,97.0,1
2025,SOCIAL_QUOTA,FULL,B036,,,31,GENERAL,69,70,69.5,2
2025,SOCIAL_QUOTA,FULL,B036,,,36,GENERAL,64,94,79.0,2
2025,SOCIAL_QUOTA,FULL,B036,,,37,GENERAL,71,71,71.0,1
2025,SOCIAL_QUOTA,FULL,B036,,,40,GENERAL,55,55,55.0,1
2025,SOCIAL_QUOTA,FULL,B036,,,43,GENERAL,64,81,71.3,3
2025,SOCIAL_QUOTA,FULL,B036,,,45,GENERAL,69,69,69.0,1
2025,SOCIAL_QUOTA,FULL,B036,,,47,GENERAL,49,65,57.2,5
2025,SOCIAL_QUOTA,FULL,B036,,,79,GENERAL,60,68,64.0,2
2025,SOCIAL_QUOTA,FULL,B036,,,93,GENERAL,53,87,69.4,7
2025,SOCIAL_QUOTA,FULL,B036,,,153,GENERAL,74,74,74.0,1
2025,SOCIAL_QUOTA,FULL,B036,,,158,GENERAL,53,69,61.0,2
2025,SOCIAL_QUOTA,FULL,B036,,,184,GENERAL,63,73,67.5,4
2025,SOCIAL_QUOTA,FULL,B036,,,185,GENERAL,80,94,89.0,6
2025,SOCIAL_QUOTA,FULL,B036,,,196,GENERAL,51,51,51.0,1
2025,SOCIAL_QUOTA,FULL,B036,,,503,GENERAL,60,60,60.0,1
2025,SOCIAL_QUOTA,FULL,B037,,,3,GENERAL,74,87,80.5,2
2025,SOCIAL_QUOTA,FULL,B037,,,5,GENERAL,72,72,72.0,1
2025,SOCIAL_QUOTA,FULL,B037,,,7,GENERAL,69,74,71.5,2
2025,SOCIAL_QUOTA,FULL,B037,,,10,GENERAL,52,67,59.3,3
2025,SOCIAL_QUOTA,FULL,B037,,,13,GENERAL,100,100,100.0,1
2025,SOCIAL_QUOTA,FULL,B037,,,15,GENERAL,71,71,71.0,1
2025,SOCIAL_QUOTA,FULL,B037,,,16,GENERAL,61,81,71.0,2
2025,SOCIAL_QUOTA,FULL,B037,,,25,GENERAL,112,112,112.0,1
2025,SOCIAL_QUOTA,FULL,B037,,,27,GENERAL,119,119,119.0,2
2025,SOCIAL_QUOTA,FULL,B037,,,34,GENERAL,73,73,73.0,1
2025,SOCIAL_QUOTA,FULL,B037,,,35,GENERAL,55,55,55.0,1
2025,SOCIAL_QUOTA,FULL,B037,,,184,GENERAL,63,95,75.8,4
2025,SOCIAL_QUOTA,FULL,B038,,,27,GENERAL,85,90,87.5,2
2025,SOCIAL_QUOTA,FULL,B039,,,13,GENERAL,106,106,106.0,1
2025,SOCIAL_QUOTA,FULL,B040,,,7,GENERAL,71,71,71.0,1
2025,SOCIAL_QUOTA,FULL,B040,,,11,GENERAL,68,68,68.0,1
2025,SOCIAL_QUOTA,FULL,B040,,,13,GENERAL,114,114,114.0,1
2025,SOCIAL_QUOTA,FULL,B040,,,31,GENERAL,71,71,71.0,1
2025,SOCIAL_QUOTA,FULL,B041,,,5,GENERAL,61,61,61.0,1
2025,SOCIAL_QUOTA,FULL,B041,,,7,GENERAL,70,88,79.0,2
2025,SOCIAL_QUOTA,FULL,B041,,,10,GENERAL,53,60,57.2,5
2025,SOCIAL_QUOTA,FULL,B041,,,11,GENERAL,50,76,63.0,6
2025,SOCIAL_QUOTA,FULL,B041,,,16,GENERAL,50,79,62.2,5
2025,SOCIAL_QUOTA,FULL,B041,,,25,GENERAL,89,89,89.0,1
2025,SOCIAL_QUOTA,FULL,B041,,,27,GENERAL,91,91,91.0,1
2025,SOCIAL_QUOTA,FULL,B041,,,31,GENERAL,90,90,90.0,1
2025,SOCIAL_QUOTA,FULL,B041,,,35,GENERAL,61,61,61.0,1
2025,SOCIAL_QUOTA,FULL,B041,,,36,GENERAL,61,67,64.0,2
2025,SOCIAL_QUOTA,FULL,B041,,,37,GENERAL,62,65,63.5,2
2025,SOCIAL_QUOTA,FULL,B041,,,38,GENERAL,54,65,59.5,2
2025,SOCIAL_QUOTA,FULL,B041,,,43,GENERAL,74,78,76.0,2
2025,SOCIAL_QUOTA,FULL,B041,,,45,GENERAL,73,76,74.5,2
2025,SOCIAL_QUOTA,FULL,B041,,,69,GENERAL,70,88,78.0,3
2025,SOCIAL_QUOTA,FULL,B041,,,79,GENERAL,63,63,63.0,1
2025,SOCIAL_QUOTA,FULL,B041,,,93,GENERAL,58,65,61.8,4
2025,SOCIAL_QUOTA,FULL,B041,,,122,GENERAL,56,56,56.0,1
2025,SOCIAL_QUOTA,FULL,B041,,,141,GENERAL,52,52,52.0,1
2025,SOCIAL_QUOTA,FULL,B041,,,146,GENERAL,63,70,66.5,2
2025,SOCIAL_QUOTA,FULL,B041,,,153,GENERAL,89,89,89.0,1
2025,SOCIAL_QUOTA,FULL,B041,,,184,GENERAL,56,77,71.1,7
2025,SOCIAL_QUOTA,FULL,B041,,,185,GENERAL,81,93,86.0,3
2025,SOCIAL_QUOTA,FULL,B041,,,302,GENERAL,59,77,65.6,5
2025,SOCIAL_QUOTA,FULL,B042,,,10,GENERAL,68,124,108.0,7
2025,SOCIAL_QUOTA,FULL,B042,,,11,GENERAL,120,125,122.7,3
2025,SOCIAL_QUOTA,FULL,B042,,,13,GENERAL,123,125,124.1,8
2025,SOCIAL_QUOTA,FULL,B042,,,15,GENERAL,118,124,121.2,5
2025,SOCIAL_QUOTA,FULL,B042,,,23,GENERAL,112,112,112.0,1
2025,SOCIAL_QUOTA,FULL,B042,,,27,GENERAL,112,126,120.7,46
2025,SOCIAL_QUOTA,FULL,B042,,,31,GENERAL,102,125,119.0,13
2025,SOCIAL_QUOTA,FULL,B042,,,34,GENERAL,109,124,118.8,9
2025,SOCIAL_QUOTA,FULL,B042,,,35,GENERAL,96,96,96.0,1
2025,SOCIAL_QUOTA,FULL,B042,,,36,GENERAL,116,121,118.5,2
2025,SOCIAL_QUOTA,FULL,B042,,,37,GENERAL,111,124,120.5,10
2025,SOCIAL_QUOTA,FULL,B042,,,38,GENERAL,78,119,108.0,5
2025,SOCIAL_QUOTA,FULL,B042,,,40,GENERAL,116,124,120.4,9
2025,SOCIAL_QUOTA,FULL,B042,,,43,GENERAL,111,118,114.5,2
2025,SOCIAL_QUOTA,FULL,B042,,,45,GENERAL,116,125,121.6,16
2025,SOCIAL_QUOTA,FULL,B042,,,69,GENERAL,114,123,120.5,4
2025,SOCIAL_QUOTA,FULL,B042,,,93,GENERAL,108,124,118.2,6
2025,SOCIAL_QUOTA,FULL,B042,,,153,GENERAL,113,121,117.0,2
2025,SOCIAL_QUOTA,FULL,B042,,,174,GENERAL,118,125,121.6,10
2025,SOCIAL_QUOTA,FULL,B042,,,190,GENERAL,116,124,121.0,6
2025,SOCIAL_QUOTA,FULL,B042,,,302,GENERAL,118,125,121.8,8
2025,SOCIAL_QUOTA,FULL,B042,,,305,GENERAL,120,122,120.7,3
2025,SOCIAL_QUOTA,FULL,B042,,,522,GENERAL,108,122,115.0,2
2025,SOCIAL_QUOTA,FULL,B043,,,38,GENERAL,74,74,74.0,1
2025,SOCIAL_QUOTA,FULL,B043,,,45,GENERAL,69,71,70.0,2
2025,SOCIAL_QUOTA,FULL,B044,,,2,GENERAL,52,68,61.7,3
2025,SOCIAL_QUOTA,FULL,B044,,,7,GENERAL,109,109,109.0,1
2025,SOCIAL_QUOTA,FULL,B044,,,13,GENERAL,102,116,111.2,5
2025,SOCIAL_QUOTA,FULL,B044,,,21,GENERAL,79,117,109.5,11
2025,SOCIAL_QUOTA,FULL,B044,,,22,GENERAL,56,56,56.0,1
2025,SOCIAL_QUOTA,FULL,B044,,,27,GENERAL,71,117,101.7,3
2025,SOCIAL_QUOTA,FULL,B044,,,29,GENERAL,112,112,112.0,1
2025,SOCIAL_QUOTA,FULL,B044,,,32,GENERAL,52,64,58.0,2
2025,SOCIAL_QUOTA,FULL,B044,,,34,GENERAL,72,72,72.0,1
2025,SOCIAL_QUOTA,FULL,B044,,,35,GENERAL,62,62,62.0,1
2025,SOCIAL_QUOTA,FULL,B044,,,39,GENERAL,81,81,81.0,1
2025,SOCIAL_QUOTA,FULL,B044,,,49,GENERAL,52,59,55.5,2
2025,SOCIAL_QUOTA,FULL,B044,,,53,GENERAL,57,57,57.0,1
2025,SOCIAL_QUOTA,FULL,B044,,,69,GENERAL,81,81,81.0,1
2025,SOCIAL_QUOTA,FULL,B044,,,83,GENERAL,82,109,94.3,3
2025,SOCIAL_QUOTA,FULL,B044,,,93,GENERAL,68,68,68.0,1
2025,SOCIAL_QUOTA,FULL,B044,,,141,GENERAL,64,64,64.0,1
2025,SOCIAL_QUOTA,FULL,B044,,,173,GENERAL,74,86,80.0,2
2025,SOCIAL_QUOTA,FULL,B044,,,184,GENERAL,69,69,69.0,1
2025,SOCIAL_QUOTA,FULL,B044,,,185,GENERAL,82,84,83.0,2
2025,SOCIAL_QUOTA,FULL,B044,,,202,GENERAL,55,55,55.0,1
2025,SOCIAL_QUOTA,FULL,B044,,,302,GENERAL,112,117,114.3,3
2025,SOCIAL_QUOTA,FULL,B044,,,421,GENERAL,115,115,115.0,2
2025,SOCIAL_QUOTA,FULL,B044,,,522,GENERAL,87,118,108.2,4
2025,SOCIAL_QUOTA,FULL,B045,,,2,GENERAL,64,64,64.0,1
2025,SOCIAL_QUOTA,FULL,B045,,,5,GENERAL,118,118,118.0,1
2025,SOCIAL_QUOTA,FULL,B045,,,13,GENERAL,100,119,111.3,6
2025,SOCIAL_QUOTA,FULL,B045,,,21,GENERAL,116,119,117.5,4
2025,SOCIAL_QUOTA,FULL,B045,,,27,GENERAL,104,104,104.0,1
2025,SOCIAL_QUOTA,FULL,B045,,,45,GENERAL,69,70,69.5,2
2025,SOCIAL_QUOTA,FULL,B045,,,53,GENERAL,66,66,66.0,1
2025,SOCIAL_QUOTA,FULL,B045,,,141,GENERAL,58,58,58.0,1
2025,SOCIAL_QUOTA,FULL,B045,,,158,GENERAL,51,51,51.0,1
2025,SOCIAL_QUOTA,FULL,B045,,,174,GENERAL,120,120,120.0,1
2025,SOCIAL_QUOTA,FULL,B045,,,182,GENERAL,61,61,61.0,1
2025,SOCIAL_QUOTA,FULL,B045,,,302,GENERAL,119,119,119.0,1
2025,SOCIAL_QUOTA,FULL,B045,,,421,GENERAL,116,119,117.5,2
2025,SOCIAL_QUOTA,FULL,B046,,,2,GENERAL,62,86,74.0,3
2025,SOCIAL_QUOTA,FULL,B046,,,5,GENERAL,116,116,116.0,1
2025,SOCIAL_QUOTA,FULL,B046,,,12,GENERAL,116,116,116.0,1
2025,SOCIAL_QUOTA,FULL,B046,,,13,GENERAL,110,116,114.4,14
2025,SOCIAL_QUOTA,FULL,B046,,,15,GENERAL,93,114,103.5,2
2025,SOCIAL_QUOTA,FULL,B046,,,21,GENERAL,104,116,112.9,17
2025,SOCIAL_QUOTA,FULL,B046,,,23,GENERAL,82,82,82.0,1
2025,SOCIAL_QUOTA,FULL,B046,,,27,GENERAL,76,116,102.8,10
2025,SOCIAL_QUOTA,FULL,B046,,,29,GENERAL,97,97,97.0,1
2025,SOCIAL_QUOTA,FULL,B046,,,36,GENERAL,80,85,82.5,2
2025,SOCIAL_QUOTA,FULL,B046,,,43,GENERAL,88,88,88.0,1
2025,SOCIAL_QUOTA,FULL,B046,,,45,GENERAL,66,66,66.0,1
2025,SOCIAL_QUOTA,FULL,B046,,,47,GENERAL,51,51,51.0,1
2025,SOCIAL_QUOTA,FULL,B046,,,49,GENERAL,73,73,73.0,1
2025,SOCIAL_QUOTA,FULL,B046,,,83,GENERAL,101,115,108.0,2
2025,SOCIAL_QUOTA,FULL,B046,,,145,GENERAL,64,64,64.0,1
2025,SOCIAL_QUOTA,FULL,B046,,,185,GENERAL,79,113,96.0,2
2025,SOCIAL_QUOTA,FULL,B046,,,198,GENERAL,76,76,76.0,1
2025,SOCIAL_QUOTA,FULL,B046,,,302,GENERAL,102,116,110.3,10
2025,SOCIAL_QUOTA,FULL,B046,,,421,GENERAL,115,115,115.0,1
2025,SOCIAL_QUOTA,FULL,B046,KZ-040,,40,GENERAL,64,92,76.3,18
2025,SOCIAL_QUOTA,FULL,B047,,,10,GENERAL,53,53,53.0,1
2025,SOCIAL_QUOTA,FULL,B047,,,32,GENERAL,69,69,69.0,1
2025,SOCIAL_QUOTA,FULL,B047,,,49,GENERAL,50,50,50.0,1
2025,SOCIAL_QUOTA,FULL,B047,,,83,GENERAL,96,96,96.0,1
2025,SOCIAL_QUOTA,FULL,B047,,,154,GENERAL,62,62,62.0,1
2025,SOCIAL_QUOTA,FULL,B047,,,302,GENERAL,111,111,111.0,1
2025,SOCIAL_QUOTA,FULL,B048,,,21,GENERAL,104,104,104.0,1
2025,SOCIAL_QUOTA,FULL,B049,,,3,GENERAL,79,112,95.5,2
2025,SOCIAL_QUOTA,FULL,B049,,,13,GENERAL,96,119,114.4,28
2025,SOCIAL_QUOTA,FULL,B049,,,15,GENERAL,77,77,77.0,1
2025,SOCIAL_QUOTA,FULL,B049,,,27,GENERAL,92,119,110.1,20
2025,SOCIAL_QUOTA,FULL,B049,,,36,GENERAL,76,76,76.0,1
2025,SOCIAL_QUOTA,FULL,B049,,,47,GENERAL,77,94,83.5,4
2025,SOCIAL_QUOTA,FULL,B049,,,79,GENERAL,108,116,112.0,2
2025,SOCIAL_QUOTA,FULL,B049,,,83,GENERAL,82,115,98.5,2
2025,SOCIAL_QUOTA,FULL,B049,,,93,GENERAL,76,116,102.0,3
2025,SOCIAL_QUOTA,FULL,B049,,,153,GENERAL,80,80,80.0,1
2025,SOCIAL_QUOTA,FULL,B049,,,184,GENERAL,76,92,80.8,4
2025,SOCIAL_QUOTA,FULL,B049,,,302,GENERAL,113,118,116.2,5
2025,SOCIAL_QUOTA,FULL,B050,,,2,GENERAL,51,81,72.3,123
2025,SOCIAL_QUOTA,FULL,B050,,,5,GENERAL,60,81,73.4,51
2025,SOCIAL_QUOTA,FULL,B050,,,7,GENERAL,68,81,75.2,76
2025,SOCIAL_QUOTA,FULL,B050,,,10,GENERAL,65,77,71.4,5
2025,SOCIAL_QUOTA,FULL,B050,,,11,GENERAL,52,57,54.5,2
2025,SOCIAL_QUOTA,FULL,B050,,,24,GENERAL,72,76,74.2,8
2025,SOCIAL_QUOTA,FULL,B050,,,27,GENERAL,75,81,78.0,91
2025,SOCIAL_QUOTA,FULL,B050,,,29,GENERAL,68,80,73.6,36
2025,SOCIAL_QUOTA,FULL,B050,,,30,GENERAL,52,80,73.0,54
2025,SOCIAL_QUOTA,FULL,B050,,,31,GENERAL,69,78,74.6,16
2025,SOCIAL_QUOTA,FULL,B050,,,32,GENERAL,52,81,66.6,8
2025,SOCIAL_QUOTA,FULL,B050,,,35,GENERAL,51,80,65.5,14
2025,SOCIAL_QUOTA,FULL,B050,,,36,GENERAL,53,76,68.8,4
2025,SOCIAL_QUOTA,FULL,B050,,,37,GENERAL,60,78,71.8,38
2025,SOCIAL_QUOTA,FULL,B050,,,38,GENERAL,57,74,65.5,2
2025,SOCIAL_QUOTA,FULL,B050,,,42,GENERAL,70,79,76.5,6
2025,SOCIAL_QUOTA,FULL,B050,,,43,GENERAL,54,80,72.2,13
2025,SOCIAL_QUOTA,FULL,B050,,,45,GENERAL,65,79,73.1,23
2025,SOCIAL_QUOTA,FULL,B050,,,49,GENERAL,50,81,67.8,20
2025,SOCIAL_QUOTA,FULL,B050,,,53,GENERAL,52,81,66.5,43
2025,SOCIAL_QUOTA,FULL,B050,,,141,GENERAL,50,80,65.8,6
2025,SOCIAL_QUOTA,FULL,B050,,,143,GENERAL,54,76,65.0,2
2025,SOCIAL_QUOTA,FULL,B050,,,182,GENERAL,53,81,71.4,31
2025,SOCIAL_QUOTA,FULL,B050,,,185,GENERAL,80,81,80.2,11
2025,SOCIAL_QUOTA,FULL,B050,,,196,GENERAL,52,80,70.4,17
2025,SOCIAL_QUOTA,FULL,B050,,,223,GENERAL,73,76,74.3,3
2025,SOCIAL_QUOTA,FULL,B050,KZ-040,,40,GENERAL,59,69,64.0,8
2025,SOCIAL_QUOTA,FULL,B050,KZ-US-040,,40,GENERAL,53,63,59.0,5
2025,SOCIAL_QUOTA,FULL,B051,,,2,GENERAL,50,73,66.8,30
2025,SOCIAL_QUOTA,FULL,B051,,,3,GENERAL,52,70,60.2,14
2025,SOCIAL_QUOTA,FULL,B051,,,5,GENERAL,62,72,67.7,7
2025,SOCIAL_QUOTA,FULL,B051,,,7,GENERAL,66,72,70.0,3
2025,SOCIAL_QUOTA,FULL,B051,,,10,GENERAL,52,64,55.8,4
2025,SOCIAL_QUOTA,FULL,B051,,,11,GENERAL,65,73,69.7,3
2025,SOCIAL_QUOTA,FULL,B051,,,15,GENERAL,52,73,62.8,6
2025,SOCIAL_QUOTA,FULL,B051,,,16,GENERAL,52,73,61.4,5
2025,SOCIAL_QUOTA,FULL,B051,,,24,GENERAL,69,73,71.2,6
2025,SOCIAL_QUOTA,FULL,B051,,,27,GENERAL,65,73,70.5,17
2025,SOCIAL_QUOTA,FULL,B051,,,29,GENERAL,68,72,70.2,4
2025,SOCIAL_QUOTA,FULL,B051,,,31,GENERAL,70,73,72.0,4
2025,SOCIAL_QUOTA,FULL,B051,,,34,GENERAL,62,73,70.4,14
2025,SOCIAL_QUOTA,FULL,B051,,,35,GENERAL,58,69,62.7,3
2025,SOCIAL_QUOTA,FULL,B051,,,36,GENERAL,58,73,69.4,5
2025,SOCIAL_QUOTA,FULL,B051,,,37,GENERAL,60,73,67.0,6
2025,SOCIAL_QUOTA,FULL,B051,,,38,GENERAL,56,73,62.6,5
2025,SOCIAL_QUOTA,FULL,B051,,,40,GENERAL,65,69,67.7,3
2025,SOCIAL_QUOTA,FULL,B051,,,42,GENERAL,64,73,68.8,4
2025,SOCIAL_QUOTA,FULL,B051,,,45,GENERAL,67,73,70.7,10
2025,SOCIAL_QUOTA,FULL,B051,,,53,GENERAL,51,73,61.9,28
2025,SOCIAL_QUOTA,FULL,B051,,,122,GENERAL,56,56,56.0,1
2025,SOCIAL_QUOTA,FULL,B051,,,158,GENERAL,57,73,63.3,3
2025,SOCIAL_QUOTA,FULL,B051,,,182,GENERAL,54,73,66.7,6
2025,SOCIAL_QUOTA,FULL,B051,,,501,GENERAL,55,71,64.2,8
2025,SOCIAL_QUOTA,FULL,B052,,,5,GENERAL,72,72,72.0,1
2025,SOCIAL_QUOTA,FULL,B052,,,7,GENERAL,69,72,70.8,5
2025,SOCIAL_QUOTA,FULL,B052,,,11,GENERAL,63,69,66.0,2
2025,SOCIAL_QUOTA,FULL,B052,,,16,GENERAL,52,52,52.0,1
2025,SOCIAL_QUOTA,FULL,B052,,,29,GENERAL,68,72,70.5,11
2025,SOCIAL_QUOTA,FULL,B052,,,31,GENERAL,68,72,70.3,3
2025,SOCIAL_QUOTA,FULL,B052,,,38,GENERAL,55,68,61.5,2
2025,SOCIAL_QUOTA,FULL,B052,,,40,GENERAL,56,56,56.0,1
2025,SOCIAL_QUOTA,FULL,B052,,,45,GENERAL,69,72,70.0,3
2025,SOCIAL_QUOTA,FULL,B053,,,5,GENERAL,63,70,67.3,3
2025,SOCIAL_QUOTA,FULL,B053,,,7,GENERAL,67,70,68.3,3
2025,SOCIAL_QUOTA,FULL,B053,,,10,GENERAL,54,66,62.0,4
2025,SOCIAL_QUOTA,FULL,B053,,,11,GENERAL,68,69,68.5,2
2025,SOCIAL_QUOTA,FULL,B053,,,12,GENERAL,62,62,62.0,1
2025,SOCIAL_QUOTA,FULL,B053,,,16,GENERAL,56,69,61.8,4
2025,SOCIAL_QUOTA,FULL,B053,,,31,GENERAL,65,70,68.0,5
2025,SOCIAL_QUOTA,FULL,B053,,,42,GENERAL,69,69,69.0,1
2025,SOCIAL_QUOTA,FULL,B053,,,43,GENERAL,51,68,60.5,4
2025,SOCIAL_QUOTA,FULL,B053,,,45,GENERAL,67,69,68.0,2
2025,SOCIAL_QUOTA,FULL,B053,KZ-040,,40,GENERAL,64,71,67.0,4
2025,SOCIAL_QUOTA,FULL,B054,KZ-040,,40,GENERAL,54,71,61.5,4
2025,SOCIAL_QUOTA,FULL,B055,,,5,GENERAL,67,81,74.5,22
2025,SOCIAL_QUOTA,FULL,B055,,,7,GENERAL,67,82,76.3,107
2025,SOCIAL_QUOTA,FULL,B055,,,10,GENERAL,71,79,76.2,4
2025,SOCIAL_QUOTA,FULL,B055,,,31,GENERAL,66,80,74.4,15
2025,SOCIAL_QUOTA,FULL,B055,,,36,GENERAL,68,74,71.8,4
2025,SOCIAL_QUOTA,FULL,B055,,,37,GENERAL,61,82,76.6,14
2025,SOCIAL_QUOTA,FULL,B055,,,38,GENERAL,63,80,74.5,4
2025,SOCIAL_QUOTA,FULL,B055,,,43,GENERAL,53,81,71.6,11
2025,SOCIAL_QUOTA,FULL,B055,,,45,GENERAL,68,82,75.8,27
2025,SOCIAL_QUOTA,FULL,B055,,,154,GENERAL,60,76,68.5,11
2025,SOCIAL_QUOTA,FULL,B055,,,173,GENERAL,54,81,73.3,33
2025,SOCIAL_QUOTA,FULL,B055,,,223,GENERAL,69,69,69.0,1
2025,SOCIAL_QUOTA,FULL,B057,,,2,GENERAL,54,98,72.3,141
2025,SOCIAL_QUOTA,FULL,B057,,,3,GENERAL,54,87,68.9,16
2025,SOCIAL_QUOTA,FULL,B057,,,5,GENERAL,67,83,74.1,14
2025,SOCIAL_QUOTA,FULL,B057,,,7,GENERAL,68,83,75.2,14
2025,SOCIAL_QUOTA,FULL,B057,,,9,GENERAL,67,86,72.2,4
2025,SOCIAL_QUOTA,FULL,B057,,,10,GENERAL,61,76,68.3,3
2025,SOCIAL_QUOTA,FULL,B057,,,11,GENERAL,65,96,80.5,2
2025,SOCIAL_QUOTA,FULL,B057,,,12,GENERAL,55,87,70.9,13
2025,SOCIAL_QUOTA,FULL,B057,,,15,GENERAL,52,86,67.5,11
2025,SOCIAL_QUOTA,FULL,B057,,,16,GENERAL,62,85,69.5,4
2025,SOCIAL_QUOTA,FULL,B057,,,19,GENERAL,50,96,69.3,145
2025,SOCIAL_QUOTA,FULL,B057,,,24,GENERAL,65,84,72.0,11
2025,SOCIAL_QUOTA,FULL,B057,,,25,GENERAL,80,91,87.0,3
2025,SOCIAL_QUOTA,FULL,B057,,,27,GENERAL,90,99,95.0,34
2025,SOCIAL_QUOTA,FULL,B057,,,29,GENERAL,75,98,84.1,195
2025,SOCIAL_QUOTA,FULL,B057,,,31,GENERAL,65,94,77.0,9
2025,SOCIAL_QUOTA,FULL,B057,,,32,GENERAL,62,97,73.0,26
2025,SOCIAL_QUOTA,FULL,B057,,,33,GENERAL,50,64,56.0,4
2025,SOCIAL_QUOTA,FULL,B057,,,34,GENERAL,57,72,63.9,11
2025,SOCIAL_QUOTA,FULL,B057,,,35,GENERAL,60,88,71.8,6
2025,SOCIAL_QUOTA,FULL,B057,,,36,GENERAL,64,96,81.0,9
2025,SOCIAL_QUOTA,FULL,B057,,,37,GENERAL,61,98,71.9,22
2025,SOCIAL_QUOTA,FULL,B057,,,38,GENERAL,26,87,69.4,12
2025,SOCIAL_QUOTA,FULL,B057,,,39,GENERAL,59,59,59.0,1
2025,SOCIAL_QUOTA,FULL,B057,,,40,GENERAL,67,91,81.5,4
2025,SOCIAL_QUOTA,FULL,B057,,,42,GENERAL,78,78,78.0,1
2025,SOCIAL_QUOTA,FULL,B057,,,43,GENERAL,62,95,73.9,18
2025,SOCIAL_QUOTA,FULL,B057,,,45,GENERAL,65,99,76.1,48
2025,SOCIAL_QUOTA,FULL,B057,,,49,GENERAL,51,87,68.9,53
2025,SOCIAL_QUOTA,FULL,B057,,,53,GENERAL,50,88,68.4,71
2025,SOCIAL_QUOTA,FULL,B057,,,57,GENERAL,70,98,78.0,50
2025,SOCIAL_QUOTA,FULL,B057,,,69,GENERAL,62,95,72.8,13
2025,SOCIAL_QUOTA,FULL,B057,,,79,GENERAL,63,76,68.8,6
2025,SOCIAL_QUOTA,FULL,B057,,,82,GENERAL,79,97,88.0,2
2025,SOCIAL_QUOTA,FULL,B057,,,83,GENERAL,76,96,86.1,19
2025,SOCIAL_QUOTA,FULL,B057,,,93,GENERAL,51,78,66.7,13
2025,SOCIAL_QUOTA,FULL,B057,,,122,GENERAL,57,77,67.0,2
2025,SOCIAL_QUOTA,FULL,B057,,,140,GENERAL,63,63,63.0,1
2025,SOCIAL_QUOTA,FULL,B057,,,141,GENERAL,65,93,75.4,8
2025,SOCIAL_QUOTA,FULL,B057,,,143,GENERAL,53,68,60.4,8
2025,SOCIAL_QUOTA,FULL,B057,,,146,GENERAL,71,71,71.0,1
2025,SOCIAL_QUOTA,FULL,B057,,,153,GENERAL,52,75,60.7,3
2025,SOCIAL_QUOTA,FULL,B057,,,154,GENERAL,64,64,64.0,1
2025,SOCIAL_QUOTA,FULL,B057,,,158,GENERAL,61,77,68.4,5
2025,SOCIAL_QUOTA,FULL,B057,,,160,GENERAL,63,88,72.6,13
2025,SOCIAL_QUOTA,FULL,B057,,,173,GENERAL,53,88,73.4,22
2025,SOCIAL_QUOTA,FULL,B057,,,182,GENERAL,56,98,73.4,55
2025,SOCIAL_QUOTA,FULL,B057,,,184,GENERAL,59,89,71.7,44
2025,SOCIAL_QUOTA,FULL,B057,,,185,GENERAL,80,99,88.2,66
2025,SOCIAL_QUOTA,FULL,B057,,,190,GENERAL,90,99,94.2,64
2025,SOCIAL_QUOTA,FULL,B057,,,198,GENERAL,26,67,46.5,2
2025,SOCIAL_QUOTA,FULL,B057,,,199,GENERAL,65,65,65.0,1
2025,SOCIAL_QUOTA,FULL,B057,,,223,GENERAL,63,74,68.5,8
2025,SOCIAL_QUOTA,FULL,B057,,,416,GENERAL,55,64,59.5,2
2025,SOCIAL_QUOTA,FULL,B057,,,501,GENERAL,59,75,66.4,5
2025,SOCIAL_QUOTA,FULL,B057,,,522,GENERAL,80,99,90.7,198
2025,SOCIAL_QUOTA,FULL,B057,KZ-040,,40,GENERAL,59,75,64.7,13
2025,SOCIAL_QUOTA,FULL,B057,KZ-US-040,,40,GENERAL,57,70,60.9,16
2025,SOCIAL_QUOTA,FULL,B058,,,9,GENERAL,51,69,62.7,3
2025,SOCIAL_QUOTA,FULL,B058,,,32,GENERAL,62,70,65.3,7
2025,SOCIAL_QUOTA,FULL,B058,,,34,GENERAL,62,70,67.0,5
2025,SOCIAL_QUOTA,FULL,B058,,,57,GENERAL,70,71,70.2,9
2025,SOCIAL_QUOTA,FULL,B059,,,2,GENERAL,54,68,64.0,33
2025,SOCIAL_QUOTA,FULL,B059,,,12,GENERAL,50,50,50.0,1
2025,SOCIAL_QUOTA,FULL,B059,,,19,GENERAL,52,67,63.9,10
2025,SOCIAL_QUOTA,FULL,B059,,,22,GENERAL,51,68,62.9,13
2025,SOCIAL_QUOTA,FULL,B059,,,29,GENERAL,65,69,66.0,7
2025,SOCIAL_QUOTA,FULL,B059,,,32,GENERAL,65,68,66.5,2
2025,SOCIAL_QUOTA,FULL,B059,,,40,GENERAL,52,52,52.0,1
2025,SOCIAL_QUOTA,FULL,B059,,,43,GENERAL,67,67,67.0,1
2025,SOCIAL_QUOTA,FULL,B059,,,45,GENERAL,65,69,66.5,4
2025,SOCIAL_QUOTA,FULL,B059,,,49,GENERAL,52,65,59.3,6
2025,SOCIAL_QUOTA,FULL,B059,,,57,GENERAL,54,68,63.0,7
2025,SOCIAL_QUOTA,FULL,B059,,,93,GENERAL,50,68,62.0,4
2025,SOCIAL_QUOTA,FULL,B059,KZ-040,,40,GENERAL,63,63,63.0,1
2025,SOCIAL_QUOTA,FULL,B062,,,2,GENERAL,51,75,63.3,35
2025,SOCIAL_QUOTA,FULL,B062,,,3,GENERAL,51,51,51.0,1
2025,SOCIAL_QUOTA,FULL,B062,,,5,GENERAL,70,75,72.5,2
2025,SOCIAL_QUOTA,FULL,B062,,,9,GENERAL,54,54,54.0,1
2025,SOCIAL_QUOTA,FULL,B062,,,12,GENERAL,71,71,71.0,1
2025,SOCIAL_QUOTA,FULL,B062,,,19,GENERAL,50,74,62.6,20
2025,SOCIAL_QUOTA,FULL,B062,,,24,GENERAL,69,69,69.0,1
2025,SOCIAL_QUOTA,FULL,B062,,,27,GENERAL,71,75,73.0,3
2025,SOCIAL_QUOTA,FULL,B062,,,29,GENERAL,66,76,71.0,23
2025,SOCIAL_QUOTA,FULL,B062,,,32,GENERAL,74,74,74.0,1
2025,SOCIAL_QUOTA,FULL,B062,,,34,GENERAL,62,67,64.5,2
2025,SOCIAL_QUOTA,FULL,B062,,,45,GENERAL,65,65,65.0,1
2025,SOCIAL_QUOTA,FULL,B062,,,53,GENERAL,62,75,68.5,2
2025,SOCIAL_QUOTA,FULL,B062,,,57,GENERAL,59,76,67.5,20
2025,SOCIAL_QUOTA,FULL,B062,,,141,GENERAL,52,54,53.0,2
2025,SOCIAL_QUOTA,FULL,B062,,,160,GENERAL,66,69,67.5,2
2025,SOCIAL_QUOTA,FULL,B062,,,202,GENERAL,64,64,64.0,1
2025,SOCIAL_QUOTA,FULL,B062,,,501,GENERAL,56,73,67.0,4
2025,SOCIAL_QUOTA,FULL,B062,,,529,GENERAL,64,64,64.0,1
2025,SOCIAL_QUOTA,FULL,B063,,,2,GENERAL,54,85,73.1,63
2025,SOCIAL_QUOTA,FULL,B063,,,5,GENERAL,66,75,69.6,5
2025,SOCIAL_QUOTA,FULL,B063,,,9,GENERAL,60,60,60.0,1
2025,SOCIAL_QUOTA,FULL,B063,,,19,GENERAL,52,75,64.2,12
2025,SOCIAL_QUOTA,FULL,B063,,,27,GENERAL,65,85,74.5,49
2025,SOCIAL_QUOTA,FULL,B063,,,29,GENERAL,70,85,77.7,36
2025,SOCIAL_QUOTA,FULL,B063,,,32,GENERAL,62,76,68.6,8
2025,SOCIAL_QUOTA,FULL,B063,,,34,GENERAL,50,63,56.5,2
2025,SOCIAL_QUOTA,FULL,B063,,,37,GENERAL,68,79,73.5,2
2025,SOCIAL_QUOTA,FULL,B063,,,43,GENERAL,53,67,59.0,4
2025,SOCIAL_QUOTA,FULL,B063,,,45,GENERAL,68,68,68.0,1
2025,SOCIAL_QUOTA,FULL,B063,,,49,GENERAL,54,61,56.7,3
2025,SOCIAL_QUOTA,FULL,B063,,,53,GENERAL,51,73,62.8,12
2025,SOCIAL_QUOTA,FULL,B063,,,57,GENERAL,66,85,72.8,39
2025,SOCIAL_QUOTA,FULL,B063,,,147,GENERAL,55,55,55.0,1
2025,SOCIAL_QUOTA,FULL,B063,,,182,GENERAL,53,82,67.7,21
2025,SOCIAL_QUOTA,FULL,B063,,,198,GENERAL,73,73,73.0,1
2025,SOCIAL_QUOTA,FULL,B063,,,416,GENERAL,55,60,57.5,2
2025,SOCIAL_QUOTA,FULL,B063,,,501,GENERAL,56,76,64.5,4
2025,SOCIAL_QUOTA,FULL,B063,,,522,GENERAL,70,85,77.7,26
2025,SOCIAL_QUOTA,FULL,B064,,,9,GENERAL,50,50,50.0,1
2025,SOCIAL_QUOTA,FULL,B064,,,12,GENERAL,51,51,51.0,1
2025,SOCIAL_QUOTA,FULL,B064,,,198,GENERAL,51,51,51.0,1
2025,SOCIAL_QUOTA,FULL,B065,,,32,GENERAL,56,56,56.0,1
2025,SOCIAL_QUOTA,FULL,B065,,,38,GENERAL,50,50,50.0,1
2025,SOCIAL_QUOTA,FULL,B065,,,160,GENERAL,53,53,53.0,1
2025,SOCIAL_QUOTA,FULL,B067,,,27,GENERAL,66,73,69.5,6
2025,SOCIAL_QUOTA,FULL,B067,,,29,GENERAL,66,74,69.2,8
2025,SOCIAL_QUOTA,FULL,B067,,,57,GENERAL,63,68,64.9,7
2025,SOCIAL_QUOTA,FULL,B067,,,157,GENERAL,66,74,69.5,59
2025,SOCIAL_QUOTA,FULL,B068,,,2,GENERAL,54,69,64.9,36
2025,SOCIAL_QUOTA,FULL,B068,,,5,GENERAL,65,68,67.0,5
2025,SOCIAL_QUOTA,FULL,B068,,,11,GENERAL,59,62,60.5,2
2025,SOCIAL_QUOTA,FULL,B068,,,24,GENERAL,67,69,67.8,6
2025,SOCIAL_QUOTA,FULL,B068,,,33,GENERAL,66,66,66.0,2
2025,SOCIAL_QUOTA,FULL,B068,,,34,GENERAL,53,69,63.7,15
2025,SOCIAL_QUOTA,FULL,B068,,,35,GENERAL,66,66,66.0,1
2025,SOCIAL_QUOTA,FULL,B068,,,36,GENERAL,59,59,59.0,1
2025,SOCIAL_QUOTA,FULL,B068,,,40,GENERAL,63,63,63.0,1
2025,SOCIAL_QUOTA,FULL,B068,,,43,GENERAL,53,53,53.0,1
2025,SOCIAL_QUOTA,FULL,B068,,,45,GENERAL,66,69,67.2,4
2025,SOCIAL_QUOTA,FULL,B068,,,49,GENERAL,51,69,64.1,10
2025,SOCIAL_QUOTA,FULL,B068,,,53,GENERAL,50,69,62.7,31
2025,SOCIAL_QUOTA,FULL,B068,,,122,GENERAL,61,67,64.0,3
2025,SOCIAL_QUOTA,FULL,B068,,,140,GENERAL,52,65,58.5,2
2025,SOCIAL_QUOTA,FULL,B068,,,146,GENERAL,57,57,57.0,1
2025,SOCIAL_QUOTA,FULL,B068,,,182,GENERAL,65,68,66.9,8
2025,SOCIAL_QUOTA,FULL,B068,,,198,GENERAL,53,53,53.0,1
2025,SOCIAL_QUOTA,FULL,B068,,,501,GENERAL,62,69,65.0,3
2025,SOCIAL_QUOTA,FULL,B071,,,3,GENERAL,52,57,55.3,3
2025,SOCIAL_QUOTA,FULL,B071,,,12,GENERAL,52,52,52.0,1
2025,SOCIAL_QUOTA,FULL,B071,,,32,GENERAL,53,56,54.5,2
2025,SOCIAL_QUOTA,FULL,B071,,,79,GENERAL,55,55,55.0,1
2025,SOCIAL_QUOTA,FULL,B071,,,182,GENERAL,54,54,54.0,1
2025,SOCIAL_QUOTA,FULL,B071,,,416,GENERAL,52,52,52.0,1
2025,SOCIAL_QUOTA,FULL,B071,,,501,GENERAL,56,56,56.0,1
2025,SOCIAL_QUOTA,FULL,B072,,,26,GENERAL,75,88,80.8,107
2025,SOCIAL_QUOTA,FULL,B072,,,27,GENERAL,80,88,83.2,6
2025,SOCIAL_QUOTA,FULL,B072,,,29,GENERAL,70,85,73.3,58
2025,SOCIAL_QUOTA,FULL,B072,,,30,GENERAL,75,88,80.9,24
2025,SOCIAL_QUOTA,FULL,B072,,,31,GENERAL,65,81,70.4,42
2025,SOCIAL_QUOTA,FULL,B072,,,33,GENERAL,58,71,64.5,6
2025,SOCIAL_QUOTA,FULL,B072,,,44,GENERAL,51,88,70.2,94
2025,SOCIAL_QUOTA,FULL,B072,,,45,GENERAL,65,79,69.8,33
2025,SOCIAL_QUOTA,FULL,B072,,,53,GENERAL,50,86,66.6,220
2025,SOCIAL_QUOTA,FULL,B073,,,2,GENERAL,70,100,84.8,61
2025,SOCIAL_QUOTA,FULL,B073,,,12,GENERAL,69,99,84.3,6
2025,SOCIAL_QUOTA,FULL,B073,,,19,GENERAL,60,98,75.9,63
2025,SOCIAL_QUOTA,FULL,B073,,,29,GENERAL,75,99,88.4,18
2025,SOCIAL_QUOTA,FULL,B073,,,38,GENERAL,64,97,80.4,5
2025,SOCIAL_QUOTA,FULL,B073,,,45,GENERAL,70,100,84.9,68
2025,SOCIAL_QUOTA,FULL,B073,,,79,GENERAL,62,94,77.4,8
2025,SOCIAL_QUOTA,FULL,B073,,,198,GENERAL,63,92,80.3,3
2025,SOCIAL_QUOTA,FULL,B073,,,202,GENERAL,88,97,93.3,6
2025,SOCIAL_QUOTA,FULL,B073,,,529,GENERAL,73,98,87.3,22
2025,SOCIAL_QUOTA,FULL,B074,,,2,GENERAL,61,72,67.1,54
2025,SOCIAL_QUOTA,FULL,B074,,,5,GENERAL,61,67,65.3,7
2025,SOCIAL_QUOTA,FULL,B074,,,12,GENERAL,52,72,63.5,6
2025,SOCIAL_QUOTA,FULL,B074,,,19,GENERAL,52,70,62.9,17
2025,SOCIAL_QUOTA,FULL,B074,,,22,GENERAL,60,72,67.0,103
2025,SOCIAL_QUOTA,FULL,B074,,,29,GENERAL,70,72,70.9,9
2025,SOCIAL_QUOTA,FULL,B074,,,32,GENERAL,51,70,62.9,14
2025,SOCIAL_QUOTA,FULL,B074,,,34,GENERAL,54,57,55.5,2
2025,SOCIAL_QUOTA,FULL,B074,,,35,GENERAL,54,58,56.0,2
2025,SOCIAL_QUOTA,FULL,B074,,,38,GENERAL,58,68,63.0,2
2025,SOCIAL_QUOTA,FULL,B074,,,40,GENERAL,61,61,61.0,1
2025,SOCIAL_QUOTA,FULL,B074,,,42,GENERAL,52,58,55.3,3
2025,SOCIAL_QUOTA,FULL,B074,,,45,GENERAL,66,72,69.8,8
2025,SOCIAL_QUOTA,FULL,B074,,,79,GENERAL,71,71,71.0,1
2025,SOCIAL_QUOTA,FULL,B074,,,202,GENERAL,64,64,64.0,2
2025,SOCIAL_QUOTA,FULL,B074,,,501,GENERAL,69,71,70.0,2
2025,SOCIAL_QUOTA,FULL,B074,,,529,GENERAL,65,72,68.3,6
2025,SOCIAL_QUOTA,FULL,B075,,,2,GENERAL,51,100,78.3,272
2025,SOCIAL_QUOTA,FULL,B075,,,3,GENERAL,63,75,69.0,2
2025,SOCIAL_QUOTA,FULL,B075,,,12,GENERAL,61,83,71.7,11
2025,SOCIAL_QUOTA,FULL,B075,,,19,GENERAL,53,100,74.4,130
2025,SOCIAL_QUOTA,FULL,B075,,,22,GENERAL,59,99,79.3,194
2025,SOCIAL_QUOTA,FULL,B075,,,24,GENERAL,65,99,75.3,49
2025,SOCIAL_QUOTA,FULL,B075,,,27,GENERAL,98,100,98.8,12
2025,SOCIAL_QUOTA,FULL,B075,,,29,GENERAL,75,99,85.8,150
2025,SOCIAL_QUOTA,FULL,B075,,,32,GENERAL,61,90,73.2,16
2025,SOCIAL_QUOTA,FULL,B075,,,34,GENERAL,63,86,73.7,14
2025,SOCIAL_QUOTA,FULL,B075,,,45,GENERAL,66,99,78.0,69
2025,SOCIAL_QUOTA,FULL,B075,,,198,GENERAL,54,67,61.0,3
2025,SOCIAL_QUOTA,FULL,B075,,,199,GENERAL,68,68,68.0,1
2025,SOCIAL_QUOTA,FULL,B075,,,501,GENERAL,66,83,73.8,9
2025,SOCIAL_QUOTA,FULL,B075,,,529,GENERAL,63,71,68.5,4
2025,SOCIAL_QUOTA,FULL,B076,,,2,GENERAL,59,69,65.6,10
2025,SOCIAL_QUOTA,FULL,B076,,,29,GENERAL,67,68,67.6,5
2025,SOCIAL_QUOTA,FULL,B076,,,32,GENERAL,61,63,62.0,2
2025,SOCIAL_QUOTA,FULL,B076,,,40,GENERAL,65,65,65.0,1
2025,SOCIAL_QUOTA,FULL,B076,,,45,GENERAL,66,67,66.5,2
2025,SOCIAL_QUOTA,FULL,B076,,,49,GENERAL,63,66,64.5,2
2025,SOCIAL_QUOTA,FULL,B076,,,53,GENERAL,50,66,58.2,9
2025,SOCIAL_QUOTA,FULL,B076,,,182,GENERAL,58,68,65.1,8
2025,SOCIAL_QUOTA,FULL,B076,,,223,GENERAL,63,68,65.5,2
2025,SOCIAL_QUOTA,FULL,B077,,,2,GENERAL,57,64,62.4,8
2025,SOCIAL_QUOTA,FULL,B077,,,24,GENERAL,50,64,61.4,7
2025,SOCIAL_QUOTA,FULL,B077,,,34,GENERAL,60,64,61.7,3
2025,SOCIAL_QUOTA,FULL,B077,,,35,GENERAL,61,63,62.0,2
2025,SOCIAL_QUOTA,FULL,B077,,,38,GENERAL,53,53,53.0,1
2025,SOCIAL_QUOTA,FULL,B077,,,40,GENERAL,58,60,59.0,2
2025,SOCIAL_QUOTA,FULL,B077,,,42,GENERAL,56,56,56.0,1
2025,SOCIAL_QUOTA,FULL,B077,,,45,GENERAL,61,61,61.0,1
2025,SOCIAL_QUOTA,FULL,B077,,,49,GENERAL,61,63,62.0,2
2025,SOCIAL_QUOTA,FULL,B077,,,501,GENERAL,56,56,56.0,1
2025,SOCIAL_QUOTA,FULL,B078,,,36,GENERAL,50,50,50.0,1
2025,SOCIAL_QUOTA,FULL,B078,,,40,GENERAL,50,50,50.0,1
2025,SOCIAL_QUOTA,FULL,B079,,,2,GENERAL,50,70,65.0,136
2025,SOCIAL_QUOTA,FULL,B079,,,11,GENERAL,60,68,63.9,9
2025,SOCIAL_QUOTA,FULL,B079,,,12,GENERAL,67,67,67.0,1
2025,SOCIAL_QUOTA,FULL,B079,,,24,GENERAL,50,70,64.6,166
2025,SOCIAL_QUOTA,FULL,B079,,,35,GENERAL,51,67,62.1,14
2025,SOCIAL_QUOTA,FULL,B079,,,38,GENERAL,61,68,64.9,9
2025,SOCIAL_QUOTA,FULL,B079,,,40,GENERAL,55,66,62.7,9
2025,SOCIAL_QUOTA,FULL,B079,,,42,GENERAL,62,67,65.7,6
2025,SOCIAL_QUOTA,FULL,B079,,,501,GENERAL,61,66,63.4,7
2025,SOCIAL_QUOTA,FULL,B082,,,34,GENERAL,52,52,52.0,1
2025,SOCIAL_QUOTA,FULL,B082,,,45,GENERAL,50,56,53.0,4
2025,SOCIAL_QUOTA,FULL,B083,,,2,GENERAL,50,62,57.0,81
2025,SOCIAL_QUOTA,FULL,B083,,,24,GENERAL,51,62,56.7,72
2025,SOCIAL_QUOTA,FULL,B083,,,36,GENERAL,54,59,55.8,4
2025,SOCIAL_QUOTA,FULL,B083,,,38,GENERAL,54,58,57.0,4
2025,SOCIAL_QUOTA,FULL,B083,,,42,GENERAL,55,59,57.4,5
2025,SOCIAL_QUOTA,FULL,B083,,,45,GENERAL,51,62,57.2,29
2025,SOCIAL_QUOTA,FULL,B083,,,146,GENERAL,57,58,57.5,2
2025,SOCIAL_QUOTA,FULL,B083,,,198,GENERAL,58,61,59.5,2
2025,SOCIAL_QUOTA,FULL,B083,,,223,GENERAL,51,57,55.3,7
2025,SOCIAL_QUOTA,FULL,B083,,,416,GENERAL,51,60,57.0,8
2025,SOCIAL_QUOTA,FULL,B083,,,501,GENERAL,51,57,54.4,5
2025,SOCIAL_QUOTA,FULL,B084,,Сестринское дело,41,GENERAL,71,71,71.0,1
2025,SOCIAL_QUOTA,FULL,B085,,Фармация,4,GENERAL,91,91,91.0,1
2025,SOCIAL_QUOTA,FULL,B085,,Фармация,30,GENERAL,88,88,88.0,1
2025,SOCIAL_QUOTA,FULL,B085,,Фармация,44,GENERAL,96,96,96.0,1
2025,SOCIAL_QUOTA,FULL,B085,,Фармация,80,GENERAL,101,103,102.0,2
2025,SOCIAL_QUOTA,FULL,B090,,,34,GENERAL,53,59,56.7,3
2025,SOCIAL_QUOTA,FULL,B090,,,38,GENERAL,65,65,65.0,1
2025,SOCIAL_QUOTA,FULL,B090,,,122,GENERAL,72,72,72.0,1
2025,SOCIAL_QUOTA,FULL,B090,,,158,GENERAL,55,69,62.0,2
2025,SOCIAL_QUOTA,FULL,B090,,,173,GENERAL,56,62,59.0,2
2025,SOCIAL_QUOTA,FULL,B091,,,21,GENERAL,106,112,110.0,4
2025,SOCIAL_QUOTA,FULL,B091,,,25,GENERAL,77,85,82.0,3
2025,SOCIAL_QUOTA,FULL,B091,,,27,GENERAL,97,108,104.3,3
2025,SOCIAL_QUOTA,FULL,B091,,,31,GENERAL,87,87,87.0,1
2025,SOCIAL_QUOTA,FULL,B091,,,37,GENERAL,73,73,73.0,1
2025,SOCIAL_QUOTA,FULL,B091,,,40,GENERAL,52,52,52.0,1
2025,SOCIAL_QUOTA,FULL,B091,,,49,GENERAL,61,88,74.5,2
2025,SOCIAL_QUOTA,FULL,B091,,,53,GENERAL,65,65,65.0,1
2025,SOCIAL_QUOTA,FULL,B091,,,69,GENERAL,87,87,87.0,1
2025,SOCIAL_QUOTA,FULL,B091,,,83,GENERAL,76,89,82.5,2
2025,SOCIAL_QUOTA,FULL,B091,,,122,GENERAL,94,94,94.0,1
2025,SOCIAL_QUOTA,FULL,B091,,,153,GENERAL,85,85,85.0,1
2025,SOCIAL_QUOTA,FULL,B091,,,173,GENERAL,69,98,86.8,4
2025,SOCIAL_QUOTA,FULL,B091,,,182,GENERAL,77,91,85.3,3
2025,SOCIAL_QUOTA,FULL,B091,,,184,GENERAL,67,67,67.0,1
2025,SOCIAL_QUOTA,FULL,B092,,,5,GENERAL,108,119,115.8,6
2025,SOCIAL_QUOTA,FULL,B092,,,7,GENERAL,99,119,113.4,8
2025,SOCIAL_QUOTA,FULL,B092,,,16,GENERAL,113,119,115.5,6
2025,SOCIAL_QUOTA,FULL,B092,,,25,GENERAL,112,120,115.8,34
2025,SOCIAL_QUOTA,FULL,B092,,,31,GENERAL,110,119,116.4,8
2025,SOCIAL_QUOTA,FULL,B092,,,36,GENERAL,113,119,115.6,5
2025,SOCIAL_QUOTA,FULL,B092,,,40,GENERAL,113,114,113.5,2
2025,SOCIAL_QUOTA,FULL,B092,,,43,GENERAL,113,120,116.7,24
2025,SOCIAL_QUOTA,FULL,B092,,,45,GENERAL,111,121,116.6,112
2025,SOCIAL_QUOTA,FULL,B092,,,158,GENERAL,118,120,118.7,3
2025,SOCIAL_QUOTA,FULL,B093,,,23,GENERAL,104,104,104.0,1
2025,SOCIAL_QUOTA,FULL,B093,,,69,GENERAL,103,103,103.0,1
2025,SOCIAL_QUOTA,FULL,B093,,,83,GENERAL,92,92,92.0,1
2025,SOCIAL_QUOTA,FULL,B093,,,93,GENERAL,59,59,59.0,1
2025,SOCIAL_QUOTA,FULL,B093,,,182,GENERAL,68,103,91.2,4
2025,SOCIAL_QUOTA,FULL,B093,,,184,GENERAL,92,104,98.0,2
2025,SOCIAL_QUOTA,FULL,B094,,,9,GENERAL,58,58,58.0,1
2025,SOCIAL_QUOTA,FULL,B094,,,15,GENERAL,62,62,62.0,1
2025,SOCIAL_QUOTA,FULL,B094,,,49,GENERAL,61,61,61.0,1
2025,SOCIAL_QUOTA,FULL,B094,,,57,GENERAL,58,58,58.0,1
2025,SOCIAL_QUOTA,FULL,B095,,,2,GENERAL,60,89,80.2,6
2025,SOCIAL_QUOTA,FULL,B095,,,3,GENERAL,74,74,74.0,1
2025,SOCIAL_QUOTA,FULL,B095,,,12,GENERAL,65,65,65.0,1
2025,SOCIAL_QUOTA,FULL,B095,,,13,GENERAL,98,109,102.8,4
2025,SOCIAL_QUOTA,FULL,B095,,,19,GENERAL,57,100,77.0,6
2025,SOCIAL_QUOTA,FULL,B095,,,27,GENERAL,87,99,91.9,7
2025,SOCIAL_QUOTA,FULL,B095,,,29,GENERAL,69,84,76.5,2
2025,SOCIAL_QUOTA,FULL,B095,,,31,GENERAL,101,101,101.0,1
2025,SOCIAL_QUOTA,FULL,B095,,,32,GENERAL,66,66,66.0,1
2025,SOCIAL_QUOTA,FULL,B095,,,45,GENERAL,78,78,78.0,1
2025,SOCIAL_QUOTA,FULL,B095,,,69,GENERAL,60,60,60.0,1
2025,SOCIAL_QUOTA,FULL,B095,,,83,GENERAL,99,99,99.0,1
2025,SOCIAL_QUOTA,FULL,B095,,,140,GENERAL,93,93,93.0,1
2025,SOCIAL_QUOTA,FULL,B095,,,157,GENERAL,72,72,72.0,1
2025,SOCIAL_QUOTA,FULL,B095,,,158,GENERAL,69,69,69.0,1
2025,SOCIAL_QUOTA,FULL,B134,,,34,GENERAL,72,72,72.0,1
2025,SOCIAL_QUOTA,FULL,B135,,,13,GENERAL,106,106,106.0,1
2025,SOCIAL_QUOTA,FULL,B135,,,23,GENERAL,111,111,111.0,1
2025,SOCIAL_QUOTA,FULL,B135,,,27,GENERAL,108,114,111.0,2
2025,SOCIAL_QUOTA,FULL,B140,,,7,GENERAL,73,114,85.8,9
2025,SOCIAL_QUOTA,FULL,B140,,,13,GENERAL,106,128,118.1,12
2025,SOCIAL_QUOTA,FULL,B140,,,21,GENERAL,93,120,102.6,7
2025,SOCIAL_QUOTA,FULL,B140,,,22,GENERAL,57,61,59.0,2
2025,SOCIAL_QUOTA,FULL,B140,,,82,GENERAL,106,106,106.0,1
2025,SOCIAL_QUOTA,FULL,B140,,,93,GENERAL,61,68,64.7,3
2025,SOCIAL_QUOTA,FULL,B140,,,122,GENERAL,56,56,56.0,1
2025,SOCIAL_QUOTA,FULL,B140,,,302,GENERAL,117,118,117.7,3
2025,SOCIAL_QUOTA,FULL,B158,,,13,GENERAL,98,101,99.7,7
2025,SOCIAL_QUOTA,FULL,B167,,,157,GENERAL,85,87,85.7,7
2025,SOCIAL_QUOTA,FULL,B183,,,24,GENERAL,52,52,52.0,1
2025,SOCIAL_QUOTA,FULL,B183,,,501,GENERAL,53,53,53.0,1
2025,SOCIAL_QUOTA,FULL,BM086,,Медицина,4,GENERAL,105,112,108.3,31
2025,SOCIAL_QUOTA,FULL,BM086,,Медицина,30,GENERAL,104,112,108.3,80
2025,SOCIAL_QUOTA,FULL,BM086,,Медицина,41,GENERAL,104,112,108.2,16
2025,SOCIAL_QUOTA,FULL,BM086,,Медицина,44,GENERAL,105,109,106.6,8
2025,SOCIAL_QUOTA,FULL,BM086,,Медицина,80,GENERAL,104,112,108.4,48
2025,SOCIAL_QUOTA,FULL,BM088,,Педиатрия,4,GENERAL,74,103,92.1,16
2025,SOCIAL_QUOTA,FULL,BM088,,Педиатрия,30,GENERAL,82,105,97.2,26
2025,SOCIAL_QUOTA,FULL,BM088,,Педиатрия,41,GENERAL,75,104,92.2,9
2025,SOCIAL_QUOTA,FULL,BM088,,Педиатрия,44,GENERAL,78,97,88.4,5
2025,SOCIAL_QUOTA,FULL,BM089,,Медико-профилактическое дело,4,GENERAL,70,95,82.5,2
2025,SOCIAL_QUOTA,FULL,BM089,,Медико-профилактическое дело,30,GENERAL,74,96,86.5,6
2025,UNIVERSITY_PEDAGOGICAL,FULL,B001,,Педагогика и психология,3,GENERAL,78,96,83.0,8
2025,UNIVERSITY_PEDAGOGICAL,FULL,B001,,Педагогика и психология,3,RURAL,77,78,77.5,2
2025,UNIVERSITY_PEDAGOGICAL,FULL,B001,,Педагогика и психология,5,GENERAL,88,115,95.8,6
2025,UNIVERSITY_PEDAGOGICAL,FULL,B001,,Педагогика и психология,5,RURAL,81,87,84.0,4
2025,UNIVERSITY_PEDAGOGICAL,FULL,B001,,Педагогика и психология,8,GENERAL,79,83,80.3,3
2025,UNIVERSITY_PEDAGOGICAL,FULL,B001,,Педагогика и психология,8,RURAL,77,77,77.0,1
2025,UNIVERSITY_PEDAGOGICAL,FULL,B001,,Педагогика и психология,10,GENERAL,75,89,80.7,6
2025,UNIVERSITY_PEDAGOGICAL,FULL,B001,,Педагогика и психология,11,GENERAL,75,90,81.0,7
2025,UNIVERSITY_PEDAGOGICAL,FULL,B001,,Педагогика и психология,11,RURAL,75,75,75.0,1
2025,UNIVERSITY_PEDAGOGICAL,FULL,B001,,Педагогика и психология,15,GENERAL,98,109,103.7,3
2025,UNIVERSITY_PEDAGOGICAL,FULL,B001,,Педагогика и психология,15,RURAL,78,82,80.0,2
2025,UNIVERSITY_PEDAGOGICAL,FULL,B001,,Педагогика и психология,16,GENERAL,87,112,96.3,3
2025,UNIVERSITY_PEDAGOGICAL,FULL,B001,,Педагогика и психология,16,RURAL,76,84,80.0,2
2025,UNIVERSITY_PEDAGOGICAL,FULL,B001,,Педагогика и психология,31,GENERAL,93,99,95.7,3
2025,UNIVERSITY_PEDAGOGICAL,FULL,B001,,Педагогика и психология,31,RURAL,81,84,82.5,2
2025,UNIVERSITY_PEDAGOGICAL,FULL,B001,,Педагогика и психология,34,GENERAL,97,116,102.7,6
2025,UNIVERSITY_PEDAGOGICAL,FULL,B001,,Педагогика и психология,34,RURAL,81,91,86.5,4
2025,UNIVERSITY_PEDAGOGICAL,FULL,B001,,Педагогика и психология,35,GENERAL,85,94,89.3,6
2025,UNIVERSITY_PEDAGOGICAL,FULL,B001,,Педагогика и психология,35,RURAL,76,79,77.0,4
2025,UNIVERSITY_PEDAGOGICAL,FULL,B001,,Педагогика и психология,36,GENERAL,80,116,87.2,9
2025,UNIVERSITY_PEDAGOGICAL,FULL,B001,,Педагогика и психология,36,RURAL,79,79,79.0,1
2025,UNIVERSITY_PEDAGOGICAL,FULL,B001,,Педагогика и психология,37,GENERAL,88,106,92.5,6
2025,UNIVERSITY_PEDAGOGICAL,FULL,B001,,Педагогика и психология,37,RURAL,79,83,81.8,4
2025,UNIVERSITY_PEDAGOGICAL,FULL,B001,,Педагогика и психология,42,GENERAL,84,95,89.7,3
2025,UNIVERSITY_PEDAGOGICAL,FULL,B001,,Педагогика и психология,42,RURAL,78,79,78.5,2
2025,UNIVERSITY_PEDAGOGICAL,FULL,B001,,Педагогика и психология,43,GENERAL,77,99,84.3,9
2025,UNIVERSITY_PEDAGOGICAL,FULL,B001,,Педагогика и психология,43,RURAL,75,75,75.0,1
2025,UNIVERSITY_PEDAGOGICAL,FULL,B001,,Педагогика и психология,141,GENERAL,76,93,80.2,12
2025,UNIVERSITY_PEDAGOGICAL,FULL,B001,,Педагогика и психология,141,RURAL,75,75,75.0,1
2025,UNIVERSITY_PEDAGOGICAL,FULL,B001,,Педагогика и психология,185,GENERAL,95,98,96.7,6
2025,UNIVERSITY_PEDAGOGICAL,FULL,B001,,Педагогика и психология,185,RURAL,91,94,92.8,4
2025,UNIVERSITY_PEDAGOGICAL,FULL,B001,,Педагогика и психология,196,GENERAL,89,101,95.5,6
2025,UNIVERSITY_PEDAGOGICAL,FULL,B001,,Педагогика и психология,196,RURAL,82,88,86.0,4
2025,UNIVERSITY_PEDAGOGICAL,FULL,B002,,Дошкольное обучение и воспитание,5,GENERAL,80,89,84.2,10
2025,UNIVERSITY_PEDAGOGICAL,FULL,B002,,Дошкольное обучение и воспитание,5,RURAL,76,79,77.2,5
2025,UNIVERSITY_PEDAGOGICAL,FULL,B002,,Дошкольное обучение и воспитание,8,GENERAL,76,79,77.2,4
2025,UNIVERSITY_PEDAGOGICAL,FULL,B002,,Дошкольное обучение и воспитание,10,GENERAL,75,81,76.5,6
2025,UNIVERSITY_PEDAGOGICAL,FULL,B002,,Дошкольное обучение и воспитание,11,GENERAL,77,81,78.6,7
2025,UNIVERSITY_PEDAGOGICAL,FULL,B002,,Дошкольное обучение и воспитание,15,GENERAL,77,89,81.7,9
2025,UNIVERSITY_PEDAGOGICAL,FULL,B002,,Дошкольное обучение и воспитание,15,RURAL,76,76,76.0,1
2025,UNIVERSITY_PEDAGOGICAL,FULL,B002,,Дошкольное обучение и воспитание,16,GENERAL,76,82,78.8,6
2025,UNIVERSITY_PEDAGOGICAL,FULL,B002,,Дошкольное обучение и воспитание,16,RURAL,75,76,75.8,4
2025,UNIVERSITY_PEDAGOGICAL,FULL,B002,,Дошкольное обучение и воспитание,31,GENERAL,85,89,86.8,6
2025,UNIVERSITY_PEDAGOGICAL,FULL,B002,,Дошкольное обучение и воспитание,31,RURAL,78,84,79.5,4
2025,UNIVERSITY_PEDAGOGICAL,FULL,B002,,Дошкольное обучение и воспитание,34,GENERAL,83,91,86.5,10
2025,UNIVERSITY_PEDAGOGICAL,FULL,B002,,Дошкольное обучение и воспитание,34,RURAL,80,82,81.0,5
2025,UNIVERSITY_PEDAGOGICAL,FULL,B002,,Дошкольное обучение и воспитание,36,GENERAL,78,89,83.5,2
2025,UNIVERSITY_PEDAGOGICAL,FULL,B002,,Дошкольное обучение и воспитание,37,GENERAL,81,89,85.4,13
2025,UNIVERSITY_PEDAGOGICAL,FULL,B002,,Дошкольное обучение и воспитание,37,RURAL,75,78,76.0,7
2025,UNIVERSITY_PEDAGOGICAL,FULL,B002,,Дошкольное обучение и воспитание,42,GENERAL,75,84,78.6,5
2025,UNIVERSITY_PEDAGOGICAL,FULL,B002,,Дошкольное обучение и воспитание,43,GENERAL,75,86,79.5,13
2025,UNIVERSITY_PEDAGOGICAL,FULL,B002,,Дошкольное обучение и воспитание,185,GENERAL,88,94,90.1,10
2025,UNIVERSITY_PEDAGOGICAL,FULL,B002,,Дошкольное обучение и воспитание,185,RURAL,80,83,82.2,5
2025,UNIVERSITY_PEDAGOGICAL,FULL,B002,,Дошкольное обучение и воспитание,196,GENERAL,81,89,84.0,13
2025,UNIVERSITY_PEDAGOGICAL,FULL,B002,,Дошкольное обучение и воспитание,196,RURAL,78,80,79.0,7
2025,UNIVERSITY_PEDAGOGICAL,FULL,B002,,Дошкольное обучение и воспитание,517,GENERAL,80,95,84.0,6
2025,UNIVERSITY_PEDAGOGICAL,FULL,B002,,Дошкольное обучение и воспитание,517,RURAL,76,77,76.2,4
2025,UNIVERSITY_PEDAGOGICAL,FULL,B003,,Педагогика и методика начального обучения,3,GENERAL,84,119,91.2,13
2025,UNIVERSITY_PEDAGOGICAL,FULL,B003,,Педагогика и методика начального обучения,3,RURAL,76,82,79.3,7
2025,UNIVERSITY_PEDAGOGICAL,FULL,B003,,Педагогика и методика начального обучения,5,GENERAL,89,108,96.3,10
2025,UNIVERSITY_PEDAGOGICAL,FULL,B003,,Педагогика и методика начального обучения,5,RURAL,82,87,84.4,5
2025,UNIVERSITY_PEDAGOGICAL,FULL,B003,,Педагогика и методика начального обучения,8,GENERAL,81,111,91.3,3
2025,UNIVERSITY_PEDAGOGICAL,FULL,B003,,Педагогика и методика начального обучения,8,RURAL,76,77,76.5,2
2025,UNIVERSITY_PEDAGOGICAL,FULL,B003,,Педагогика и методика начального обучения,10,GENERAL,81,108,91.0,6
2025,UNIVERSITY_PEDAGOGICAL,FULL,B003,,Педагогика и методика начального обучения,10,RURAL,77,80,78.0,4
2025,UNIVERSITY_PEDAGOGICAL,FULL,B003,,Педагогика и методика начального обучения,11,GENERAL,84,109,90.2,6
2025,UNIVERSITY_PEDAGOGICAL,FULL,B003,,Педагогика и методика начального обучения,11,RURAL,79,83,80.8,4
2025,UNIVERSITY_PEDAGOGICAL,FULL,B003,,Педагогика и методика начального обучения,15,GENERAL,87,109,96.8,6
2025,UNIVERSITY_PEDAGOGICAL,FULL,B003,,Педагогика и методика начального обучения,15,RURAL,77,81,78.5,4
2025,UNIVERSITY_PEDAGOGICAL,FULL,B003,,Педагогика и методика начального обучения,16,GENERAL,89,110,94.6,10
2025,UNIVERSITY_PEDAGOGICAL,FULL,B003,,Педагогика и методика начального обучения,16,RURAL,83,85,84.2,5
2025,UNIVERSITY_PEDAGOGICAL,FULL,B003,,Педагогика и методика начального обучения,31,GENERAL,91,121,103.8,6
2025,UNIVERSITY_PEDAGOGICAL,FULL,B003,,Педагогика и методика начального обучения,31,RURAL,83,90,86.2,4
2025,UNIVERSITY_PEDAGOGICAL,FULL,B003,,Педагогика и методика начального обучения,34,GENERAL,97,115,104.4,10
2025,UNIVERSITY_PEDAGOGICAL,FULL,B003,,Педагогика и методика начального обучения,34,RURAL,94,96,95.0,5
2025,UNIVERSITY_PEDAGOGICAL,FULL,B003,,Педагогика и методика начального обучения,35,GENERAL,83,117,89.4,13
2025,UNIVERSITY_PEDAGOGICAL,FULL,B003,,Педагогика и методика начального обучения,35,RURAL,80,83,81.1,7
2025,UNIVERSITY_PEDAGOGICAL,FULL,B003,,Педагогика и методика начального обучения,36,GENERAL,78,99,83.2,13
2025,UNIVERSITY_PEDAGOGICAL,FULL,B003,,Педагогика и методика начального обучения,36,RURAL,75,78,76.1,7
2025,UNIVERSITY_PEDAGOGICAL,FULL,B003,,Педагогика и методика начального обучения,37,GENERAL,103,119,107.7,13
2025,UNIVERSITY_PEDAGOGICAL,FULL,B003,,Педагогика и методика начального обучения,37,RURAL,86,101,92.3,7
2025,UNIVERSITY_PEDAGOGICAL,FULL,B003,,Педагогика и методика начального обучения,42,GENERAL,81,117,93.2,13
2025,UNIVERSITY_PEDAGOGICAL,FULL,B003,,Педагогика и методика начального обучения,42,RURAL,79,81,79.9,7
2025,UNIVERSITY_PEDAGOGICAL,FULL,B003,,Педагогика и методика начального обучения,43,GENERAL,89,109,94.7,10
2025,UNIVERSITY_PEDAGOGICAL,FULL,B003,,Педагогика и методика начального обучения,43,RURAL,82,88,84.4,5
2025,UNIVERSITY_PEDAGOGICAL,FULL,B003,,Педагогика и методика начального обучения,141,GENERAL,76,106,83.5,12
2025,UNIVERSITY_PEDAGOGICAL,FULL,B003,,Педагогика и методика начального обучения,141,RURAL,75,76,75.5,2
2025,UNIVERSITY_PEDAGOGICAL,FULL,B003,,Педагогика и методика начального обучения,185,GENERAL,105,118,110.2,13
2025,UNIVERSITY_PEDAGOGICAL,FULL,B003,,Педагогика и методика начального обучения,185,RURAL,95,104,99.1,7
2025,UNIVERSITY_PEDAGOGICAL,FULL,B003,,Педагогика и методика начального обучения,196,GENERAL,98,125,106.4,13
2025,UNIVERSITY_PEDAGOGICAL,FULL,B003,,Педагогика и методика начального обучения,196,RURAL,90,97,93.4,7
2025,UNIVERSITY_PEDAGOGICAL,FULL,B003,,Педагогика и методика начального обучения,517,GENERAL,85,113,93.0,13
2025,UNIVERSITY_PEDAGOGICAL,FULL,B003,,Педагогика и методика начального обучения,517,RURAL,78,84,81.3,7
2025,UNIVERSITY_PEDAGOGICAL,FULL,B004,,Подготовка учителей начальной военной подготовки,31,GENERAL,122,126,123.8,4
2025,UNIVERSITY_PEDAGOGICAL,FULL,B004,,Подготовка учителей начальной военной подготовки,31,RURAL,122,122,122.0,2
2025,UNIVERSITY_PEDAGOGICAL,FULL,B005,,Подготовка учителей физической культуры,8,GENERAL,121,128,124.7,3
2025,UNIVERSITY_PEDAGOGICAL,FULL,B005,,Подготовка учителей физической культуры,8,RURAL,121,121,121.0,2
2025,UNIVERSITY_PEDAGOGICAL,FULL,B005,,Подготовка учителей физической культуры,10,GENERAL,124,130,126.6,5
2025,UNIVERSITY_PEDAGOGICAL,FULL,B005,,Подготовка учителей физической культуры,10,RURAL,121,123,121.8,6
2025,UNIVERSITY_PEDAGOGICAL,FULL,B005,,Подготовка учителей физической культуры,11,GENERAL,122,128,123.8,16
2025,UNIVERSITY_PEDAGOGICAL,FULL,B005,,Подготовка учителей физической культуры,11,RURAL,120,122,120.9,9
2025,UNIVERSITY_PEDAGOGICAL,FULL,B005,,Подготовка учителей физической культуры,31,GENERAL,122,130,125.0,10
2025,UNIVERSITY_PEDAGOGICAL,FULL,B005,,Подготовка учителей физической культуры,31,RURAL,121,122,121.7,7
2025,UNIVERSITY_PEDAGOGICAL,FULL,B005,,Подготовка учителей физической культуры,40,GENERAL,124,125,124.3,6
2025,UNIVERSITY_PEDAGOGICAL,FULL,B005,,Подготовка учителей физической культуры,40,RURAL,121,124,122.2,5
2025,UNIVERSITY_PEDAGOGICAL,FULL,B005,,Подготовка учителей физической культуры,42,GENERAL,123,125,123.6,8
2025,UNIVERSITY_PEDAGOGICAL,FULL,B005,,Подготовка учителей физической культуры,42,RURAL,122,123,122.1,8
2025,UNIVERSITY_PEDAGOGICAL,FULL,B005,,Подготовка учителей физической культуры,141,GENERAL,122,125,123.7,3
2025,UNIVERSITY_PEDAGOGICAL,FULL,B005,,Подготовка учителей физической культуры,141,RURAL,119,121,120.0,2
2025,UNIVERSITY_PEDAGOGICAL,FULL,B005,,Подготовка учителей физической культуры,527,GENERAL,121,129,122.9,178
2025,UNIVERSITY_PEDAGOGICAL,FULL,B005,,Подготовка учителей физической культуры,527,RURAL,117,121,119.0,88
2025,UNIVERSITY_PEDAGOGICAL,FULL,B006,,Подготовка учителей музыки,5,GENERAL,119,125,121.3,3
2025,UNIVERSITY_PEDAGOGICAL,FULL,B006,,Подготовка учителей музыки,5,RURAL,116,117,116.5,2
2025,UNIVERSITY_PEDAGOGICAL,FULL,B006,,Подготовка учителей музыки,8,GENERAL,120,125,121.7,3
2025,UNIVERSITY_PEDAGOGICAL,FULL,B006,,Подготовка учителей музыки,8,RURAL,100,112,106.0,2
2025,UNIVERSITY_PEDAGOGICAL,FULL,B006,,Подготовка учителей музыки,10,GENERAL,118,119,118.7,3
2025,UNIVERSITY_PEDAGOGICAL,FULL,B006,,Подготовка учителей музыки,10,RURAL,114,116,115.0,2
2025,UNIVERSITY_PEDAGOGICAL,FULL,B006,,Подготовка учителей музыки,11,GENERAL,118,119,118.3,3
2025,UNIVERSITY_PEDAGOGICAL,FULL,B006,,Подготовка учителей музыки,11,RURAL,116,116,116.0,2
2025,UNIVERSITY_PEDAGOGICAL,FULL,B006,,Подготовка учителей музыки,15,GENERAL,122,125,123.0,3
2025,UNIVERSITY_PEDAGOGICAL,FULL,B006,,Подготовка учителей музыки,15,RURAL,121,121,121.0,2
2025,UNIVERSITY_PEDAGOGICAL,FULL,B006,,Подготовка учителей музыки,16,GENERAL,123,128,124.7,3
2025,UNIVERSITY_PEDAGOGICAL,FULL,B006,,Подготовка учителей музыки,16,RURAL,120,122,121.0,2
2025,UNIVERSITY_PEDAGOGICAL,FULL,B006,,Подготовка учителей музыки,34,GENERAL,123,128,124.7,3
2025,UNIVERSITY_PEDAGOGICAL,FULL,B006,,Подготовка учителей музыки,34,RURAL,118,121,119.5,2
2025,UNIVERSITY_PEDAGOGICAL,FULL,B006,,Подготовка учителей музыки,40,GENERAL,117,122,120.2,4
2025,UNIVERSITY_PEDAGOGICAL,FULL,B007,,Подготовка учителей художественного труда и черчения,5,GENERAL,122,129,124.8,5
2025,UNIVERSITY_PEDAGOGICAL,FULL,B007,,Подготовка учителей художественного труда и черчения,5,RURAL,121,121,121.0,2
2025,UNIVERSITY_PEDAGOGICAL,FULL,B007,,Подготовка учителей художественного труда и черчения,8,GENERAL,120,122,120.7,3
2025,UNIVERSITY_PEDAGOGICAL,FULL,B007,,Подготовка учителей художественного труда и черчения,8,RURAL,115,118,116.5,2
2025,UNIVERSITY_PEDAGOGICAL,FULL,B007,,Подготовка учителей художественного труда и черчения,10,GENERAL,121,124,122.7,3
2025,UNIVERSITY_PEDAGOGICAL,FULL,B007,,Подготовка учителей художественного труда и черчения,10,RURAL,94,120,107.0,2
2025,UNIVERSITY_PEDAGOGICAL,FULL,B007,,Подготовка учителей художественного труда и черчения,11,GENERAL,119,121,119.7,3
2025,UNIVERSITY_PEDAGOGICAL,FULL,B007,,Подготовка учителей художественного труда и черчения,11,RURAL,109,117,113.0,2
2025,UNIVERSITY_PEDAGOGICAL,FULL,B007,,Подготовка учителей художественного труда и черчения,15,GENERAL,122,124,122.8,4
2025,UNIVERSITY_PEDAGOGICAL,FULL,B007,,Подготовка учителей художественного труда и черчения,15,RURAL,118,120,118.7,3
2025,UNIVERSITY_PEDAGOGICAL,FULL,B007,,Подготовка учителей художественного труда и черчения,16,GENERAL,122,126,124.3,3
2025,UNIVERSITY_PEDAGOGICAL,FULL,B007,,Подготовка учителей художественного труда и черчения,16,RURAL,120,121,120.5,2
2025,UNIVERSITY_PEDAGOGICAL,FULL,B007,,Подготовка учителей художественного труда и черчения,31,GENERAL,120,124,122.3,3
2025,UNIVERSITY_PEDAGOGICAL,FULL,B007,,Подготовка учителей художественного труда и черчения,31,RURAL,82,117,99.5,2
2025,UNIVERSITY_PEDAGOGICAL,FULL,B007,,Подготовка учителей художественного труда и черчения,34,GENERAL,121,126,123.3,3
2025,UNIVERSITY_PEDAGOGICAL,FULL,B007,,Подготовка учителей художественного труда и черчения,34,RURAL,119,120,119.5,2
2025,UNIVERSITY_PEDAGOGICAL,FULL,B007,,Подготовка учителей художественного труда и черчения,35,GENERAL,121,123,122.0,3
2025,UNIVERSITY_PEDAGOGICAL,FULL,B007,,Подготовка учителей художественного труда и черчения,35,RURAL,118,119,118.5,2
2025,UNIVERSITY_PEDAGOGICAL,FULL,B007,,Подготовка учителей художественного труда и черчения,185,GENERAL,120,124,122.3,3
2025,UNIVERSITY_PEDAGOGICAL,FULL,B007,,Подготовка учителей художественного труда и черчения,185,RURAL,116,117,116.5,2
2025,UNIVERSITY_PEDAGOGICAL,FULL,B008,,Подготовка учителей основы права и экономики,31,GENERAL,98,103,100.0,3
2025,UNIVERSITY_PEDAGOGICAL,FULL,B008,,Подготовка учителей основы права и экономики,31,RURAL,92,93,92.5,2
2025,UNIVERSITY_PEDAGOGICAL,FULL,B009,,Подготовка учителей математики,3,GENERAL,98,124,110.2,13
2025,UNIVERSITY_PEDAGOGICAL,FULL,B009,,Подготовка учителей математики,3,RURAL,88,97,91.9,7
2025,UNIVERSITY_PEDAGOGICAL,FULL,B009,,Подготовка учителей математики,5,GENERAL,109,122,113.5,10
2025,UNIVERSITY_PEDAGOGICAL,FULL,B009,,Подготовка учителей математики,5,RURAL,99,108,102.0,5
2025,UNIVERSITY_PEDAGOGICAL,FULL,B009,,Подготовка учителей математики,8,GENERAL,80,106,88.7,13
2025,UNIVERSITY_PEDAGOGICAL,FULL,B009,,Подготовка учителей математики,8,RURAL,76,79,77.4,7
2025,UNIVERSITY_PEDAGOGICAL,FULL,B009,,Подготовка учителей математики,10,GENERAL,85,109,93.5,13
2025,UNIVERSITY_PEDAGOGICAL,FULL,B009,,Подготовка учителей математики,10,RURAL,80,84,81.6,7
2025,UNIVERSITY_PEDAGOGICAL,FULL,B009,,Подготовка учителей математики,11,GENERAL,102,121,109.8,13
2025,UNIVERSITY_PEDAGOGICAL,FULL,B009,,Подготовка учителей математики,11,RURAL,87,98,91.9,7
2025,UNIVERSITY_PEDAGOGICAL,FULL,B009,,Подготовка учителей математики,15,GENERAL,97,129,107.9,16
2025,UNIVERSITY_PEDAGOGICAL,FULL,B009,,Подготовка учителей математики,15,RURAL,81,95,87.9,9
2025,UNIVERSITY_PEDAGOGICAL,FULL,B009,,Подготовка учителей математики,16,GENERAL,101,135,111.1,13
2025,UNIVERSITY_PEDAGOGICAL,FULL,B009,,Подготовка учителей математики,16,RURAL,93,100,96.6,7
2025,UNIVERSITY_PEDAGOGICAL,FULL,B009,,Подготовка учителей математики,31,GENERAL,103,119,109.5,13
2025,UNIVERSITY_PEDAGOGICAL,FULL,B009,,Подготовка учителей математики,31,RURAL,95,102,98.3,7
2025,UNIVERSITY_PEDAGOGICAL,FULL,B009,,Подготовка учителей математики,34,GENERAL,111,127,117.9,10
2025,UNIVERSITY_PEDAGOGICAL,FULL,B009,,Подготовка учителей математики,34,RURAL,97,106,100.2,5
2025,UNIVERSITY_PEDAGOGICAL,FULL,B009,,Подготовка учителей математики,35,GENERAL,93,122,101.1,13
2025,UNIVERSITY_PEDAGOGICAL,FULL,B009,,Подготовка учителей математики,35,RURAL,86,90,87.7,7
2025,UNIVERSITY_PEDAGOGICAL,FULL,B009,,Подготовка учителей математики,36,GENERAL,81,108,91.6,16
2025,UNIVERSITY_PEDAGOGICAL,FULL,B009,,Подготовка учителей математики,36,RURAL,76,80,77.8,9
2025,UNIVERSITY_PEDAGOGICAL,FULL,B009,,Подготовка учителей математики,37,GENERAL,113,127,119.2,13
2025,UNIVERSITY_PEDAGOGICAL,FULL,B009,,Подготовка учителей математики,37,RURAL,96,110,102.6,7
2025,UNIVERSITY_PEDAGOGICAL,FULL,B009,,Подготовка учителей математики,40,GENERAL,85,120,96.1,13
2025,UNIVERSITY_PEDAGOGICAL,FULL,B009,,Подготовка учителей математики,40,RURAL,81,85,82.6,7
2025,UNIVERSITY_PEDAGOGICAL,FULL,B009,,Подготовка учителей математики,42,GENERAL,96,112,103.2,16
2025,UNIVERSITY_PEDAGOGICAL,FULL,B009,,Подготовка учителей математики,42,RURAL,82,93,86.1,9
2025,UNIVERSITY_PEDAGOGICAL,FULL,B009,,Подготовка учителей математики,43,GENERAL,110,123,115.9,13
2025,UNIVERSITY_PEDAGOGICAL,FULL,B009,,Подготовка учителей математики,43,RURAL,92,108,100.0,7
2025,UNIVERSITY_PEDAGOGICAL,FULL,B009,,Подготовка учителей математики,185,GENERAL,116,122,117.4,13
2025,UNIVERSITY_PEDAGOGICAL,FULL,B009,,Подготовка учителей математики,185,RURAL,111,115,113.3,7
2025,UNIVERSITY_PEDAGOGICAL,FULL,B009,,Подготовка учителей математики,196,GENERAL,121,132,124.7,6
2025,UNIVERSITY_PEDAGOGICAL,FULL,B009,,Подготовка учителей математики,196,RURAL,92,107,98.8,4
2025,UNIVERSITY_PEDAGOGICAL,FULL,B009,,Подготовка учителей математики,517,GENERAL,100,114,107.1,10
2025,UNIVERSITY_PEDAGOGICAL,FULL,B009,,Подготовка учителей математики,517,RURAL,95,100,98.0,5
2025,UNIVERSITY_PEDAGOGICAL,FULL,B010,,Подготовка учителей физики,3,GENERAL,88,101,92.0,13
2025,UNIVERSITY_PEDAGOGICAL,FULL,B010,,Подготовка учителей физики,3,RURAL,81,88,84.3,7
2025,UNIVERSITY_PEDAGOGICAL,FULL,B010,,Подготовка учителей физики,5,GENERAL,92,100,95.8,10
2025,UNIVERSITY_PEDAGOGICAL,FULL,B010,,Подготовка учителей физики,5,RURAL,83,90,86.4,5
2025,UNIVERSITY_PEDAGOGICAL,FULL,B010,,Подготовка учителей физики,8,GENERAL,75,80,77.7,3
2025,UNIVERSITY_PEDAGOGICAL,FULL,B010,,Подготовка учителей физики,10,GENERAL,82,108,88.6,10
2025,UNIVERSITY_PEDAGOGICAL,FULL,B010,,Подготовка учителей физики,10,RURAL,79,81,80.4,5
2025,UNIVERSITY_PEDAGOGICAL,FULL,B010,,Подготовка учителей физики,11,GENERAL,86,109,92.1,10
2025,UNIVERSITY_PEDAGOGICAL,FULL,B010,,Подготовка учителей физики,11,RURAL,79,85,83.4,5
2025,UNIVERSITY_PEDAGOGICAL,FULL,B010,,Подготовка учителей физики,15,GENERAL,84,96,88.8,10
2025,UNIVERSITY_PEDAGOGICAL,FULL,B010,,Подготовка учителей физики,15,RURAL,79,83,80.4,5
2025,UNIVERSITY_PEDAGOGICAL,FULL,B010,,Подготовка учителей физики,16,GENERAL,85,121,93.3,10
2025,UNIVERSITY_PEDAGOGICAL,FULL,B010,,Подготовка учителей физики,16,RURAL,80,82,81.0,5
2025,UNIVERSITY_PEDAGOGICAL,FULL,B010,,Подготовка учителей физики,31,GENERAL,104,117,110.0,3
2025,UNIVERSITY_PEDAGOGICAL,FULL,B010,,Подготовка учителей физики,31,RURAL,86,88,87.0,2
2025,UNIVERSITY_PEDAGOGICAL,FULL,B010,,Подготовка учителей физики,34,GENERAL,99,108,102.1,10
2025,UNIVERSITY_PEDAGOGICAL,FULL,B010,,Подготовка учителей физики,34,RURAL,88,97,91.2,5
2025,UNIVERSITY_PEDAGOGICAL,FULL,B010,,Подготовка учителей физики,35,GENERAL,82,111,89.7,13
2025,UNIVERSITY_PEDAGOGICAL,FULL,B010,,Подготовка учителей физики,35,RURAL,79,82,80.6,7
2025,UNIVERSITY_PEDAGOGICAL,FULL,B010,,Подготовка учителей физики,36,GENERAL,75,100,82.0,9
2025,UNIVERSITY_PEDAGOGICAL,FULL,B010,,Подготовка учителей физики,37,GENERAL,101,127,106.5,6
2025,UNIVERSITY_PEDAGOGICAL,FULL,B010,,Подготовка учителей физики,37,RURAL,90,100,93.8,4
2025,UNIVERSITY_PEDAGOGICAL,FULL,B010,,Подготовка учителей физики,40,GENERAL,87,117,96.2,6
2025,UNIVERSITY_PEDAGOGICAL,FULL,B010,,Подготовка учителей физики,40,RURAL,76,81,78.5,2
2025,UNIVERSITY_PEDAGOGICAL,FULL,B010,,Подготовка учителей физики,42,GENERAL,79,89,83.3,17
2025,UNIVERSITY_PEDAGOGICAL,FULL,B010,,Подготовка учителей физики,42,RURAL,75,78,76.3,3
2025,UNIVERSITY_PEDAGOGICAL,FULL,B010,,Подготовка учителей физики,43,GENERAL,91,131,98.0,13
2025,UNIVERSITY_PEDAGOGICAL,FULL,B010,,Подготовка учителей физики,43,RURAL,84,88,86.0,7
2025,UNIVERSITY_PEDAGOGICAL,FULL,B010,,Подготовка учителей физики,185,GENERAL,105,110,107.0,10
2025,UNIVERSITY_PEDAGOGICAL,FULL,B010,,Подготовка учителей физики,185,RURAL,98,100,98.8,5
2025,UNIVERSITY_PEDAGOGICAL,FULL,B010,,Подготовка учителей физики,196,GENERAL,103,120,110.3,6
2025,UNIVERSITY_PEDAGOGICAL,FULL,B010,,Подготовка учителей физики,196,RURAL,87,92,89.5,4
2025,UNIVERSITY_PEDAGOGICAL,FULL,B010,,Подготовка учителей физики,517,GENERAL,87,105,92.5,13
2025,UNIVERSITY_PEDAGOGICAL,FULL,B010,,Подготовка учителей физики,517,RURAL,77,87,81.0,7
2025,UNIVERSITY_PEDAGOGICAL,FULL,B011,,Подготовка учителей информатики,3,GENERAL,80,114,94.5,10
2025,UNIVERSITY_PEDAGOGICAL,FULL,B011,,Подготовка учителей информатики,3,RURAL,75,79,77.0,2
2025,UNIVERSITY_PEDAGOGICAL,FULL,B011,,Подготовка учителей информатики,5,GENERAL,79,93,86.9,10
2025,UNIVERSITY_PEDAGOGICAL,FULL,B011,,Подготовка учителей информатики,8,GENERAL,78,86,81.7,3
2025,UNIVERSITY_PEDAGOGICAL,FULL,B011,,Подготовка учителей информатики,10,GENERAL,75,101,87.3,6
2025,UNIVERSITY_PEDAGOGICAL,FULL,B011,,Подготовка учителей информатики,11,GENERAL,77,84,80.2,6
2025,UNIVERSITY_PEDAGOGICAL,FULL,B011,,Подготовка учителей информатики,15,GENERAL,92,115,100.3,6
2025,UNIVERSITY_PEDAGOGICAL,FULL,B011,,Подготовка учителей информатики,15,RURAL,79,88,83.0,3
2025,UNIVERSITY_PEDAGOGICAL,FULL,B011,,Подготовка учителей информатики,16,GENERAL,77,112,88.2,10
2025,UNIVERSITY_PEDAGOGICAL,FULL,B011,,Подготовка учителей информатики,31,GENERAL,79,103,90.2,10
2025,UNIVERSITY_PEDAGOGICAL,FULL,B011,,Подготовка учителей информатики,31,RURAL,75,75,75.0,1
2025,UNIVERSITY_PEDAGOGICAL,FULL,B011,,Подготовка учителей информатики,34,GENERAL,88,114,97.1,10
2025,UNIVERSITY_PEDAGOGICAL,FULL,B011,,Подготовка учителей информатики,34,RURAL,75,87,80.4,5
2025,UNIVERSITY_PEDAGOGICAL,FULL,B011,,Подготовка учителей информатики,35,GENERAL,92,112,102.0,3
2025,UNIVERSITY_PEDAGOGICAL,FULL,B011,,Подготовка учителей информатики,35,RURAL,80,90,85.0,2
2025,UNIVERSITY_PEDAGOGICAL,FULL,B011,,Подготовка учителей информатики,36,GENERAL,97,102,99.0,3
2025,UNIVERSITY_PEDAGOGICAL,FULL,B011,,Подготовка учителей информатики,36,RURAL,85,89,87.0,2
2025,UNIVERSITY_PEDAGOGICAL,FULL,B011,,Подготовка учителей информатики,37,GENERAL,95,113,100.3,13
2025,UNIVERSITY_PEDAGOGICAL,FULL,B011,,Подготовка учителей информатики,37,RURAL,77,85,80.7,7
2025,UNIVERSITY_PEDAGOGICAL,FULL,B011,,Подготовка учителей информатики,40,GENERAL,75,87,79.2,5
2025,UNIVERSITY_PEDAGOGICAL,FULL,B011,,Подготовка учителей информатики,42,GENERAL,75,122,92.7,3
2025,UNIVERSITY_PEDAGOGICAL,FULL,B011,,Подготовка учителей информатики,43,GENERAL,77,97,86.7,10
2025,UNIVERSITY_PEDAGOGICAL,FULL,B011,,Подготовка учителей информатики,43,RURAL,75,75,75.0,1
2025,UNIVERSITY_PEDAGOGICAL,FULL,B011,,Подготовка учителей информатики,185,GENERAL,103,115,108.0,10
2025,UNIVERSITY_PEDAGOGICAL,FULL,B011,,Подготовка учителей информатики,185,RURAL,96,102,99.4,5
2025,UNIVERSITY_PEDAGOGICAL,FULL,B011,,Подготовка учителей информатики,196,GENERAL,82,114,94.2,13
2025,UNIVERSITY_PEDAGOGICAL,FULL,B011,,Подготовка учителей информатики,196,RURAL,77,81,79.0,2
2025,UNIVERSITY_PEDAGOGICAL,FULL,B011,,Подготовка учителей информатики,517,GENERAL,85,112,98.2,13
2025,UNIVERSITY_PEDAGOGICAL,FULL,B012,,Подготовка учителей химии,3,GENERAL,87,120,94.7,13
2025,UNIVERSITY_PEDAGOGICAL,FULL,B012,,Подготовка учителей химии,3,RURAL,80,87,82.9,7
2025,UNIVERSITY_PEDAGOGICAL,FULL,B012,,Подготовка учителей химии,5,GENERAL,97,117,105.3,10
2025,UNIVERSITY_PEDAGOGICAL,FULL,B012,,Подготовка учителей химии,5,RURAL,95,96,95.6,5
2025,UNIVERSITY_PEDAGOGICAL,FULL,B012,,Подготовка учителей химии,8,GENERAL,80,84,81.7,3
2025,UNIVERSITY_PEDAGOGICAL,FULL,B012,,Подготовка учителей химии,8,RURAL,80,80,80.0,2
2025,UNIVERSITY_PEDAGOGICAL,FULL,B012,,Подготовка учителей химии,10,GENERAL,89,106,94.5,6
2025,UNIVERSITY_PEDAGOGICAL,FULL,B012,,Подготовка учителей химии,10,RURAL,81,87,84.0,4
2025,UNIVERSITY_PEDAGOGICAL,FULL,B012,,Подготовка учителей химии,11,GENERAL,88,97,91.4,13
2025,UNIVERSITY_PEDAGOGICAL,FULL,B012,,Подготовка учителей химии,11,RURAL,82,85,83.9,7
2025,UNIVERSITY_PEDAGOGICAL,FULL,B012,,Подготовка учителей химии,15,GENERAL,97,101,99.3,6
2025,UNIVERSITY_PEDAGOGICAL,FULL,B012,,Подготовка учителей химии,15,RURAL,88,92,89.5,4
2025,UNIVERSITY_PEDAGOGICAL,FULL,B012,,Подготовка учителей химии,16,GENERAL,88,112,96.7,10
2025,UNIVERSITY_PEDAGOGICAL,FULL,B012,,Подготовка учителей химии,16,RURAL,80,87,83.0,5
2025,UNIVERSITY_PEDAGOGICAL,FULL,B012,,Подготовка учителей химии,31,GENERAL,99,113,102.6,13
2025,UNIVERSITY_PEDAGOGICAL,FULL,B012,,Подготовка учителей химии,31,RURAL,93,98,96.0,7
2025,UNIVERSITY_PEDAGOGICAL,FULL,B012,,Подготовка учителей химии,34,GENERAL,94,107,99.2,10
2025,UNIVERSITY_PEDAGOGICAL,FULL,B012,,Подготовка учителей химии,34,RURAL,90,94,92.0,5
2025,UNIVERSITY_PEDAGOGICAL,FULL,B012,,Подготовка учителей химии,35,GENERAL,89,103,93.3,16
2025,UNIVERSITY_PEDAGOGICAL,FULL,B012,,Подготовка учителей химии,35,RURAL,85,89,87.1,9
2025,UNIVERSITY_PEDAGOGICAL,FULL,B012,,Подготовка учителей химии,36,GENERAL,86,102,93.2,10
2025,UNIVERSITY_PEDAGOGICAL,FULL,B012,,Подготовка учителей химии,36,RURAL,79,85,81.6,5
2025,UNIVERSITY_PEDAGOGICAL,FULL,B012,,Подготовка учителей химии,37,GENERAL,112,123,117.7,10
2025,UNIVERSITY_PEDAGOGICAL,FULL,B012,,Подготовка учителей химии,37,RURAL,102,111,105.2,5
2025,UNIVERSITY_PEDAGOGICAL,FULL,B012,,Подготовка учителей химии,40,GENERAL,81,98,86.6,10
2025,UNIVERSITY_PEDAGOGICAL,FULL,B012,,Подготовка учителей химии,40,RURAL,77,80,78.6,5
2025,UNIVERSITY_PEDAGOGICAL,FULL,B012,,Подготовка учителей химии,42,GENERAL,93,108,99.5,13
2025,UNIVERSITY_PEDAGOGICAL,FULL,B012,,Подготовка учителей химии,42,RURAL,83,91,86.7,7
2025,UNIVERSITY_PEDAGOGICAL,FULL,B012,,Подготовка учителей химии,43,GENERAL,98,128,106.0,6
2025,UNIVERSITY_PEDAGOGICAL,FULL,B012,,Подготовка учителей химии,43,RURAL,83,87,85.2,4
2025,UNIVERSITY_PEDAGOGICAL,FULL,B012,,Подготовка учителей химии,185,GENERAL,111,121,115.9,10
2025,UNIVERSITY_PEDAGOGICAL,FULL,B012,,Подготовка учителей химии,185,RURAL,100,107,101.4,5
2025,UNIVERSITY_PEDAGOGICAL,FULL,B012,,Подготовка учителей химии,196,GENERAL,103,119,110.3,10
2025,UNIVERSITY_PEDAGOGICAL,FULL,B012,,Подготовка учителей химии,196,RURAL,92,95,94.0,5
2025,UNIVERSITY_PEDAGOGICAL,FULL,B012,,Подготовка учителей химии,517,GENERAL,91,108,97.1,10
2025,UNIVERSITY_PEDAGOGICAL,FULL,B012,,Подготовка учителей химии,517,RURAL,83,90,85.0,5
2025,UNIVERSITY_PEDAGOGICAL,FULL,B013,,Подготовка учителей биологии,3,GENERAL,87,101,93.2,13
2025,UNIVERSITY_PEDAGOGICAL,FULL,B013,,Подготовка учителей биологии,3,RURAL,83,87,84.9,7
2025,UNIVERSITY_PEDAGOGICAL,FULL,B013,,Подготовка учителей биологии,5,GENERAL,99,105,100.9,10
2025,UNIVERSITY_PEDAGOGICAL,FULL,B013,,Подготовка учителей биологии,5,RURAL,91,97,93.6,5
2025,UNIVERSITY_PEDAGOGICAL,FULL,B013,,Подготовка учителей биологии,8,GENERAL,83,92,86.7,6
2025,UNIVERSITY_PEDAGOGICAL,FULL,B013,,Подготовка учителей биологии,8,RURAL,81,82,81.8,4
2025,UNIVERSITY_PEDAGOGICAL,FULL,B013,,Подготовка учителей биологии,10,GENERAL,83,100,88.6,13
2025,UNIVERSITY_PEDAGOGICAL,FULL,B013,,Подготовка учителей биологии,10,RURAL,78,83,80.3,7
2025,UNIVERSITY_PEDAGOGICAL,FULL,B013,,Подготовка учителей биологии,11,GENERAL,89,99,92.5,10
2025,UNIVERSITY_PEDAGOGICAL,FULL,B013,,Подготовка учителей биологии,11,RURAL,79,83,80.4,5
2025,UNIVERSITY_PEDAGOGICAL,FULL,B013,,Подготовка учителей биологии,15,GENERAL,96,100,97.5,6
2025,UNIVERSITY_PEDAGOGICAL,FULL,B013,,Подготовка учителей биологии,15,RURAL,84,90,86.8,4
2025,UNIVERSITY_PEDAGOGICAL,FULL,B013,,Подготовка учителей биологии,16,GENERAL,96,105,99.3,10
2025,UNIVERSITY_PEDAGOGICAL,FULL,B013,,Подготовка учителей биологии,16,RURAL,89,93,91.2,5
2025,UNIVERSITY_PEDAGOGICAL,FULL,B013,,Подготовка учителей биологии,31,GENERAL,97,102,97.8,10
2025,UNIVERSITY_PEDAGOGICAL,FULL,B013,,Подготовка учителей биологии,31,RURAL,93,96,94.4,5
2025,UNIVERSITY_PEDAGOGICAL,FULL,B013,,Подготовка учителей биологии,34,GENERAL,97,108,100.5,10
2025,UNIVERSITY_PEDAGOGICAL,FULL,B013,,Подготовка учителей биологии,34,RURAL,91,96,93.0,5
2025,UNIVERSITY_PEDAGOGICAL,FULL,B013,,Подготовка учителей биологии,35,GENERAL,90,99,92.9,13
2025,UNIVERSITY_PEDAGOGICAL,FULL,B013,,Подготовка учителей биологии,35,RURAL,88,90,88.6,7
2025,UNIVERSITY_PEDAGOGICAL,FULL,B013,,Подготовка учителей биологии,36,GENERAL,86,98,92.1,10
2025,UNIVERSITY_PEDAGOGICAL,FULL,B013,,Подготовка учителей биологии,36,RURAL,80,85,81.4,5
2025,UNIVERSITY_PEDAGOGICAL,FULL,B013,,Подготовка учителей биологии,37,GENERAL,102,126,109.0,10
2025,UNIVERSITY_PEDAGOGICAL,FULL,B013,,Подготовка учителей биологии,37,RURAL,91,98,94.6,5
2025,UNIVERSITY_PEDAGOGICAL,FULL,B013,,Подготовка учителей биологии,40,GENERAL,83,91,85.7,10
2025,UNIVERSITY_PEDAGOGICAL,FULL,B013,,Подготовка учителей биологии,40,RURAL,80,81,80.2,5
2025,UNIVERSITY_PEDAGOGICAL,FULL,B013,,Подготовка учителей биологии,42,GENERAL,90,109,95.6,13
2025,UNIVERSITY_PEDAGOGICAL,FULL,B013,,Подготовка учителей биологии,42,RURAL,87,90,88.0,7
2025,UNIVERSITY_PEDAGOGICAL,FULL,B013,,Подготовка учителей биологии,43,GENERAL,89,103,94.1,10
2025,UNIVERSITY_PEDAGOGICAL,FULL,B013,,Подготовка учителей биологии,43,RURAL,86,87,86.2,5
2025,UNIVERSITY_PEDAGOGICAL,FULL,B013,,Подготовка учителей биологии,185,GENERAL,108,124,114.0,10
2025,UNIVERSITY_PEDAGOGICAL,FULL,B013,,Подготовка учителей биологии,185,RURAL,104,107,105.6,5
2025,UNIVERSITY_PEDAGOGICAL,FULL,B013,,Подготовка учителей биологии,196,GENERAL,97,110,100.5,10
2025,UNIVERSITY_PEDAGOGICAL,FULL,B013,,Подготовка учителей биологии,196,RURAL,89,94,91.0,5
2025,UNIVERSITY_PEDAGOGICAL,FULL,B013,,Подготовка учителей биологии,517,GENERAL,89,130,100.3,10
2025,UNIVERSITY_PEDAGOGICAL,FULL,B013,,Подготовка учителей биологии,517,RURAL,86,88,86.8,5
2025,UNIVERSITY_PEDAGOGICAL,FULL,B014,,Подготовка учителей географии,3,GENERAL,96,105,100.0,6
2025,UNIVERSITY_PEDAGOGICAL,FULL,B014,,Подготовка учителей географии,3,RURAL,86,91,89.2,4
2025,UNIVERSITY_PEDAGOGICAL,FULL,B014,,Подготовка учителей географии,5,GENERAL,101,112,105.2,6
2025,UNIVERSITY_PEDAGOGICAL,FULL,B014,,Подготовка учителей географии,5,RURAL,92,98,94.8,4
2025,UNIVERSITY_PEDAGOGICAL,FULL,B014,,Подготовка учителей географии,8,GENERAL,87,95,90.2,13
2025,UNIVERSITY_PEDAGOGICAL,FULL,B014,,Подготовка учителей географии,8,RURAL,83,86,84.4,7
2025,UNIVERSITY_PEDAGOGICAL,FULL,B014,,Подготовка учителей географии,10,GENERAL,94,118,103.3,6
2025,UNIVERSITY_PEDAGOGICAL,FULL,B014,,Подготовка учителей географии,10,RURAL,85,90,88.0,4
2025,UNIVERSITY_PEDAGOGICAL,FULL,B014,,Подготовка учителей географии,11,GENERAL,99,109,102.7,6
2025,UNIVERSITY_PEDAGOGICAL,FULL,B014,,Подготовка учителей географии,11,RURAL,92,99,95.2,4
2025,UNIVERSITY_PEDAGOGICAL,FULL,B014,,Подготовка учителей географии,15,GENERAL,95,107,99.8,6
2025,UNIVERSITY_PEDAGOGICAL,FULL,B014,,Подготовка учителей географии,15,RURAL,85,88,87.0,4
2025,UNIVERSITY_PEDAGOGICAL,FULL,B014,,Подготовка учителей географии,16,GENERAL,96,108,100.3,6
2025,UNIVERSITY_PEDAGOGICAL,FULL,B014,,Подготовка учителей географии,16,RURAL,88,91,89.2,4
2025,UNIVERSITY_PEDAGOGICAL,FULL,B014,,Подготовка учителей географии,31,GENERAL,99,109,101.5,6
2025,UNIVERSITY_PEDAGOGICAL,FULL,B014,,Подготовка учителей географии,31,RURAL,92,98,94.8,4
2025,UNIVERSITY_PEDAGOGICAL,FULL,B014,,Подготовка учителей географии,34,GENERAL,101,110,104.3,6
2025,UNIVERSITY_PEDAGOGICAL,FULL,B014,,Подготовка учителей географии,34,RURAL,97,99,97.8,4
2025,UNIVERSITY_PEDAGOGICAL,FULL,B014,,Подготовка учителей географии,35,GENERAL,96,113,101.7,6
2025,UNIVERSITY_PEDAGOGICAL,FULL,B014,,Подготовка учителей географии,35,RURAL,91,94,92.2,4
2025,UNIVERSITY_PEDAGOGICAL,FULL,B014,,Подготовка учителей географии,36,GENERAL,97,123,107.7,3
2025,UNIVERSITY_PEDAGOGICAL,FULL,B014,,Подготовка учителей географии,36,RURAL,91,91,91.0,2
2025,UNIVERSITY_PEDAGOGICAL,FULL,B014,,Подготовка учителей географии,37,GENERAL,98,107,103.7,6
2025,UNIVERSITY_PEDAGOGICAL,FULL,B014,,Подготовка учителей географии,37,RURAL,87,97,90.0,4
2025,UNIVERSITY_PEDAGOGICAL,FULL,B014,,Подготовка учителей географии,40,GENERAL,91,105,96.0,10
2025,UNIVERSITY_PEDAGOGICAL,FULL,B014,,Подготовка учителей географии,40,RURAL,83,86,84.6,5
2025,UNIVERSITY_PEDAGOGICAL,FULL,B014,,Подготовка учителей географии,42,GENERAL,98,119,104.0,6
2025,UNIVERSITY_PEDAGOGICAL,FULL,B014,,Подготовка учителей географии,42,RURAL,88,93,90.2,4
2025,UNIVERSITY_PEDAGOGICAL,FULL,B014,,Подготовка учителей географии,43,GENERAL,92,104,97.2,6
2025,UNIVERSITY_PEDAGOGICAL,FULL,B014,,Подготовка учителей географии,43,RURAL,87,91,89.0,4
2025,UNIVERSITY_PEDAGOGICAL,FULL,B014,,Подготовка учителей географии,185,GENERAL,107,114,111.4,10
2025,UNIVERSITY_PEDAGOGICAL,FULL,B014,,Подготовка учителей географии,185,RURAL,105,106,105.4,5
2025,UNIVERSITY_PEDAGOGICAL,FULL,B014,,Подготовка учителей географии,196,GENERAL,95,100,98.0,6
2025,UNIVERSITY_PEDAGOGICAL,FULL,B014,,Подготовка учителей географии,196,RURAL,88,94,91.5,4
2025,UNIVERSITY_PEDAGOGICAL,FULL,B014,,Подготовка учителей географии,517,GENERAL,101,122,109.2,6
2025,UNIVERSITY_PEDAGOGICAL,FULL,B014,,Подготовка учителей географии,517,RURAL,95,98,96.2,4
2025,UNIVERSITY_PEDAGOGICAL,FULL,B015,,Подготовка учителей по гуманитарным предметам,3,GENERAL,96,131,106.0,13
2025,UNIVERSITY_PEDAGOGICAL,FULL,B015,,Подготовка учителей по гуманитарным предметам,3,RURAL,87,96,90.9,7
2025,UNIVERSITY_PEDAGOGICAL,FULL,B015,,Подготовка учителей по гуманитарным предметам,5,GENERAL,105,123,112.5,6
2025,UNIVERSITY_PEDAGOGICAL,FULL,B015,,Подготовка учителей по гуманитарным предметам,5,RURAL,96,104,99.5,4
2025,UNIVERSITY_PEDAGOGICAL,FULL,B015,,Подготовка учителей по гуманитарным предметам,8,GENERAL,89,100,92.4,10
2025,UNIVERSITY_PEDAGOGICAL,FULL,B015,,Подготовка учителей по гуманитарным предметам,8,RURAL,85,88,86.0,5
2025,UNIVERSITY_PEDAGOGICAL,FULL,B015,,Подготовка учителей по гуманитарным предметам,10,GENERAL,101,111,104.0,6
2025,UNIVERSITY_PEDAGOGICAL,FULL,B015,,Подготовка учителей по гуманитарным предметам,10,RURAL,94,99,95.5,4
2025,UNIVERSITY_PEDAGOGICAL,FULL,B015,,Подготовка учителей по гуманитарным предметам,11,GENERAL,105,120,110.2,6
2025,UNIVERSITY_PEDAGOGICAL,FULL,B015,,Подготовка учителей по гуманитарным предметам,11,RURAL,95,104,101.2,4
2025,UNIVERSITY_PEDAGOGICAL,FULL,B015,,Подготовка учителей по гуманитарным предметам,15,GENERAL,104,119,110.3,6
2025,UNIVERSITY_PEDAGOGICAL,FULL,B015,,Подготовка учителей по гуманитарным предметам,15,RURAL,87,99,92.2,4
2025,UNIVERSITY_PEDAGOGICAL,FULL,B015,,Подготовка учителей по гуманитарным предметам,16,GENERAL,101,118,109.0,13
2025,UNIVERSITY_PEDAGOGICAL,FULL,B015,,Подготовка учителей по гуманитарным предметам,16,RURAL,90,100,94.7,7
2025,UNIVERSITY_PEDAGOGICAL,FULL,B015,,Подготовка учителей по гуманитарным предметам,31,GENERAL,100,109,103.9,13
2025,UNIVERSITY_PEDAGOGICAL,FULL,B015,,Подготовка учителей по гуманитарным предметам,31,RURAL,98,99,98.9,7
2025,UNIVERSITY_PEDAGOGICAL,FULL,B015,,Подготовка учителей по гуманитарным предметам,34,GENERAL,102,118,108.9,10
2025,UNIVERSITY_PEDAGOGICAL,FULL,B015,,Подготовка учителей по гуманитарным предметам,34,RURAL,98,101,99.8,5
2025,UNIVERSITY_PEDAGOGICAL,FULL,B015,,Подготовка учителей по гуманитарным предметам,35,GENERAL,96,101,98.2,6
2025,UNIVERSITY_PEDAGOGICAL,FULL,B015,,Подготовка учителей по гуманитарным предметам,35,RURAL,94,96,94.8,4
2025,UNIVERSITY_PEDAGOGICAL,FULL,B015,,Подготовка учителей по гуманитарным предметам,36,GENERAL,96,112,103.0,10
2025,UNIVERSITY_PEDAGOGICAL,FULL,B015,,Подготовка учителей по гуманитарным предметам,36,RURAL,86,96,91.8,5
2025,UNIVERSITY_PEDAGOGICAL,FULL,B015,,Подготовка учителей по гуманитарным предметам,37,GENERAL,108,125,114.8,6
2025,UNIVERSITY_PEDAGOGICAL,FULL,B015,,Подготовка учителей по гуманитарным предметам,37,RURAL,101,108,105.2,4
2025,UNIVERSITY_PEDAGOGICAL,FULL,B015,,Подготовка учителей по гуманитарным предметам,40,GENERAL,92,106,96.7,16
2025,UNIVERSITY_PEDAGOGICAL,FULL,B015,,Подготовка учителей по гуманитарным предметам,40,RURAL,86,89,86.8,9
2025,UNIVERSITY_PEDAGOGICAL,FULL,B015,,Подготовка учителей по гуманитарным предметам,42,GENERAL,95,122,104.8,6
2025,UNIVERSITY_PEDAGOGICAL,FULL,B015,,Подготовка учителей по гуманитарным предметам,42,RURAL,86,91,87.8,4
2025,UNIVERSITY_PEDAGOGICAL,FULL,B015,,Подготовка учителей по гуманитарным предметам,43,GENERAL,96,114,105.3,6
2025,UNIVERSITY_PEDAGOGICAL,FULL,B015,,Подготовка учителей по гуманитарным предметам,43,RURAL,85,91,88.5,4
2025,UNIVERSITY_PEDAGOGICAL,FULL,B015,,Подготовка учителей по гуманитарным предметам,141,GENERAL,92,116,97.2,18
2025,UNIVERSITY_PEDAGOGICAL,FULL,B015,,Подготовка учителей по гуманитарным предметам,141,RURAL,85,91,87.6,9
2025,UNIVERSITY_PEDAGOGICAL,FULL,B015,,Подготовка учителей по гуманитарным предметам,185,GENERAL,117,128,121.8,6
2025,UNIVERSITY_PEDAGOGICAL,FULL,B015,,Подготовка учителей по гуманитарным предметам,185,RURAL,107,116,111.5,4
2025,UNIVERSITY_PEDAGOGICAL,FULL,B015,,Подготовка учителей по гуманитарным предметам,196,GENERAL,101,124,108.2,13
2025,UNIVERSITY_PEDAGOGICAL,FULL,B015,,Подготовка учителей по гуманитарным предметам,196,RURAL,91,101,94.6,7
2025,UNIVERSITY_PEDAGOGICAL,FULL,B015,,Подготовка учителей по гуманитарным предметам,517,GENERAL,110,116,114.2,6
2025,UNIVERSITY_PEDAGOGICAL,FULL,B015,,Подготовка учителей по гуманитарным предметам,517,RURAL,96,110,100.2,4
2025,UNIVERSITY_PEDAGOGICAL,FULL,B016,,Подготовка учителей казахского языка и литературы,3,GENERAL,117,131,120.6,13
2025,UNIVERSITY_PEDAGOGICAL,FULL,B016,,Подготовка учителей казахского языка и литературы,3,RURAL,114,117,115.3,7
2025,UNIVERSITY_PEDAGOGICAL,FULL,B016,,Подготовка учителей казахского языка и литературы,5,GENERAL,120,132,124.7,10
2025,UNIVERSITY_PEDAGOGICAL,FULL,B016,,Подготовка учителей казахского языка и литературы,5,RURAL,115,117,115.6,5
2025,UNIVERSITY_PEDAGOGICAL,FULL,B016,,Подготовка учителей казахского языка и литературы,8,GENERAL,108,113,109.9,13
2025,UNIVERSITY_PEDAGOGICAL,FULL,B016,,Подготовка учителей казахского языка и литературы,8,RURAL,103,105,104.6,7
2025,UNIVERSITY_PEDAGOGICAL,FULL,B016,,Подготовка учителей казахского языка и литературы,10,GENERAL,112,119,114.2,13
2025,UNIVERSITY_PEDAGOGICAL,FULL,B016,,Подготовка учителей казахского языка и литературы,10,RURAL,110,112,111.1,7
2025,UNIVERSITY_PEDAGOGICAL,FULL,B016,,Подготовка учителей казахского языка и литературы,11,GENERAL,115,123,117.1,10
2025,UNIVERSITY_PEDAGOGICAL,FULL,B016,,Подготовка учителей казахского языка и литературы,11,RURAL,111,115,113.2,5
2025,UNIVERSITY_PEDAGOGICAL,FULL,B016,,Подготовка учителей казахского языка и литературы,15,GENERAL,114,125,117.1,13
2025,UNIVERSITY_PEDAGOGICAL,FULL,B016,,Подготовка учителей казахского языка и литературы,15,RURAL,111,114,112.0,7
2025,UNIVERSITY_PEDAGOGICAL,FULL,B016,,Подготовка учителей казахского языка и литературы,16,GENERAL,115,126,118.9,16
2025,UNIVERSITY_PEDAGOGICAL,FULL,B016,,Подготовка учителей казахского языка и литературы,16,RURAL,112,114,113.2,9
2025,UNIVERSITY_PEDAGOGICAL,FULL,B016,,Подготовка учителей казахского языка и литературы,31,GENERAL,118,132,119.9,13
2025,UNIVERSITY_PEDAGOGICAL,FULL,B016,,Подготовка учителей казахского языка и литературы,31,RURAL,114,117,115.1,7
2025,UNIVERSITY_PEDAGOGICAL,FULL,B016,,Подготовка учителей казахского языка и литературы,34,GENERAL,120,132,124.9,13
2025,UNIVERSITY_PEDAGOGICAL,FULL,B016,,Подготовка учителей казахского языка и литературы,34,RURAL,114,119,116.7,7
2025,UNIVERSITY_PEDAGOGICAL,FULL,B016,,Подготовка учителей казахского языка и литературы,35,GENERAL,116,123,118.3,10
2025,UNIVERSITY_PEDAGOGICAL,FULL,B016,,Подготовка учителей казахского языка и литературы,35,RURAL,114,115,114.4,5
2025,UNIVERSITY_PEDAGOGICAL,FULL,B016,,Подготовка учителей казахского языка и литературы,36,GENERAL,113,128,117.0,10
2025,UNIVERSITY_PEDAGOGICAL,FULL,B016,,Подготовка учителей казахского языка и литературы,36,RURAL,110,112,111.0,5
2025,UNIVERSITY_PEDAGOGICAL,FULL,B016,,Подготовка учителей казахского языка и литературы,37,GENERAL,118,128,121.7,10
2025,UNIVERSITY_PEDAGOGICAL,FULL,B016,,Подготовка учителей казахского языка и литературы,37,RURAL,115,116,115.2,5
2025,UNIVERSITY_PEDAGOGICAL,FULL,B016,,Подготовка учителей казахского языка и литературы,40,GENERAL,110,119,114.1,13
2025,UNIVERSITY_PEDAGOGICAL,FULL,B016,,Подготовка учителей казахского языка и литературы,40,RURAL,106,109,107.3,7
2025,UNIVERSITY_PEDAGOGICAL,FULL,B016,,Подготовка учителей казахского языка и литературы,42,GENERAL,114,122,118.2,13
2025,UNIVERSITY_PEDAGOGICAL,FULL,B016,,Подготовка учителей казахского языка и литературы,42,RURAL,110,114,112.4,7
2025,UNIVERSITY_PEDAGOGICAL,FULL,B016,,Подготовка учителей казахского языка и литературы,43,GENERAL,115,125,117.7,13
2025,UNIVERSITY_PEDAGOGICAL,FULL,B016,,Подготовка учителей казахского языка и литературы,43,RURAL,111,115,112.9,7
2025,UNIVERSITY_PEDAGOGICAL,FULL,B016,,Подготовка учителей казахского языка и литературы,141,GENERAL,109,117,112.3,18
2025,UNIVERSITY_PEDAGOGICAL,FULL,B016,,Подготовка учителей казахского языка и литературы,141,RURAL,106,108,107.2,9
2025,UNIVERSITY_PEDAGOGICAL,FULL,B016,,Подготовка учителей казахского языка и литературы,185,GENERAL,120,125,121.5,10
2025,UNIVERSITY_PEDAGOGICAL,FULL,B016,,Подготовка учителей казахского языка и литературы,185,RURAL,119,119,119.0,5
2025,UNIVERSITY_PEDAGOGICAL,FULL,B016,,Подготовка учителей казахского языка и литературы,196,GENERAL,115,128,119.8,13
2025,UNIVERSITY_PEDAGOGICAL,FULL,B016,,Подготовка учителей казахского языка и литературы,196,RURAL,114,115,114.6,7
2025,UNIVERSITY_PEDAGOGICAL,FULL,B016,,Подготовка учителей казахского языка и литературы,517,GENERAL,115,125,119.6,10
2025,UNIVERSITY_PEDAGOGICAL,FULL,B016,,Подготовка учителей казахского языка и литературы,517,RURAL,110,113,111.2,5
2025,UNIVERSITY_PEDAGOGICAL,FULL,B017,,Подготовка учителей русского языка и литературы,3,GENERAL,81,129,93.2,15
2025,UNIVERSITY_PEDAGOGICAL,FULL,B017,,Подготовка учителей русского языка и литературы,5,GENERAL,94,118,103.9,12
2025,UNIVERSITY_PEDAGOGICAL,FULL,B017,,Подготовка учителей русского языка и литературы,5,RURAL,76,88,81.0,3
2025,UNIVERSITY_PEDAGOGICAL,FULL,B017,,Подготовка учителей русского языка и литературы,8,GENERAL,75,94,80.5,8
2025,UNIVERSITY_PEDAGOGICAL,FULL,B017,,Подготовка учителей русского языка и литературы,10,GENERAL,85,96,89.5,6
2025,UNIVERSITY_PEDAGOGICAL,FULL,B017,,Подготовка учителей русского языка и литературы,10,RURAL,78,82,80.0,4
2025,UNIVERSITY_PEDAGOGICAL,FULL,B017,,Подготовка учителей русского языка и литературы,11,GENERAL,91,126,100.9,10
2025,UNIVERSITY_PEDAGOGICAL,FULL,B017,,Подготовка учителей русского языка и литературы,11,RURAL,78,91,87.6,5
2025,UNIVERSITY_PEDAGOGICAL,FULL,B017,,Подготовка учителей русского языка и литературы,15,GENERAL,77,111,89.7,15
2025,UNIVERSITY_PEDAGOGICAL,FULL,B017,,Подготовка учителей русского языка и литературы,16,GENERAL,89,127,96.6,13
2025,UNIVERSITY_PEDAGOGICAL,FULL,B017,,Подготовка учителей русского языка и литературы,16,RURAL,81,88,84.7,7
2025,UNIVERSITY_PEDAGOGICAL,FULL,B017,,Подготовка учителей русского языка и литературы,31,GENERAL,103,114,107.3,3
2025,UNIVERSITY_PEDAGOGICAL,FULL,B017,,Подготовка учителей русского языка и литературы,31,RURAL,98,101,99.5,2
2025,UNIVERSITY_PEDAGOGICAL,FULL,B017,,Подготовка учителей русского языка и литературы,34,GENERAL,81,105,94.4,14
2025,UNIVERSITY_PEDAGOGICAL,FULL,B017,,Подготовка учителей русского языка и литературы,34,RURAL,76,76,76.0,1
2025,UNIVERSITY_PEDAGOGICAL,FULL,B017,,Подготовка учителей русского языка и литературы,35,GENERAL,86,120,92.9,14
2025,UNIVERSITY_PEDAGOGICAL,FULL,B017,,Подготовка учителей русского языка и литературы,35,RURAL,76,84,81.7,6
2025,UNIVERSITY_PEDAGOGICAL,FULL,B017,,Подготовка учителей русского языка и литературы,36,GENERAL,92,123,100.6,13
2025,UNIVERSITY_PEDAGOGICAL,FULL,B017,,Подготовка учителей русского языка и литературы,36,RURAL,82,89,85.9,7
2025,UNIVERSITY_PEDAGOGICAL,FULL,B017,,Подготовка учителей русского языка и литературы,37,GENERAL,93,122,102.5,13
2025,UNIVERSITY_PEDAGOGICAL,FULL,B017,,Подготовка учителей русского языка и литературы,37,RURAL,80,93,87.0,7
2025,UNIVERSITY_PEDAGOGICAL,FULL,B017,,Подготовка учителей русского языка и литературы,40,GENERAL,95,120,105.0,13
2025,UNIVERSITY_PEDAGOGICAL,FULL,B017,,Подготовка учителей русского языка и литературы,40,RURAL,85,91,87.0,7
2025,UNIVERSITY_PEDAGOGICAL,FULL,B017,,Подготовка учителей русского языка и литературы,42,GENERAL,85,127,94.2,9
2025,UNIVERSITY_PEDAGOGICAL,FULL,B017,,Подготовка учителей русского языка и литературы,42,RURAL,79,79,79.0,1
2025,UNIVERSITY_PEDAGOGICAL,FULL,B017,,Подготовка учителей русского языка и литературы,43,GENERAL,97,119,106.8,6
2025,UNIVERSITY_PEDAGOGICAL,FULL,B017,,Подготовка учителей русского языка и литературы,43,RURAL,83,90,85.2,4
2025,UNIVERSITY_PEDAGOGICAL,FULL,B017,,Подготовка учителей русского языка и литературы,141,GENERAL,80,105,90.2,4
2025,UNIVERSITY_PEDAGOGICAL,FULL,B017,,Подготовка учителей русского языка и литературы,185,GENERAL,98,113,100.6,10
2025,UNIVERSITY_PEDAGOGICAL,FULL,B017,,Подготовка учителей русского языка и литературы,185,RURAL,96,98,96.8,5
2025,UNIVERSITY_PEDAGOGICAL,FULL,B017,,Подготовка учителей русского языка и литературы,196,GENERAL,93,121,102.6,13
2025,UNIVERSITY_PEDAGOGICAL,FULL,B017,,Подготовка учителей русского языка и литературы,196,RURAL,77,89,80.3,7
2025,UNIVERSITY_PEDAGOGICAL,FULL,B017,,Подготовка учителей русского языка и литературы,517,GENERAL,91,121,97.5,13
2025,UNIVERSITY_PEDAGOGICAL,FULL,B017,,Подготовка учителей русского языка и литературы,517,RURAL,84,91,87.9,7
2025,UNIVERSITY_PEDAGOGICAL,FULL,B018,,Подготовка учителей иностранного языка,3,GENERAL,113,123,117.2,13
2025,UNIVERSITY_PEDAGOGICAL,FULL,B018,,Подготовка учителей иностранного языка,3,RURAL,109,113,110.9,7
2025,UNIVERSITY_PEDAGOGICAL,FULL,B018,,Подготовка учителей иностранного языка,5,GENERAL,118,128,120.3,10
2025,UNIVERSITY_PEDAGOGICAL,FULL,B018,,Подготовка учителей иностранного языка,5,RURAL,112,117,114.6,5
2025,UNIVERSITY_PEDAGOGICAL,FULL,B018,,Подготовка учителей иностранного языка,8,GENERAL,112,115,113.3,10
2025,UNIVERSITY_PEDAGOGICAL,FULL,B018,,Подготовка учителей иностранного языка,8,RURAL,105,110,107.0,5
2025,UNIVERSITY_PEDAGOGICAL,FULL,B018,,Подготовка учителей иностранного языка,10,GENERAL,111,118,113.9,10
2025,UNIVERSITY_PEDAGOGICAL,FULL,B018,,Подготовка учителей иностранного языка,10,RURAL,103,108,105.0,5
2025,UNIVERSITY_PEDAGOGICAL,FULL,B018,,Подготовка учителей иностранного языка,11,GENERAL,115,125,118.5,13
2025,UNIVERSITY_PEDAGOGICAL,FULL,B018,,Подготовка учителей иностранного языка,11,RURAL,109,114,110.4,7
2025,UNIVERSITY_PEDAGOGICAL,FULL,B018,,Подготовка учителей иностранного языка,15,GENERAL,116,125,118.1,13
2025,UNIVERSITY_PEDAGOGICAL,FULL,B018,,Подготовка учителей иностранного языка,15,RURAL,111,116,113.4,7
2025,UNIVERSITY_PEDAGOGICAL,FULL,B018,,Подготовка учителей иностранного языка,16,GENERAL,114,121,117.0,13
2025,UNIVERSITY_PEDAGOGICAL,FULL,B018,,Подготовка учителей иностранного языка,16,RURAL,107,113,111.4,7
2025,UNIVERSITY_PEDAGOGICAL,FULL,B018,,Подготовка учителей иностранного языка,31,GENERAL,120,123,121.5,13
2025,UNIVERSITY_PEDAGOGICAL,FULL,B018,,Подготовка учителей иностранного языка,31,RURAL,116,118,116.6,7
2025,UNIVERSITY_PEDAGOGICAL,FULL,B018,,Подготовка учителей иностранного языка,34,GENERAL,116,135,120.7,10
2025,UNIVERSITY_PEDAGOGICAL,FULL,B018,,Подготовка учителей иностранного языка,34,RURAL,113,116,114.6,5
2025,UNIVERSITY_PEDAGOGICAL,FULL,B018,,Подготовка учителей иностранного языка,35,GENERAL,118,131,121.8,10
2025,UNIVERSITY_PEDAGOGICAL,FULL,B018,,Подготовка учителей иностранного языка,35,RURAL,109,115,113.0,5
2025,UNIVERSITY_PEDAGOGICAL,FULL,B018,,Подготовка учителей иностранного языка,36,GENERAL,116,132,119.2,10
2025,UNIVERSITY_PEDAGOGICAL,FULL,B018,,Подготовка учителей иностранного языка,36,RURAL,112,116,113.6,5
2025,UNIVERSITY_PEDAGOGICAL,FULL,B018,,Подготовка учителей иностранного языка,37,GENERAL,123,134,127.5,10
2025,UNIVERSITY_PEDAGOGICAL,FULL,B018,,Подготовка учителей иностранного языка,37,RURAL,116,120,118.2,5
2025,UNIVERSITY_PEDAGOGICAL,FULL,B018,,Подготовка учителей иностранного языка,40,GENERAL,112,120,114.8,13
2025,UNIVERSITY_PEDAGOGICAL,FULL,B018,,Подготовка учителей иностранного языка,40,RURAL,103,107,105.3,7
2025,UNIVERSITY_PEDAGOGICAL,FULL,B018,,Подготовка учителей иностранного языка,42,GENERAL,117,127,120.6,10
2025,UNIVERSITY_PEDAGOGICAL,FULL,B018,,Подготовка учителей иностранного языка,42,RURAL,111,116,114.4,5
2025,UNIVERSITY_PEDAGOGICAL,FULL,B018,,Подготовка учителей иностранного языка,43,GENERAL,121,128,122.8,6
2025,UNIVERSITY_PEDAGOGICAL,FULL,B018,,Подготовка учителей иностранного языка,43,RURAL,111,116,113.8,4
2025,UNIVERSITY_PEDAGOGICAL,FULL,B018,,Подготовка учителей иностранного языка,141,GENERAL,113,117,114.9,18
2025,UNIVERSITY_PEDAGOGICAL,FULL,B018,,Подготовка учителей иностранного языка,141,RURAL,105,111,107.9,9
2025,UNIVERSITY_PEDAGOGICAL,FULL,B018,,Подготовка учителей иностранного языка,185,GENERAL,124,125,124.2,6
2025,UNIVERSITY_PEDAGOGICAL,FULL,B018,,Подготовка учителей иностранного языка,185,RURAL,121,124,122.5,4
2025,UNIVERSITY_PEDAGOGICAL,FULL,B018,,Подготовка учителей иностранного языка,196,GENERAL,121,128,122.9,10
2025,UNIVERSITY_PEDAGOGICAL,FULL,B018,,Подготовка учителей иностранного языка,196,RURAL,116,119,116.8,5
2025,UNIVERSITY_PEDAGOGICAL,FULL,B018,,Подготовка учителей иностранного языка,517,GENERAL,117,128,120.6,10
2025,UNIVERSITY_PEDAGOGICAL,FULL,B018,,Подготовка учителей иностранного языка,517,RURAL,111,115,113.2,5
2025,UNIVERSITY_PEDAGOGICAL,FULL,B019,,Подготовка социальных педагогов,16,GENERAL,78,81,79.3,3
2025,UNIVERSITY_PEDAGOGICAL,FULL,B019,,Подготовка социальных педагогов,16,RURAL,76,77,76.5,2
2025,UNIVERSITY_PEDAGOGICAL,FULL,B019,,Подготовка социальных педагогов,31,GENERAL,84,88,86.3,3
2025,UNIVERSITY_PEDAGOGICAL,FULL,B019,,Подготовка социальных педагогов,31,RURAL,76,77,76.5,2
2025,UNIVERSITY_PEDAGOGICAL,FULL,B019,,Подготовка социальных педагогов,35,GENERAL,75,75,75.0,2
2025,UNIVERSITY_PEDAGOGICAL,FULL,B019,,Подготовка социальных педагогов,43,GENERAL,80,84,81.7,3
2025,UNIVERSITY_PEDAGOGICAL,FULL,B019,,Подготовка социальных педагогов,43,RURAL,79,79,79.0,1
2025,UNIVERSITY_PEDAGOGICAL,FULL,B019,,Подготовка социальных педагогов,196,GENERAL,81,89,84.9,10
2025,UNIVERSITY_PEDAGOGICAL,FULL,B019,,Подготовка социальных педагогов,196,RURAL,77,80,78.6,5
2025,UNIVERSITY_PEDAGOGICAL,FULL,B019,,Подготовка социальных педагогов,517,GENERAL,82,85,83.7,3
2025,UNIVERSITY_PEDAGOGICAL,FULL,B019,,Подготовка социальных педагогов,517,RURAL,77,79,78.0,2
2025,UNIVERSITY_PEDAGOGICAL,FULL,B020,,Специальная педагогика,3,GENERAL,82,103,90.6,13
2025,UNIVERSITY_PEDAGOGICAL,FULL,B020,,Специальная педагогика,3,RURAL,76,81,77.7,7
2025,UNIVERSITY_PEDAGOGICAL,FULL,B020,,Специальная педагогика,5,GENERAL,94,108,99.2,10
2025,UNIVERSITY_PEDAGOGICAL,FULL,B020,,Специальная педагогика,5,RURAL,87,94,89.8,5
2025,UNIVERSITY_PEDAGOGICAL,FULL,B020,,Специальная педагогика,10,GENERAL,86,99,89.8,6
2025,UNIVERSITY_PEDAGOGICAL,FULL,B020,,Специальная педагогика,10,RURAL,75,82,78.2,4
2025,UNIVERSITY_PEDAGOGICAL,FULL,B020,,Специальная педагогика,11,GENERAL,83,126,95.7,16
2025,UNIVERSITY_PEDAGOGICAL,FULL,B020,,Специальная педагогика,11,RURAL,75,82,77.5,4
2025,UNIVERSITY_PEDAGOGICAL,FULL,B020,,Специальная педагогика,15,GENERAL,88,108,95.2,10
2025,UNIVERSITY_PEDAGOGICAL,FULL,B020,,Специальная педагогика,15,RURAL,75,86,78.6,5
2025,UNIVERSITY_PEDAGOGICAL,FULL,B020,,Специальная педагогика,31,GENERAL,99,108,102.8,10
2025,UNIVERSITY_PEDAGOGICAL,FULL,B020,,Специальная педагогика,31,RURAL,88,93,91.4,5
2025,UNIVERSITY_PEDAGOGICAL,FULL,B020,,Специальная педагогика,36,GENERAL,86,105,91.1,10
2025,UNIVERSITY_PEDAGOGICAL,FULL,B020,,Специальная педагогика,36,RURAL,83,85,84.0,5
2025,UNIVERSITY_PEDAGOGICAL,FULL,B020,,Специальная педагогика,43,GENERAL,92,105,96.0,6
2025,UNIVERSITY_PEDAGOGICAL,FULL,B020,,Специальная педагогика,43,RURAL,81,90,86.0,4
2025,UNIVERSITY_PEDAGOGICAL,FULL,B020,,Специальная педагогика,196,GENERAL,98,103,99.7,6
2025,UNIVERSITY_PEDAGOGICAL,FULL,B020,,Специальная педагогика,196,RURAL,91,95,93.8,4
2025,UNIVERSITY_PEDAGOGICAL,FULL,B020,,Специальная педагогика,517,GENERAL,86,110,95.0,10
2025,UNIVERSITY_PEDAGOGICAL,FULL,B020,,Специальная педагогика,517,RURAL,79,84,81.0,5
2025,UNIVERSITY_TECHNICAL,FULL,B057,,Информационные технологии,34,GENERAL,72,134,89.1,75
2025,UNIVERSITY_TECHNICAL,FULL,B057,,Информационные технологии,34,RURAL,62,71,64.8,40
2025,UNIVERSITY_TECHNICAL,FULL,B058,,Информационная безопасность,34,GENERAL,72,99,78.5,25
2025,UNIVERSITY_TECHNICAL,FULL,B060,,Химическая инженерия и процессы,3,GENERAL,50,62,55.3,3
2025,UNIVERSITY_TECHNICAL,FULL,B060,,Химическая инженерия и процессы,9,GENERAL,56,75,68.2,5
2025,UNIVERSITY_TECHNICAL,FULL,B060,,Химическая инженерия и процессы,32,GENERAL,53,76,67.0,5
2025,UNIVERSITY_TECHNICAL,FULL,B060,,Химическая инженерия и процессы,33,GENERAL,50,50,50.0,1
2025,UNIVERSITY_TECHNICAL,FULL,B060,,Химическая инженерия и процессы,38,GENERAL,51,91,64.3,6
2025,UNIVERSITY_TECHNICAL,FULL,B060,,Химическая инженерия и процессы,43,GENERAL,64,64,64.0,1
2025,UNIVERSITY_TECHNICAL,FULL,B060,,Химическая инженерия и процессы,45,GENERAL,131,131,131.0,1
2025,UNIVERSITY_TECHNICAL,FULL,B061,,Материаловедение и технологии,9,GENERAL,55,57,56.0,5
2025,UNIVERSITY_TECHNICAL,FULL,B061,,Материаловедение и технологии,43,GENERAL,52,64,55.7,10
2025,UNIVERSITY_TECHNICAL,FULL,B061,,Материаловедение и технологии,45,GENERAL,67,67,67.0,1
2025,UNIVERSITY_TECHNICAL,FULL,B062,,Электротехника и электроэнергетика,3,GENERAL,59,96,65.8,19
2025,UNIVERSITY_TECHNICAL,FULL,B062,,Электротехника и электроэнергетика,3,RURAL,56,59,57.2,11
2025,UNIVERSITY_TECHNICAL,FULL,B062,,Электротехника и электроэнергетика,5,GENERAL,79,90,82.8,6
2025,UNIVERSITY_TECHNICAL,FULL,B062,,Электротехника и электроэнергетика,5,RURAL,71,78,75.2,4
2025,UNIVERSITY_TECHNICAL,FULL,B062,,Электротехника и электроэнергетика,9,GENERAL,59,72,63.7,13
2025,UNIVERSITY_TECHNICAL,FULL,B062,,Электротехника и электроэнергетика,9,RURAL,56,58,57.0,7
2025,UNIVERSITY_TECHNICAL,FULL,B062,,Электротехника и электроэнергетика,12,GENERAL,72,124,86.4,13
2025,UNIVERSITY_TECHNICAL,FULL,B062,,Электротехника и электроэнергетика,12,RURAL,56,68,60.1,7
2025,UNIVERSITY_TECHNICAL,FULL,B062,,Электротехника и электроэнергетика,31,GENERAL,68,97,78.0,9
2025,UNIVERSITY_TECHNICAL,FULL,B062,,Электротехника и электроэнергетика,32,GENERAL,75,93,82.1,13
2025,UNIVERSITY_TECHNICAL,FULL,B062,,Электротехника и электроэнергетика,32,RURAL,64,71,66.7,7
2025,UNIVERSITY_TECHNICAL,FULL,B062,,Электротехника и электроэнергетика,33,GENERAL,50,73,56.6,14
2025,UNIVERSITY_TECHNICAL,FULL,B062,,Электротехника и электроэнергетика,34,GENERAL,67,98,77.8,13
2025,UNIVERSITY_TECHNICAL,FULL,B062,,Электротехника и электроэнергетика,34,RURAL,61,65,62.4,7
2025,UNIVERSITY_TECHNICAL,FULL,B062,,Электротехника и электроэнергетика,36,GENERAL,70,106,80.5,13
2025,UNIVERSITY_TECHNICAL,FULL,B062,,Электротехника и электроэнергетика,36,RURAL,57,64,60.0,7
2025,UNIVERSITY_TECHNICAL,FULL,B062,,Электротехника и электроэнергетика,38,GENERAL,65,94,74.1,13
2025,UNIVERSITY_TECHNICAL,FULL,B062,,Электротехника и электроэнергетика,38,RURAL,59,63,61.0,7
2025,UNIVERSITY_TECHNICAL,FULL,B062,,Электротехника и электроэнергетика,39,GENERAL,51,85,61.5,11
2025,UNIVERSITY_TECHNICAL,FULL,B062,,Электротехника и электроэнергетика,42,GENERAL,53,74,60.5,20
2025,UNIVERSITY_TECHNICAL,FULL,B062,,Электротехника и электроэнергетика,42,RURAL,50,52,51.0,4
2025,UNIVERSITY_TECHNICAL,FULL,B062,,Электротехника и электроэнергетика,45,GENERAL,68,82,73.6,13
2025,UNIVERSITY_TECHNICAL,FULL,B062,,Электротехника и электроэнергетика,45,RURAL,65,68,66.2,4
2025,UNIVERSITY_TECHNICAL,FULL,B063,,Электротехника и автоматизация,3,GENERAL,60,115,73.8,30
2025,UNIVERSITY_TECHNICAL,FULL,B063,,Электротехника и автоматизация,5,GENERAL,77,120,85.8,15
2025,UNIVERSITY_TECHNICAL,FULL,B063,,Электротехника и автоматизация,9,GENERAL,61,87,69.2,20
2025,UNIVERSITY_TECHNICAL,FULL,B063,,Электротехника и автоматизация,12,GENERAL,76,100,85.5,10
2025,UNIVERSITY_TECHNICAL,FULL,B063,,Электротехника и автоматизация,31,GENERAL,65,79,70.2,5
2025,UNIVERSITY_TECHNICAL,FULL,B063,,Электротехника и автоматизация,32,GENERAL,82,114,93.0,20
2025,UNIVERSITY_TECHNICAL,FULL,B063,,Электротехника и автоматизация,33,GENERAL,51,102,61.4,20
2025,UNIVERSITY_TECHNICAL,FULL,B063,,Электротехника и автоматизация,34,GENERAL,64,98,73.0,30
2025,UNIVERSITY_TECHNICAL,FULL,B063,,Электротехника и автоматизация,38,GENERAL,63,112,75.5,20
2025,UNIVERSITY_TECHNICAL,FULL,B063,,Электротехника и автоматизация,39,GENERAL,50,77,58.6,12
2025,UNIVERSITY_TECHNICAL,FULL,B063,,Электротехника и автоматизация,42,GENERAL,50,91,60.5,22
2025,UNIVERSITY_TECHNICAL,FULL,B063,,Электротехника и автоматизация,43,GENERAL,67,97,78.4,15
2025,UNIVERSITY_TECHNICAL,FULL,B063,,Электротехника и автоматизация,45,GENERAL,68,127,80.5,20
2025,UNIVERSITY_TECHNICAL,FULL,B064,,Механика и металлообработка,3,GENERAL,50,72,55.5,30
2025,UNIVERSITY_TECHNICAL,FULL,B064,,Механика и металлообработка,12,GENERAL,62,109,72.6,20
2025,UNIVERSITY_TECHNICAL,FULL,B064,,Механика и металлообработка,31,GENERAL,65,65,65.0,1
2025,UNIVERSITY_TECHNICAL,FULL,B064,,Механика и металлообработка,32,GENERAL,65,119,78.2,20
2025,UNIVERSITY_TECHNICAL,FULL,B064,,Механика и металлообработка,33,GENERAL,51,71,56.6,9
2025,UNIVERSITY_TECHNICAL,FULL,B064,,Механика и металлообработка,34,GENERAL,56,65,58.9,10
2025,UNIVERSITY_TECHNICAL,FULL,B064,,Механика и металлообработка,35,GENERAL,54,78,60.8,20
2025,UNIVERSITY_TECHNICAL,FULL,B064,,Механика и металлообработка,36,GENERAL,59,99,69.5,20
2025,UNIVERSITY_TECHNICAL,FULL,B064,,Механика и металлообработка,38,GENERAL,59,91,67.1,20
2025,UNIVERSITY_TECHNICAL,FULL,B064,,Механика и металлообработка,42,GENERAL,55,72,60.4,25
2025,UNIVERSITY_TECHNICAL,FULL,B064,,Механика и металлообработка,45,GENERAL,65,78,68.8,6
2025,UNIVERSITY_TECHNICAL,FULL,B065,,Транспортная техника и технологии,3,GENERAL,50,80,54.6,46
2025,UNIVERSITY_TECHNICAL,FULL,B065,,Транспортная техника и технологии,5,GENERAL,66,77,68.5,10
2025,UNIVERSITY_TECHNICAL,FULL,B065,,Транспортная техника и технологии,5,RURAL,60,63,61.2,5
2025,UNIVERSITY_TECHNICAL,FULL,B065,,Транспортная техника и технологии,9,GENERAL,60,71,64.7,3
2025,UNIVERSITY_TECHNICAL,FULL,B065,,Транспортная техника и технологии,9,RURAL,54,56,55.0,2
2025,UNIVERSITY_TECHNICAL,FULL,B065,,Транспортная техника и технологии,12,GENERAL,66,69,67.7,6
2025,UNIVERSITY_TECHNICAL,FULL,B065,,Транспортная техника и технологии,12,RURAL,58,65,60.0,4
2025,UNIVERSITY_TECHNICAL,FULL,B065,,Транспортная техника и технологии,31,GENERAL,67,72,69.5,2
2025,UNIVERSITY_TECHNICAL,FULL,B065,,Транспортная техника и технологии,32,GENERAL,64,89,69.2,13
2025,UNIVERSITY_TECHNICAL,FULL,B065,,Транспортная техника и технологии,32,RURAL,56,62,58.4,7
2025,UNIVERSITY_TECHNICAL,FULL,B065,,Транспортная техника и технологии,33,GENERAL,50,61,54.8,5
2025,UNIVERSITY_TECHNICAL,FULL,B065,,Транспортная техника и технологии,34,GENERAL,60,75,64.2,13
2025,UNIVERSITY_TECHNICAL,FULL,B065,,Транспортная техника и технологии,34,RURAL,56,59,57.6,7
2025,UNIVERSITY_TECHNICAL,FULL,B065,,Транспортная техника и технологии,35,GENERAL,50,101,61.0,20
2025,UNIVERSITY_TECHNICAL,FULL,B065,,Транспортная техника и технологии,36,GENERAL,65,84,71.0,13
2025,UNIVERSITY_TECHNICAL,FULL,B065,,Транспортная техника и технологии,36,RURAL,52,61,55.6,7
2025,UNIVERSITY_TECHNICAL,FULL,B065,,Транспортная техника и технологии,38,GENERAL,56,69,61.4,17
2025,UNIVERSITY_TECHNICAL,FULL,B065,,Транспортная техника и технологии,38,RURAL,50,52,51.3,3
2025,UNIVERSITY_TECHNICAL,FULL,B065,,Транспортная техника и технологии,39,GENERAL,50,56,52.3,6
2025,UNIVERSITY_TECHNICAL,FULL,B065,,Транспортная техника и технологии,45,GENERAL,67,88,77.5,4
2025,UNIVERSITY_TECHNICAL,FULL,B066,,Морской транспорт и технологии,3,GENERAL,54,80,59.8,30
2025,UNIVERSITY_TECHNICAL,FULL,B068,,Производство продуктов питания,5,GENERAL,79,86,81.2,6
2025,UNIVERSITY_TECHNICAL,FULL,B068,,Производство продуктов питания,5,RURAL,72,76,74.0,4
2025,UNIVERSITY_TECHNICAL,FULL,B068,,Производство продуктов питания,11,GENERAL,64,77,67.3,26
2025,UNIVERSITY_TECHNICAL,FULL,B068,,Производство продуктов питания,11,RURAL,58,64,61.1,14
2025,UNIVERSITY_TECHNICAL,FULL,B068,,Производство продуктов питания,34,GENERAL,72,87,77.3,19
2025,UNIVERSITY_TECHNICAL,FULL,B068,,Производство продуктов питания,34,RURAL,66,71,68.9,11
2025,UNIVERSITY_TECHNICAL,FULL,B068,,Производство продуктов питания,35,GENERAL,67,78,70.7,13
2025,UNIVERSITY_TECHNICAL,FULL,B068,,Производство продуктов питания,35,RURAL,62,65,63.7,7
2025,UNIVERSITY_TECHNICAL,FULL,B068,,Производство продуктов питания,36,GENERAL,63,85,71.3,13
2025,UNIVERSITY_TECHNICAL,FULL,B068,,Производство продуктов питания,36,RURAL,56,62,58.6,7
2025,UNIVERSITY_TECHNICAL,FULL,B068,,Производство продуктов питания,38,GENERAL,64,106,75.0,13
2025,UNIVERSITY_TECHNICAL,FULL,B068,,Производство продуктов питания,38,RURAL,58,61,58.6,7
2025,UNIVERSITY_TECHNICAL,FULL,B068,,Производство продуктов питания,42,GENERAL,67,80,71.2,16
2025,UNIVERSITY_TECHNICAL,FULL,B068,,Производство продуктов питания,42,RURAL,60,65,62.2,9
2025,UNIVERSITY_TECHNICAL,FULL,B068,,Производство продуктов питания,43,GENERAL,62,79,67.3,32
2025,UNIVERSITY_TECHNICAL,FULL,B068,,Производство продуктов питания,43,RURAL,56,61,58.1,18
2025,UNIVERSITY_TECHNICAL,FULL,B068,,Производство продуктов питания,45,GENERAL,76,103,81.9,13
2025,UNIVERSITY_TECHNICAL,FULL,B068,,Производство продуктов питания,45,RURAL,69,75,71.6,7
2025,UNIVERSITY_TECHNICAL,FULL,B069,,"Производство материалов (стекло, бумага, пластик, дерево)",33,GENERAL,50,52,51.2,4
2025,UNIVERSITY_TECHNICAL,FULL,B069,,"Производство материалов (стекло, бумага, пластик, дерево)",45,GENERAL,66,84,72.0,4
2025,UNIVERSITY_TECHNICAL,FULL,B070,,"Текстиль: одежда, обувь и кожаные изделия",5,GENERAL,59,62,60.8,6
2025,UNIVERSITY_TECHNICAL,FULL,B070,,"Текстиль: одежда, обувь и кожаные изделия",5,RURAL,56,59,57.8,4
2025,UNIVERSITY_TECHNICAL,FULL,B070,,"Текстиль: одежда, обувь и кожаные изделия",39,GENERAL,63,63,63.0,1
2025,UNIVERSITY_TECHNICAL,FULL,B070,,"Текстиль: одежда, обувь и кожаные изделия",43,GENERAL,59,61,60.3,3
2025,UNIVERSITY_TECHNICAL,FULL,B070,,"Текстиль: одежда, обувь и кожаные изделия",43,RURAL,55,55,55.0,2
2025,UNIVERSITY_TECHNICAL,FULL,B070,,"Текстиль: одежда, обувь и кожаные изделия",45,GENERAL,66,70,67.3,3
2025,UNIVERSITY_TECHNICAL,FULL,B071,,Горное дело и добыча полезных ископаемых,3,GENERAL,59,102,68.5,30
2025,UNIVERSITY_TECHNICAL,FULL,B071,,Горное дело и добыча полезных ископаемых,5,GENERAL,68,88,72.3,15
2025,UNIVERSITY_TECHNICAL,FULL,B071,,Горное дело и добыча полезных ископаемых,9,GENERAL,58,82,64.0,20
2025,UNIVERSITY_TECHNICAL,FULL,B071,,Горное дело и добыча полезных ископаемых,12,GENERAL,63,93,70.2,20
2025,UNIVERSITY_TECHNICAL,FULL,B071,,Горное дело и добыча полезных ископаемых,32,GENERAL,75,122,87.6,20
2025,UNIVERSITY_TECHNICAL,FULL,B071,,Горное дело и добыча полезных ископаемых,33,GENERAL,50,57,52.4,16
2025,UNIVERSITY_TECHNICAL,FULL,B071,,Горное дело и добыча полезных ископаемых,34,GENERAL,61,102,67.6,20
2025,UNIVERSITY_TECHNICAL,FULL,B071,,Горное дело и добыча полезных ископаемых,35,GENERAL,59,76,66.3,20
2025,UNIVERSITY_TECHNICAL,FULL,B071,,Горное дело и добыча полезных ископаемых,38,GENERAL,66,93,74.2,20
2025,UNIVERSITY_TECHNICAL,FULL,B071,,Горное дело и добыча полезных ископаемых,39,GENERAL,50,75,56.5,19
2025,UNIVERSITY_TECHNICAL,FULL,B071,,Горное дело и добыча полезных ископаемых,45,GENERAL,65,90,69.3,19
2025,UNIVERSITY_TECHNICAL,FULL,B072,,Технология фармацевтического производства,31,GENERAL,82,100,85.6,20
2025,UNIVERSITY_TECHNICAL,FULL,B072,,Технология фармацевтического производства,33,GENERAL,74,88,79.0,20
2025,UNIVERSITY_TECHNICAL,FULL,B072,,Технология фармацевтического производства,45,GENERAL,79,98,85.8,20
2025,UNIVERSITY_TECHNICAL,FULL,B073,,Архитектура,12,GENERAL,100,125,113.3,45
2025,UNIVERSITY_TECHNICAL,FULL,B073,,Архитектура,32,GENERAL,114,130,120.1,92
2025,UNIVERSITY_TECHNICAL,FULL,B073,,Архитектура,38,GENERAL,100,125,114.9,64
2025,UNIVERSITY_TECHNICAL,FULL,B073,,Архитектура,45,GENERAL,118,130,121.1,313
2025,UNIVERSITY_TECHNICAL,FULL,B074,,"Градостроительство, строительные работы и гражданское строительство",3,GENERAL,56,93,62.9,40
2025,UNIVERSITY_TECHNICAL,FULL,B074,,"Градостроительство, строительные работы и гражданское строительство",5,GENERAL,71,100,79.8,15
2025,UNIVERSITY_TECHNICAL,FULL,B074,,"Градостроительство, строительные работы и гражданское строительство",9,GENERAL,59,65,61.9,10
2025,UNIVERSITY_TECHNICAL,FULL,B074,,"Градостроительство, строительные работы и гражданское строительство",12,GENERAL,76,110,86.8,20
2025,UNIVERSITY_TECHNICAL,FULL,B074,,"Градостроительство, строительные работы и гражданское строительство",32,GENERAL,80,118,91.6,20
2025,UNIVERSITY_TECHNICAL,FULL,B074,,"Градостроительство, строительные работы и гражданское строительство",33,GENERAL,50,73,58.0,14
2025,UNIVERSITY_TECHNICAL,FULL,B074,,"Градостроительство, строительные работы и гражданское строительство",34,GENERAL,66,96,74.5,20
2025,UNIVERSITY_TECHNICAL,FULL,B074,,"Градостроительство, строительные работы и гражданское строительство",35,GENERAL,65,93,74.5,20
2025,UNIVERSITY_TECHNICAL,FULL,B074,,"Градостроительство, строительные работы и гражданское строительство",38,GENERAL,71,105,79.7,20
2025,UNIVERSITY_TECHNICAL,FULL,B074,,"Градостроительство, строительные работы и гражданское строительство",39,GENERAL,50,92,68.9,17
2025,UNIVERSITY_TECHNICAL,FULL,B074,,"Градостроительство, строительные работы и гражданское строительство",42,GENERAL,58,87,66.5,25
2025,UNIVERSITY_TECHNICAL,FULL,B074,,"Градостроительство, строительные работы и гражданское строительство",45,GENERAL,79,98,86.4,20
2025,UNIVERSITY_TECHNICAL,FULL,B075,,Кадастр и землеустройство,3,GENERAL,76,99,87.4,19
2025,UNIVERSITY_TECHNICAL,FULL,B075,,Кадастр и землеустройство,3,RURAL,66,74,69.7,11
2025,UNIVERSITY_TECHNICAL,FULL,B075,,Кадастр и землеустройство,12,GENERAL,85,102,92.9,13
2025,UNIVERSITY_TECHNICAL,FULL,B075,,Кадастр и землеустройство,12,RURAL,77,82,79.3,7
2025,UNIVERSITY_TECHNICAL,FULL,B075,,Кадастр и землеустройство,32,GENERAL,91,110,97.2,26
2025,UNIVERSITY_TECHNICAL,FULL,B075,,Кадастр и землеустройство,32,RURAL,83,91,86.1,7
2025,UNIVERSITY_TECHNICAL,FULL,B075,,Кадастр и землеустройство,34,GENERAL,91,109,97.9,15
2025,UNIVERSITY_TECHNICAL,FULL,B075,,Кадастр и землеустройство,34,RURAL,78,90,82.7,7
2025,UNIVERSITY_TECHNICAL,FULL,B075,,Кадастр и землеустройство,529,GENERAL,78,111,89.5,13
2025,UNIVERSITY_TECHNICAL,FULL,B075,,Кадастр и землеустройство,529,RURAL,65,72,68.3,7
2025,UNIVERSITY_TECHNICAL,FULL,B076,,"Стандартизация, сертификация и метрология (по отраслям)",3,GENERAL,55,81,61.1,30
2025,UNIVERSITY_TECHNICAL,FULL,B076,,"Стандартизация, сертификация и метрология (по отраслям)",10,GENERAL,54,85,61.2,20
2025,UNIVERSITY_TECHNICAL,FULL,B076,,"Стандартизация, сертификация и метрология (по отраслям)",12,GENERAL,51,76,60.3,10
2025,UNIVERSITY_TECHNICAL,FULL,B076,,"Стандартизация, сертификация и метрология (по отраслям)",15,GENERAL,60,90,70.3,20
2025,UNIVERSITY_TECHNICAL,FULL,B076,,"Стандартизация, сертификация и метрология (по отраслям)",36,GENERAL,50,75,57.7,9
2025,UNIVERSITY_TECHNICAL,FULL,B076,,"Стандартизация, сертификация и метрология (по отраслям)",42,GENERAL,51,69,58.5,10
2025,UNIVERSITY_TECHNICAL,FULL,B076,,"Стандартизация, сертификация и метрология (по отраслям)",43,GENERAL,61,69,64.9,10
2025,UNIVERSITY_TECHNICAL,FULL,B077,,Растениеводство,2,GENERAL,76,104,83.2,13
2025,UNIVERSITY_TECHNICAL,FULL,B077,,Растениеводство,2,RURAL,69,76,71.0,7
2025,UNIVERSITY_TECHNICAL,FULL,B077,,Растениеводство,15,GENERAL,65,76,68.8,13
2025,UNIVERSITY_TECHNICAL,FULL,B077,,Растениеводство,15,RURAL,54,61,56.6,7
2025,UNIVERSITY_TECHNICAL,FULL,B077,,Растениеводство,24,GENERAL,69,76,71.6,13
2025,UNIVERSITY_TECHNICAL,FULL,B077,,Растениеводство,24,RURAL,64,66,64.9,7
2025,UNIVERSITY_TECHNICAL,FULL,B077,,Растениеводство,35,GENERAL,66,96,72.5,13
2025,UNIVERSITY_TECHNICAL,FULL,B077,,Растениеводство,35,RURAL,62,65,63.7,7
2025,UNIVERSITY_TECHNICAL,FULL,B077,,Растениеводство,501,GENERAL,61,80,66.4,13
2025,UNIVERSITY_TECHNICAL,FULL,B077,,Растениеводство,501,RURAL,56,61,58.7,7
2025,UNIVERSITY_TECHNICAL,FULL,B078,,Животноводство,2,GENERAL,61,71,63.4,13
2025,UNIVERSITY_TECHNICAL,FULL,B078,,Животноводство,2,RURAL,57,60,58.3,7
2025,UNIVERSITY_TECHNICAL,FULL,B078,,Животноводство,24,GENERAL,60,66,61.6,13
2025,UNIVERSITY_TECHNICAL,FULL,B078,,Животноводство,24,RURAL,56,58,56.6,7
2025,UNIVERSITY_TECHNICAL,FULL,B078,,Животноводство,35,GENERAL,56,90,60.9,13
2025,UNIVERSITY_TECHNICAL,FULL,B078,,Животноводство,35,RURAL,51,54,52.2,5
2025,UNIVERSITY_TECHNICAL,FULL,B078,,Животноводство,36,GENERAL,54,72,59.3,13
2025,UNIVERSITY_TECHNICAL,FULL,B078,,Животноводство,36,RURAL,51,54,52.3,7
2025,UNIVERSITY_TECHNICAL,FULL,B078,,Животноводство,501,GENERAL,56,69,60.7,13
2025,UNIVERSITY_TECHNICAL,FULL,B078,,Животноводство,501,RURAL,51,53,52.0,7
2025,UNIVERSITY_TECHNICAL,FULL,B079,,Лесное хозяйство,2,GENERAL,75,101,80.7,15
2025,UNIVERSITY_TECHNICAL,FULL,B079,,Лесное хозяйство,2,RURAL,68,73,70.4,7
2025,UNIVERSITY_TECHNICAL,FULL,B079,,Лесное хозяйство,11,GENERAL,68,80,71.2,13
2025,UNIVERSITY_TECHNICAL,FULL,B079,,Лесное хозяйство,11,RURAL,66,67,66.6,7
2025,UNIVERSITY_TECHNICAL,FULL,B079,,Лесное хозяйство,24,GENERAL,74,85,77.6,16
2025,UNIVERSITY_TECHNICAL,FULL,B079,,Лесное хозяйство,24,RURAL,72,73,72.9,7
2025,UNIVERSITY_TECHNICAL,FULL,B079,,Лесное хозяйство,35,GENERAL,68,77,70.9,13
2025,UNIVERSITY_TECHNICAL,FULL,B079,,Лесное хозяйство,35,RURAL,67,68,67.3,7
2025,UNIVERSITY_TECHNICAL,FULL,B079,,Лесное хозяйство,501,GENERAL,69,82,72.1,13
2025,UNIVERSITY_TECHNICAL,FULL,B079,,Лесное хозяйство,501,RURAL,66,68,66.9,7
2025,UNIVERSITY_TECHNICAL,FULL,B080,,Рыбное хозяйство,2,GENERAL,59,79,64.2,13
2025,UNIVERSITY_TECHNICAL,FULL,B080,,Рыбное хозяйство,2,RURAL,51,58,52.9,7
2025,UNIVERSITY_TECHNICAL,FULL,B080,,Рыбное хозяйство,10,GENERAL,57,67,61.3,6
2025,UNIVERSITY_TECHNICAL,FULL,B080,,Рыбное хозяйство,10,RURAL,53,56,55.0,4
2025,UNIVERSITY_TECHNICAL,FULL,B080,,Рыбное хозяйство,24,GENERAL,61,68,62.8,13
2025,UNIVERSITY_TECHNICAL,FULL,B080,,Рыбное хозяйство,24,RURAL,55,59,57.4,7
2025,UNIVERSITY_TECHNICAL,FULL,B080,,Рыбное хозяйство,501,GENERAL,50,59,53.2,15
2025,UNIVERSITY_TECHNICAL,FULL,B082,,Водные ресурсы и водопользования,34,GENERAL,58,70,62.9,13
2025,UNIVERSITY_TECHNICAL,FULL,B082,,Водные ресурсы и водопользования,34,RURAL,54,56,55.1,7
2025,UNIVERSITY_TECHNICAL,FULL,B082,,Водные ресурсы и водопользования,529,GENERAL,50,71,56.1,71
2025,UNIVERSITY_TECHNICAL,FULL,B083,,Ветеринария,2,GENERAL,71,100,78.6,65
2025,UNIVERSITY_TECHNICAL,FULL,B083,,Ветеринария,2,RURAL,64,71,66.6,35
2025,UNIVERSITY_TECHNICAL,FULL,B083,,Ветеринария,24,GENERAL,71,99,79.3,65
2025,UNIVERSITY_TECHNICAL,FULL,B083,,Ветеринария,24,RURAL,66,70,68.3,35
2025,UNIVERSITY_TECHNICAL,FULL,B083,,Ветеринария,501,GENERAL,57,94,63.4,79
2025,UNIVERSITY_TECHNICAL,FULL,B083,,Ветеринария,501,RURAL,50,57,53.5,40
2025,UNIVERSITY_TECHNICAL,FULL,B126,,Транспортное строительство,12,GENERAL,53,76,60.8,13
2025,UNIVERSITY_TECHNICAL,FULL,B126,,Транспортное строительство,12,RURAL,51,52,51.4,5
2025,UNIVERSITY_TECHNICAL,FULL,B162,,Теплоэнергетика,38,GENERAL,66,95,75.3,6
2025,UNIVERSITY_TECHNICAL,FULL,B162,,Теплоэнергетика,38,RURAL,58,61,59.2,4
2025,UNIVERSITY_TECHNICAL,FULL,B171,,Металлургия,5,GENERAL,67,86,75.5,10
2025,UNIVERSITY_TECHNICAL,FULL,B171,,Металлургия,12,GENERAL,50,77,57.2,20
2025,UNIVERSITY_TECHNICAL,FULL,B173,,Гидромелиорация,529,GENERAL,55,73,60.6,5
2025,UNIVERSITY_TECHNICAL,FULL,B175,,Водоснабжение и водоотведение,529,GENERAL,51,72,57.6,13
2025,UNIVERSITY_TECHNICAL,FULL,B176,,Гидротехническое строительство и управление водными ресурсами,529,GENERAL,57,85,61.9,20
2025,UNIVERSITY_TECHNICAL,FULL,B183,,Агроинженерия,2,GENERAL,71,94,80.4,13
2025,UNIVERSITY_TECHNICAL,FULL,B183,,Агроинженерия,2,RURAL,61,71,66.7,7
2025,UNIVERSITY_TECHNICAL,FULL,B183,,Агроинженерия,24,GENERAL,59,73,64.8,13
2025,UNIVERSITY_TECHNICAL,FULL,B183,,Агроинженерия,24,RURAL,55,58,56.6,7
2025,UNIVERSITY_TECHNICAL,FULL,B183,,Агроинженерия,35,GENERAL,58,80,65.9,13
2025,UNIVERSITY_TECHNICAL,FULL,B183,,Агроинженерия,35,RURAL,55,58,56.1,7
2025,WESTERN_REGIONS,FULL,B001,,Педагогика и психология,7,GENERAL,96,102,99.0,2
2025,WESTERN_REGIONS,FULL,B001,,Педагогика и психология,7,RURAL,80,84,82.0,2
2025,WESTERN_REGIONS,FULL,B001,,Педагогика и психология,13,GENERAL,97,113,103.0,4
2025,WESTERN_REGIONS,FULL,B001,,Педагогика и психология,16,RURAL,80,80,80.0,1
2025,WESTERN_REGIONS,FULL,B001,,Педагогика и психология,25,GENERAL,90,98,94.0,2
2025,WESTERN_REGIONS,FULL,B001,,Педагогика и психология,35,RURAL,80,80,80.0,1
2025,WESTERN_REGIONS,FULL,B001,,Педагогика и психология,185,GENERAL,90,98,94.2,5
2025,WESTERN_REGIONS,FULL,B001,,Педагогика и психология,185,RURAL,81,90,85.8,5
2025,WESTERN_REGIONS,FULL,B001,,Педагогика и психология,302,GENERAL,91,91,91.0,1
2025,WESTERN_REGIONS,FULL,B002,,Дошкольное обучение и воспитание,7,GENERAL,77,95,83.2,4
2025,WESTERN_REGIONS,FULL,B002,,Дошкольное обучение и воспитание,16,GENERAL,79,79,79.0,1
2025,WESTERN_REGIONS,FULL,B002,,Дошкольное обучение и воспитание,25,GENERAL,82,84,83.0,3
2025,WESTERN_REGIONS,FULL,B002,,Дошкольное обучение и воспитание,31,GENERAL,76,82,79.0,2
2025,WESTERN_REGIONS,FULL,B002,,Дошкольное обучение и воспитание,185,GENERAL,87,87,87.0,1
2025,WESTERN_REGIONS,FULL,B002,,Дошкольное обучение и воспитание,517,GENERAL,75,75,75.0,1
2025,WESTERN_REGIONS,FULL,B003,,Педагогика и методика начального обучения,7,GENERAL,87,110,97.4,5
2025,WESTERN_REGIONS,FULL,B003,,Педагогика и методика начального обучения,7,RURAL,80,85,82.0,4
2025,WESTERN_REGIONS,FULL,B003,,Педагогика и методика начального обучения,25,GENERAL,101,111,105.2,4
2025,WESTERN_REGIONS,FULL,B003,,Педагогика и методика начального обучения,25,RURAL,93,93,93.0,1
2025,WESTERN_REGIONS,FULL,B003,,Педагогика и методика начального обучения,35,RURAL,79,79,79.0,1
2025,WESTERN_REGIONS,FULL,B003,,Педагогика и методика начального обучения,185,GENERAL,96,97,96.5,2
2025,WESTERN_REGIONS,FULL,B003,,Педагогика и методика начального обучения,185,RURAL,82,94,86.7,3
2025,WESTERN_REGIONS,FULL,B003,,Педагогика и методика начального обучения,302,GENERAL,96,127,109.0,5
2025,WESTERN_REGIONS,FULL,B005,,Подготовка учителей физической культуры,7,GENERAL,105,105,105.0,1
2025,WESTERN_REGIONS,FULL,B005,,Подготовка учителей физической культуры,16,GENERAL,95,127,109.9,9
2025,WESTERN_REGIONS,FULL,B005,,Подготовка учителей физической культуры,16,RURAL,84,90,87.0,2
2025,WESTERN_REGIONS,FULL,B005,,Подготовка учителей физической культуры,25,GENERAL,119,119,119.0,1
2025,WESTERN_REGIONS,FULL,B005,,Подготовка учителей физической культуры,36,GENERAL,89,89,89.0,1
2025,WESTERN_REGIONS,FULL,B006,,Подготовка учителей музыки,7,GENERAL,112,128,121.2,6
2025,WESTERN_REGIONS,FULL,B006,,Подготовка учителей музыки,16,GENERAL,111,120,115.5,2
2025,WESTERN_REGIONS,FULL,B006,,Подготовка учителей музыки,25,GENERAL,122,122,122.0,1
2025,WESTERN_REGIONS,FULL,B006,,Подготовка учителей музыки,185,GENERAL,117,117,117.0,1
2025,WESTERN_REGIONS,FULL,B009,,Подготовка учителей математики,7,GENERAL,122,131,125.8,4
2025,WESTERN_REGIONS,FULL,B009,,Подготовка учителей математики,7,RURAL,110,114,112.0,2
2025,WESTERN_REGIONS,FULL,B009,,Подготовка учителей математики,13,GENERAL,121,132,125.4,8
2025,WESTERN_REGIONS,FULL,B009,,Подготовка учителей математики,13,RURAL,120,125,121.2,5
2025,WESTERN_REGIONS,FULL,B009,,Подготовка учителей математики,25,GENERAL,127,127,127.0,1
2025,WESTERN_REGIONS,FULL,B009,,Подготовка учителей математики,25,RURAL,112,115,113.5,2
2025,WESTERN_REGIONS,FULL,B009,,Подготовка учителей математики,185,RURAL,106,106,106.0,1
2025,WESTERN_REGIONS,FULL,B009,,Подготовка учителей математики,302,GENERAL,127,135,130.7,3
2025,WESTERN_REGIONS,FULL,B010,,Подготовка учителей физики,7,RURAL,89,107,96.7,3
2025,WESTERN_REGIONS,FULL,B010,,Подготовка учителей физики,13,GENERAL,119,127,124.0,3
2025,WESTERN_REGIONS,FULL,B010,,Подготовка учителей физики,13,RURAL,112,112,112.0,1
2025,WESTERN_REGIONS,FULL,B010,,Подготовка учителей физики,16,RURAL,85,85,85.0,1
2025,WESTERN_REGIONS,FULL,B010,,Подготовка учителей физики,25,RURAL,85,85,85.0,1
2025,WESTERN_REGIONS,FULL,B010,,Подготовка учителей физики,185,RURAL,81,81,81.0,1
2025,WESTERN_REGIONS,FULL,B010,,Подготовка учителей физики,302,GENERAL,114,130,119.9,11
2025,WESTERN_REGIONS,FULL,B011,,Подготовка учителей информатики,7,GENERAL,78,107,92.5,4
2025,WESTERN_REGIONS,FULL,B011,,Подготовка учителей информатики,7,RURAL,75,80,77.7,3
2025,WESTERN_REGIONS,FULL,B011,,Подготовка учителей информатики,16,GENERAL,93,107,99.2,4
2025,WESTERN_REGIONS,FULL,B011,,Подготовка учителей информатики,25,GENERAL,96,108,102.0,2
2025,WESTERN_REGIONS,FULL,B011,,Подготовка учителей информатики,35,RURAL,77,77,77.0,1
2025,WESTERN_REGIONS,FULL,B011,,Подготовка учителей информатики,185,GENERAL,89,98,93.6,5
2025,WESTERN_REGIONS,FULL,B011,,Подготовка учителей информатики,185,RURAL,87,87,87.0,1
2025,WESTERN_REGIONS,FULL,B011,,Подготовка учителей информатики,302,GENERAL,117,117,117.0,1
2025,WESTERN_REGIONS,FULL,B012,,Подготовка учителей химии,7,GENERAL,102,110,106.6,8
2025,WESTERN_REGIONS,FULL,B012,,Подготовка учителей химии,7,RURAL,83,102,93.6,5
2025,WESTERN_REGIONS,FULL,B012,,Подготовка учителей химии,25,GENERAL,103,103,103.0,1
2025,WESTERN_REGIONS,FULL,B012,,Подготовка учителей химии,25,RURAL,94,101,97.5,2
2025,WESTERN_REGIONS,FULL,B012,,Подготовка учителей химии,31,GENERAL,102,102,102.0,1
2025,WESTERN_REGIONS,FULL,B012,,Подготовка учителей химии,35,GENERAL,104,104,104.0,1
2025,WESTERN_REGIONS,FULL,B012,,Подготовка учителей химии,185,GENERAL,103,104,103.3,3
2025,WESTERN_REGIONS,FULL,B012,,Подготовка учителей химии,185,RURAL,95,98,96.3,3
2025,WESTERN_REGIONS,FULL,B012,,Подготовка учителей химии,302,GENERAL,114,126,119.0,3
2025,WESTERN_REGIONS,FULL,B013,,Подготовка учителей биологии,7,GENERAL,96,114,104.5,8
2025,WESTERN_REGIONS,FULL,B013,,Подготовка учителей биологии,7,RURAL,93,95,94.0,2
2025,WESTERN_REGIONS,FULL,B013,,Подготовка учителей биологии,25,GENERAL,97,120,107.4,5
2025,WESTERN_REGIONS,FULL,B013,,Подготовка учителей биологии,25,RURAL,91,94,92.3,3
2025,WESTERN_REGIONS,FULL,B013,,Подготовка учителей биологии,31,RURAL,90,90,90.0,1
2025,WESTERN_REGIONS,FULL,B013,,Подготовка учителей биологии,185,GENERAL,96,104,99.2,4
2025,WESTERN_REGIONS,FULL,B013,,Подготовка учителей биологии,185,RURAL,90,99,92.8,4
2025,WESTERN_REGIONS,FULL,B014,,Подготовка учителей географии,7,GENERAL,102,106,104.0,3
2025,WESTERN_REGIONS,FULL,B014,,Подготовка учителей географии,7,RURAL,95,98,96.5,2
2025,WESTERN_REGIONS,FULL,B014,,Подготовка учителей географии,13,GENERAL,115,115,115.0,1
2025,WESTERN_REGIONS,FULL,B014,,Подготовка учителей географии,16,GENERAL,112,112,112.0,1
2025,WESTERN_REGIONS,FULL,B014,,Подготовка учителей географии,16,RURAL,91,96,93.5,2
2025,WESTERN_REGIONS,FULL,B014,,Подготовка учителей географии,25,GENERAL,101,111,106.2,4
2025,WESTERN_REGIONS,FULL,B014,,Подготовка учителей географии,25,RURAL,100,100,100.0,1
2025,WESTERN_REGIONS,FULL,B014,,Подготовка учителей географии,185,GENERAL,102,110,105.0,7
2025,WESTERN_REGIONS,FULL,B014,,Подготовка учителей географии,185,RURAL,91,98,93.2,5
2025,WESTERN_REGIONS,FULL,B015,,Подготовка учителей по гуманитарным предметам,7,GENERAL,111,123,116.9,10
2025,WESTERN_REGIONS,FULL,B015,,Подготовка учителей по гуманитарным предметам,7,RURAL,104,111,106.8,5
2025,WESTERN_REGIONS,FULL,B015,,Подготовка учителей по гуманитарным предметам,16,RURAL,105,105,105.0,1
2025,WESTERN_REGIONS,FULL,B015,,Подготовка учителей по гуманитарным предметам,25,GENERAL,116,119,117.5,2
2025,WESTERN_REGIONS,FULL,B015,,Подготовка учителей по гуманитарным предметам,25,RURAL,103,105,104.0,2
2025,WESTERN_REGIONS,FULL,B015,,Подготовка учителей по гуманитарным предметам,31,RURAL,101,101,101.0,1
2025,WESTERN_REGIONS,FULL,B015,,Подготовка учителей по гуманитарным предметам,185,GENERAL,126,126,126.0,1
2025,WESTERN_REGIONS,FULL,B015,,Подготовка учителей по гуманитарным предметам,185,RURAL,108,108,108.0,1
2025,WESTERN_REGIONS,FULL,B015,,Подготовка учителей по гуманитарным предметам,302,GENERAL,118,124,120.5,6
2025,WESTERN_REGIONS,FULL,B016,,Подготовка учителей казахского языка и литературы,7,GENERAL,125,129,127.0,4
2025,WESTERN_REGIONS,FULL,B016,,Подготовка учителей казахского языка и литературы,7,RURAL,115,124,120.1,11
2025,WESTERN_REGIONS,FULL,B016,,Подготовка учителей казахского языка и литературы,13,GENERAL,125,136,129.6,21
2025,WESTERN_REGIONS,FULL,B016,,Подготовка учителей казахского языка и литературы,13,RURAL,120,127,122.6,7
2025,WESTERN_REGIONS,FULL,B016,,Подготовка учителей казахского языка и литературы,25,GENERAL,128,136,132.0,2
2025,WESTERN_REGIONS,FULL,B016,,Подготовка учителей казахского языка и литературы,25,RURAL,116,123,118.6,5
2025,WESTERN_REGIONS,FULL,B016,,Подготовка учителей казахского языка и литературы,185,RURAL,119,119,119.0,1
2025,WESTERN_REGIONS,FULL,B016,,Подготовка учителей казахского языка и литературы,302,GENERAL,128,136,132.0,2
2025,WESTERN_REGIONS,FULL,B016,,Подготовка учителей казахского языка и литературы,302,RURAL,125,125,125.0,1
2025,WESTERN_REGIONS,FULL,B017,,Подготовка учителей русского языка и литературы,7,GENERAL,117,120,118.5,2
2025,WESTERN_REGIONS,FULL,B017,,Подготовка учителей русского языка и литературы,7,RURAL,79,110,94.5,4
2025,WESTERN_REGIONS,FULL,B017,,Подготовка учителей русского языка и литературы,13,GENERAL,116,132,123.0,5
2025,WESTERN_REGIONS,FULL,B017,,Подготовка учителей русского языка и литературы,13,RURAL,108,108,108.0,1
2025,WESTERN_REGIONS,FULL,B017,,Подготовка учителей русского языка и литературы,16,GENERAL,95,95,95.0,1
2025,WESTERN_REGIONS,FULL,B017,,Подготовка учителей русского языка и литературы,16,RURAL,76,76,76.0,1
2025,WESTERN_REGIONS,FULL,B017,,Подготовка учителей русского языка и литературы,25,GENERAL,105,121,113.0,2
2025,WESTERN_REGIONS,FULL,B017,,Подготовка учителей русского языка и литературы,185,GENERAL,92,109,99.3,3
2025,WESTERN_REGIONS,FULL,B017,,Подготовка учителей русского языка и литературы,185,RURAL,81,91,86.0,2
2025,WESTERN_REGIONS,FULL,B017,,Подготовка учителей русского языка и литературы,302,GENERAL,117,125,121.0,2
2025,WESTERN_REGIONS,FULL,B018,,Подготовка учителей иностранного языка,7,GENERAL,114,122,118.2,5
2025,WESTERN_REGIONS,FULL,B018,,Подготовка учителей иностранного языка,7,RURAL,111,115,112.3,3
2025,WESTERN_REGIONS,FULL,B018,,Подготовка учителей иностранного языка,13,GENERAL,125,130,126.4,5
2025,WESTERN_REGIONS,FULL,B018,,Подготовка учителей иностранного языка,23,GENERAL,113,125,118.2,8
2025,WESTERN_REGIONS,FULL,B018,,Подготовка учителей иностранного языка,23,RURAL,117,117,117.0,1
2025,WESTERN_REGIONS,FULL,B018,,Подготовка учителей иностранного языка,25,GENERAL,115,123,120.3,6
2025,WESTERN_REGIONS,FULL,B018,,Подготовка учителей иностранного языка,25,RURAL,105,114,111.0,4
2025,WESTERN_REGIONS,FULL,B018,,Подготовка учителей иностранного языка,185,GENERAL,113,124,117.9,15
2025,WESTERN_REGIONS,FULL,B018,,Подготовка учителей иностранного языка,185,RURAL,107,115,112.0,6
2025,WESTERN_REGIONS,FULL,B018,,Подготовка учителей иностранного языка,302,GENERAL,131,133,132.3,3
2025,WESTERN_REGIONS,FULL,B019,,Подготовка социальных педагогов,7,GENERAL,78,87,82.5,4
2025,WESTERN_REGIONS,FULL,B019,,Подготовка социальных педагогов,16,GENERAL,76,76,76.0,1
2025,WESTERN_REGIONS,FULL,B019,,Подготовка социальных педагогов,302,GENERAL,75,75,75.0,1
2025,WESTERN_REGIONS,FULL,B020,,Специальная педагогика,7,GENERAL,88,116,100.7,7
2025,WESTERN_REGIONS,FULL,B020,,Специальная педагогика,7,RURAL,85,92,89.0,4
2025,WESTERN_REGIONS,FULL,B020,,Специальная педагогика,15,GENERAL,78,78,78.0,1
2025,WESTERN_REGIONS,FULL,B020,,Специальная педагогика,25,GENERAL,95,116,107.4,7
2025,WESTERN_REGIONS,FULL,B020,,Специальная педагогика,25,RURAL,92,92,92.0,1
2025,WESTERN_REGIONS,FULL,B031,,"Мода, дизайн",7,GENERAL,126,128,127.0,2
2025,WESTERN_REGIONS,FULL,B031,,"Мода, дизайн",13,GENERAL,122,129,124.7,7
2025,WESTERN_REGIONS,FULL,B031,,"Мода, дизайн",16,GENERAL,125,125,125.0,1
2025,WESTERN_REGIONS,FULL,B031,,"Мода, дизайн",22,GENERAL,123,126,124.2,5
2025,WESTERN_REGIONS,FULL,B031,,"Мода, дизайн",53,GENERAL,123,128,125.7,3
2025,WESTERN_REGIONS,FULL,B031,,"Мода, дизайн",182,GENERAL,121,127,124.0,4
2025,WESTERN_REGIONS,FULL,B031,,"Мода, дизайн",185,GENERAL,121,126,123.3,3
2025,WESTERN_REGIONS,FULL,B032,,Философия и этика,7,GENERAL,73,87,80.2,5
2025,WESTERN_REGIONS,FULL,B032,,Философия и этика,13,GENERAL,100,100,100.0,1
2025,WESTERN_REGIONS,FULL,B032,,Философия и этика,27,GENERAL,82,92,85.3,3
2025,WESTERN_REGIONS,FULL,B032,,Философия и этика,31,GENERAL,73,73,73.0,1
2025,WESTERN_REGIONS,FULL,B033,,Религия и теология,13,GENERAL,121,121,121.0,1
2025,WESTERN_REGIONS,FULL,B034,,История,7,GENERAL,93,93,93.0,1
2025,WESTERN_REGIONS,FULL,B034,,История,13,GENERAL,100,114,108.1,10
2025,WESTERN_REGIONS,FULL,B034,,История,27,GENERAL,93,115,99.6,7
2025,WESTERN_REGIONS,FULL,B034,,История,31,GENERAL,90,90,90.0,1
2025,WESTERN_REGIONS,FULL,B034,,История,185,GENERAL,98,98,98.0,1
2025,WESTERN_REGIONS,FULL,B035,,Тюркология,13,GENERAL,99,101,100.0,2
2025,WESTERN_REGIONS,FULL,B035,,Тюркология,27,GENERAL,80,104,87.9,8
2025,WESTERN_REGIONS,FULL,B036,,Переводческое дело,7,GENERAL,117,117,117.0,1
2025,WESTERN_REGIONS,FULL,B036,,Переводческое дело,13,GENERAL,113,124,119.9,10
2025,WESTERN_REGIONS,FULL,B036,,Переводческое дело,23,GENERAL,113,113,113.0,1
2025,WESTERN_REGIONS,FULL,B036,,Переводческое дело,27,GENERAL,111,112,111.5,2
2025,WESTERN_REGIONS,FULL,B036,,Переводческое дело,302,GENERAL,121,136,124.5,11
2025,WESTERN_REGIONS,FULL,B037,,Филология,13,GENERAL,119,126,123.0,3
2025,WESTERN_REGIONS,FULL,B037,,Филология,27,GENERAL,118,129,121.0,6
2025,WESTERN_REGIONS,FULL,B037,,Филология,302,GENERAL,121,121,121.0,1
2025,WESTERN_REGIONS,FULL,B038,,Социология,7,GENERAL,66,83,76.2,5
2025,WESTERN_REGIONS,FULL,B038,,Социология,16,GENERAL,61,87,67.7,7
2025,WESTERN_REGIONS,FULL,B038,,Социология,21,GENERAL,107,107,107.0,1
2025,WESTERN_REGIONS,FULL,B038,,Социология,27,GENERAL,93,93,93.0,1
2025,WESTERN_REGIONS,FULL,B039,,Культурология,7,GENERAL,89,111,98.2,5
2025,WESTERN_REGIONS,FULL,B039,,Культурология,13,GENERAL,98,110,105.0,8
2025,WESTERN_REGIONS,FULL,B039,,Культурология,27,GENERAL,90,96,93.3,3
2025,WESTERN_REGIONS,FULL,B039,,Культурология,38,GENERAL,99,99,99.0,1
2025,WESTERN_REGIONS,FULL,B040,,Политология,7,GENERAL,84,111,97.5,6
2025,WESTERN_REGIONS,FULL,B040,,Политология,11,GENERAL,85,85,85.0,1
2025,WESTERN_REGIONS,FULL,B040,,Политология,13,GENERAL,113,122,118.2,5
2025,WESTERN_REGIONS,FULL,B040,,Политология,16,GENERAL,90,116,103.3,3
2025,WESTERN_REGIONS,FULL,B040,,Политология,21,GENERAL,91,118,109.0,4
2025,WESTERN_REGIONS,FULL,B040,,Политология,27,GENERAL,86,110,101.0,3
2025,WESTERN_REGIONS,FULL,B040,,Политология,31,GENERAL,82,100,91.6,5
2025,WESTERN_REGIONS,FULL,B040,,Политология,38,GENERAL,93,93,93.0,1
2025,WESTERN_REGIONS,FULL,B040,,Политология,93,GENERAL,84,98,90.3,6
2025,WESTERN_REGIONS,FULL,B041,,Психология,7,GENERAL,97,97,97.0,1
2025,WESTERN_REGIONS,FULL,B041,,Психология,13,GENERAL,101,118,109.5,4
2025,WESTERN_REGIONS,FULL,B041,,Психология,21,GENERAL,101,118,107.8,4
2025,WESTERN_REGIONS,FULL,B041,,Психология,25,GENERAL,100,100,100.0,1
2025,WESTERN_REGIONS,FULL,B041,,Психология,27,GENERAL,105,108,106.3,3
2025,WESTERN_REGIONS,FULL,B041,,Психология,31,GENERAL,89,89,89.0,1
2025,WESTERN_REGIONS,FULL,B041,,Психология,185,GENERAL,88,101,95.7,3
2025,WESTERN_REGIONS,FULL,B042,,Журналистика и репортерское дело,13,GENERAL,124,127,125.7,3
2025,WESTERN_REGIONS,FULL,B042,,Журналистика и репортерское дело,27,GENERAL,115,126,119.8,15
2025,WESTERN_REGIONS,FULL,B042,,Журналистика и репортерское дело,27,RURAL,116,119,117.5,2
2025,WESTERN_REGIONS,FULL,B042,,Журналистика и репортерское дело,69,GENERAL,121,121,121.0,1
2025,WESTERN_REGIONS,FULL,B042,,Журналистика и репортерское дело,302,GENERAL,128,128,128.0,1
2025,WESTERN_REGIONS,FULL,B043,,"Библиотечное дело, обработка информации и архивное дело",16,GENERAL,103,103,103.0,1
2025,WESTERN_REGIONS,FULL,B043,,"Библиотечное дело, обработка информации и архивное дело",16,RURAL,77,96,87.0,4
2025,WESTERN_REGIONS,FULL,B043,,"Библиотечное дело, обработка информации и архивное дело",25,GENERAL,85,112,100.1,7
2025,WESTERN_REGIONS,FULL,B043,,"Библиотечное дело, обработка информации и архивное дело",25,RURAL,92,92,92.0,1
2025,WESTERN_REGIONS,FULL,B043,,"Библиотечное дело, обработка информации и архивное дело",27,GENERAL,100,111,105.4,5
2025,WESTERN_REGIONS,FULL,B043,,"Библиотечное дело, обработка информации и архивное дело",27,RURAL,94,94,94.0,1
2025,WESTERN_REGIONS,FULL,B044,,Менеджмент и управление,13,GENERAL,105,119,112.8,8
2025,WESTERN_REGIONS,FULL,B044,,Менеджмент и управление,21,GENERAL,110,124,116.9,7
2025,WESTERN_REGIONS,FULL,B044,,Менеджмент и управление,21,RURAL,83,100,91.3,3
2025,WESTERN_REGIONS,FULL,B044,,Менеджмент и управление,27,GENERAL,114,114,114.0,1
2025,WESTERN_REGIONS,FULL,B044,,Менеджмент и управление,29,GENERAL,113,113,113.0,1
2025,WESTERN_REGIONS,FULL,B044,,Менеджмент и управление,31,GENERAL,106,106,106.0,1
2025,WESTERN_REGIONS,FULL,B044,,Менеджмент и управление,69,RURAL,86,86,86.0,1
2025,WESTERN_REGIONS,FULL,B044,,Менеджмент и управление,83,RURAL,89,91,90.0,2
2025,WESTERN_REGIONS,FULL,B044,,Менеджмент и управление,93,RURAL,87,87,87.0,1
2025,WESTERN_REGIONS,FULL,B044,,Менеджмент и управление,184,RURAL,87,87,87.0,1
2025,WESTERN_REGIONS,FULL,B044,,Менеджмент и управление,185,RURAL,93,93,93.0,1
2025,WESTERN_REGIONS,FULL,B044,,Менеджмент и управление,302,GENERAL,114,132,121.0,7
2025,WESTERN_REGIONS,FULL,B044,,Менеджмент и управление,421,GENERAL,117,132,125.2,5
2025,WESTERN_REGIONS,FULL,B044,,Менеджмент и управление,522,GENERAL,99,116,107.5,2
2025,WESTERN_REGIONS,FULL,B045,,Аудит и налогообложение,7,GENERAL,95,95,95.0,1
2025,WESTERN_REGIONS,FULL,B045,,Аудит и налогообложение,7,RURAL,88,88,88.0,1
2025,WESTERN_REGIONS,FULL,B045,,Аудит и налогообложение,13,GENERAL,101,126,109.8,9
2025,WESTERN_REGIONS,FULL,B045,,Аудит и налогообложение,13,RURAL,101,101,101.0,1
2025,WESTERN_REGIONS,FULL,B045,,Аудит и налогообложение,21,GENERAL,114,130,120.3,3
2025,WESTERN_REGIONS,FULL,B045,,Аудит и налогообложение,22,RURAL,79,79,79.0,1
2025,WESTERN_REGIONS,FULL,B045,,Аудит и налогообложение,27,GENERAL,91,103,95.4,7
2025,WESTERN_REGIONS,FULL,B045,,Аудит и налогообложение,27,RURAL,84,84,84.0,1
2025,WESTERN_REGIONS,FULL,B045,,Аудит и налогообложение,35,RURAL,78,78,78.0,1
2025,WESTERN_REGIONS,FULL,B045,,Аудит и налогообложение,69,GENERAL,94,97,95.5,2
2025,WESTERN_REGIONS,FULL,B045,,Аудит и налогообложение,83,GENERAL,96,110,101.3,3
2025,WESTERN_REGIONS,FULL,B045,,Аудит и налогообложение,93,GENERAL,91,91,91.0,1
2025,WESTERN_REGIONS,FULL,B045,,Аудит и налогообложение,182,GENERAL,94,94,94.0,1
2025,WESTERN_REGIONS,FULL,B045,,Аудит и налогообложение,182,RURAL,80,80,80.0,1
2025,WESTERN_REGIONS,FULL,B045,,Аудит и налогообложение,184,RURAL,77,94,83.0,3
2025,WESTERN_REGIONS,FULL,B045,,Аудит и налогообложение,302,GENERAL,112,112,112.0,1
2025,WESTERN_REGIONS,FULL,B046,,"Финансы, экономика, банковское и страховое дело",13,GENERAL,111,120,114.4,9
2025,WESTERN_REGIONS,FULL,B046,,"Финансы, экономика, банковское и страховое дело",21,GENERAL,103,119,110.4,8
2025,WESTERN_REGIONS,FULL,B046,,"Финансы, экономика, банковское и страховое дело",22,GENERAL,113,113,113.0,1
2025,WESTERN_REGIONS,FULL,B046,,"Финансы, экономика, банковское и страховое дело",27,GENERAL,98,110,105.7,3
2025,WESTERN_REGIONS,FULL,B046,,"Финансы, экономика, банковское и страховое дело",69,GENERAL,114,114,114.0,1
2025,WESTERN_REGIONS,FULL,B046,,"Финансы, экономика, банковское и страховое дело",83,GENERAL,102,107,104.5,2
2025,WESTERN_REGIONS,FULL,B046,,"Финансы, экономика, банковское и страховое дело",185,GENERAL,99,120,108.0,8
2025,WESTERN_REGIONS,FULL,B046,,"Финансы, экономика, банковское и страховое дело",302,GENERAL,108,128,117.0,9
2025,WESTERN_REGIONS,FULL,B046,,"Финансы, экономика, банковское и страховое дело",421,GENERAL,116,131,124.2,4
2025,WESTERN_REGIONS,FULL,B047,,Маркетинг и реклама,19,GENERAL,99,99,99.0,1
2025,WESTERN_REGIONS,FULL,B047,,Маркетинг и реклама,21,GENERAL,101,114,107.2,4
2025,WESTERN_REGIONS,FULL,B047,,Маркетинг и реклама,27,GENERAL,89,99,93.3,6
2025,WESTERN_REGIONS,FULL,B047,,Маркетинг и реклама,32,GENERAL,89,89,89.0,1
2025,WESTERN_REGIONS,FULL,B047,,Маркетинг и реклама,69,GENERAL,90,90,90.0,1
2025,WESTERN_REGIONS,FULL,B047,,Маркетинг и реклама,83,GENERAL,87,97,90.8,4
2025,WESTERN_REGIONS,FULL,B047,,Маркетинг и реклама,93,GENERAL,83,83,83.0,1
2025,WESTERN_REGIONS,FULL,B047,,Маркетинг и реклама,185,GENERAL,81,108,95.1,7
2025,WESTERN_REGIONS,FULL,B047,,Маркетинг и реклама,302,GENERAL,106,106,106.0,1
2025,WESTERN_REGIONS,FULL,B047,,Маркетинг и реклама,421,GENERAL,119,119,119.0,1
2025,WESTERN_REGIONS,FULL,B048,,Трудовые навыки,21,GENERAL,108,111,109.5,2
2025,WESTERN_REGIONS,FULL,B049,,Право,13,GENERAL,96,129,109.2,30
2025,WESTERN_REGIONS,FULL,B049,,Право,27,GENERAL,90,122,103.6,25
2025,WESTERN_REGIONS,FULL,B049,,Право,40,GENERAL,90,102,93.5,4
2025,WESTERN_REGIONS,FULL,B049,,Право,83,GENERAL,89,97,91.7,7
2025,WESTERN_REGIONS,FULL,B049,,Право,93,GENERAL,89,111,97.4,7
2025,WESTERN_REGIONS,FULL,B049,,Право,184,GENERAL,87,99,90.6,9
2025,WESTERN_REGIONS,FULL,B049,,Право,302,GENERAL,102,110,107.0,4
2025,WESTERN_REGIONS,FULL,B050,,Биологические и смежные науки,13,GENERAL,110,112,111.0,2
2025,WESTERN_REGIONS,FULL,B050,,Биологические и смежные науки,27,GENERAL,90,133,98.1,15
2025,WESTERN_REGIONS,FULL,B050,,Биологические и смежные науки,29,GENERAL,132,132,132.0,1
2025,WESTERN_REGIONS,FULL,B050,,Биологические и смежные науки,32,GENERAL,91,101,96.0,2
2025,WESTERN_REGIONS,FULL,B050,,Биологические и смежные науки,53,GENERAL,111,111,111.0,1
2025,WESTERN_REGIONS,FULL,B050,,Биологические и смежные науки,185,GENERAL,92,96,94.0,2
2025,WESTERN_REGIONS,FULL,B051,,Окружающая среда,13,GENERAL,107,107,107.0,1
2025,WESTERN_REGIONS,FULL,B051,,Окружающая среда,21,GENERAL,90,92,91.0,2
2025,WESTERN_REGIONS,FULL,B051,,Окружающая среда,21,RURAL,81,81,81.0,1
2025,WESTERN_REGIONS,FULL,B051,,Окружающая среда,24,GENERAL,92,92,92.0,1
2025,WESTERN_REGIONS,FULL,B051,,Окружающая среда,27,GENERAL,88,92,90.0,3
2025,WESTERN_REGIONS,FULL,B051,,Окружающая среда,27,RURAL,75,77,76.0,2
2025,WESTERN_REGIONS,FULL,B051,,Окружающая среда,29,GENERAL,91,91,91.0,1
2025,WESTERN_REGIONS,FULL,B051,,Окружающая среда,53,RURAL,74,74,74.0,1
2025,WESTERN_REGIONS,FULL,B051,,Окружающая среда,182,GENERAL,86,93,89.5,2
2025,WESTERN_REGIONS,FULL,B051,,Окружающая среда,182,RURAL,73,74,73.5,2
2025,WESTERN_REGIONS,FULL,B051,,Окружающая среда,185,GENERAL,90,90,90.0,1
2025,WESTERN_REGIONS,FULL,B052,,Наука о земле,27,GENERAL,85,89,87.0,2
2025,WESTERN_REGIONS,FULL,B052,,Наука о земле,29,GENERAL,83,97,90.0,2
2025,WESTERN_REGIONS,FULL,B052,,Наука о земле,31,GENERAL,89,89,89.0,1
2025,WESTERN_REGIONS,FULL,B052,,Наука о земле,185,GENERAL,83,105,91.1,17
2025,WESTERN_REGIONS,FULL,B053,,Химия,7,GENERAL,90,93,91.3,3
2025,WESTERN_REGIONS,FULL,B053,,Химия,13,GENERAL,96,117,103.4,8
2025,WESTERN_REGIONS,FULL,B053,,Химия,27,GENERAL,88,98,91.7,6
2025,WESTERN_REGIONS,FULL,B054,,Физика,7,GENERAL,81,81,81.0,1
2025,WESTERN_REGIONS,FULL,B054,,Физика,13,GENERAL,97,104,100.0,5
2025,WESTERN_REGIONS,FULL,B054,,Физика,25,GENERAL,96,98,97.0,2
2025,WESTERN_REGIONS,FULL,B054,,Физика,27,GENERAL,78,125,91.9,9
2025,WESTERN_REGIONS,FULL,B055,,Математика и статистика,13,GENERAL,105,126,116.3,7
2025,WESTERN_REGIONS,FULL,B055,,Математика и статистика,21,GENERAL,113,121,116.3,3
2025,WESTERN_REGIONS,FULL,B055,,Математика и статистика,27,GENERAL,108,111,109.5,2
2025,WESTERN_REGIONS,FULL,B055,,Математика и статистика,302,GENERAL,120,137,125.2,5
2025,WESTERN_REGIONS,FULL,B056,,Механика,13,GENERAL,104,104,104.0,1
2025,WESTERN_REGIONS,FULL,B056,,Механика,27,GENERAL,67,79,72.5,4
2025,WESTERN_REGIONS,FULL,B056,,Механика,38,GENERAL,50,50,50.0,1
2025,WESTERN_REGIONS,FULL,B057,,Информационные технологии,7,GENERAL,67,87,73.0,8
2025,WESTERN_REGIONS,FULL,B057,,Информационные технологии,13,GENERAL,110,123,116.0,3
2025,WESTERN_REGIONS,FULL,B057,,Информационные технологии,16,GENERAL,52,78,58.5,11
2025,WESTERN_REGIONS,FULL,B057,,Информационные технологии,19,GENERAL,50,86,60.1,63
2025,WESTERN_REGIONS,FULL,B057,,Информационные технологии,21,GENERAL,105,115,108.6,11
2025,WESTERN_REGIONS,FULL,B057,,Информационные технологии,27,GENERAL,90,102,95.4,7
2025,WESTERN_REGIONS,FULL,B057,,Информационные технологии,29,GENERAL,75,106,83.4,33
2025,WESTERN_REGIONS,FULL,B057,,Информационные технологии,31,GENERAL,72,72,72.0,1
2025,WESTERN_REGIONS,FULL,B057,,Информационные технологии,32,GENERAL,57,73,62.0,5
2025,WESTERN_REGIONS,FULL,B057,,Информационные технологии,33,GENERAL,50,65,58.5,6
2025,WESTERN_REGIONS,FULL,B057,,Информационные технологии,35,GENERAL,53,53,53.0,1
2025,WESTERN_REGIONS,FULL,B057,,Информационные технологии,36,GENERAL,55,55,55.0,1
2025,WESTERN_REGIONS,FULL,B057,,Информационные технологии,40,GENERAL,65,65,65.0,1
2025,WESTERN_REGIONS,FULL,B057,,Информационные технологии,42,GENERAL,61,61,61.0,1
2025,WESTERN_REGIONS,FULL,B057,,Информационные технологии,53,GENERAL,51,79,62.3,26
2025,WESTERN_REGIONS,FULL,B057,,Информационные технологии,57,GENERAL,70,102,79.3,10
2025,WESTERN_REGIONS,FULL,B057,,Информационные технологии,69,GENERAL,57,69,63.1,7
2025,WESTERN_REGIONS,FULL,B057,,Информационные технологии,83,GENERAL,78,89,81.5,4
2025,WESTERN_REGIONS,FULL,B057,,Информационные технологии,93,GENERAL,51,94,63.1,15
2025,WESTERN_REGIONS,FULL,B057,,Информационные технологии,122,GENERAL,55,67,61.0,2
2025,WESTERN_REGIONS,FULL,B057,,Информационные технологии,182,GENERAL,50,92,62.4,32
2025,WESTERN_REGIONS,FULL,B057,,Информационные технологии,184,GENERAL,56,79,66.1,26
2025,WESTERN_REGIONS,FULL,B057,,Информационные технологии,185,GENERAL,81,105,90.4,25
2025,WESTERN_REGIONS,FULL,B057,,Информационные технологии,190,GENERAL,90,109,97.4,32
2025,WESTERN_REGIONS,FULL,B057,,Информационные технологии,302,GENERAL,121,137,127.1,11
2025,WESTERN_REGIONS,FULL,B057,,Информационные технологии,421,GENERAL,110,132,116.5,20
2025,WESTERN_REGIONS,FULL,B057,,Информационные технологии,421,RURAL,117,121,119.0,2
2025,WESTERN_REGIONS,FULL,B057,,Информационные технологии,522,GENERAL,80,126,101.1,78
2025,WESTERN_REGIONS,FULL,B058,,Информационная безопасность,21,GENERAL,100,104,101.8,5
2025,WESTERN_REGIONS,FULL,B058,,Информационная безопасность,29,GENERAL,86,101,93.2,4
2025,WESTERN_REGIONS,FULL,B058,,Информационная безопасность,32,GENERAL,61,67,63.7,3
2025,WESTERN_REGIONS,FULL,B058,,Информационная безопасность,57,GENERAL,71,84,76.1,16
2025,WESTERN_REGIONS,FULL,B058,,Информационная безопасность,190,GENERAL,90,108,98.3,3
2025,WESTERN_REGIONS,FULL,B058,,Информационная безопасность,522,GENERAL,85,131,98.1,21
2025,WESTERN_REGIONS,FULL,B059,,Коммуникации и коммуникационные технологии,13,GENERAL,95,101,98.0,4
2025,WESTERN_REGIONS,FULL,B059,,Коммуникации и коммуникационные технологии,19,GENERAL,50,67,56.8,23
2025,WESTERN_REGIONS,FULL,B059,,Коммуникации и коммуникационные технологии,22,GENERAL,50,73,58.3,25
2025,WESTERN_REGIONS,FULL,B059,,Коммуникации и коммуникационные технологии,22,RURAL,70,72,71.0,2
2025,WESTERN_REGIONS,FULL,B059,,Коммуникации и коммуникационные технологии,27,GENERAL,72,73,72.5,2
2025,WESTERN_REGIONS,FULL,B059,,Коммуникации и коммуникационные технологии,32,GENERAL,50,59,54.0,3
2025,WESTERN_REGIONS,FULL,B059,,Коммуникации и коммуникационные технологии,57,GENERAL,52,92,61.0,16
2025,WESTERN_REGIONS,FULL,B059,,Коммуникации и коммуникационные технологии,57,RURAL,60,60,60.0,1
2025,WESTERN_REGIONS,FULL,B059,,Коммуникации и коммуникационные технологии,93,GENERAL,50,50,50.0,1
2025,WESTERN_REGIONS,FULL,B059,,Коммуникации и коммуникационные технологии,190,GENERAL,81,81,81.0,1
2025,WESTERN_REGIONS,FULL,B059,,Коммуникации и коммуникационные технологии,190,RURAL,78,83,80.5,2
2025,WESTERN_REGIONS,FULL,B059,,Коммуникации и коммуникационные технологии,522,GENERAL,70,128,101.6,7
2025,WESTERN_REGIONS,FULL,B060,,Химическая инженерия и процессы,27,GENERAL,71,110,90.5,2
2025,WESTERN_REGIONS,FULL,B060,,Химическая инженерия и процессы,53,GENERAL,53,53,53.0,1
2025,WESTERN_REGIONS,FULL,B060,,Химическая инженерия и процессы,182,GENERAL,56,69,62.5,2
2025,WESTERN_REGIONS,FULL,B060,,Химическая инженерия и процессы,421,GENERAL,89,133,114.4,9
2025,WESTERN_REGIONS,FULL,B062,,Электротехника и электроэнергетика,13,GENERAL,95,120,102.5,10
2025,WESTERN_REGIONS,FULL,B062,,Электротехника и электроэнергетика,19,GENERAL,64,71,67.0,3
2025,WESTERN_REGIONS,FULL,B062,,Электротехника и электроэнергетика,19,RURAL,57,59,58.0,4
2025,WESTERN_REGIONS,FULL,B062,,Электротехника и электроэнергетика,29,GENERAL,65,120,75.9,11
2025,WESTERN_REGIONS,FULL,B062,,Электротехника и электроэнергетика,29,RURAL,80,80,80.0,1
2025,WESTERN_REGIONS,FULL,B062,,Электротехника и электроэнергетика,32,GENERAL,68,68,68.0,1
2025,WESTERN_REGIONS,FULL,B062,,Электротехника и электроэнергетика,32,RURAL,60,60,60.0,1
2025,WESTERN_REGIONS,FULL,B062,,Электротехника и электроэнергетика,33,RURAL,59,59,59.0,1
2025,WESTERN_REGIONS,FULL,B062,,Электротехника и электроэнергетика,53,RURAL,58,62,60.0,2
2025,WESTERN_REGIONS,FULL,B062,,Электротехника и электроэнергетика,57,GENERAL,63,97,73.9,18
2025,WESTERN_REGIONS,FULL,B062,,Электротехника и электроэнергетика,57,RURAL,56,71,60.7,11
2025,WESTERN_REGIONS,FULL,B063,,Электротехника и автоматизация,13,GENERAL,104,111,108.0,3
2025,WESTERN_REGIONS,FULL,B063,,Электротехника и автоматизация,19,GENERAL,78,78,78.0,1
2025,WESTERN_REGIONS,FULL,B063,,Электротехника и автоматизация,27,GENERAL,73,109,88.4,8
2025,WESTERN_REGIONS,FULL,B063,,Электротехника и автоматизация,29,GENERAL,74,115,86.8,16
2025,WESTERN_REGIONS,FULL,B063,,Электротехника и автоматизация,57,GENERAL,78,115,92.7,9
2025,WESTERN_REGIONS,FULL,B063,,Электротехника и автоматизация,182,GENERAL,74,88,81.1,7
2025,WESTERN_REGIONS,FULL,B063,,Электротехника и автоматизация,421,GENERAL,110,128,118.7,30
2025,WESTERN_REGIONS,FULL,B063,,Электротехника и автоматизация,522,GENERAL,75,113,90.2,19
2025,WESTERN_REGIONS,FULL,B064,,Механика и металлообработка,19,GENERAL,51,68,57.6,9
2025,WESTERN_REGIONS,FULL,B064,,Механика и металлообработка,29,GENERAL,66,73,70.7,3
2025,WESTERN_REGIONS,FULL,B064,,Механика и металлообработка,33,GENERAL,51,51,51.0,2
2025,WESTERN_REGIONS,FULL,B064,,Механика и металлообработка,35,GENERAL,57,57,57.0,1
2025,WESTERN_REGIONS,FULL,B064,,Механика и металлообработка,53,GENERAL,51,57,54.7,3
2025,WESTERN_REGIONS,FULL,B064,,Механика и металлообработка,57,GENERAL,53,63,58.7,6
2025,WESTERN_REGIONS,FULL,B064,,Механика и металлообработка,182,GENERAL,51,77,58.4,11
2025,WESTERN_REGIONS,FULL,B065,,Транспортная техника и технологии,13,GENERAL,95,95,95.0,1
2025,WESTERN_REGIONS,FULL,B065,,Транспортная техника и технологии,19,GENERAL,51,71,57.6,16
2025,WESTERN_REGIONS,FULL,B065,,Транспортная техника и технологии,19,RURAL,50,56,53.7,3
2025,WESTERN_REGIONS,FULL,B065,,Транспортная техника и технологии,29,GENERAL,65,65,65.0,1
2025,WESTERN_REGIONS,FULL,B065,,Транспортная техника и технологии,32,GENERAL,52,56,54.0,3
2025,WESTERN_REGIONS,FULL,B065,,Транспортная техника и технологии,35,GENERAL,53,53,53.0,1
2025,WESTERN_REGIONS,FULL,B065,,Транспортная техника и технологии,38,GENERAL,54,54,54.0,1
2025,WESTERN_REGIONS,FULL,B065,,Транспортная техника и технологии,57,GENERAL,51,72,59.0,7
2025,WESTERN_REGIONS,FULL,B066,,Морской транспорт и технологии,421,GENERAL,70,94,81.7,9
2025,WESTERN_REGIONS,FULL,B067,,Воздушный транспорт и технологии,13,GENERAL,98,122,110.7,3
2025,WESTERN_REGIONS,FULL,B067,,Воздушный транспорт и технологии,27,GENERAL,119,119,119.0,1
2025,WESTERN_REGIONS,FULL,B067,,Воздушный транспорт и технологии,157,GENERAL,72,104,82.2,6
2025,WESTERN_REGIONS,FULL,B068,,Производство продуктов питания,11,GENERAL,60,63,61.5,2
2025,WESTERN_REGIONS,FULL,B068,,Производство продуктов питания,24,GENERAL,65,69,67.7,3
2025,WESTERN_REGIONS,FULL,B068,,Производство продуктов питания,27,GENERAL,70,76,73.2,4
2025,WESTERN_REGIONS,FULL,B068,,Производство продуктов питания,33,GENERAL,63,71,67.0,2
2025,WESTERN_REGIONS,FULL,B068,,Производство продуктов питания,35,GENERAL,61,64,62.5,2
2025,WESTERN_REGIONS,FULL,B068,,Производство продуктов питания,35,RURAL,56,57,56.7,3
2025,WESTERN_REGIONS,FULL,B068,,Производство продуктов питания,36,RURAL,58,58,58.0,1
2025,WESTERN_REGIONS,FULL,B068,,Производство продуктов питания,40,GENERAL,64,64,64.0,1
2025,WESTERN_REGIONS,FULL,B068,,Производство продуктов питания,42,GENERAL,64,64,64.0,1
2025,WESTERN_REGIONS,FULL,B068,,Производство продуктов питания,53,GENERAL,60,79,65.0,22
2025,WESTERN_REGIONS,FULL,B068,,Производство продуктов питания,53,RURAL,56,66,58.1,7
2025,WESTERN_REGIONS,FULL,B068,,Производство продуктов питания,122,GENERAL,62,69,65.5,6
2025,WESTERN_REGIONS,FULL,B068,,Производство продуктов питания,122,RURAL,59,66,62.5,2
2025,WESTERN_REGIONS,FULL,B068,,Производство продуктов питания,182,GENERAL,59,87,69.1,10
2025,WESTERN_REGIONS,FULL,B068,,Производство продуктов питания,182,RURAL,56,58,57.0,2
2025,WESTERN_REGIONS,FULL,B069,,"Производство материалов (стекло, бумага, пластик, дерево)",22,GENERAL,50,54,52.0,3
2025,WESTERN_REGIONS,FULL,B070,,"Текстиль: одежда, обувь и кожаные изделия",53,GENERAL,51,64,56.4,5
2025,WESTERN_REGIONS,FULL,B070,,"Текстиль: одежда, обувь и кожаные изделия",182,GENERAL,55,55,55.0,1
2025,WESTERN_REGIONS,FULL,B071,,Горное дело и добыча полезных ископаемых,29,GENERAL,70,98,78.3,11
2025,WESTERN_REGIONS,FULL,B071,,Горное дело и добыча полезных ископаемых,182,GENERAL,69,73,71.0,2
2025,WESTERN_REGIONS,FULL,B071,,Горное дело и добыча полезных ископаемых,421,GENERAL,75,136,98.8,33
2025,WESTERN_REGIONS,FULL,B072,,Технология фармацевтического производства,26,GENERAL,75,116,85.2,13
2025,WESTERN_REGIONS,FULL,B072,,Технология фармацевтического производства,27,GENERAL,80,93,86.7,3
2025,WESTERN_REGIONS,FULL,B072,,Технология фармацевтического производства,29,GENERAL,73,75,73.9,7
2025,WESTERN_REGIONS,FULL,B072,,Технология фармацевтического производства,30,GENERAL,76,83,78.0,8
2025,WESTERN_REGIONS,FULL,B072,,Технология фармацевтического производства,31,GENERAL,66,75,70.8,10
2025,WESTERN_REGIONS,FULL,B072,,Технология фармацевтического производства,33,GENERAL,60,85,64.5,23
2025,WESTERN_REGIONS,FULL,B072,,Технология фармацевтического производства,53,GENERAL,60,79,65.8,52
2025,WESTERN_REGIONS,FULL,B073,,Архитектура,13,GENERAL,125,126,125.3,7
2025,WESTERN_REGIONS,FULL,B073,,Архитектура,19,GENERAL,99,118,110.7,3
2025,WESTERN_REGIONS,FULL,B073,,Архитектура,22,GENERAL,100,127,115.5,51
2025,WESTERN_REGIONS,FULL,B073,,Архитектура,29,GENERAL,89,126,109.6,7
2025,WESTERN_REGIONS,FULL,B074,,"Градостроительство, строительные работы и гражданское строительство",13,GENERAL,102,123,112.0,11
2025,WESTERN_REGIONS,FULL,B074,,"Градостроительство, строительные работы и гражданское строительство",22,GENERAL,81,112,89.4,14
2025,WESTERN_REGIONS,FULL,B074,,"Градостроительство, строительные работы и гражданское строительство",29,GENERAL,84,110,95.2,5
2025,WESTERN_REGIONS,FULL,B075,,Кадастр и землеустройство,12,GENERAL,65,65,65.0,1
2025,WESTERN_REGIONS,FULL,B075,,Кадастр и землеустройство,19,GENERAL,65,75,70.0,5
2025,WESTERN_REGIONS,FULL,B075,,Кадастр и землеустройство,19,RURAL,52,65,57.2,8
2025,WESTERN_REGIONS,FULL,B075,,Кадастр и землеустройство,22,GENERAL,70,97,83.4,8
2025,WESTERN_REGIONS,FULL,B075,,Кадастр и землеустройство,22,RURAL,62,90,71.7,3
2025,WESTERN_REGIONS,FULL,B075,,Кадастр и землеустройство,24,GENERAL,67,78,72.0,3
2025,WESTERN_REGIONS,FULL,B075,,Кадастр и землеустройство,27,GENERAL,103,115,109.0,2
2025,WESTERN_REGIONS,FULL,B075,,Кадастр и землеустройство,29,GENERAL,75,98,88.0,11
2025,WESTERN_REGIONS,FULL,B075,,Кадастр и землеустройство,29,RURAL,92,92,92.0,1
2025,WESTERN_REGIONS,FULL,B075,,Кадастр и землеустройство,32,GENERAL,66,86,72.7,3
2025,WESTERN_REGIONS,FULL,B075,,Кадастр и землеустройство,32,RURAL,53,54,53.7,3
2025,WESTERN_REGIONS,FULL,B076,,"Стандартизация, сертификация и метрология (по отраслям)",27,GENERAL,79,86,82.5,2
2025,WESTERN_REGIONS,FULL,B076,,"Стандартизация, сертификация и метрология (по отраслям)",29,GENERAL,67,74,70.2,4
2025,WESTERN_REGIONS,FULL,B076,,"Стандартизация, сертификация и метрология (по отраслям)",53,GENERAL,59,69,64.0,4
2025,WESTERN_REGIONS,FULL,B076,,"Стандартизация, сертификация и метрология (по отраслям)",182,GENERAL,59,76,65.2,8
2025,WESTERN_REGIONS,FULL,B077,,Растениеводство,24,GENERAL,55,69,60.3,3
2025,WESTERN_REGIONS,FULL,B077,,Растениеводство,24,RURAL,55,55,55.0,1
2025,WESTERN_REGIONS,FULL,B077,,Растениеводство,35,RURAL,53,53,53.0,1
2025,WESTERN_REGIONS,FULL,B077,,Растениеводство,40,GENERAL,58,58,58.0,1
2025,WESTERN_REGIONS,FULL,B078,,Животноводство,24,GENERAL,54,54,54.0,1
2025,WESTERN_REGIONS,FULL,B078,,Животноводство,35,GENERAL,58,58,58.0,1
2025,WESTERN_REGIONS,FULL,B078,,Животноводство,35,RURAL,53,53,53.0,1
2025,WESTERN_REGIONS,FULL,B078,,Животноводство,40,GENERAL,59,59,59.0,1
2025,WESTERN_REGIONS,FULL,B079,,Лесное хозяйство,24,GENERAL,66,72,67.8,5
2025,WESTERN_REGIONS,FULL,B079,,Лесное хозяйство,24,RURAL,60,65,62.5,4
2025,WESTERN_REGIONS,FULL,B079,,Лесное хозяйство,35,GENERAL,68,68,68.0,1
2025,WESTERN_REGIONS,FULL,B079,,Лесное хозяйство,35,RURAL,60,60,60.0,1
2025,WESTERN_REGIONS,FULL,B079,,Лесное хозяйство,40,RURAL,63,63,63.0,2
2025,WESTERN_REGIONS,FULL,B079,,Лесное хозяйство,42,GENERAL,68,68,68.0,1
2025,WESTERN_REGIONS,FULL,B082,,Водные ресурсы и водопользования,29,GENERAL,59,72,64.3,3
2025,WESTERN_REGIONS,FULL,B082,,Водные ресурсы и водопользования,29,RURAL,53,58,55.5,2
2025,WESTERN_REGIONS,FULL,B090,,Социальная работа,21,GENERAL,72,76,74.0,4
2025,WESTERN_REGIONS,FULL,B090,,Социальная работа,25,GENERAL,94,94,94.0,1
2025,WESTERN_REGIONS,FULL,B090,,Социальная работа,27,GENERAL,82,82,82.0,1
2025,WESTERN_REGIONS,FULL,B090,,Социальная работа,31,RURAL,67,72,69.0,3
2025,WESTERN_REGIONS,FULL,B090,,Социальная работа,122,RURAL,71,71,71.0,1
2025,WESTERN_REGIONS,FULL,B091,,Туризм,13,GENERAL,117,117,117.0,1
2025,WESTERN_REGIONS,FULL,B091,,Туризм,21,GENERAL,114,125,118.4,5
2025,WESTERN_REGIONS,FULL,B091,,Туризм,21,RURAL,100,100,100.0,1
2025,WESTERN_REGIONS,FULL,B091,,Туризм,22,RURAL,92,92,92.0,1
2025,WESTERN_REGIONS,FULL,B091,,Туризм,27,GENERAL,117,117,117.0,1
2025,WESTERN_REGIONS,FULL,B091,,Туризм,27,RURAL,107,107,107.0,1
2025,WESTERN_REGIONS,FULL,B091,,Туризм,83,GENERAL,120,120,120.0,1
2025,WESTERN_REGIONS,FULL,B091,,Туризм,93,RURAL,84,84,84.0,1
2025,WESTERN_REGIONS,FULL,B092,,Досуг,16,GENERAL,97,126,111.5,2
2025,WESTERN_REGIONS,FULL,B093,,Ресторанное дело и гостиничный бизнес,13,GENERAL,116,120,118.0,3
2025,WESTERN_REGIONS,FULL,B093,,Ресторанное дело и гостиничный бизнес,21,GENERAL,103,121,110.2,4
2025,WESTERN_REGIONS,FULL,B093,,Ресторанное дело и гостиничный бизнес,23,RURAL,86,86,86.0,1
2025,WESTERN_REGIONS,FULL,B093,,Ресторанное дело и гостиничный бизнес,27,GENERAL,104,108,106.0,2
2025,WESTERN_REGIONS,FULL,B093,,Ресторанное дело и гостиничный бизнес,27,RURAL,102,102,102.0,1
2025,WESTERN_REGIONS,FULL,B093,,Ресторанное дело и гостиничный бизнес,93,RURAL,82,82,82.0,1
2025,WESTERN_REGIONS,FULL,B093,,Ресторанное дело и гостиничный бизнес,182,GENERAL,108,108,108.0,1
2025,WESTERN_REGIONS,FULL,B093,,Ресторанное дело и гостиничный бизнес,184,RURAL,79,79,79.0,1
2025,WESTERN_REGIONS,FULL,B094,,Санитарно-профилактические мероприятия,12,RURAL,54,54,54.0,1
2025,WESTERN_REGIONS,FULL,B094,,Санитарно-профилактические мероприятия,19,RURAL,53,53,53.0,1
2025,WESTERN_REGIONS,FULL,B094,,Санитарно-профилактические мероприятия,27,GENERAL,66,66,66.0,1
2025,WESTERN_REGIONS,FULL,B094,,Санитарно-профилактические мероприятия,32,RURAL,50,53,51.5,2
2025,WESTERN_REGIONS,FULL,B094,,Санитарно-профилактические мероприятия,57,GENERAL,58,58,58.0,1
2025,WESTERN_REGIONS,FULL,B094,,Санитарно-профилактические мероприятия,182,GENERAL,60,70,63.8,4
2025,WESTERN_REGIONS,FULL,B095,,Транспортные услуги,13,GENERAL,101,116,110.2,4
2025,WESTERN_REGIONS,FULL,B095,,Транспортные услуги,19,RURAL,79,96,87.3,3
2025,WESTERN_REGIONS,FULL,B095,,Транспортные услуги,27,GENERAL,109,126,117.5,2
2025,WESTERN_REGIONS,FULL,B095,,Транспортные услуги,27,RURAL,79,79,79.0,1
2025,WESTERN_REGIONS,FULL,B126,,Транспортное строительство,19,GENERAL,58,66,61.7,3
2025,WESTERN_REGIONS,FULL,B126,,Транспортное строительство,19,RURAL,50,55,52.2,4
2025,WESTERN_REGIONS,FULL,B126,,Транспортное строительство,22,GENERAL,56,72,63.0,6
2025,WESTERN_REGIONS,FULL,B126,,Транспортное строительство,22,RURAL,55,55,55.0,1
2025,WESTERN_REGIONS,FULL,B126,,Транспортное строительство,32,RURAL,55,55,55.0,1
2025,WESTERN_REGIONS,FULL,B134,,Археология и этнология,13,GENERAL,100,100,100.0,1
2025,WESTERN_REGIONS,FULL,B134,,Археология и этнология,27,GENERAL,75,81,77.7,3
2025,WESTERN_REGIONS,FULL,B134,,Археология и этнология,27,RURAL,71,71,71.0,1
2025,WESTERN_REGIONS,FULL,B134,,Археология и этнология,31,GENERAL,78,90,84.0,2
2025,WESTERN_REGIONS,FULL,B134,,Археология и этнология,31,RURAL,70,70,70.0,1
2025,WESTERN_REGIONS,FULL,B134,,Археология и этнология,42,RURAL,70,74,72.0,2
2025,WESTERN_REGIONS,FULL,B135,,Востоковедение,13,GENERAL,108,108,108.0,1
2025,WESTERN_REGIONS,FULL,B135,,Востоковедение,23,GENERAL,93,104,99.8,4
2025,WESTERN_REGIONS,FULL,B135,,Востоковедение,27,GENERAL,93,107,100.2,4
2025,WESTERN_REGIONS,FULL,B140,,Международные отношения и дипломатия,7,GENERAL,105,108,106.7,3
2025,WESTERN_REGIONS,FULL,B140,,Международные отношения и дипломатия,13,GENERAL,108,131,119.0,25
2025,WESTERN_REGIONS,FULL,B140,,Международные отношения и дипломатия,21,GENERAL,106,129,117.0,3
2025,WESTERN_REGIONS,FULL,B140,,Международные отношения и дипломатия,23,GENERAL,106,124,112.7,3
2025,WESTERN_REGIONS,FULL,B140,,Международные отношения и дипломатия,27,GENERAL,106,123,112.8,4
2025,WESTERN_REGIONS,FULL,B140,,Международные отношения и дипломатия,93,GENERAL,105,111,108.0,2
2025,WESTERN_REGIONS,FULL,B140,,Международные отношения и дипломатия,185,GENERAL,104,112,107.0,3
2025,WESTERN_REGIONS,FULL,B140,,Международные отношения и дипломатия,302,GENERAL,110,130,119.6,5
2025,WESTERN_REGIONS,FULL,B145,,Государственный аудит,13,GENERAL,104,122,109.0,4
2025,WESTERN_REGIONS,FULL,B165,,Магистральные сети и инфраструктура,19,GENERAL,50,68,56.3,19
2025,WESTERN_REGIONS,FULL,B165,,Магистральные сети и инфраструктура,29,GENERAL,66,66,66.0,1
2025,WESTERN_REGIONS,FULL,B166,,Транспортные сооружения,19,GENERAL,50,54,52.3,3
2025,WESTERN_REGIONS,FULL,B167,,Летная эксплуатация летательных аппаратов и двигателей,157,GENERAL,86,116,99.7,10
2025,WESTERN_REGIONS,FULL,B183,,Агроинженерия,24,GENERAL,54,54,54.0,1
2025,WESTERN_REGIONS,SHORT,B003,,Педагогика и методика начального обучения,7,GENERAL,35,35,35.0,2
2025,WESTERN_REGIONS,SHORT,B003,,Педагогика и методика начального обучения,25,GENERAL,37,37,37.0,1
2025,WESTERN_REGIONS,SHORT,B018,,Подготовка учителей иностранного языка,7,GENERAL,46,46,46.0,1
2025,WESTERN_REGIONS,SHORT,B018,,Подготовка учителей иностранного языка,11,GENERAL,46,46,46.0,1
2025,WESTERN_REGIONS,SHORT,B018,,Подготовка учителей иностранного языка,23,GENERAL,64,64,64.0,1
2025,WESTERN_REGIONS,SHORT,B018,,Подготовка учителей иностранного языка,25,GENERAL,48,55,52.0,4
2025,WESTERN_REGIONS,SHORT,B018,,Подготовка учителей иностранного языка,185,GENERAL,39,49,43.9,7
2025,WESTERN_REGIONS,SHORT,B057,,Информационные технологии,29,GENERAL,29,37,32.7,3
2025,WESTERN_REGIONS,SHORT,B057,,Информационные технологии,184,GENERAL,46,46,46.0,1
2025,WESTERN_REGIONS,SHORT,B057,,Информационные технологии,190,GENERAL,26,41,32.5,4
2025,WESTERN_REGIONS,SHORT,B057,,Информационные технологии,522,GENERAL,43,47,45.0,2
2025,WESTERN_REGIONS,SHORT,B058,,Информационная безопасность,29,GENERAL,29,29,29.0,1
2025,WESTERN_REGIONS,SHORT,B058,,Информационная безопасность,32,GENERAL,30,31,30.5,2
2025,WESTERN_REGIONS,SHORT,B058,,Информационная безопасность,57,GENERAL,37,37,37.0,1
2025,WESTERN_REGIONS,SHORT,B060,,Химическая инженерия и процессы,182,GENERAL,29,29,29.0,1
2025,WESTERN_REGIONS,SHORT,B062,,Электротехника и электроэнергетика,29,GENERAL,25,28,26.5,2
2025,WESTERN_REGIONS,SHORT,B062,,Электротехника и электроэнергетика,57,GENERAL,36,41,38.5,2
2025,WESTERN_REGIONS,SHORT,B063,,Электротехника и автоматизация,29,GENERAL,26,39,32.0,8
2025,WESTERN_REGIONS,SHORT,B063,,Электротехника и автоматизация,57,GENERAL,27,37,31.4,5
2025,WESTERN_REGIONS,SHORT,B091,,Туризм,184,GENERAL,26,28,27.0,2
